product_id,language_id,name,gtin,sku
1675,1,"My Dear Perfume by Carlotta for Women, Eau de Toilette Single Pack, 100ml","6936711831876","6936711831876"
1675,2,"عطر ماي دير للنساء من كارلوتا، عبوة واحدة او دي تواليت بسعة 100 مل","6936711831876","6936711831876"
1676,1,"Carlotta Scandal Eau de Toilette Spray for Women, 100ml","6936711835560","6936711835560"
1676,2,"بخاخ او دي تواليت سكاندرال للنساء من كارلوتا، 100 مل","6936711835560","6936711835560"
1677,1,"Nature's Way Organic Coconut Oil - 453gm","033674156735","033674156735"
1677,2,"زيت جوز الهند العضوي من نيتشرز واي - 453جم","033674156735","033674156735"
1678,1,"I'm Sorry For My Skin Coma Mask Moisture","8809511985576",""
1678,2,"قناع كوما لترطيب البشرة من ايم سوري فور ماي سكن","8809511985576",""
1683,1,"I'm Sorry For My Skin pH5.5 Jelly Mask","8809511983077","8809511983077"
1685,1,"PH5.5 Jelly Mask From Im Surrey For My Skin","8809511985583","8809511985583"
1686,1,"M. Asam Magic Finish Makeup - 30ml","4049639420335","4049639420335"
1689,1,"Beausta Glossy Lip Tint & Gloss - Purple 4ml","8809577460888",""
1689,2,"ملمع وملون شفاه لامع بنفسجي من بيوستا  4مل","8809577460888",""
1690,1,"Biosta glossy lip color and gloss red 4ml","8809577460901",""
1690,2,"ملمع وملون شفاه لامع احمر من بيوستا  4مل","8809577460901",""
1691,1,"Biosta glossy lip color glossy orange peach 4ml","8809577460895",""
1691,2,"ملمع وملون شفاه لامع برتقالي خوخ من بيوستا  4مل","8809577460895",""
1692,1,"Glow & Lovely Anti-Marks Face Cream - 100g","6281006567474","6281006567474"
1694,1,"Egyptian Magic Skin Cream - 118 ml","764936777770",""
1694,2,"مرطب البشرة من ايجيبشن ماجيك 118 مل","764936777770",""
1696,1,"Katerina Olive Oil Extract Hair Color Shampoo - Black, 20 ml","6959222300099",""
1698,1,"Lakme Collage Mix Blue Cream Hair Color 0/70, 60 ml","8429421207010",""
1699,1,"Lakme Collagemix Cream Dye Mixed Colors 0/10, 60 ml","8429421211116",""
1699,2,"صبغة كولاج كريمي اخضر من لاكمي  0/10 ، 60 مل","8429421211116",""
1700,1,"Dove Hair Fall Rescue Shampoo, 200 ml","6281006423220","6281006423220"
1700,2,"شامبو دوڤ ضد تساقط الشعر، 200 مل","6281006423220","6281006423220"
1702,1,"Dove shampoo daily care 600ml","6281006423602","6281006423602"
1703,1,"Dove Daily Care Shampoo 200ml","6281006423206","6281006423206"
1703,2,"شامبو دوڤ عناية يومية 200 مل","6281006423206","6281006423206"
1704,1,"Dove Split End Rescue Shampoo 600ml","6281006423701","6281006423701"
1705,1,"Dove Nourishing Oil Care Shampoo, 600 ml","6281006423688","6281006423688"
1706,1,"Pastel Argan Oil Shampoo 400ml","6924833411137","6924833411137"
1707,1,"Keratin Smooth Shampoo for Dry and Frizzy Hair - 400ml","6281006535046","6281006535046"
1708,1,"Dove Intensive Repair Shampoo, 600 ml","6281006423640","6281006423640"
1708,2,"شامبو دوڤ  لإصلاح مكثّف، 600 مل","6281006423640","6281006423640"
1709,1,"Dove 2-in-1 Shampoo and Conditioner for Normal to Dry Hair, 600ml","6281006423589","6281006423589"
1709,2,"شامبو وبلسم دوڤ ٢ في ١ للشعر العادي والجاف،٦٠٠مل","6281006423589","6281006423589"
1710,1,"Sunsilk Shampoo for Smooth & Manageable Hair - 400ml","6281006424449","6281006424449"
1710,2,"شامبو صانسيلك لشعر ناعم وانسيابي - 400 مل","6281006424449","6281006424449"
1711,1,"Sunsilk Stunning Black Shine Shampoo, 400 ml","6281006424562","6281006424562"
1711,2,"شامبوصانسيلك  لمعان ساحر للشعر الأسود، 400 مل","6281006424562","6281006424562"
1713,1,"Sunsilk Strength & Shine Shampoo, 400ml","6281006424388","6281006424388"
1714,1,"Colgate Optic White Mouthwash - 500ml","7891024179482","7891024179482"
1717,1,"TRESemmé Botanix Shampoo and Conditioner","6281006564169","6281006564169"
1717,2,"شامبو وبلسم بوتانيكس من تريسيمي","6281006564169","6281006564169"
1726,1,"Foot Cream for Rough and Cracked Heel Care - 100 ml","6286030000164","6286030000164"
1728,1,"Round Cotton Pads - 80 Pieces","6286030000270","6286030000270"
1728,2,"مسحات قطنية دائرية 80 قطعة","6286030000270","6286030000270"
1729,1,"Jenson Cotton Makeup Pads, 80 Round Pads","6291018100019","6291018100019"
1730,1,"Nature Report Natural Rose Soothing & Moisturizing Gel - 300ml","8809514485134","8809514485134"
1730,2,"جل الورد الطبيعي لترطيب البشرة من ناتشر ريبورت - 300مل","8809514485134","8809514485134"
1731,1,"Olive Oil Hair Mask Cream - 1000ml","6297938832221","6297938832221"
1731,2,"كريم حمام الزيت بزيت الزيتون 1000مل","6297938832221","6297938832221"
1732,1,"Honey Hair Mask Cream 1000ml","6297938832726","6297938832726"
1732,2,"كريم حمام الزيت بالعسل 1000مل","6297938832726","6297938832726"
1733,1,"Coffee Oil Replacement Bath Cream 1000ml","6297938832627","6297938832627"
1733,2,"كريم حمام الزيت بالقهوة 1000مل","6297938832627","6297938832627"
1734,1,"Coconut Oil Hair Mask Cream 1000ml","6297938832528","6297938832528"
1734,2,"كريم حمام الزيت بجوز الهند 1000مل","6297938832528","6297938832528"
1735,1,"Avocado Oil Hair Mask Cream 1000ml","6297938832320","6297938832320"
1735,2,"كريم حمام الزيت بالأفوكادو 1000مل","6297938832320","6297938832320"
1736,1,"Krem Kap Face and Body Scrub and Whitening Cream 500g","8019622354004","8019622354004"
1737,1,"Feyzo Whitening Scrub Cream for Face and Body - 700g","5281111373350","5281111373350"
1737,2,"كريم سنفرة مبيض للوجه والجسم من فيزو 700جم","5281111373350","5281111373350"
1738,1,"Argan Oil Hair Mask Cream 1000ml","6297938826725","6297938826725"
1738,2,"كريم حمام الزيت بزيت الارغان 1000مل","6297938826725","6297938826725"
1739,1,"Tيسي Dental Floss","1005160028030","1005160028016"
1740,1,"Waxed Mint Dental Floss - 50 Meters","1005160028108","1005160028108"
1741,1,"Sunset Cafe Avalon Peach Unisex Perfume - 100ml","788119003005","788119003005"
1742,1,"Wadi Al-Nahl Sweet Almond Oil - 125 ml","1400300200077","1400300200077"
1743,1,"NIVEA Aloe Vera Body Moisturizing Lotion - 400ml","4005900490612","4005900490612"
1744,1,"Moroccan Nila Powder for Face and Body","62870627280","6225458000127"
1745,1,"Turmeric Powder for Face and Body","6211860954127","6211860954127"
1745,2,"بودرة الكركم للوجه و الجسم","6211860954127","6211860954127"
1746,1,"OVAST Smart Hair Incense Burner","2022050160242","2022050160242"
1746,2,"مبخرة الشعر الذكية من OVAST","2022050160242","2022050160242"
1748,1,"Vatika Henna Hair Color - Black","6291069701753","6291069701753"
1749,1,"Sundoshine Vitamin E Oil for Skin and Face - 75ml","6947825835247","6947825835247"
1750,1,"Moroccanoil Bath Sponge","6291100270187","6291100270187"
1751,1,"Moroccanoil Bath Sponge","6291100270248","6291100270248"
1751,2,"اسفنجة استحمام من موروكان اويل","6291100270248","6291100270248"
1752,1,"Moroccanoil Bath Sponge","6291100278664","6291100278664"
1753,1,"Lacalut Whitening Toothpaste, 75 ml","4016369546727","4016369546727"
1755,1,"Radian Massage Cream 100g","5011309146912","5011309146912"
1757,1,"Hair Dye, Black - 6g","4902806001945","4902806001945"
1757,2,"صبغة شعر، اسود - 6 جم","4902806001945","4902806001945"
1758,1,"Sasha Original Japanese Hair Pins Box - Medium Size","6900865722021","6900865722021"
1758,2,"علبة دبوس شعر sasha ياباني متوسط اصلي","6900865722021","6900865722021"
1761,1,"Eyebrow Soap 25g","6930236302897","6930236302897"
1762,1,"Lifebuoy Lemon Fresh Body Wash 300ml with Loofah","6281006482074","6281006482074"
1763,1,"Crystal Hair Eraser","6878899955566","6878899955566"
1763,2,"ممحاة شعر من كريستال","6878899955566","6878899955566"
1764,1,"Signal Toothbrush For Kids 1+1 FREE","6281006524439","6281006524439"
1764,2,"فرشاه أسنان سيجنال للأطفال 1+1 مجاناً","6281006524439","6281006524439"
1766,1,"World Care Disposable Towels - Size 25*40 cm, 50 Pieces","6287022500525","6287022500525"
1766,2,"مناشف للاستعمال مرة واحدة من وورلد كير - مقاس 25*40  50حبة","6287022500525","6287022500525"
1767,1,"World Care Disposable Towels - Size 70*140 cm, 25 Pieces","6287022500495","6287022500495"
1767,2,"مناشف للاستعمال مرة واحدة من وورلد كير - مقاس 70*140  25قطعة","6287022500495","6287022500495"
1768,1,"World Care Disposable Towels - Size 50*100 cm, 50 Pieces","6287022500501","6287022500501"
1768,2,"مناشف للاستعمال مرة واحدة من وورلد كير - مقاس 50*100  50حبة","6287022500501","6287022500501"
1769,1,"Soothing Care Cream for Irritated Skin - 100ml","5205507010124","5205507010124"
1770,1,"Palmer's for Stretch Marks 125g","010181040764","010181040764"
1770,2,"بالمرز لعلامات تمدد الجلد 125جم","010181040764","010181040764"
1773,1,"Palmer's Coconut Oil Formula Hair Food Formula 250g","010181023705","010181023705"
1774,1,"Alfaparf Milano Keratin Therapy Shampoo and Conditioner Set, 250ml Each","8021357997111","8021357997111"
1776,1,"Dove Avocado Strength Shampoo, 200ml","6281006604438","6281006423282"
1776,2,"شامبو دوڤ قوة الأفوكادو، 200مل","6281006604438","6281006423282"
1777,1,"Avalon Peach Perfume by Sunset Cafe - 22 ml","788119003081","788119003081"
1778,1,"Lifebuoy Complete Soap 10, 125g","6281006483644","6281006483644"
1780,1,"Sunsilk Shine & Strength Hair Styling Cream 275ml","6281006547322","6281006547322"
1781,1,"Sunsilk Hair Styling Cream with Coconut Oil - 275ml","6281006547407","6281006547407"
1782,1,"Closeup Red Hot Toothpaste - 120ml","6221155039774","6221155039774"
1782,2,"معجون أسنان كلوس أب احمر - 120مل","6221155039774","6221155039774"
1783,1,"Start Makers Double-Sided Facial Cleansing Brush","6911183230181","6900358032163"
1784,1,"OGX Coconut Milk Shampoo – 385 ml","022796970053","022796970053"
1784,2,"شامبو بحليب جوز الهند من او جي اكس – 385 مل","022796970053","022796970053"
1785,1,"OGX Thick & Full + Biotin & Collagen Shampoo – 385ml","0022796976703","022796976703"
1787,1,"OGX Renewing + Argan Oil of Morocco Shampoo – 385ml","022796976116","022796976116"
1788,1,"OGX Renewing + Argan Oil of Morocco Conditioner – 385 ml","022796971111","022796971111"
1789,1,"Johnson's Body Wash with Skin-Renewing Oils - 400ml","3574661543888","3574661543888"
1790,1,"Johnson's Body Wash with Papaya Extract - 400ml","3574661093666","3574661093666"
1791,1,"Johnson's Body Wash with Pomegranate Flower Extract - 400ml","3574661093956","3574661093956"
1792,1,"Johnson's Body Wash Liquid Soap With Milk, Honey &amp; Oats Extract 400 ml","3574661385730","3574661385730"
1794,1,"Johnson's Body Wash with Yogurt, Peach, and Coconut Extracts - 400ml","3574661385716","3574661385716"
1794,2,"سائل للإستحمام مع خلاصة اللبن والخوخ وجوز الهند من جونسون  400 مل","3574661385716","3574661385716"
1795,1,"Makeup Setting Spray with Vitamin E - 150ml","6281056379522","6281056379522"
1796,1,"Rembrandt Roses Vanilla Body Mist - 200ml","6281056589204","6281056589204"
1796,2,"معطر جسم روزس فانيلا من رامبرانت 200مل","6281056589204","6281056589204"
1797,1,"Rembrandt Supreme Floral Body Mist - 200ml","6281056589211","6281056589211"
1797,2,"معطر جسم سوبريم فلورل من رامبرانت 200مل","6281056589211","6281056589211"
1798,1,"Rembrandt Shake the Night Body Mist - 200ml","6281056589235","6281056589235"
1798,2,"معطر جسم شاك ذا نايت  من رامبرانت 200مل","6281056589235","6281056589235"
1799,1,"Rembrandt Life Beige Body Mist - 200ml","6281056589228","6281056589228"
1799,2,"معطر جسم لايف بيج من رامبرانت 200مل","6281056589228","6281056589228"
1800,1,"Vicks VapoRub Topical Ointment 50g","4015600000547","4015600000547"
1800,2,"مرهم فابورب الموضعي من فيكس 50 جم","4015600000547","4015600000547"
1801,1,"Vicks VapoRub Topical Ointment 100g","4015600000530","4015600000530"
1802,1,"Dove Body Care Cream 150ml","6281006409620","6281006409620"
1803,1,"Vaseline Intensive Care Healthy Hands & Stronger Nails Cream - 75ml","8712561485524","8712561485524"
1804,1,"Vaseline Hand and Nail Cream - 75 ml","8710447391259","8710447391259"
1805,1,"Vaseline Intensive Care Lotion for Extremely Dry Skin - 75 ml","8720181101267","8720181101267"
1805,2,"لوشن فازلين العناية بالبشرة شديدة الجفاف- 75 مل","8720181101267","8720181101267"
1806,1,"Vaseline Intensive Care Cream - 75 ml","8712561480307","8712561480307"
1807,1,"Vaseline 2-in-1 Dry Hands Cream - 75 ml","8720181053702","8720181053702"
1808,1,"Sebamed Cleansing Bar for Sensitive and Problematic Skin","4103040111784","4103040111241"
1809,1,"Nail Polish Dryer 150ml","7618900916609","7618900916609"
1810,1,"Golden Teeth Whitening Mouthwash 250ml","7640162327428","7640162327428"
1810,2,"غسول الفم الذهبي لتبييض الأسنان250مل","7640162327428","7640162327428"
1811,1,"Bio-Oil Dry Skin Gel, 50 ml","6001159119166","6001159119166"
1811,2,"جل بيو اويل للبشرة الجافة، 50 مل","6001159119166","6001159119166"
1812,1,"Bio-Oil Skincare Oil - 60ml","6001159113126","6001159113126"
1812,2,"بيو أويل زيت لعلاج الندوب وعلامات التمدد - 60 مل","6001159113126","6001159113126"
1813,1,"Geliga Muscle Pain Relief Cream, 20g","8993176722161","8993176722161"
1813,2,"كريم تخفيف الام العضلات من جيليجا، 20 جم","8993176722161","8993176722161"
1814,1,"Ditansimo Toothpaste, 75 ml","7640162322355","7640162322355"
1814,2,"معجون أسنان من  ديتانسيمو، 75 مل","7640162322355","7640162322355"
1815,1,"Coconut Moisturizing Body Cream - 500 ml","616762141686","616762141686"
1816,1,"Nivea Deodorant - 40ml","42217572","42217572"
1816,2,"مزيل عرق من  نيفيا- 40مل","42217572","42217572"
1817,1,"Water Dental Flosser","121212",""
1817,2,"جهاز خيط تنظيف الاسنان","121212",""
1818,1,"Hery Lipstick","6922946005793","6922946005793"
1818,2,"روج احمر شفاة من هيري","6922946005793","6922946005793"
1819,1,"Rich Body Moisturizing Cream with Glycerin and Vitamins A & E - 500ml","6001374081026","6001374081026"
1820,1,"Rich Musk Body Moisturizing Cream - 500 ml","6001374081064","6001374081064"
1821,1,"Cocoa Butter Smoothing Cream - 500ml","6001374081033","6001374081033"
1822,1,"Beauty Vitamins for Hair & Nails for Women - 60 Gummies","3830060726865","3830060726865"
1823,1,"Watermans Hair Growth Conditioner 250ml","634158569661","634158569661"
1824,1,"Wellzed Baby Water Wipes - 100 Wipes","6287011271535","6287011271535"
1824,2,"منديل بالماء للاطفال من ويلزيد   100منديل","6287011271535","6287011271535"
1825,1,"Johnson's Micellar Makeup Remover Wipes for Normal Skin - 25 Wipes","3574661558882","3574661558882"
1826,1,"Feminine wipes, musk scent, 20 handkerchiefs","6287001780009","6287001780009"
1827,1,"Ultra Doux 3-in-1 Repairing Hair Food - 390ml","3600542370271","3600542370271"
1828,1,"Ultra Doux Nourishing 3-in-1 Hair Food 390ml","3600542370110","3600542370110"
1829,1,"Ultra Doux 3-in-1 Smoothing Hair Food with Coconut and Macadamia for Dry Hair - 390ml","3600542370196","3600542370196"
1830,1,"Ultra Doux 3 in 1 moisturizing hair food 390 ml","3600542371063","3600542371063"
1831,1,"Natural Glycerin Oil, 185 ml","6287016070096","6287016070096"
1833,1,"Lux Magical Beauty Body Wash with Loofah - 250ml","6281006570306","6281006570306"
1834,1,"Colgate Plax Mouthwash, 500ml","8850006304884","8850006304884"
1835,1,"Active Mouthwash - 300 ml","4016369546123","4016369546123"
1836,1,"Wilkinson Hair Dye with 6% Oxygen (20 Volume), 60 ml","40568201","40568201"
1837,1,"Wilkson Hair Color Oxygen Developer Blonde 9% 30 Volume, 60 ml","4056800031191","4056800031191"
1838,1,"Garnier Makeup Remover for Sensitive Skin - 200ml","3600542382885","3600542382885"
1838,2,"مزيل مكياج  للبشرة الحساسة من غارنييه - 200مل","3600542382885","3600542382885"
1839,1,"NIVEA Eye Makeup Remover 125ml","4005808571512","4005808571512"
1840,1,"NIVEA Eye Makeup Remover - 125 ml","4005900250445","4005900250445"
1841,1,"Beesline Rose Fragrance Deodorant (2 Pieces)","5281018567968","5281018086094"
1841,2,"مزيل عرق بعطر الورد من بيزلين(قطعتين)","5281018567968","5281018086094"
1842,1,"Beesline Fragrance-Free Deodorant - 50 ml","5281018003039","5281018003039"
1842,2,"مزيل عرق خالي من العطور من بيزلين 50 مل","5281018003039","5281018003039"
1843,1,"Beesline Skin Moisturizing and Whitening Cream - 150g","5281018003138","5281018003138"
1843,2,"كريم لترطيب وتفتيح البشرة من بيزلين 150جم","5281018003138","5281018003138"
1844,1,"Beesline Invisible Touch Deodorant - 50ml","5281018003862","5281018003862"
1844,2,"مزيل عرق لمسة خفية من بيزلين 50 مل","5281018003862","5281018003862"
1845,1,"Beesline Indian Incense Deodorant - 50 ml","5281018003886","5281018003886"
1845,2,"مزيل عرق بخور هندي من بيزلين 50 مل","5281018003886","5281018003886"
1846,1,"Beesline Cotton Softness Deodorant (2 Pieces)","5281018086810","5281018086810"
1846,2,"مزيل عرق نعومة القطن من بيزلين(قطعتين)","5281018086810","5281018086810"
1847,1,"Beesline Facial Wash for Oily and Acne-Prone Skin - 250ml","5281018004050","5281018004050"
1847,2,"غسول الوجه للبشرة الدهنية المعرضة لحب الشباب  من بيزلين 250 مل","5281018004050","5281018004050"
1848,1,"Beesline Whitening Sensitive Zone Soap - 110g","5281018003220","5281018003220"
1848,2,"صابونة لتفتيح المنطقة الحساسة من بيزلين 110 جم","5281018003220","5281018003220"
1849,1,"Beesline Breeze Freshness Deodorant (2-Piece Set)","5281018567999","5281018567999"
1849,2,"مزيل عرق انتعاش النسيم من بيزلين(قطعتين)","5281018567999","5281018567999"
1850,1,"Nivea Soft Moisturizing Cream 100ml","4005808890590","4005808890590"
1850,2,"كريم مرطب نيفيا سوفت 100","4005808890590","4005808890590"
1851,1,"Kojie San Skin Lightening Soap - Pack of 3 (100g each)","4809014128337","4809014128337"
1851,2,"صابون كوجي سان لتفتيح البشرة ثلاث عبوات 100 جم","4809014128337","4809014128337"
1852,1,"SkinWhite Classic Whitening Soap, 135g","4800119120943","4800119120943"
1852,2,"صابون تبييض كلاسيكي من سكينوايت، 135جم","4800119120943","4800119120943"
1853,1,"Eucerin Roughness Relief Spot Treatment Cream - 71g","072140024406","072140024406"
1853,2,"كريم علاج فوري لخشونة البشرة من يوسيرين 71جم","072140024406","072140024406"
1854,1,"Move On Massage Cream - 50 ml","8809328358587","8809328358587"
1854,2,"كريم تدليك موف اون  50 مل","8809328358587","8809328358587"
1855,1,"Oral-B Dental Floss - 50 Meters","5010622005012","5010622005012"
1855,2,"خيط اسنان من اورال-بي 50 متر","5010622005012","5010622005012"
1856,1,"L'Oréal Elvive Extraordinary Oil Serum for Very Dry and Frizzy Hair - 100ml","3600522680147","3600522263685"
1856,2,"سيروم للشعر شديد الجفاف والمجعد الفيف اكسترا اورديناري من لوريال 100مل","3600522680147","3600522263685"
1857,1,"Signal Toothpaste, 120 ml","6281006412521","6281006412521"
1857,2,"معجون أسنان سيجنال، 120 مل","6281006412521","6281006412521"
1858,1,"Eveline Hand Whitening Cream - 100 ml","5907609356833","5907609356833"
1858,2,"كريم تبييض اليدين  من ايفلين 100 مل","5907609356833","5907609356833"
1859,1,"Argan Soothing and Moisturizing Spray 150ml","8809514486322","8809514486322"
1859,2,"بخاخ الأرغان المهدئ والمرطب 150 مل","8809514486322","8809514486322"
1860,1,"Nawras Abaya Cleaning Wipes - 25 Wipes","6928388520948","6939442610215"
1860,2,"مناديل نورس  منظفة للعباية 25 منديل","6928388520948","6939442610215"
1861,1,"3-in-1 Nail Clipper","6900145983609","6900145983609"
1861,2,"قصافة اظافر 3في 1","6900145983609","6900145983609"
1862,1,"Skin Whitening Cream 30ml","6181100531008","6181100531008"
1862,2,"كريم تبييض البشرة 30 مل","6181100531008","6181100531008"
1865,1,"Korean Body Scrub & Exfoliating Mitt","8802392120418","8802392120418"
1865,2,"الليفة الكورية لتنظيف الجسم وتقشيره","8802392120418","8802392120418"
1867,1,"3 piece razor blade set","4902470171036",""
1867,2,"طقم شفرات فلامنجو  للتحديد 3 قطع","4902470171036",""
1869,1,"Max Elegance Nail File Set - 3 Pieces","6986600166367","6957150163540"
1869,2,"طقم مبارد اظافر من ماكس اليجانس 3قطع","6986600166367","6957150163540"
1870,1,"Kai Facial Hair Removal Razors - 3 Razors","8906081442086","8906081442086"
1870,2,"شفرات ازالة شعر الوجه 3 شفرات - كاي","8906081442086","8906081442086"
1871,1,"Dentissimo Kids Toothpaste (Ages 2-6 Years)","7640162322393","7640162322393"
1871,2,"معجون أسنان الأطفال دنتسيمو من عمر (2- 6 سنوات)","7640162322393","7640162322393"
1873,1,"Beesline Whitening & Exfoliating Body Soap, 100g","5281018003121","5281018003121"
1873,2,"صابون تبيض وتقشير للجسم من بيزلين، 100 جرام","5281018003121","5281018003121"
1874,1,"Beesline Whitening Lifting Night Cream - 50ml","5281018003237","5281018003237"
1874,2,"كريم شّد الوجه الليلي المُبيّض من بيزيلين- 50 مل","5281018003237","5281018003237"
1875,1,"Beesline Total Dry Deodorant - 50ml","5281018088197","5281018088197"
1875,2,"مزيل عرق جفاف تام من بيزلين 50 مل","5281018088197","5281018088197"
1876,1,"Beesline Whitening Sensitive Zone Cream - 50ml","5281018003145","5281018003145"
1876,2,"كريم تفتيح المنطقة الحساسة من بيزلين50مل","5281018003145","5281018003145"
1877,1,"Beesline Silver-Infused Deodorant for Men - 50ml","5281018088234","5281018088234"
1877,2,"مزيل عرق مدعم بالفضة للرجال من بيزلين 50 مل","5281018088234","5281018088234"
1878,1,"Beesline Deo Roll-On Sport Pulse - 50 ml","5281018003893","5281018003893"
1878,2,"مزيل عرق  رول اون ديو برائحة سبورت بلس من بيزلين 50 مل","5281018003893","5281018003893"
1879,1,"Beesline Gold Tanning Oil, 200 ml","5281018953464","5281018953464"
1879,2,"زيت تسمير ذهبي من بيزلين، 200 مل","5281018953464","5281018953464"
1880,1,"Beesline Makeup Remover - 150 ml","5281018881682","5281018881682"
1880,2,"مزيل المكياج  من بيزلين 150 مل","5281018881682","5281018881682"
1881,1,"Beesline Natural Deodorant 50ml","5281018019023","5281018019023"
1881,2,"مزيل عرق الطبيعي من بيزلين 50 مل","5281018019023","5281018019023"
1882,1,"Beesline Instant Brightening Roll-On Deodorant for Women - 50ml","5281018088142","5281018088142"
1882,2,"مزيل عرق انارة فورية للنساء من بيزلين 50 مل","5281018088142","5281018088142"
1883,1,"Beesline Forest Breeze Roll-On Deodorant - 50 ml","5281018003169","5281018003169"
1883,2,"مزيل عرق نسمة من الغابة  من بيزلين 50 مل","5281018003169","5281018003169"
1884,1,"Vegan Propolis Facial Purifying Soap","5281018004036","5281018004036"
1884,2,"صابونة نباتية لتنقية الوجه بصمغ النحل","5281018004036","5281018004036"
1886,1,"Beesline Cranberry Facial Whitening Soap - 85g","5281018087008","5281018087008"
1886,2,"صابون تفتيح الوجه بالتوت البري من بيزلين 85جم","5281018087008","5281018087008"
1887,1,"Beesline Skin Whitening Soap 85g","5281018003077","5281018003077"
1887,2,"صابون تفتيح البشرة من بيزلين 85جم","5281018003077","5281018003077"
1888,1,"CeraVe Renewing Foot Cream 88ml","3337875597296","3337875597296"
1888,2,"كريم اصلاح القدم من سيرافي 88 مل","3337875597296","3337875597296"
1889,1,"Beesline 5-in-1 Deodorant (2-Piece Set)","5281018086063","5281018086063"
1889,2,"مزيل عرق5في 1 من بيزلين(قطعتين)","5281018086063","5281018086063"
1890,1,"Beesline Pearl Shine Deodorant (2 Pieces)","5281018568033","5281018086803"
1890,2,"مزيل عرق تألق اللؤلؤ من بيزلين(قطعتين)","5281018568033","5281018086803"
1891,1,"Beesline Arabian Oud Deodorant (2-Piece Set)","5281018089002","5281018089002"
1891,2,"مزيل عرق  عودعربي من بيزلين(قطعتين)","5281018089002","5281018089002"
1892,1,"Beesline Whitening Care Deodorant - 50% Off on the Second Piece","5281018567975","5281018567975"
1892,2,"مزيل عرق  عناية التفتيح خصم 50% على الحبة الثانية من بيزلين","5281018567975","5281018567975"
1893,1,"Beesline Silver-Infused Deodorant for Women - 50ml","5281018088159","5281018088159"
1893,2,"مزيل عرق مدعم بالفضة  للنساء من بيزلين 50 مل","5281018088159","5281018088159"
1894,1,"Beesline Rose Fragrance Deodorant - 50ml","5281018003152","5281018003152"
1894,2,"مزيل عرق بعطر الورد من بيزلين50مل","5281018003152","5281018003152"
1895,1,"Beesline Arabian Oud Roll-On Deodorant - 50ml","5281018003879","5281018003879"
1895,2,"مزيل عرق  عودعربي من بيزلين 50مل","5281018003879","5281018003879"
1896,1,"Dentissimo Kids Toothpaste (6+ Years)","7640162322409","7640162322409"
1896,2,"معجون أسنان الأطفال دنتسيمو من عمر (+6 سنوات)","7640162322409","7640162322409"
1897,1,"Dentissimo Black Toothpaste, 75 ml","7640162324304","7640162324304"
1897,2,"معجون أسنان  أسود،دينتيسيمو  75 مل","7640162324304","7640162324304"
1898,1,"Dentissimo Advanced Gold Toothpaste, 75 ml","7640162324298","7640162324298"
1898,2,"معجون أسنان  ذهبي،دينتيسيمو  75 مل","7640162324298","7640162324298"
1899,1,"Crystal Serum 100ml","6291100270675","6291100270675"
1899,2,"سيروم كريستال  100 مل","6291100270675","6291100270675"
1900,1,"Crystal Serum 60ml","6291100272549","6291100272549"
1900,2,"سيروم كريستال  60 مل","6291100272549","6291100272549"
1901,1,"La Roche-Posay Effaclar Duo Moisturizing and Correcting Gel - 40ml","3337875598071","3337875750042"
1901,2,"جل ترطيب وتصحيح البشرة  ايفاكلار ديومن لاروش بوزاي - 40مل","3337875598071","3337875750042"
1902,1,"Flawless Gold-Plated Eyebrow Hair Remover","5010724536162","5010724536162"
1902,2,"مزيل شعر الحواجب مطلي بالذهب من  فلوليس","5010724536162","5010724536162"
1903,1,"Carefree Fresh Scent Daily Pantyliners - 48 Pieces","3574660625769","357466625769"
1903,2,"فوط ذات عطرمنعش من كيرفري 48 قطعة","3574660625769","357466625769"
1904,1,"Vatika Brown Hair Henna - 60g","6291069701746","6291069701746"
1904,2,"حناء بني للشعر  من فاتيكا 60 جم","6291069701746","6291069701746"
1905,1,"Nunu Baby Powder 100g","6281053210309","6281053210309"
1905,2,"بودرة  للأطفال من نونو 100 جم","6281053210309","6281053210309"
1906,1,"Taharah Intimate Wash 100ml","6287001780085","6287001780085"
1906,2,"غسول طهارة للمناطق الحساسة 100مل","6287001780085","6287001780085"
1907,1,"Clean & Clear Morning Energy Face Wash, 150ml","3574660682243","3574660682243"
1907,2,"غسول مورنينج انرجي  من كلين اند كلير، 150 مل","3574660682243","3574660682243"
1908,1,"Signal Toothpaste 100ml","6221155117373","6221155117403"
1908,2,"معجون أسنان سيجنال 100 مل","6221155117373","6221155117403"
1909,1,"Sensodyne Extra Fresh Toothpaste 50ml","018653005358","018653005358"
1909,2,"معجون أسنان سنسوداين انتعاش زائد  50 مل","018653005358","018653005358"
1910,1,"Sensodyne Multi Care Toothpaste 50ml","5000198257502","5000198257502"
1910,2,"معجون أسنان سنسوداين عناية متعددة 50 مل","5000198257502","5000198257502"
1911,1,"Nunu Baby Oil - 200 ml","6281053212136","6281053212136"
1911,2,"زيت للاطفال من نونو 200 مل","6281053212136","6281053212136"
1912,1,"Dove Intensive Body Cream, 75 ml","6281006409545","6281006409545"
1912,2,"كريم الجسم المكثف من دوف، 75 مل","6281006409545","6281006409545"
1913,1,"Nunu Baby Shampoo - 200 ml","6281053211900","6281053211900"
1913,2,"شامبو للاطفال من نونو 200 مل","6281053211900","6281053211900"
1914,1,"Papermints Leaf Mint Capsules - 18 Capsules","5425010092251","5425010092251"
1914,2,"كبسولةبالنعناع الورقي 18 كبسوله من بيبرمينتس","5425010092251","5425010092251"
1915,1,"Sebamed Sun Care Cream SPF 50+ - 75 ml","4103040899958","4103040899958"
1915,2,"كريم واقي شمس بدرجة حماية 50+  من سيباميد 75 مل","4103040899958","4103040899958"
1916,1,"Sebamed Baby Lip Balm","4103040901811","4103040901811"
1916,2,"مرطب شفاه الطفل من سيباميد","4103040901811","4103040901811"
1917,1,"Aloe vera face wash and makeup remover 150ml","6972662282947","6972662282947"
1917,2,"غسول وجه  ومزيل مكياجبالالوفيرا 150مل","6972662282947","6972662282947"
1918,1,"Rose Makeup Remover & Face Wash 150ml","6972662282909","6972662282909"
1918,2,"مزيل مكياج وغسول وجه بالورد 150مل","6972662282909","6972662282909"
1919,1,"Vitamin C Makeup Remover & Face Wash - 150ml","6972662282923","6972662282923"
1919,2,"مزيل مكياج وغسول وجه بفيتامين سي  150مل","6972662282923","6972662282923"
1920,1,"The Little Secret Body Soap & Scrub 500g","745178721448","745178721448"
1920,2,"صابون ومقشر الجسم  الليتل سيكرت 500جم","745178721448","745178721448"
1921,1,"Blue Nila Body Soap and Scrub 500g","745178721424","745178721424"
1921,2,"صابون ومقشر الجسم النيلة الزرقاء 500جم","745178721424","745178721424"
1922,1,"Aker Fassi Body Soap and Scrub 500g","745178721431","745178721431"
1922,2,"صابون ومقشر الجسم العكر الفاسي 500جم","745178721431","745178721431"
1923,1,"Coffee Body Soap and Scrub 500g","745178721455","745178721455"
1923,2,"صابون ومقشر الجسم بالقهوه 500جم","745178721455","745178721455"
1924,1,"Iceland Scent Body Soap and Scrub 500g","745178721417","745178721417"
1924,2,"صابون ومقشر الجسم ايسلند سانت 500جم","745178721417","745178721417"
1925,1,"Lavender Body Soap and Scrub 500g","745178721394","745178721394"
1925,2,"صابون ومقشر الجسم الخزامي 500جم","745178721394","745178721394"
1926,1,"Jardin d'Oléane Sugar Scrub with Argan Oil and Hibiscus Flower Powder - 600g","745114422330","745114422330"
1926,2,"مقشر السكر بزيت الأركان ومسحوق زهرة الكركديه من جاردن دي اوليان - 600جم","745114422330","745114422330"
1927,1,"Jardin d'Oleane Sugar Scrub with Argan Oil and Coconut - 600g","745114422125","745114422125"
1927,2,"مقشر السكر بزيت الأركان وجوز الهند من جاردن دي اوليان - 600جم","745114422125","745114422125"
1928,1,"Jardin d'Oleane Blue Nila Sugar Scrub - 600g","745114422552","745114422552"
1928,2,"مقشر السكر النيلة الزرقاء من جاردن دي اوليان - 600جم","745114422552","745114422552"
1929,1,"Moroccan Black Soap with Olive Oil - 500g","701197409262","701197409262"
1929,2,"الصابون البلدي المغربي  بزيت الزيتون500جم","701197409262","701197409262"
1930,1,"Moroccan Black Soap with Blue Nila - 500g","745114421586","745114421586"
1930,2,"الصابون البلدي المغربي النيلة الزرقاء 500جم","745114421586","745114421586"
1931,1,"Moroccan Black Soap with Aker Fassi - 500g","745178721097","745178721097"
1931,2,"الصابون البلدي المغربي بالعكر الفاسي 500جم","745178721097","745178721097"
1932,1,"Moroccan Black Soap with Ghassoul and Rosemary Essential Oil - 500g","701197409248","701197409248"
1932,2,"الصابون البلدي المغربي بالغاسوول وزيت إكليل الجبل الاساسي 500جم","701197409248","701197409248"
1933,1,"Moroccan Black Soap with Eucalyptus Essential Oil - 500g","701197409231","701197409231"
1933,2,"الصابون البلدي المغربي بزيت الأوكاليبتوس الأساسي 500جم","701197409231","701197409231"
1934,1,"Ajmal Fresh N Cool Powder 100 gm","6293708010868","6293708010868"
1934,2,"بودرة فريش ان كوول من اجمل 100 جم","6293708010868","6293708010868"
1935,1,"Ajmal Sacred Love Perfumed Powder 100g","6293708009183","6293708009183"
1935,2,"بودرة ساكرد لوف من اجمل 100 جم","6293708009183","6293708009183"
1936,1,"Ajmal Blue Powder 100 gm","6293708009220","6293708009220"
1936,2,"بودرة بلو من اجمل 100 جم","6293708009220","6293708009220"
1937,1,"Ajmal Wisal Dhahab Perfumed Powder 80g","6293708010622","6293708010622"
1937,2,"بودرة وصال ذهب من اجمل 80 جم","6293708010622","6293708010622"
1938,1,"Ajmal Susan Powder 80g","6293708008483","6293708008483"
1938,2,"بودرة سوسن من اجمل 80 جم","6293708008483","6293708008483"
1939,1,"Ajmal Danat Al Dunya Perfumed Powder 80g","6293708008490","6293708008490"
1939,2,"بودرة دانة الدنيا من اجمل 80 جم","6293708008490","6293708008490"
1940,1,"Qasieda Powder by Ajmal - 80g","6293708016921","6293708016921"
1940,2,"بودرة قصيدة من اجمل 80 جم","6293708016921","6293708016921"
1942,1,"Baby perfume with the smell of powder from Baby Love 30ml","6939517180995","6939517180858"
1942,2,"عطر اطفال برائحة الباودر من بيبي لوف 30مل","6939517180995","6939517180858"
1943,1,"Jovan Musk for Men - 90ml","035017009029","035017009029"
1943,2,"عطر  جوفان مسك للرجال 90 مل","035017009029","035017009029"
1944,1,"Rico beauty cream for whitening face 50 gm","766730952070","766730952070"
1944,2,"کريم الجمال لتبييض الوجه من ريكو 50جم","766730952070","766730952070"
1945,1,"Rio Whitening and Beauty Cream 50g","5019091500455","5019091500455"
1945,2,"کريم للتبيض والجمال من ريو 50جم","5019091500455","5019091500455"
1946,1,"Pohli Skin Tone Evening Cream - 20g","6212410202101","5060105420016"
1946,2,"کريم لتوحيد لون البشرة من بوهلي 20جم","6212410202101","5060105420016"
1947,1,"Skin lightening cream and hair color on the face, arms and body from Kent","5019091500479","5019091500479"
1947,2,"كريم تفتيح البشرة   ولون الشعر على الوجه والذراعين والجسم من كنت","5019091500479","5019091500479"
1948,1,"Hobby Sea Minerals Shower Gel - 500ml","8690937011532","6291069757880"
1948,2,"جل استحمام معادن البحر من هوبي500 مل","8690937011532","6291069757880"
1949,1,"Hobby Orchid Shower Gel - 500ml","8690937011556","6291069757903"
1949,2,"جل استحمام الأوركيد من هوبي500 مل","8690937011556","6291069757903"
1950,1,"Hobby Refreshing Fruits Shower Gel - 500ml","8690937003605","6291069757903"
1950,2,"جل استحمام فواكه منعشة من هوبي500 مل","8690937003605","6291069757903"
1951,1,"Archie Skin Whitening Cream 4g","8850252030049","8850252030049"
1951,2,"كريم تفتيح البشرة من ارشي 4 جم","8850252030049","8850252030049"
1952,1,"Faiza Skin Whitening Cream (223190) 50g","5842109854239","5842109854239"
1952,2,"كريم فائزة لتفتيح البشرة( 223190)  50 جم","5842109854239","5842109854239"
1953,1,"Diana Face Whitening Cream 30g","5280080004708","5280080004166"
1953,2,"كريم لتبييض الوجه من ديانا 30جم","5280080004708","5280080004166"
1954,1,"Kojie San Face Lightening Cream 3g","4809014128016","4809014128016"
1954,2,"كريم تفتيح الوجه من كوجي سان 3جم","4809014128016","4809014128016"
1955,1,"Olay Skin Brightening Day Cream with SPF Protection - 50g","5011321868175","5011321868175"
1955,2,"كريم نهاري لتفتيح البشرة بدرجة حمايةمن أشعة الشمس  من  أولاي 50 جم","5011321868175","5011321868175"
1956,1,"Rose Skin Purifying Cream - 50g","041833007002","041833007002"
1956,2,"روز - كريم للنمش وإزالة البقع وحب الشباب، 25 جرام","041833007002","041833007002"
1957,1,"Penn Anti-Acne Cream 40g","4718460001111","4718460001111"
1957,2,"كريم بن  مضاد لحب الشباب  40 جم","4718460001111","4718460001111"
1958,1,"Rexona Shower Fresh Deodorant for Women - 50ml","4800888209689","4800888209689"
1958,2,"مزيل عرق شاور فرش للنساء من ريكسونا  50مل","4800888209689","4800888209689"
1959,1,"Motion Activated Passion Fresh 72 Hour Antiperspirant Deodorant - 45 ml","8999999049485","4800888209702"
1959,2,"مزيل عرق  موشن اكتيفيتد شغف منعش مضاد للتعرق يدوم 72 ساعة - 45 مل","8999999049485","4800888209702"
1960,1,"Rexona Shower Fresh Deodorant Roll-On for Women - 50ml","4800888209689","4800888209689"
1960,2,"مزيل عرق  شاور فريش للنساء من ريكسونا  50مل","4800888209689","4800888209689"
1961,1,"Rexona Bamboo Deodorant Stick for Women - 40ml","4800888220837","4800888220837"
1961,2,"مزيل عرق ستيك بامبو للنساء من ريكسونا  40مل","4800888220837","4800888220837"
1962,1,"Rexona Richies Deodorant Stick for Women - 40ml","013867895887","013867895887"
1962,2,"مزيل عرق ستيك ريتشيز للنساء من ريكسونا  40مل","013867895887","013867895887"
1963,1,"Rexona MotionSense Deodorant Stick - 40ml","4800888221957","4800888221957"
1963,2,"مزيل عرق ستيك موشن سينس من ريكسونا  40مل","4800888221957","4800888221957"
1964,1,"Mam Deodorant Abeer Al Musk 75ml","7614700005413","7614700005413"
1964,2,"مزيل عرق عبير المسك من مام 75مل","7614700005413","7614700005413"
1965,1,"Mam deodorant ocean fresh for men 75ml","7614700005321","7614700005321"
1965,2,"مزيل عرق  انتعاش المحيط  للرجال من مام 75مل","7614700005321","7614700005321"
1966,1,"MUM Ocean Fresh Deodorant for Men - 75ml","4013162034369",""
1966,2,"مزيل عرق  انتعاش المحيط  للرجال من مام 75مل","4013162034369",""
1967,1,"NIVEA Natural Fairness Deodorant for Women - 40ml","4005808692842","4005808692842"
1967,2,"مزيل عرق  نيتشرل فيرنيس للسيدات من  نيفيا- 40مل","4005808692842","4005808692842"
1968,1,"Nivea Dry Comfort Deodorant Stick - 40ml","42096276","42126560"
1968,2,"مزيل عرق دراي كومفورت من نيفيا - 40مل","42096276","42126560"
1969,1,"Protect & Care Deodorant 40ml","4005900243850","4005900243850"
1969,2,"مزيل عرق بروتيكت اند كير 40مل","4005900243850","4005900243850"
1970,1,"Glysolid Glycerin Cream - 100 ml","4000196910356","4000196910356"
1970,2,"كريم جليسرين من جليسولد  100 مل","4000196910356","4000196910356"
1971,1,"Yoko Milk Hand Cream - 50 ml","8853976004617","8853976004617"
1971,2,"كريم الحليب لليدين من يوكو  50 مل","8853976004617","8853976004617"
1972,1,"Nivea Soft Moisturizing and Refreshing Cream - 75ml","4005900008985","4005900008985"
1972,2,"كريم سوفت للترطيب والانتعاش من نيفيا 75 مل","4005900008985","4005900008985"
1973,1,"Gillette Simply Venus 3-Blade Razor 1 + 4 Count","7702018069255","7702018069255"
1973,2,"جليت سيمبلي فينوس مكينة ثلاثة شفرات1 + 4 حبة","7702018069255","7702018069255"
1974,1,"Gillette Simply Venus Razor Blades, 3 Pieces","7702018018116","7702018018116"
1974,2,"شفرات حلاقة سمبلي فينوسمن جيليت 3قطع","7702018018116","7702018018116"
1975,1,"Gillette Venus Razor with 9 Replacement Blades","7702018545964","7702018545964"
1975,2,"شفرة حلاقة فينوس مع 9 شفرات بديلة من جيليت","7702018545964","7702018545964"
1976,1,"Sensodyne Extra Fresh Toothpaste - 75ml","6805699956027","6805699956027"
1976,2,"معجون إنتعاش زائد من سنسوداين - 75مل","6805699956027","6805699956027"
1977,1,"Sensodyne Rapid Action Toothpaste - 75 ml","6805699955501","6805699955501"
1977,2,"معجون اسنان  مفعول سريع من سنسوداين - 75مل","6805699955501","6805699955501"
1978,1,"Sensodyne Multi Care Herbal Toothpaste 100ml","6805699959189","6805699959189"
1978,2,"معجون اسنان عناية متعددة بالأعشاب من سنسوداين 100 مل","6805699959189","6805699959189"
1979,1,"Sensodyne Fresh Mint Toothpaste 75ml","6805699956744","6805699956744"
1979,2,"معجون اسنان النعناع المنعش من سنسوداين75مل","6805699956744","6805699956744"
1980,1,"Colgate Mint Toothpaste 100ml","6281001101185","6281001101185"
1980,2,"معجون اسنان بنكهة النعناع من كولوجيت 100مل","6281001101185","6281001101185"
1981,1,"Colgate Total 12 Toothpaste 75ml","6920354828195","6920354828195"
1981,2,"معجون اسنان توتال 12 من كولوجيت 75مل","6920354828195","6920354828195"
1982,1,"Colgate Mint Gel Toothpaste 125ml","6281001108030","6281001108030"
1982,2,"معجون اسنان جل بالنعناع من كولوجيت 125مل","6281001108030","6281001108030"
1983,1,"Colgate Max White Toothpaste 100ml","6920354824845","6920354824845"
1983,2,"معجون اسنان ماكس وايت من كولوجيت 100مل","6920354824845","6920354824845"
1984,1,"Colgate Lemon Toothpaste 75ml","6920354821660","6920354821660"
1984,2,"معجون اسنان باليمون من كولوجيت 75مل","6920354821660","6920354821660"
1985,1,"Colgate Advanced White Toothpaste 100ml","6281001101192","6281001101192"
1985,2,"معجون اسنان ادفانس وايت من كولوجيت 100مل","6281001101192","6281001101192"
1986,1,"L'Oréal Paris Pure Clay Blue Mask - 50ml","3600523516926","3600523516926"
1986,2,"قناع الطين النقي الازرق  من لوريال باريس - 50 مل","3600523516926","3600523516926"
1987,1,"L'Oréal Paris Pure Clay Red Mask - 50ml","3600523306183","3600523306183"
1987,2,"قناع الطين النقي الاحمر من لوريال باريس - 50 مل","3600523306183","3600523306183"
1988,1,"L'Oréal Paris Smooth Sugars Scrub - 50ml","3600523542178","3600523542178"
1988,2,"مقشر ناعم بالسكر من لوريال باريس - 50 مل","3600523542178","3600523542178"
1989,1,"L'Oréal Paris Elnett Hair Styling Cream 200ml","3600522506898","3600522506898"
1989,2,"كريم مثبت شعر ايلينت من لوريال باريس 200مل","3600522506898","3600522506898"
1990,1,"J. Casanova Hair Shine and Nourishing Spray 200ml","6281056500292","6281056500292"
1990,2,"بخاخ ملمع ومغذي شعر منمن جيه كزانوفا 200 مل","6281056500292","6281056500292"
1991,1,"Wella New Wave Hair Styling Spray No. 5 - 250ml","4056800759316","4056800759316"
1991,2,"بخاخ  نيو ويف لتصفيف الشعر  رقم 5 من ويلا 250مل","4056800759316","4056800759316"
1992,1,"Wella Hair Volumizing Mousse - 200 ml","4056800759286","4056800759286"
1992,2,"رغوة تكثيف الشعرمن ويلا  200 مل","4056800759286","4056800759286"
1993,1,"Wella Styling Mousse for Wavy Hair - 200 ml","4056800563081","4056800563081"
1993,2,"رغوة لتصفيف شعر مموج من ويلا  200 مل","4056800563081","4056800563081"
1994,1,"Princess Chamsey Hair Styling Spray - 300 ml","6281056501404","6281056501404"
1994,2,"بخاخ مثبت الشعر من برنسيس تشمسي  300 مل","6281056501404","6281056501404"
1995,1,"Princess Shamsi Setting and Shine Spray - 300ml","6281056501398","6281056501398"
1995,2,"بخاخ الاميره مثبت وملمع  من برينسيس شمسي 300مل","6281056501398","6281056501398"
1996,1,"Princess Shamsie Fix and Shine Spray 90 ml","6281056502906","6281056502906"
1996,2,"بخاخ الاميره مثبت وملمع  من برينسيس شمسي 90مل","6281056502906","6281056502906"
1997,1,"RDL Babyface Solution No. 3 Anti-Acne and Depigmenting - 60ml","4809010740014","4809010740014"
1997,2,"محلول بيبي فيس رقم 3 مضاد لحب الشباب والبقع من ار دي ال 60مل","4809010740014","4809010740014"
1998,1,"SkinWhite Skin Care Soap, 135g","4800119232059","4800119232059"
1998,2,"صابون العناية بالبشرة سكينوايت، 135جم","4800119232059","4800119232059"
1999,1,"SkinWhite Whitening Bath Soap, 135g","4800119232073","4800119232073"
1999,2,"صابون الاستحمام المبيض سكينوايت، 135جم","4800119232073","4800119232073"
2000,1,"Korean Soap 100g","6281006473645",""
2000,2,"صابون كوري 100جم","6281006473645",""
2001,1,"Cute Aker Fassi Soap 100g","6287035850167","6287035850167"
2001,2,"صابون العكر الفاسي كيوت 100جم","6287035850167","6287035850167"
2002,1,"Cute Goat Milk Soap 100g","6287035850174","6287035850174"
2002,2,"صابون حليب الماعز كيوت 100جم","6287035850174","6287035850174"
2003,1,"Cute Blue Nila Soap 100g","6287035850273","6287035850273"
2003,2,"صابون النيلة الزرقاء كيوت  100جم","6287035850273","6287035850273"
2004,1,"Cute Rose Soap 100g","6287035850181","6287035850181"
2004,2,"صابون الورد كيوت 100جم","6287035850181","6287035850181"
2005,1,"African Black Soap 142g","764302106005","6921199116027"
2005,2,"صابون افريقي اسود 142جم","764302106005","6921199116027"
2006,1,"Papaya Face Soap 3-in-1 New Look - 135g","4809010430205","4809010760630"
2006,2,"صابون الببايا للوجه  3قي 1  الشكل الجديد 135جم","4809010430205","4809010760630"
2007,1,"5-in-1 Papaya Face Soap - 135g","4809010760753","4809010760753"
2007,2,"صابون الببايا للوجه 5قي 1  135جم","4809010760753","4809010760753"
2008,1,"Rose Soap 130g","041833001000","041833001000"
2008,2,"صابون روز 130جم","041833001000","041833001000"
2009,1,"Glupa Whitening Soap for Face and Body - 135g","4809014894140","4809014894140"
2009,2,"صابون مبيض للوجه والجسم من جلوبا 135جم","4809014894140","4809014894140"
2010,1,"Glupa skin whitening soap 135gm","4809014894003","4809014894003"
2010,2,"صابون مبيض للبشرة من جلوبا 135جم","4809014894003","4809014894003"
2011,1,"Neutrogena Facial Cleansing Transparent Bar 100g","070501013304","070501013304"
2011,2,"صابون شفاف للوجه من نيتروجينا 100جم","070501013304","070501013304"
2012,1,"Pears Soap for Brighter and Oil-Free Skin - 125g","8901030623790","8901030623790"
2012,2,"صابون بيرز لبشرة اكثر أشراقا وخاليه من الدهون 125جم","8901030623790","8901030623790"
2013,1,"Pears Soft & Fresh Soap Bar - 125g","8901030623769","8901030623769"
2013,2,"صابون بيرز ناعم ومنعش  125جم","8901030623769","8901030623769"
2014,1,"Pears Pure and Gentle Soap 75g","8901030623721","8901030623721"
2014,2,"صابون بيرز نقي ولطيف 75جم","8901030623721","8901030623721"
2015,1,"Cute Charcoal Soap 100g","6287035850143","6287035850143"
2015,2,"صابون الفحم كيوت 100جم","6287035850143","6287035850143"
2016,1,"Cute Myrrh Soap 100ml","6287035850204","6287035850204"
2016,2,"صابون المر كيوت 100مل","6287035850204","6287035850204"
2017,1,"Cute Vitamin C Soap 100ml","6287035850228","6287035850228"
2017,2,"صابون فيتامين سي كيوت 100مل","6287035850228","6287035850228"
2018,1,"Original Peacock Soap 125g","6111024000922","22222222"
2018,2,"صابون الطاووس الاصلي 125 جم","6111024000922","22222222"
2019,1,"Cute Mastic Soap 100g","6287035850198","6287035850198"
2019,2,"صابون مستكة كيوت 100جم","6287035850198","6287035850198"
2020,1,"Cute Aloe Vera Soap 100g","6287035850150","6287035850150"
2020,2,"صابون الصبار كيوت 100جم","6287035850150","6287035850150"
2021,1,"Lux Hibiscus Romance Perfumed Body Wash 700ml","6281006569836","6281006569836"
2021,2,"غسول جسم عطري رومانسية الكركديه من لوكس 700مل","6281006569836","6281006569836"
2022,1,"La Roche-Posay Anthelios Sunscreen 50 ml","3337875797580","3337875797597"
2022,2,"واقي شمس سائل للبشرة الحساسة انثيليوس  من لاروش بوزي 50 مل","3337875797580","3337875797597"
2023,1,"QV Cream for Irritated and Dry Skin Conditions - 100g","9314839015427","9314839015427"
2023,2,"كريم للحالات المتهيجة للبشرة الجافه من كيوفي 100جم","9314839015427","9314839015427"
2024,1,"Cantu Shea Butter Hair Dressing Pomade 113g","874211002685","874211002685"
2024,2,"كريم مصفف وملمع الشعر بربدة الشيا من كانتو 113جم","874211002685","874211002685"
2025,1,"Avène Cleansing Gel for Skin - 100 ml","3282770207712","3282770207712"
2025,2,"جل منظف للبشرة من افين 100 مل","3282770207712","3282770207712"
2026,1,"Cofix Medical Skin Jelly 100ml","697794487720","697794487720"
2026,2,"جلي البشرة الطبي من كوفيكس 100مل","697794487720","697794487720"
2027,1,"Cantu Care for Kids Styling Custard 227g","817513015434","817513015458"
2027,2,"كريم كير فور كيدز مصفف شعر الاطفال من كانتو 227جم","817513015434","817513015458"
2028,1,"QV Baby Fragrance-Free Shampoo 200g","9314839007330","9314839007330"
2028,2,"شامبو للاطفال بدون رائحة من كيوفي 200جم","9314839007330","9314839007330"
2029,1,"Pure castor oil from Wadi Alnahil 60ml","6281112603561","6281112603561"
2029,2,"زيت الخروع النقي من وادي النحل 60مل","6281112603561","6281112603561"
2030,1,"Canto Hair Smoothing Gel with Castor Oil Extract - 113g","810006940756","810006940756"
2030,2,"جل تنعيم الشعر بخلاصة زيت الخروع من كانتو 113جم","810006940756","810006940756"
2031,1,"Cantu Shea Butter Grow Strong Strengthening Treatment 173g","856017000041","856017000041"
2031,2,"كريم معالج لنمو وتقوية الشعر بربدة الشيا من كانتو 173جم","856017000041","856017000041"
2032,1,"Cantu Flaxseed Smoothing Hair Cream Gel 453gm","817513019845","817513019845"
2032,2,"جل كريم لتنعيم الشعر ببذور الكتان من كانتو 453جم","817513019845","817513019845"
2033,1,"QV Face Cleansing Wipes for Face, Eyes, and Lips - 25 Wipes","9314839015397","9314839015397"
2033,2,"مناديل ازالة المكياج للوجه والعين والشفاه  من كيوفي 25 منديل","9314839015397","9314839015397"
2034,1,"Cantu moisturizing repair cream with avocado 340g","817513019890","817513019890"
2034,2,"كريم إصلاح مرطب بالافوكادو من كانتو 340جم","817513019890","817513019890"
2035,1,"Cantu Shea Butter Hair Polishing Cream 453 Gm","856017000126","856017000126"
2035,2,"كريم مصفف وملمع الشعر بربدة الشيا من كانتو 453جم","856017000126","856017000126"
2036,1,"Cantu Kids Shampoo 237ml","817513015465","817513015465"
2036,2,"شامبو لشعر الاطفال من كانتو 237مل","817513015465","817513015465"
2037,1,"Cantu Flaxseed, Olive, Almond, Avocado & Castor Hair Oil - 118ml","810006940749","810006940749"
2037,2,"زبت بذور الكتان والزيتون واللوز والافوكادو والخروع للشعر من كانتو 118مل","810006940749","810006940749"
2038,1,"Canto Natural Wave & Curl Mousse - Red Edition, 248ml","817513015700","817513015700"
2038,2,"موس تمويج وتجعيد طبيعي احمر للشعر من كانتو248مل","817513015700","817513015700"
2039,1,"Cantu Cocoa Butter Hydrating Body Cream, 240g","810006940589","810006940589"
2039,2,"كريم مرطب جسم  بزبدة الكاكاو من كانتو،  240جم","810006940589","810006940589"
2041,1,"Cantu Flaxseed Smoothing Conditioner 400ml","817513019838","817513019838"
2041,2,"بلسم  بذور الكتان من كانتو 400مل للتالف والمتقصف","817513019838","817513019838"
2042,1,"Cantu Raw Blend Moisturizing Cream with Pure Cocoa Butter for Hair and Body - 156g","810006940602","810006940602"
2042,2,"كريم مرطب مزيج خام للشعر والجسم  بزبدة الكاكاو النقية من كانتو -  156جم","810006940602","810006940602"
2043,1,"Lux Hibiscus Romance Perfumed Body Wash 500ml","6281006569560","6281006569560"
2043,2,"غسول جسم عطري رومانسية الكركديه من لوكس 500مل","6281006569560","6281006569560"
2045,1,"Nature Report Argan Hair Mask 200ml","16274","16274"
2045,2,"ماسك شعر بالأرغان من ناتشر ريبورت 200مل","16274","16274"
2046,1,"Bench Daily Scent Bubble Pop Cologne 125ml","4800417059570","4800417059570"
2046,2,"زجاجة كولونيا بابل بوب دايلي سينت من بنش 125مل","4800417059570","4800417059570"
2047,1,"Pinch Happy Hour Daily Scent Fragrance Mist - 125ml","4800417059549","4800417059549"
2047,2,"روائح معطرة هابي اور دايلي سينت من بنتش 125مل","4800417059549","4800417059549"
2048,1,"Pinch Eye Candy Scent Fragrance Mist - 125ml","4800417064925","4800417064925"
2048,2,"روائح معطرة اي كاندي سينت من بنتش 125مل","4800417064925","4800417064925"
2049,1,"Bench Spring Break Scented Mist 125ml","4800417059587","4800417059587"
2049,2,"روائح معطرة سبرنغ بريك سينت من بنتش 125مل","4800417059587","4800417059587"
2050,1,"Pinch Bubble Pop Fragrance Mist 125ml","4800417064888","4800417064888"
2050,2,"روائح معطرة فقاعة البوب من بنتش 125مل","4800417064888","4800417064888"
2051,1,"Bench Indian Summer Daily Scent Fragrance Mist 125ml","4800417059556","4800417059556"
2051,2,"روائح معطرة  انديان سمر ديلي سينت من بنتش 125مل","4800417059556","4800417059556"
2052,1,"Pinch Scent Lazy Afternoon Fragrance Mist - 125ml","4800417059563","4800417059563"
2052,2,"روائح معطرة ليزي لفترة ما بعد الظهيرة سينت من بنتش 125مل","4800417059563","4800417059563"
2053,1,"Pinch Sunday Morning Fragrance Mist 125ml","4800417059594","4800417059594"
2053,2,"روائح معطرة صباح الاحد من بنتش 125مل","4800417059594","4800417059594"
2054,1,"Lux Magical Musk Fragrant Body Wash - 700ml","6281006569980","6281006569980"
2054,2,"غسول جسم عطري المسك الساحر  من لوكس 700مل","6281006569980","6281006569980"
2055,1,"Protein Shampoo for Dry and Damaged Hair - 500ml","8022297067391","8022297067391"
2055,2,"شامبو بالبروتين للشعر الجاف والتالف 500مل","8022297067391","8022297067391"
2057,1,"Cofix Non-Greasy Chamomile Body Lotion - 400ml","792625756553","792625756553"
2057,2,"لوشن الجسم بخلاصة البابونج غير دهني من كوفيكس 400مل","792625756553","792625756553"
2058,1,"Cofix Gardenia Flower Non-Greasy Body Lotion - 400ml","792625756539","792625756539"
2058,2,"لوشن الجسم بزهرة الجاردينيا  غير دهني من كوفيكس 400مل","792625756539","792625756539"
2059,1,"Cofix Non-Greasy Shea Butter Body Lotion - 400ml","792625756546","792625756546"
2059,2,"لوشن الجسم بزبدة الشيا غير دهني  من كوفيكس 400مل","792625756546","792625756546"
2060,1,"Cofix Amber Body Wash - 400ml","792625756584","792625756584"
2060,2,"غسول الجسم بالعنبر من كوفيكس 400مل","792625756584","792625756584"
2061,1,"Cofix Body Wash with Flower Extract - 400ml","792625756591","792625756591"
2061,2,"غسول الجسم بخلاصة الزهور من كوفيكس 400مل","792625756591","792625756591"
2062,1,"Cofix Cranberry Extract Body Wash - 400ml","792625756508","792625756508"
2062,2,"غسول الجسم بخلاصة التوت البري من كوفيكس 400مل","792625756508","792625756508"
2063,1,"Cofix Antibacterial and Antifungal Intimate Wash for Women - 400ml","792625756607","792625756607"
2063,2,"غسول نسائي مضاد للجراثيم والفطريات للمناطق الحميمة من كوفيكس 400مل","792625756607","792625756607"
2064,1,"Cofix Daily Intimate Care Wash with Aloe Vera Extract - 215ml","792625756485","792625756485"
2064,2,"غسول العناية اليومية للمناطق الحميمة بخلاصة الصبار من كوفيكس 215مل","792625756485","792625756485"
2065,1,"CeraVe Moisturizing Lotion for Face and Body - 236ml","3337875597210","3337875597210"
2065,2,"لوشن ترطيب خالي من العطور الوجه والجسم من سيرافي 236مل","3337875597210","3337875597210"
2066,1,"CeraVe Foaming Facial Cleanser for Normal to Oily Skin - 236ml","3337875597197","3337875597197"
2066,2,"رغوة تنظيف البشرة العادية الى الدهنيه من سيرافي 236مل","3337875597197","3337875597197"
2067,1,"Vitamin C Body Lotion for Brightening and Hydration Post-Shower - 480ml","6947835825276","6947835825276"
2067,2,"لوشن الجسم فيتامين سي للتفتيح والترطيب بعد الاستحمام 480مل","6947835825276","6947835825276"
2068,1,"Teeth Cleaning Wipes - 12 Wipes","6287011270286","6287011270286"
2068,2,"مناديل تنظيف الاسنان  12منديل","6287011270286","6287011270286"
2069,1,"Neutrogena Hydro Boost Moisturizing Gel Cream for Dry Skin - 50ml","3574661287256","3574661287201"
2069,2,"كريم جل مرطب هيدرو بوست للبشرة الجافة من نيوتريجينا 50 مل","3574661287256","3574661287201"
2070,1,"Neutrogena Hydro Boost Moisturizing Gel Cream Normal and Combination Skin 50ml","3574661287201","3574661287256"
2070,2,"كريم جل مرطب هيدرو بوست للبشرة العادية والمختلطة من نيوتريجينا 50 مل","3574661287201","3574661287256"
2071,1,"La Roche-Posay Effaclar Gel Facial Wash for Oily Skin - 400ml","3337872411991","3337872411991"
2071,2,"غسول الوجه للبشرة الدهنية من لاروش بوزيه 400مل","3337872411991","3337872411991"
2072,1,"Jayjun Hibiscus Tea Eye Gel Patches - 60 Patches","8809495894963","8809495894963"
2072,2,"لصقات جل للعين بخلاصة شاي الكركديه من جيجون 60 لاصقة","8809495894963","8809495894963"
2073,1,"Jayjun Lavender & Tea Eye Gel Patches - 60 Patches","8809495895106","8809495895106"
2073,2,"لصقات جل للعين بالافندر والشاي من جيجون 60 لاصقة","8809495895106","8809495895106"
2074,1,"Jayjun Green Tea Eye Gel Patches - 60 Patches","8809495894956","8809495894956"
2074,2,"لصقات جل للعين بخلاصة الشاي الاخضر من جيجون 60 لاصقة","8809495894956","8809495894956"
2075,1,"Olay Natural White Face Wash - 100g","4902430987622","4902430987622"
2075,2,"غسول الوجه ناتشورال وايت من اولاي 100جم","4902430987622","4902430987622"
2076,1,"Dove Original Deodorant Roll-On - 50ml","80466468","80466468"
2076,2,"مزيل عرق اورجينال من دوف 50 مل","80466468","80466468"
2078,1,"Black Polka Dot Driving Gloves","014117",""
2078,2,"جوانتي قيادة اسود منقط","014117",""
2080,1,"QV Lip Balm for Very Dry Skin - 15g","9314839018633","9314839018633"
2080,2,"مرطب شفاه للبشرة شديدة الجفاف من كيوفي 15جم","9314839018633","9314839018633"
2081,1,"Lux Magical Orchid Body Wash - 700ml","6281006570009","6281006570009"
2081,2,"غسول جسم سحر زهرة الاوركيد من لوكس 700مل","6281006570009","6281006570009"
2082,1,"Lux Soft Rose Body Wash 700ml","6281006569775","6281006569775"
2082,2,"غسول جسم الورد الناعم من لوكس 700مل","6281006569775","6281006569775"
2083,1,"Lux Velvet Jasmine & Soft Rose Body Wash - 700ml","6281006569805","6281006569805"
2083,2,"غسول جسم الياسمين المخملي الورد الناعم من لوكس 700مل","6281006569805","6281006569805"
2084,1,"Johnson's Baby Oil Gel with Aloe Vera - 200ml","3574661665795","381370032960"
2084,2,"جل زيت الاطفال بخلاصة الصبار من جونسون 200مل","3574661665795","381370032960"
2085,1,"Johnson's Baby Oil Gel with Shea & Cocoa Butter - 200ml","381371020652","381371020652"
2085,2,"جل زيت الاطفال بزبدة الشيا والكاكو من جونسون 200مل","381371020652","381371020652"
2086,1,"Neutrogena Oil-Free Lemon Face Wash, 200ml","3574661073224","3574661073224"
2086,2,"غسول وجه للبشرة الدهنية بالليمون من نيوتروجينا، 200 مل","3574661073224","3574661073224"
2087,1,"Cofix Pine Scent Body Wash 500ml","697794487782","697794487782"
2087,2,"غسول جسم عطر الصنوبر كوفيكس 500 مل","697794487782","697794487782"
2088,1,"Cofix Lavender Scented Body Wash with Loofah - 500 ml","697794487751","697794487751"
2088,2,"غسول جسم عطر اللافندر مع ليفه من كوفيكس 500 مل","697794487751","697794487751"
2089,1,"Cofix Cool Sensation Body Wash with Loofah - 500 ml","697794487775","697794487775"
2089,2,"غسول جسم إحساس البروده مع ليفه من كوفيكس 500 مل","697794487775","697794487775"
2091,1,"NOW Rosemary Essential Oil - 30 ml","733739147981","733739147981"
2091,2,"زيت إكليل الجبل العطري ( الروزماري ) ناو 30 مل","733739147981","733739147981"
2092,1,"NOW Solutions 100% Pure Jojoba Oil - 118 ml","733739077172","733739147868"
2092,2,"زيت الجوجوبا نقي 100%  من ناو 118 مل","733739077172","733739147868"
2093,1,"Snow White Body Soap - 500g","2781214011959","2781214011959"
2093,2,"صابونية بياض الثلج  500جم","2781214011959","2781214011959"
2094,1,"Aker Fassi Soap Mix - 500g","8721214011881","2781214011881"
2094,2,"خلطة صابونية العكر الفاسي  500جم","8721214011881","2781214011881"
2095,1,"Moroccan Saharan Blue Nila Soap - 500g","2781214012031","2781214012031"
2095,2,"صابونية النيلة مغربية الصحراويه 500جم","2781214012031","2781214012031"
2096,1,"QV Gentle Facial Cleanser for Sensitive Skin - 250g","9314839012723","9314839012723"
2096,2,"غسول منظف ​​لطيف للوجه للبشرة الحساسة  من كيوفي- 250 جم","9314839012723","9314839012723"
2097,1,"QV Heel Balm - 50g","9314839006876","9314839006876"
2097,2,"كريم  للعناية بكعب القدم  من كيوفي 50 جم","9314839006876","9314839006876"
2098,1,"QV Wash for Dry or Sensitive Skin, 250 ml","9314839008948","9314839008948"
2098,2,"غسول للبشرة الجافة او الحساسة للغاية من كيوفي ، 250 مل","9314839008948","9314839008948"
2099,1,"QV Skin Moisturizing Lotion - 250g","9314839002618","9314839002618"
2099,2,"لوشن مرطب ومهدئ للبشرة من كيو في 250 جم","9314839002618","9314839002618"
2100,1,"QV Baby Skin Cleansing Bar - 250g","9314839014239","9314839014239"
2100,2,"لوح منظف للطفل بيبي سكين من كيو في - 250 مل","9314839014239","9314839014239"
2101,1,"Cetaphil Multi-Purpose Lotion for Face and Body - Normal to Dry and Sensitive Skin - 236ml","5020465202592","5020465202592"
2101,2,"لوشن متعدد الاغراض للوجه والجسم  البشرة العادية الى الجافة و الحساسة من سيتافيل 236مل","5020465202592","5020465202592"
2102,1,"CeraVe Foaming Facial Cleanser for Normal to Oily Skin - 473ml","3337875597357","3337875597357"
2102,2,"رغوة تنظيف البشرة العادية والدهنية  من سيرافي 473مل","3337875597357","3337875597357"
2103,1,"Cofix Ice Cold Care Moisturizing and Refreshing Cream - 275 ml","697794487249","697794487249"
2103,2,"كريم ايس كولد كير للترطيب والانتعاش لليد والجسم من كوفيكس  275 مل","697794487249","697794487249"
2104,1,"Cofix Hand and Body Cream - 275ml","792625756614","792625756614"
2104,2,"كريم  لليدين و الجسم  من كوفيكس275مل","792625756614","792625756614"
2105,1,"Olay Natural White All-in-One Fairness Night Cream with Mulberry Extract 50g","5011321868342","5011321868342"
2105,2,"كريم ليلي لتفتيح البشرة المتكامل مع خلاصة التوت البري من اولاي 50 جم","5011321868342","5011321868342"
2107,1,"L'Oréal Pure Clay Exfoliating Cleanser - 150ml","3600523431168","3600523431168"
2107,2,"غسول مقشر بالطين النقي من لوريال - 150مل","3600523431168","3600523431168"
2108,1,"Fair & Lovely Japanese Green Tea Face Wash 150g","6281006567429","6281006567429"
2108,2,"غسول الوجه بالشاي الأخضر الياباني  فير آند لفلي 150جم","6281006567429","6281006567429"
2109,1,"Beesline Facial Sunscreen SPF 50+ - 60ml","5281018006047","5281018006047"
2109,2,"واقي شمسي للوجه بعامل حماية من الشمس بدرجة 50+من بيزلين 60مل","5281018006047","5281018006047"
2110,1,"Lice and Nits Treatment - 50 ml","4029125066926","4029125066926"
2110,2,"علاج لمحاربة القمل وبيضه 50 مل","4029125066926","4029125066926"
2111,1,"Some By Mi Snail Truecica Miracle Repair Starter Kit (The Korean Miracle)","8809647390534","8809647390534"
2111,2,"مجموعة تروسيكا الحلزون  لإصلاح البشرة وتجديدها من سوم باي مي  (المعجزة الكوريه)","8809647390534","8809647390534"
2112,1,"Some By Mi Yuja Niacin Brightening and Hydrating Starter Kit (The Korean Miracle)","8809647390558","8809647390558"
2112,2,"مجموعة يوجا نياسين لتفتيح وترطيب البشره  سوم باي مي  (المعجزة الكوريه)","8809647390558","8809647390558"
2113,1,"Essence I Love Mascara, Black","4250338487516",""
2113,2,"ماسكارا ايسينس اي لوف  ، لون اسود","4250338487516",""
2115,1,"Lifebuoy Germ Protection Body Wash with Loofah - 300ml","6281006473904","6281006473904"
2115,2,"غسول جسم حماية من الجراثيم مع ليفه من لايفبوي 300مل","6281006473904","6281006473904"
2116,1,"Dr. Rashel Gold Atoms Magnetic Mask - 80g","6948996212998","6948996212998"
2116,2,"قناع المغناطيس بنترات الذهب من دكتور راشيل - 80 جرام","6948996212998","6948996212998"
2117,1,"Kovix Licorice Drops - 50ml","697794488291","697794488291"
2117,2,"قطرة عرق السوس من كوفكس - 50مل","697794488291","697794488291"
2118,1,"QV Baby Moisturizing Cream 50gm","9314839014215","9314839014215"
2118,2,"كريم مرطب للأطفال من كيوفي للوقاية من الطفح الجلدي للرضع 50 جم","9314839014215","9314839014215"
2119,1,"QV Flare Up Wash 150ml","9314839015373","9314839015373"
2119,2,"غسول فلير اب من كيوفي 150مل","9314839015373","9314839015373"
2120,1,"QV Baby Moisturising Cream for Dry and Sensitive Skin - 100g","9314839005053","9314839005053"
2120,2,"كريم مرطب للاطفال من كيوفي للجلد الجاف والحساس 100جم","9314839005053","9314839005053"
2121,1,"QV Baby Moisturising Lotion - 250ml","9314839014222","9314839014222"
2121,2,"لوشن ترطيب بشرة الطفل من كيوفي - 250 مل","9314839014222","9314839014222"
2122,1,"QV Baby Gentle Wash for Sensitive Skin - 250g","9314839014192","9314839014192"
2122,2,"غسول اطفال لطيف  للبشرة الحساسة من كيوفي - 250 جم","9314839014192","9314839014192"
2123,1,"QV Tear Free Shampoo and Conditioner 2 in 1 200gm","9314839013874","9314839013874"
2123,2,"شامبو وبلسم 2 في 1 بلا دموع من كيوفي 200جرام","9314839013874","9314839013874"
2124,1,"Lakme Teknia White Silver Shampoo for Blonde and Grey Hair - 300ml","8429421440127","8429421440127"
2124,2,"شامبو وايت سيلفر معزز  للون الشعر المصبوغ بالرمادي او الاشقر من لاكمي 300مل","8429421440127","8429421440127"
2125,1,"Lakme Color Developer OXY Cream (8.4%) 28 Vol - 1000 ml","8429421402019","8429421403016"
2125,2,"اوكسجين كريم   (8.4 %) 28 v  من لاكمي 1000 مل","8429421402019","8429421403016"
2126,1,"Lakme Color Developer Cream (8.4%) 28 Vol - 120 ml","8429421403115","8429421403115"
2126,2,"اوكسجين كريم   (8.4 %) 28 v  من لاكمي 120 مل","8429421403115","8429421403115"
2127,1,"Lakme Color Developer OXY Cream (5.4%) 18V - 120ml","8429421402118","8429421402118"
2127,2,"اوكسجين كريم   (5.4 %) 18 v  من لاكمي 120 مل","8429421402118","8429421402118"
2128,1,"Lakmé Teknia White Silver Hair Mask for Grey and Ash Tones, 250 ml","8429421440226","8429421440226"
2128,2,"قناع الشعر تيكينيا وايت سيلفر معزز للون الرمادي والزيتي من لاكمي، 250 مل","8429421440226","8429421440226"
2129,1,"Lakme Bio-Argan Shampoo 300ml","8429421430043","8429421430043"
2129,2,"شامبو بيو ارجان من لاكمي300مل","8429421430043","8429421430043"
2131,1,"Garnier Men Shampoo Color (Natural Black)","8901526591664","8901526591664"
2131,2,"شامبو وصبغة (اسود طبيعي)للرجال من غارنييه","8901526591664","8901526591664"
2132,1,"Intense Olive Hair Dye 7.8 with Collagen","8052742458849","8052742458849"
2132,2,"صبغة شعر  زيتوني كثيف 7.8 بالكولاجين","8052742458849","8052742458849"
2133,1,"Maroon Hair Dye 4.5 with Collagen","8053323158264","8053323158264"
2133,2,"صبغة شعر  ماروني 4.5 بالكولاجين","8053323158264","8053323158264"
2134,1,"Dark Ash Blonde Hair Dye 6.01 with Collagen","8053323158158","8053323158158"
2134,2,"صبغة شعر  اشقر رمادي غامق 6.01 بالكولاجين","8053323158158","8053323158158"
2135,1,"Dark Chestnut Hair Dye 6.23 with Collagen","8053323158127","8053323158127"
2135,2,"صبغة شعر كستنائي غامق 6.23 بالكولاجين","8053323158127","8053323158127"
2136,1,"Ocean Blue Hair Dye 6.90 with Collagen","8052742458825","8052742458825"
2136,2,"صبغة شعرازرق قاع المحيط 6,90 بالكولاجين","8052742458825","8052742458825"
2137,1,"Hair dye light ash blonde 8.01 with collagen","8053323158172","8053323158172"
2137,2,"صبغة شعراشقر رمادي فاتح 8.01 بالكولاجين","8053323158172","8053323158172"
2138,1,"Emerald Green Hair Dye 8.13 with Collagen","8052742458856","8052742458856"
2138,2,"صبغة شعراخضر زمردي 8.13 بالكولاجين","8052742458856","8052742458856"
2139,1,"Sea Grey Hair Dye 8.02 with Collagen","8052742458801","8052742458801"
2139,2,"صبغة شعر رمادي بحري 8.02 بالكولاجين","8052742458801","8052742458801"
2140,1,"Light chestnut hair dye with collagen","8053323158141","8053323158141"
2140,2,"صبغة شعر كستنائي فاتح8.23 بالكولاجين","8053323158141","8053323158141"
2141,1,"11.11 Icy Olive Blonde Hair Dye with Collagen","8053323151586","8053323151586"
2141,2,"صبغة اشقر زيتوني ثلجي 11.11 بالكولاجين","8053323151586","8053323151586"
2142,1,"Platinum Beige Hair Dye 12.11 with Collagen","8053323158301","8053323158301"
2142,2,"صبغة شعر بيج بلاتيني 12.11 بالكولاجين","8053323158301","8053323158301"
2143,1,"Hair color removal system (lightening) Nitro Canada Pro Collagen","8053323157830","8053323157830"
2143,2,"نظام سحب لون الشعر(تفتيح) نيترو كندا بروكولاجين","8053323157830","8053323157830"
2144,1,"Laser White Natural Black Hair Dye Shampoo with Argan Oil | 420ml","6926901802090","6926901802090"
2144,2,"شامبو صبغة شعر أسود طبيعي بزيت الارڤان من ليزر وايت l 420مل","6926901802090","6926901802090"
2145,1,"Dye shampoo with argan oil (dark brown) 420 ml","6926901802038","6926901802038"
2145,2,"شامبو صبغة بزيت الأرجان ( بني غامق) من ليزر وايت 420مل","6926901802038","6926901802038"
2146,1,"VIP tint shampoo with pearl extract &quot;Black 420 ml","8908011235577","8908011235577"
2146,2,"شامبو صبغة في آي بي بمستخلص اللؤلؤ &quot; اسود 420مل","8908011235577","8908011235577"
2147,1,"JB 3-in-1 Argan Oil Hair Dye Shampoo (Dark Brown) - 400ml","799439315556","799439315556"
2147,2,"شامبو صبغة شعر بزيت الارجان 3 في 1 من جيه بي (بني غامق). 400مل","799439315556","799439315556"
2148,1,"JP 3-in-1 Argan Oil Hair Dye Shampoo (Black) - 400ml","799439315150","799439315150"
2148,2,"شامبو صبغة شعر بزيت الارجان 3 في 1 من جيه بي (اسود). 400مل","799439315150","799439315150"
2149,1,"L'Oreal Paris Prodigy Hair Color - 8.0 Light Blonde","3600522599432","3600522599432"
2149,2,"صبغة شعر بروديجي  لون اشقر فاتح8.0، من لوريال باريس","3600522599432","3600522599432"
2150,1,"L'Oréal Paris Prodigy Hair Color - Brown (4.0)","3600522599340","3600522599340"
2150,2,"صبغة شعر بروديجي  لون بني (4.0) من لوريال باريس","3600522599340","3600522599340"
2151,1,"L'Oréal Paris Prodigy Hair Color - Dark Brown (3.0)","3600522599364","3600522599364"
2151,2,"صبغة شعر بروديجي  لون بني غامق( 3.0)، من لوريال باريس","3600522599364","3600522599364"
2152,1,"L'Oréal Paris Prodigy Hair Color - 4.60 Antique Red Brown","3600522599326","3600522599326"
2152,2,"صبغة شعر بروديجي  لون بني احمر عتيق( 4.60)، من لوريال باريس","3600522599326","3600522599326"
2153,1,"L'Oréal Paris Prodigy Hair Color - 5.35 Chocolate (Light Golden Mahogany Brown)","3600522599296","3600522599296"
2153,2,"صبغة شعر بروديجي  لون بني فاتح ذهبي ارجواني ( 5.35)، من لوريال باريس","3600522599296","3600522599296"
2154,1,"Lakme Collage Mix Permanent Hair Color - 9/00 Very Light Blonde, 60ml","8429421290012","8429421290012"
2154,2,"صبغة كولاجميكس اشقر فاتح 9/00 من لاكمي  60 مل","8429421290012","8429421290012"
2155,1,"Lakme Collage Mix Violet Ash Platinum Blonde Hair Dye 10/21 - 60 ml","8429421299480","8429421299480"
2155,2,"صبغة كولاجميكس بنفسجي رمادي اشقر بلاتيني 10/21 من لاكمي  60 مل","8429421299480","8429421299480"
2156,1,"Lakmé Collage Mix Light Ash Brown Hair Dye 5/17 - 60 ml","8429421251716","8429421251716"
2156,2,"صبغة كولاجميكس  بني فاتح رمادي  5/17 من لاكمي  60 مل","8429421251716","8429421251716"
2157,1,"Lakme Collage Mix Metallic Ash Blonde Hair Dye 12/72 - 60 ml","8429421288217",""
2157,2,"صبغة كولاجميكس اشقر معدني رمادي 12/72 من لاكمي  60 مل","8429421288217",""
2158,1,"Lakme Collage Mix Hair Color - Blonde - 60 ml","8429421411417","8429421411417"
2158,2,"صبغة كولاجميكس لصبغ الشعر  الاشقر  من لاكمي  60 مل","8429421411417","8429421411417"
2159,1,"Lakme Collage Mix Shiny Blonde Hair Dye 12/00 - 60 ml","8429421299848","8429421299848"
2159,2,"صبغة كولاجميكس اشقر لامع  12/00  من لاكمي  60 مل","8429421299848","8429421299848"
2160,1,"Lakme Collage Mix Medium Blonde Hair Dye 7/00 - 60 ml","8429421270014","8429421270014"
2160,2,"صبغة كولاجميكس اشقر متوسط 7/00  من لاكمي  60 مل","8429421270014","8429421270014"
2161,1,"Lakme Collage Mix Light Blonde Hair Dye 8/00 - 60 ml","8429421280013","8429421280013"
2161,2,"صبغة كولاجميكس اشقرفاتح 8/00  من لاكمي  60 مل","8429421280013","8429421280013"
2162,1,"Lakme Collage Mix Light Chestnut Copper Blonde Hair Dye 8/64 - 60 ml","8429421286411","8429421286411"
2162,2,"صبغة كولاجميكس اشقرفاتح كستنائي نحاسي 8/64  من لاكمي  60 مل","8429421286411","8429421286411"
2163,1,"Lakme Collage Mix Intense Light Blonde Hair Dye 88/00 - 60 ml","8429421280808","8429421280808"
2163,2,"صبغة كولاجميكس اشقرفاتح مكثف 88/00  من لاكمي  60 مل","8429421280808","8429421280808"
2164,1,"Lakme Collage Mix Dark Ash Blonde Hair Dye 6/17 - 60 ml","8429421261715","8429421261715"
2164,2,"صبغة كولاجميكس اشقرغامق رمادي 6/17  من لاكمي  60 مل","8429421261715","8429421261715"
2165,1,"Lakme Collage Mix Intense Dark Blonde Hair Dye 66/00 - 60 ml","8429421260800","8429421260800"
2165,2,"صبغة كولاجميكس اشقرغامق مكثف 66/00  من لاكمي  60 مل","8429421260800","8429421260800"
2166,1,"Guerlain Mad Eyes Mascara (02 Mad Brown)","3346470432123","3346470432123"
2166,2,"ماسكارا ماد آيز( 02 بني )من جيرلان","3346470432123","3346470432123"
2167,1,"Guerlain Mad Eyes Mascara - 03 Blue","3346470432130","3346470432130"
2167,2,"ماسكارا ماد آيز( 03 ازرق )من جيرلان","3346470432130","3346470432130"
2168,1,"Guerlain Mad Eyes Mascara (01 Mad Black)","3346470419124","3346470419124"
2168,2,"ماسكارا ماد آيز( 01 اسود )من جيرلان","3346470419124","3346470419124"
2169,1,"Dual Creamy Eyeshadow Stick (Plum Red, Plum Copper)","3346470432284","3346470432284"
2169,2,"قلم ظلال عيون كريمي ثنائي (احمر برقوقي، نحاسي  برقوقي)","3346470432284","3346470432284"
2170,1,"Dual Creamy Eyeshadow Stick (Warm Brown - Golden Brown)","3346470432277","3346470432277"
2170,2,"قلم ظلال عيون كريمي ثنائي (بني دافئ - بني ذهبي)","3346470432277","3346470432277"
2171,1,"Dual Creamy Eyeshadow Stick (Grey Green - Pearl Green)","3346470432291","3346470432291"
2171,2,"قلم ظلال عيون كريمي ثنائي (اخضر رمادي - اخضر لؤلؤي)","3346470432291","3346470432291"
2172,1,"Dual Creamy Eyeshadow Stick (Night Grey - Icy Grey)","3346470432307","3346470432307"
2172,2,"قلم ظلال عيون كريمي ثنائي (رمادي ليلي - رمادي ثلجي)","3346470432307","3346470432307"
2173,1,"Guerlain Foundation - Shade 55","3346470428010","3346470428010"
2173,2,"كريم اساس  درجة اللون 55 من جيرلان","3346470428010","3346470428010"
2174,1,"Foundation shade 45 from Guerlain","3346470427990","3346470427990"
2174,2,"كريم اساس  درجة اللون 45 من جيرلان","3346470427990","3346470427990"
2175,1,"Foundation shade 35 from Guerlain","3346470431010","3346470431010"
2175,2,"كريم اساس  درجة اللون 35 من جيرلان","3346470431010","3346470431010"
2176,1,"Guerlain Foundation - Shade 6","3346470428126","3346470428126"
2176,2,"كريم اساس  درجة اللون 6 من جيرلان","3346470428126","3346470428126"
2177,1,"Foundation shade 2 from Guerlain","3346470428157","3346470428157"
2177,2,"كريم اساس  درجة اللون 2 من جيرلان","3346470428157","3346470428157"
2178,1,"Guerlain Foundation - Shade 3","3346470431003","3346470431003"
2178,2,"كريم اساس  درجة اللون 3 من جيرلان","3346470431003","3346470431003"
2179,1,"Foundation shade 4 from Guerlain","3346470428089","3346470428089"
2179,2,"كريم اساس  درجة اللون4 من جيرلان","3346470428089","3346470428089"
2180,1,"Foundation shade 5 from Guerlain","3346470431041","3346470431041"
2180,2,"كريم اساس  درجة اللون 5 من جيرلان","3346470431041","3346470431041"
2181,1,"Guerlain Foundation - Shade 1","3346470428041","3346470428041"
2181,2,"كريم اساس  درجة اللون1 من جيرلان","3346470428041","3346470428041"
2182,1,"Golden Foundation No. (3) from Guerlain","3346470430341","3346470430341"
2182,2,"كريم اساس ذهبي رقم (3) من جيرلان","3346470430341","3346470430341"
2183,1,"Golden Foundation No. (4) from Guerlain","3346470430358","3346470430358"
2183,2,"كريم اساس ذهبي رقم (4) من جيرلان","3346470430358","3346470430358"
2184,1,"Golden Foundation No. (5) from Guerlain","3346470430365","3346470430365"
2184,2,"كريم اساس ذهبي رقم (5) من جيرلان","3346470430365","3346470430365"
2185,1,"Golden Foundation No. (23) from Guerlain","3346470430402","3346470430402"
2185,2,"كريم اساس ذهبي رقم (23) من جيرلان","3346470430402","3346470430402"
2186,1,"Guerlain Parure Gold Foundation - Shade No. 24","3346470430419","3346470430419"
2186,2,"كريم اساس ذهبي رقم (24) من جيرلان","3346470430419","3346470430419"
2187,1,"Illuminating and regenerating lip concealer (1.5) from Guerlain","3346470426146","3346470426146"
2187,2,"كونسيلر مضيء ومجدد الشفاه(1.5) من جيرلان","3346470426146","3346470426146"
2188,1,"Illuminating and rejuvenating concealer (02) from Guerlain","3346470408760","3346470408760"
2188,2,"كونسيلر مضيء ومجدد الشفاه(02) من جيرلان","3346470408760","3346470408760"
2189,1,"Eyeliner pencil with sharpener No. (01) from Guerlain","3346470421912","3346470421912"
2189,2,"قلم كحل تحديد العيون كاتي  مع براية  رقم (01)من جيرلان","3346470421912","3346470421912"
2190,1,"Brown eyeliner pencil with sharpener No. (02) from Guerlain","3346470421899","3346470421899"
2190,2,"قلم كحل تحديد العيون بني  مع براية  رقم (02)من جيرلان","3346470421899","3346470421899"
2191,1,"Khaki eyeliner pencil with sharpener No. (05) from Guerlain","3346470421929","3346470421929"
2191,2,"قلم كحل تحديد العيون كاكي مع براية  رقم (05)من جيرلان","3346470421929","3346470421929"
2192,1,"Guerlain Deep Purple Eyeliner Pencil with Sharpener No. (03).","3346470421905","3346470421905"
2192,2,"قلم كحل تحديد العيون ديب بيربل مع براية  رقم (03)من جيرلان","3346470421905","3346470421905"
2193,1,"Black eyeliner pencil with sharpener No. (01) from Guerlain","3346470421882","3346470421882"
2193,2,"قلم كحل تحديد العيون اسود مع براية  رقم (01)من جيرلان","3346470421882","3346470421882"
2194,1,"Illuminating and rejuvenating concealer (01) from Guerlain","3346470408753","3346470408753"
2194,2,"كونسيلر مضيء ومجدد الشفاه(01) من جيرلان","3346470408753","3346470408753"
2195,1,"Guerlain Illuminating and Lip Replenishing Concealer (00)","3346470408746","3346470408746"
2195,2,"كونسيلر مضيء ومجدد الشفاه(0 0) من جيرلان","3346470408746","3346470408746"
2196,1,"Make Up For Ever Step 1 Primer (3) - 30ml","3548752073257","3548752073257"
2196,2,"برايمر ستيب ون من ميك اب فور ايفر(3) - 30مل","3548752073257","3548752073257"
2197,1,"MAKE UP FOR EVER Step 1 Primer (10) - 30ml","3548752073325","3548752073325"
2197,2,"برايمر ستيب ون من ميك اب فور ايفر(10) - 30مل","3548752073325","3548752073325"
2198,1,"Make Up For Ever Step 1 Primer (8) - 30ml","3548752073301","3548752073301"
2198,2,"برايمر ستيب ون من ميك اب فور ايفر(8) - 30مل","3548752073301","3548752073301"
2199,1,"Make Up For Ever Step One Primer (4) - 30 ml","3548752073318","3548752073318"
2199,2,"برايمر ستيب ون من ميك اب فور ايفر(4) - 30مل","3548752073318","3548752073318"
2200,1,"Make Up For Ever (9) Step One Primer - 30 ml","3548752073264","3548752073264"
2200,2,"برايمر ستيب ون من ميك اب فور ايفر(9) - 30مل","3548752073264","3548752073264"
2201,1,"Make Up For Beige Smooth Foundation (Y436) 30ml","3548752165297","3548752165297"
2201,2,"كريم أساس ميك أب فور بيج ناعم (Y436)30مل","3548752165297","3548752165297"
2202,1,"Make Up For Ever Foundation - Golden Sand (Y375) 30ml","3548752085397",""
2202,2,"كريم أساس ميك أب فور ايفر جولدن ساند (Y375)30مل","3548752085397",""
2203,1,"Make Up For Ever Foundation - Golden Honey (Y405) 30ml","3548752085410",""
2203,2,"كريم أساس ميك أب فور ايفر عسلي ذهبي (Y405)30مل","3548752085410",""
2204,1,"Make Up For Ever Desert Foundation (Y365) 30ml","3548752085373","3548752085373"
2204,2,"كريم أساس ميك أب فور ايفر ديزيرت (Y365)30مل","3548752085373","3548752085373"
2205,1,"MAKE UP FOR EVER Foundation - Cinnamon (Y412) 30ml","3548752165273",""
2205,2,"كريم أساس ميك أب فور ايفر لون القرفه (Y412)30مل","3548752165273",""
2206,1,"MAKE UP FOR EVER Foundation Dark Golden (Y383) 30ml","3548752165266","3548752165266"
2206,2,"كريم أساس ميك أب فور ايفر ذهبي غامق (Y383)30مل","3548752165266","3548752165266"
2207,1,"MAKE UP FOR EVER Foundation Golden Sand (Y373) 30ml","3548752165259","3548752165259"
2207,2,"كريم أساس ميك أب فور ايفر ذهبي ساند (Y373)30مل","3548752165259","3548752165259"
2208,1,"Make Up For Ever Ultra HD Foundation - Almond (Y422) 30ml","3548752165280",""
2208,2,"كريم أساس ميك أب فور ايفر اللوز (Y422)30مل","3548752165280",""
2209,1,"MAKE UP FOR EVER Ultra HD Foundation - Dark Cognac (Y513) 30ml","3548752165310","3548752165310"
2209,2,"كريم أساس ميك أب فور ايفر كونياك غامق (Y513)30مل","3548752165310","3548752165310"
2210,1,"MAKE UP FOR EVER Foundation - Coffee Bean (Y522) 30ml","3548752165327","3548752165327"
2210,2,"كريم أساس ميك أب فور ايفر حبوب القهوه (Y522)30مل","3548752165327","3548752165327"
2211,1,"Make Up For Ever Foundation Brown (Y532) 30ml","3548752165334","3548752165334"
2211,2,"كريم أساس ميك أب فور ايفر بني (Y532)30مل","3548752165334","3548752165334"
2212,1,"Make Up For Ever Foundation Dark Brown (Y545) 30ml","3548752165358","3548752165358"
2212,2,"كريم أساس ميك أب فور ايفر بني داكن (Y545)30مل","3548752165358","3548752165358"
2213,1,"NYX Professional Makeup Sweet Blush","800897056247","800897056247"
2213,2,"بالته احمر خدود بروفيشنال ميك اب سويت من نيكس","800897056247","800897056247"
2214,1,"NYX Multi-Color Dark Contour - 2.2g","800897846879","800897846879"
2214,2,"كونتور متعددة الالوان داكن  من نكس  2.2غرام","800897846879","800897846879"
2215,1,"NYX Multi-Color Contour Palette - Light, 2.2g","800897846855","800897846855"
2215,2,"كونتور متعددة الالوان فاتح من نكس  2.2غرام","800897846855","800897846855"
2216,1,"NYX Highlight & Contour Pro Palette","800897836245","800897836245"
2216,2,"مجموعة تحديد الوجه هايلايت وكونتور برو - من نيكس","800897836245","800897836245"
2217,1,"NYX Tinted Primer P01 Clear Light - 25ml","800897056148","800897056148"
2217,2,"برايمر ملون  p01 كلير خفيف  من نيكس 25مل","800897056148","800897056148"
2218,1,"NYX Tinted Primer P02 Medium Beige - 25ml","800897056155","800897056155"
2218,2,"برايمر ملون p02 بيج متوسط  من نيكس 25مل","800897056155","800897056155"
2219,1,"NYX HD Studio Foundation - Sand Beige 30ml","800897834609","800897834609"
2219,2,"كريم أساس اتش دي ستوديو بيج رملي من نيكس 30مل","800897834609","800897834609"
2220,1,"NYX Stay Matte Liquid Foundation 35ml","800897047665","800897047665"
2220,2,"كريم أساس سائل ستاي مات من نيكس 35مل","800897047665","800897047665"
2221,1,"Nyx Stay Matte Liquid Foundation Alabaster 35ml","800897813789","800897813789"
2221,2,"كريم أساس سائل ستاي مات المرمر من نيكس 35مل","800897813789","800897813789"
2222,1,"Guerlain Lipstick (N 677 - Pink) 3.5g","3346470431959","3346470431959"
2222,2,"روج احمر شفاه(N 677 - وردي) من جيرلان  3.5جم","3346470431959","3346470431959"
2223,1,"Guerlain Lipstick (N 688 - Rose Color) 3.5g","3346470431966","3346470431966"
2223,2,"روج احمر شفاه(N 688 -لون الزهر) من جيرلان  3.5جم","3346470431966","3346470431966"
2224,1,"Guerlain Lipstick (N 588 - Rose Pink) 3.5g","3346470431942","3346470431942"
2224,2,"روج احمر شفاه(N 588 -لون الزهر) من جيرلان  3.5جم","3346470431942","3346470431942"
2226,1,"Guerlain Lipstick (N 00 - Beige) 3.5g","3346470432017","3346470432017"
2226,2,"روج احمر شفاه(N 00 -لون بيج) من جيرلان  3.5جم","3346470432017","3346470432017"
2228,1,"Guerlain Lipstick (N 007 - Light Beige) 3.5g","3346470431928","3346470431928"
2228,2,"روج احمر شفاه(N 007 -لون بيج فاتح ) من جيرلان  3.5جم","3346470431928","3346470431928"
2232,1,"Guerlain KissKiss Liquid Lipstick (L323 Wow Glitter) - 5.8ml","3346470429598","3346470429598"
2232,2,"أحمر شفاه سائلkiss kiss (L323- واو جيتر) من جيرلان  - 5.8 مل","3346470429598","3346470429598"
2233,1,"Guerlain KissKiss Liquid Lipstick (L302 - Nude Shine) - 5.8 ml","3346470429550","3346470429550"
2233,2,"أحمر شفاه سائلkiss kiss (L302- نود شاين) من جيرلان  - 5.8 مل","3346470429550","3346470429550"
2234,1,"Guerlain KissKiss Liquid Lipstick (L361- Lovely Shine) - 5.8 ml","3346470429505","3346470429505"
2234,2,"أحمر شفاه سائلkiss kiss (L361- لفلي شاين) من جيرلان  - 5.8 مل","3346470429505","3346470429505"
2235,1,"Guerlain KissKiss Liquid Lipstick (L362 Glam Shine) - 5.8 ml","3346470429512","3346470429512"
2235,2,"أحمر شفاه سائلkiss kiss (L362- جلام شاين) من جيرلان  - 5.8 مل","3346470429512","3346470429512"
2236,1,"Guerlain kiss kiss liquid lipstick (L363- Lady shine) - 5.8 ml","3346470429529",""
2236,2,"أحمر شفاه سائلkiss kiss (L363- ليدي شاين) من جيرلان  - 5.8 مل","3346470429529",""
2237,1,"Guerlain KissKiss Liquid Lipstick (L364 Miss Glitter) - 5.8 ml","3346470429574","3346470429574"
2237,2,"أحمر شفاه سائلkiss kiss (L364- ميس جيتور) من جيرلان  - 5.8 مل","3346470429574","3346470429574"
2238,1,"Guerlain kiss kiss liquid lipstick (L365- Sensual Gator) - 5.8 ml","3346470429581",""
2238,2,"أحمر شفاه سائلkiss kiss (L365- سنسولا جيتور) من جيرلان  - 5.8 مل","3346470429581",""
2239,1,"Guerlain KissKiss Liquid Lipstick (L304 Romantic Gitter) - 5.8 ml","3346470429567","3346470429567"
2239,2,"أحمر شفاه سائلkiss kiss (L304- رومانتك جيتور) من جيرلان  - 5.8 مل","3346470429567","3346470429567"
2240,1,"Guerlain KissKiss Liquid Lipstick (L360 - Naked Glitter) - 5.8 ml","3346470429499",""
2240,2,"أحمر شفاه سائلkiss kiss (L360- ناكد جيتور) من جيرلان  - 5.8 مل","3346470429499",""
2241,1,"Guerlain KissKiss Liquid Lipstick (L303 - Duo Kit) - 5.8ml","3346470429543",""
2241,2,"أحمر شفاه سائلkiss kiss (L303- ديو كيت) من جيرلان  - 5.8 مل","3346470429543",""
2242,1,"Guerlain KISS KISS Lipstick (R330-Midnight Powder) 2.8g","3346470429956","3346470429956"
2242,2,"أحمر شفاه KISS KISS  (R330-مسحوق منتصف الليل) من جيرلان 2.8 جم","3346470429956","3346470429956"
2243,1,"Guerlain KISS KISS Lipstick (R258 - Glowing Kiss) 2.8g","3346470434981","3346470434981"
2243,2,"أحمر شفاه KISS KISS  (R258--قبلة متوهجه) من جيرلان 2.8 جم","3346470434981","3346470434981"
2244,1,"Guerlain KISS KISS Lipstick (R999 - Eternal Red) 2.8g","3346470433724",""
2244,2,"أحمر شفاه KISS KISS  (R999--احمر خالد) من جيرلان 2.8 جم","3346470433724",""
2245,1,"Guerlain KISS KISS Lipstick (R819--Corolla Rouge) 2.8g","3346470435025",""
2245,2,"أحمر شفاه KISS KISS  (R819--كورولا روج) من جيرلان 2.8 جم","3346470435025",""
2246,1,"Guerlain KISS KISS Lipstick (R729--Daisy Red) 2.8g","3346470434998",""
2246,2,"أحمر شفاه KISS KISS  (R729--احمر ديزي) من جيرلان 2.8 جم","3346470434998",""
2247,1,"Guerlain KISS KISS Lipstick (R809 - Zahra) 2.8g","3346470435018",""
2247,2,"أحمر شفاه KISS KISS  (R809--زهره) من جيرلان 2.8 جم","3346470435018",""
2248,1,"Guerlain KISS KISS Lipstick (R375 - Backflow) 2.8g","3346470428898",""
2248,2,"أحمر شفاه KISS KISS  (R375--تدفق الظهر) من جيرلان 2.8 جم","3346470428898",""
2249,1,"Guerlain KISS KISS Lipstick (R371 - Morning Rose) 2.8g","3346470419919",""
2249,2,"أحمر شفاه KISS KISS  (R371--ورد الصباح) من جيرلان 2.8 جم","3346470419919",""
2250,1,"Amir's Original Black Henna Hair Color Powder","8906008400021",""
2250,2,"مسحوق صبغة الشعر بالحنا  اسود -الاصلي- من أمير","8906008400021",""
2251,1,"Amir's Henna Hair Color Powder - Brown (Original)","8906008400038",""
2251,2,"مسحوق صبغة الشعر بالحنا  بني -الاصلي- من أمير","8906008400038",""
2252,1,"Kuwait Shop Moroccan Indigo Soap Paste 450g","2781214025116","2781214025116"
2252,2,"صابونية النيلة المغربية  من كويت شوب 450جم","2781214025116","2781214025116"
2253,1,"Kuwait Shop Licorice Soap with Vitamin C - 500g","2781214015100",""
2253,2,"صابونية عرق السوس بفيتامين سي  من كويت شوب 500جم","2781214015100",""
2254,1,"Moroccan Nile soap from Kuwait shop 100 gm","2781214403600","2781214403600"
2254,2,"صابون النيلة المغربية من كويت شوب 100جم","2781214403600","2781214403600"
2255,1,"EcoTools Dry Body Brush for Exfoliation","079625074253",""
2255,2,"فرشاة جسم جافة للتقشير من ايكو تولز","079625074253",""
2256,1,"Pixi Collagen Tonic 250ml","885190821495",""
2256,2,"تونر كولاجين تونيك البني من بيكسي 250مل","885190821495",""
2257,1,"Pixie Collagen Tonic, 100 ml","885190821020",""
2257,2,"تونر مقشر جلو تونيك بحمض الجليكوليك بنسبة 5% شفاف 100مل","885190821020",""
2259,1,"Watermans Grow Me Shampoo - 250ml","702811625068","702811625068"
2259,2,"شامبو جرو مي من واترمانز - 250مل","702811625068","702811625068"
2260,1,"Cantu Shea Butter for Natural Hair Sulfate-Free Cleansing Cream Shampoo 400ml","817513015311","817513015311"
2260,2,"شامبو كريمي بخلاصة زبدة الشيا من كانتو 400مل","817513015311","817513015311"
2261,1,"Bioderma Moisturizing Hand Cream - Twin Pack","3701129806562","3701129806562"
2261,2,"كريم مرطب اليدين  من بيودرما عبوتين","3701129806562","3701129806562"
2262,1,"Little Baby Macaron Sweet Lip Balm - 10g","8855887004106","8855887004106"
2262,2,"مرطب الشفاه ماكارن سويت من ليتل بيبي 10جم","8855887004106","8855887004106"
2263,1,"Little Baby Blossom Eye Roller Moisturizer - 10g","8855887008494","8855887008494"
2263,2,"مرطب حول العين بلوسوم من ليتل بيبي 10جم","8855887008494","8855887008494"
2264,1,"Little Baby Topping Balm Plus with Vitamin C - 100g","8855887008500","8855887008500"
2264,2,"توبينق بالم بلس للتفتيح والتوريد فيتامين سي من ليتل بيبي – 30 جرام","8855887008500","8855887008500"
2265,1,"Pepper balm for face and body massage from Little Baby 100g","8855887010107","8855887010107"
2265,2,"بلسم الفلفل لتدليك الوجه والجسم من ليتل بيبي 100جم","8855887010107","8855887010107"
2266,1,"Little Baby Multifunctional Petroleum Jelly Moisturizer 100g","8855887008661","8855887008661"
2266,2,"مرطب البتروليوم متعدد الوظائف من ليتل بيبي 100جم","8855887008661","8855887008661"
2267,1,"Little Baby Lightening and Supplying Orange Balm 30g","8855887009828","8855887009828"
2267,2,"بلسم للتفتيح والتوريد بالبرتقال من ليتل بيبي 30 جرام","8855887009828","8855887009828"
2268,1,"Little Baby Under Arms Whitening Moisturizer 10ml","8855887007541","8855887007541"
2268,2,"مرطب تبييض تحت الذراعين من ليتل بيبي 10 مل","8855887007541","8855887007541"
2269,1,"Socks to exfoliate and soften the feet from M-Beauty","8809273160853","8809273160853"
2269,2,"جوارب لتقشير وتنعيم القدمين من ام بيوتي","8809273160853","8809273160853"
2270,1,"JB Organic Body Loofah","739608353101","739608353101"
2270,2,"ليفة جسم   جي بي ارجانك","739608353101","739608353101"
2271,1,"Fair and Lovely Multi Face Cream, 25gm","6281006574724","6281006574724"
2271,2,"كريم ملتي للوجه فير آند لفلي ، 25جم","6281006574724","6281006574724"
2272,1,"Jovan Musk perfume for women 59 ml","035017009944","035017009944"
2272,2,"عطر  جوفان مسك النسائي 59 مل","035017009944","035017009944"
2273,1,"The Good Duo Roller Skin Massage Set of 2 pieces from EcoTools","079625075144","079625075144"
2273,2,"ثنائي الجيد رولر مساج البشرة  مجموعة من قطعتين من ايكوتولز","079625075144","079625075144"
2275,1,"Foxian hair gel for men 500 gm","6224001098581","6224001098581"
2275,2,"جل شعر للرجال من فوكسين 500جم","6224001098581","6224001098581"
2276,1,"Foxian hair gel for men 1000 gm","6224001098857","6224001098857"
2276,2,"جل شعر للرجال من فوكسين 1000جم","6224001098857","6224001098857"
2277,1,"J. Casanova My Scent is Attractive Body Mist - 235ml","6281056501206","6281056501206"
2277,2,"معطر جسم رائحتي جذابة من جي.كازانوفا 235مل","6281056501206","6281056501206"
2278,1,"J. Casanova Bakhoor Romantic Body Splash - 235ml","6281056585916",""
2278,2,"معطر جسم بخور رومنسي من جي.كازانوفا 235مل","6281056585916",""
2279,1,"Cantu Divine Raw Shea Hair Mask Cream With Shea Butter Extract 340gm","817513010125","817513010125"
2279,2,"كريم ديفاين ماسك الشيا الخام الشعر بخلاصة زبدة الشيا من كانتو 340جم","817513010125","817513010125"
2280,1,"Nature's Answer Licorice Root Cream 60ml","083000174506","083000174506"
2280,2,"كريم جذر عرق السوس لتفتيح البشرة ومقاوم للشيخوخه  من ناتشرز انسر 60مل","083000174506","083000174506"
2281,1,"Rose Care Face Wash & Makeup Remover for All Skin Types - 150ml","4005900420664","4005900420664"
2281,2,"غسول روز كير للوجه ومزيل مكياج لجميع انواع البشرة 150مل","4005900420664","4005900420664"
2282,1,"Nivea daily scrub with organic rose extract 150ml","4005900908223","4005900908223"
2282,2,"قناع مقشر يومي بخلاصة الورد العضوي من نيفيا، 150 مل","4005900908223","4005900908223"
2283,1,"Nivea Sparkling Whitening Face Foam 100ml","8999777867249","8999777867249"
2283,2,"رغوة سباركلينج لتبييض الوجه من نيفيا 100مل","8999777867249","8999777867249"
2284,1,"O'Keeffe's Working Hand Hand Cream 76g","722510027000","722510027000"
2284,2,"كريم اليدين وركنج هاند من اوكيفس 76جم","722510027000","722510027000"
2285,1,"Magic socks for exfoliating feet from M-Beauty","8809273160143","8809273160143"
2285,2,"الجوارب السحرية لتقشير القدمين من ام بيوتي","8809273160143","8809273160143"
2286,1,"Covix Brightening Face Cream 90ml","697794486952","697794486952"
2286,2,"كريم برايت لتفتيح الوجه من كوفيكس 90مل","697794486952","697794486952"
2289,1,"Cofix African Black Soap Body Wash 400ml","697794488178","697794488178"
2289,2,"غسول الجسم بالصابون الافريقي من كوفيكس 400مل","697794488178","697794488178"
2290,1,"Cofix Aker Fassi Body Wash - 400ml","697794488208","697794488208"
2290,2,"غسول الجسم بالعكر الفاسي من كوفيكس 400مل","697794488208","697794488208"
2291,1,"Covix body wash with Moroccan indigo, 400 ml","697794488192","697794488192"
2291,2,"غسول الجسم بالنيلة المغربية من كوفيكس 400مل","697794488192","697794488192"
2292,1,"Covex Daily Intimate Wash with Aker Fassi, 215ml","697794488253","697794488253"
2292,2,"غسول العناية اليومية للمناطق الحميمة بالعكر الفاسي من كوفيكس 215مل","697794488253","697794488253"
2293,1,"Covix Daily Intimate Wash with Moroccan Indigo 215ml","697794488260","697794488260"
2293,2,"غسول العناية اليومية للمناطق الحميمة بالنيلة المغربية من كوفيكس 215مل","697794488260","697794488260"
2294,1,"Covix Daily Intimate Wash With Cranberry Extract 215ml","697794488307","697794488307"
2294,2,"غسول العناية اليومية للمناطق الحميمة بخلاصة التوت البري من كوفيكس 215مل","697794488307","697794488307"
2295,1,"Bioderma Autoderm Ultra-Moisturizing Lip Balm 2 + 1","3401399371684","3401399371684"
2295,2,"مرطب الشفاه  اوتوديرم  فائق الترطيب من بيودرما 2+1","3401399371684","3401399371684"
2296,1,"CeraVe Foaming Cleansing Gel - 88 ml","3337875597340","3337875597340"
2296,2,"جل تنظيف رغوي للبشرة العادية الى الدهنية من سيرافي - 88 مل","3337875597340","3337875597340"
2297,1,"Laser White Mask for Intimate Areas for Women, 50 ml","8859362508912","8859362508912"
2297,2,"قناع للمناطق الحساسة للنساء من ليزر وايت، 50 مل","8859362508912","8859362508912"
2298,1,"Moroccan cream for women, whitening and lightening, tightening and narrowing of sensitive areas, 75 ml","5280270033648","5280270033648"
2298,2,"كريم نسائي مغربي تبييض وتفتيح شد وتضييق للماطق الحساسة 75 مل","5280270033648","5280270033648"
2299,1,"Bioderma makeup remover with moisturizing stimulator 500ml","3401345935571","3401345935571"
2299,2,"مزيل مكياج مع محفز ترطيب للبشرة الحساسة من بيوديرما  500مل","3401345935571","3401345935571"
2300,1,"Bioderma makeup remover with moisturizing stimulator 250ml","3401575390447","3401575390447"
2300,2,"مزيل مكياج مع محفز ترطيب من بيوديرما  250 مل","3401575390447","3401575390447"
2301,1,"Bioderma makeup remover for oily skin 250 ml","3401572288297","3401572288297"
2301,2,"مزيل مكياج للبشرة الدهنية من بيوديرما  250 مل","3401572288297","3401572288297"
2302,1,"Garnier Micellan Water Makeup Remover - 400 ml","3600541595132","3600541595224"
2302,2,"مزيل مكياج للبشرة الدهنية ماء ميسلان من غارنييه - 400 مل","3600541595132","3600541595224"
2303,1,"Cofix Micellar Water Makeup Remover - 500ml","697794488338","697794488338"
2303,2,"مزيل مكياج  ماء ميسيلار من كوفيكس  - 500مل","697794488338","697794488338"
2304,1,"Glysolid Moisturizing Cream 250 ml","4000196901187","4000196901187"
2304,2,"كريم مرطب جليسوليد 250 مل","4000196901187","4000196901187"
2305,1,"Lightening cream for sensitive areas of the armpits and between the thighs 50 ml","8857101158572","8857101158572"
2305,2,"كريم تفتيح الماطق الحساسة للإبطين ومابين الفخذين 50 مل","8857101158572","8857101158572"
2306,1,"Skin System Hair Removal Wax Beans Purple - 400 gm","8051407577963","8051407577963"
2306,2,"حبيبات الشمع لإزالة الشعر من سكين سيستم بنفسجي- 400جم","8051407577963","8051407577963"
2307,1,"Skin System Hair Removal Wax Beans - Pink - 400 gm","8051407577949","8051407577949"
2307,2,"حبيبات الشمع لإزالة الشعر من سكين سيستم وردي- 400جم","8051407577949","8051407577949"
2308,1,"Cofix Body Oil Gel with Floral Scent for Kids and Adults - 200ml","697794487591","697794487591"
2308,2,"جل زيتي للجسم  مع رائحة الزهور يناسب الاطفال والكبار من كوفيكس 200مل","697794487591","697794487591"
2309,1,"Cofix Body Oil Gel with Shea and Cocoa Butter for Kids and Adults - 200ml","697794487577","697794487577"
2309,2,"جل زيتي للجسم  مع الشيا وزبدة الكاكو يناسب الاطفال والكبار من كوفيكس 200مل","697794487577","697794487577"
2310,1,"Bioderma Photoderm AR Anti-Redness Sunscreen Cream SPF50+ 30ml","3701129803707","3701129803707"
2310,2,"كريم واقي للشمس مضاد للاحمرار SPF50+ 30ml من بيودرما 30مل","3701129803707","3701129803707"
2311,1,"Beesline Natural Deodorant - 50% Off on the Second Piece","5281018713976","5281018713976"
2311,2,"مزيل عرق الطبيعي من بيزلين خصم 50% على العلبة الثانية","5281018713976","5281018713976"
2312,1,"Pure Jasmine Diamond Powder Scrub - 15 ml","8017990167332","8017990167332"
2312,2,"مقشر بودرة الألماس  جاسمينه من بيور  15 مل","8017990167332","8017990167332"
2313,1,"Beesline Whitening Sensitive Zone Deodorant, 150 ml","5281018002988","5281018002988"
2313,2,"مزيل الرائحة لتفتيح المناطق الحساسة من بيزلين،150 مل","5281018002988","5281018002988"
2314,1,"Wella Koliston Hair Color Cream with Argan Oil (Dark Blonde - 306/0) - 110 ml","4056800868322","4056800868322"
2314,2,"كريم صبغة شعر كوليستون مع زيت الارغان ( لون اشقر داكن - 306/0) من ويلا - 110 مل","4056800868322","4056800868322"
2315,1,"Wella Koleston Hair Color Cream with Argan Oil (Light Ash Blonde - 308/1) - 110 ml","4056800869084","4056800869084"
2315,2,"كريم صبغة شعر كوليستون مع زيت الارغان ( لون اشقر رمادي فاتح - 308/1) من ويلا - 110 مل","4056800869084","4056800869084"
2316,1,"Wella Koliston Hair Color Cream with Argan Oil (Light Blonde - 308/0) - 110 ml","4056800869046","4056800869046"
2316,2,"كريم صبغة شعر كوليستون مع زيت الارغان ( لون اشقر فاتح - 308/0) من ويلا - 110 مل","4056800869046","4056800869046"
2317,1,"Wella Koleston Hair Color Cream With Argan Oil (Medium Ash Blonde- 307/1) by Wella - 110 ml","4056800868728","4056800868728"
2317,2,"كريم صبغة شعر كوليستون مع زيت الارغان ( لون اشقر رمادي متوسط- 307/1) من ويلا - 110 مل","4056800868728","4056800868728"
2318,1,"Wella Koleston Hair Color Cream with Oil Replacement (Bluish Black 301/0) - 110 ml","4056800867844","4056800867844"
2318,2,"كريم صبغة شعر كوليستون مع بديل الزيت ( لون اسود مزرق 301/0) من ويلا -   110 مل","4056800867844","4056800867844"
2319,1,"Wella Koleston Hair Color Cream with Oil Replacement (Platinum Blonde 310/0) ​​by Wella - 110 ml","4056800869367","4056800869367"
2319,2,"كريم صبغة شعر كوليستون مع بديل الزيت ( لون اشقر بلاتيني 310/0) من ويلا - 110 مل","4056800869367","4056800869367"
2320,1,"Wella Koleston Hair Color Cream With Oil Replacement (Black 302/0) - 110 ml","4056800867806","4056800867806"
2320,2,"كريم صبغة شعر كوليستون مع بديل الزيت ( اسود 302/0) من ويلا - 110 مل","4056800867806","4056800867806"
2321,1,"Wella Koleston Hair Color Cream with Oil Replacement (Pomegranate Red 306/45) by Wella - 110 ml","4056800868520","4056800868520"
2321,2,"كريم صبغة شعر كوليستون مع بديل الزيت ( لون احمر رماني 306/45) من ويلا - 110 مل","4056800868520","4056800868520"
2322,1,"Garnier Color Naturals Crème Hair Color (Dark Blonde - 6) - 112 ml","3061375781076","3061375781076"
2322,2,"صبغة شعر كولور ناتشرلز كريم  ( لون اشقر غامق- 6 ) من جارنير- 112 مل","3061375781076","3061375781076"
2323,1,"Garnier Color Naturals Crème Hair Dye (Deep Ashy Brown - 4.1) - 112 ml","3610340080081","3610340080081"
2323,2,"صبغة شعر كولور ناتشرلز كريم  ( لون بني رمادي عميق - 4.1 ) من جارنير- 112 مل","3610340080081","3610340080081"
2324,1,"Garnier Color Naturals Crème Hair Dye (Light Ash Blonde - 8.1) - 112 ml","3061375781137","3061375781137"
2324,2,"صبغة شعر كولور ناتشرلز كريم  ( لون اشقر رمادي فاتح - 8.1 ) من جارنير- 112 مل","3061375781137","3061375781137"
2325,1,"Garnier Color Naturals Crème Hair Dye (Light Golden Brown - 5.3) - 112 ml","3061375781205","3061375781205"
2325,2,"صبغة شعر كولور ناتشرلز كريم  ( لون بني فاتح ذهبي- 5.3) من جارنير- 112 مل","3061375781205","3061375781205"
2326,1,"Garnier Color Naturals Crème Hair Color (Deer Brown - 7.7) - 112 ml","3610340025549","3610340025549"
2326,2,"صبغة شعر كولور ناتشرلز كريم  ( لون بني غزالي  - 7.7 ) من جارنير- 112 مل","3610340025549","3610340025549"
2327,1,"Garnier Color Naturals Crème Hair Dye (Dark Brown - 3) - 112 ml","3061375781045","3061375781045"
2327,2,"صبغة شعر كولور ناتشرلز كريم  ( لون بني غامق  - 3 ) من جارنير- 112 مل","3061375781045","3061375781045"
2328,1,"Garnier Color Naturals Crème Hair Dye (Light Iced Blonde - 10) - 112 ml","3061375781113","3061375781113"
2328,2,"صبغة شعر كولور ناتشرلز كريم  ( لون اشقر ثلجي فاتح - 10 ) من جارنير- 112 مل","3061375781113","3061375781113"
2329,1,"Body Lotion Urea Repair Plus Very Dry Skin 10% 250ml","6001051001606","6001051001606"
2329,2,"لوشن الجسم يوريا  ريبير بلاس للبشرة شديدة الجفاف 10% 250مل","6001051001606","6001051001606"
2330,1,"Sunscreen SPF 30 Eucerin 118ml","072140634292","072140634292"
2330,2,"واق شمس بمعامل حماية  30 من  يوسيرين 118مل","072140634292","072140634292"
2331,1,"Garnier Color Naturals Crème Hair Dye (Black-1) - 112 ml","3061375781038","3061375781038"
2331,2,"صبغة شعر كولور ناتشرلز كريم  ( لون اسود- 1) من جارنير- 112 ملر","3061375781038","3061375781038"
2332,1,"Bioderma Sebium Foaming Gel Facial Purifying Cleanser - 500ml","3401399277092",""
2332,2,"جل سيبيوم الرغوي لتنقية البشرة المختلطه والدهنية من بيوديرما - 500 مل","3401399277092",""
2333,1,"Bioderma Atoderm Intensive Baume for Very Dry to Sensitive and Irritated Skin – 200ml","3701129802069",""
2333,2,"بايوديرما مرطب  اتوديرم انتيسف للبشرة شديدة الجفاف الى الحساسة والمتهيجه  من بيودرما – 200مل","3701129802069",""
2335,1,"Glatters Grey Lenses by i-Colors","8057946561901","8057946561901"
2335,2,"عدسات  جلاترز (رمادي )  من  اي كلرز","8057946561901","8057946561901"
2336,1,"Glitters Lenses (Azure) by Eye Colors","8057946562118","8057946562118"
2336,2,"عدسات  جلاترز (ازور)  من  اي كلرز","8057946562118","8057946562118"
2337,1,"I-color monthly contact lenses (Foxy) from Glitters","8057946562071","8057946562071"
2337,2,"عدسات  جلاترز(فوكسي)  من  اي كلرز","8057946562071","8057946562071"
2338,1,"Monthly I-color contact lenses (Pearl) from Glitters","8057946562101","8057946562101"
2338,2,"عدسات  جلاترز (لؤلؤي)  من  اي كلرز","8057946562101","8057946562101"
2339,1,"Monthly I-color Contact Lenses (Blue) from Glitters","8057946561903","8057946561903"
2339,2,"عدسات  جلاترز (ازرق)  من  اي كلرز","8057946561903","8057946561903"
2340,1,"Glitter lenses (green) from I Colors","8057946561905","8057946561905"
2340,2,"عدسات  جلاترز (اخضر)  من  اي كلرز","8057946561905","8057946561905"
2341,1,"Glitter lenses (brown) from I Colors","8057946561902","8057946561902"
2341,2,"عدسات  جلاترز (بني)  من  اي كلرز","8057946561902","8057946561902"
2343,1,"Glitters Lenses (Rain Color) by E-Colors","8057946562125",""
2343,2,"عدسات  جلاترز (لون المطر)  من  اي كلرز","8057946562125",""
2344,1,"Glitter (Duncan) lenses from I Colors","8057946562132",""
2344,2,"عدسات  جلاترز (دنكان)  من  اي كلرز","8057946562132",""
2345,1,"Glitter (OPAL) lenses from I Colors","8057946562095",""
2345,2,"عدسات جليترز (اوبال) من اي كولورز","8057946562095",""
2346,1,"Glitter (Hazel) lenses from i-colors","8057946562088",""
2346,2,"عدسات جليترز (هازال) من اي كولورز","8057946562088",""
2347,1,"Azure Daily Contact Lenses by Eye Colors","8057946798548",""
2347,2,"عدسات  يوميه (ازور )  من  اي كلرز","8057946798548",""
2348,1,"Daily lenses (Foxy) from I Colors","8057946798586",""
2348,2,"عدسات  يوميه (فوكسي)  من  اي كلرز","8057946798586",""
2349,1,"iColors Hazel Daily Contact Lenses","8057946798562",""
2349,2,"عدسات  يوميه (هازال)  من  اي كلرز","8057946798562",""
2350,1,"Hazel Amber Daily Lenses by Eye Colors","8057946798555",""
2350,2,"عدسات  يوميه (هازال امبير)  من  اي كلرز","8057946798555",""
2351,1,"Daily lenses (Sandy) from I Colors","8057946798579",""
2351,2,"عدسات  يوميه (ساندي)  من  اي كلرز","8057946798579",""
2352,1,"Daily lenses (Tiffany) from I Colors","8057946798623",""
2352,2,"عدسات  يوميه (تفاني)  من  اي كلرز","8057946798623",""
2353,1,"Daily lenses (Misney) from I Colors","8057946798593",""
2353,2,"عدسات  يوميه (ميستي)  من  اي كلرز","8057946798593",""
2354,1,"Daily lenses (Storm) from I Colors","8057946798616",""
2354,2,"عدسات  يوميه (استورم )  من  اي كلرز","8057946798616",""
2355,1,"I-Colors Rini Daily Contact Lenses","8057946798531",""
2355,2,"عدسات  يوميه (ريني )  من  اي كلرز","8057946798531",""
2357,1,"Sahabi Daily Lenses by i-Colors","8057946798524","8057946798524"
2357,2,"عدسات  يوميه (سحابي)  من  اي كلرز","8057946798524","8057946798524"
2358,1,"Glitter lenses (Katie) from I Colors","8057946562064","8057946562064"
2358,2,"عدسات  جلاترز (كاتي)  من  اي كلرز","8057946562064","8057946562064"
2359,1,"NOW Solutions, 100% Pure Vegetable Glycerin Oil, 118 ml","733739147776",""
2359,2,"زيت الجلسرين النباتي  نقي 100%  من ناو 118 مل","733739147776",""
2360,1,"Now Apricot Oil 100% Pure 4 oz","733739147912",""
2360,2,"زيت المشمش نقي 100%  من ناو 118 مل","733739147912",""
2361,1,"NOW Solutions 100% Pure Grapeseed Oil - 118 ml","733739147851",""
2361,2,"زيت بذور العنب نقي 100%  من ناو 118 مل","733739147851",""
2362,1,"Sweet Almond Oil 100% Pure by Now 4 oz","733739147745",""
2362,2,"زيت اللوز الحلو نقي 100%  من ناو 118 مل","733739147745",""
2363,1,"Now Sweet Almond Oil 100% Pure 473ml","733739148087",""
2363,2,"زيت اللوز الحلو نقي 100%  من ناو 473مل","733739148087",""
2364,1,"Now shea butter 4 oz","733739147899",""
2364,2,"زيت الشيا   من ناو 118 مل","733739147899",""
2365,1,"NOW Solutions Hyaluronic Acid Firming Serum - 30 ml","733739110640",""
2365,2,"سيروم شد البشرة بحمض الهيالورونيك من ناو  30 مل","733739110640",""
2366,1,"Now Organic Argan Oil 59ml","733739147837",""
2366,2,"زيت الارغان العضوي من ناو  59مل","733739147837",""
2367,1,"Now Castor Oil 100% Pure 4 oz","733739147769",""
2367,2,"زيت الخروع  نقي 100%  من ناو 118 مل","733739147769",""
2368,1,"Queen View Nail Polish (57)","5060935990505","5060935990505"
2368,2,"مناكير طلاء أظافر من كوين فيو (57)","5060935990505","5060935990505"
2369,1,"Queen View Nail Polish (18)","5060935990116","5060935990116"
2369,2,"مناكير طلاء أظافر من كوين فيو (18)","5060935990116","5060935990116"
2370,1,"Queen View Nail Polish (20)","8680885468519",""
2370,2,"مناكير طلاء أظافر من كوين فيو (20)","8680885468519",""
2371,1,"Queen View Nail Polish (15)","8680885468519",""
2371,2,"مناكير طلاء أظافر من كوين فيو (15)","8680885468519",""
2372,1,"Queen View Nail Polish (17)","8271861468519",""
2372,2,"مناكير طلاء أظافر من كوين فيو (17)","8271861468519",""
2373,1,"Queen View Nail Polish (6)","8680885468519",""
2373,2,"مناكير طلاء أظافر من كوين فيو (6)","8680885468519",""
2374,1,"Queen View Nail Polish (8)","5060935990017",""
2374,2,"مناكير طلاء أظافر من كوين فيو (8)","5060935990017",""
2375,1,"Queen View Nail Polish (7)","5060935990000",""
2375,2,"مناكير طلاء أظافر من كوين فيو (7)","5060935990000",""
2376,1,"Queen Nail Polish (2) 10 gm","5065003588950",""
2376,2,"مناكير طلاء أظافر من كوين فيو (2)","5065003588950",""
2377,1,"Queen View Nail Polish (3)","5065003588967",""
2377,2,"مناكير طلاء أظافر من كوين فيو (3)","5065003588967",""
2378,1,"Queen View Nail Polish (12)","8680885468519",""
2378,2,"مناكير طلاء أظافر من كوين فيو (12)","8680885468519",""
2379,1,"Queen View Nail Polish (1)","5065003588943",""
2379,2,"مناكير طلاء أظافر من كوين فيو(1)","5065003588943",""
2380,1,"Queen View Nail Polish (35)","8680885468472",""
2380,2,"مناكير طلاء أظافر من كوين فيو (35)","8680885468472",""
2381,1,"Queen View Nail Polish (31)","8680885468519",""
2381,2,"مناكير طلاء أظافر من كوين فيو (31)","8680885468519",""
2382,1,"Queen View Nail Polish (30)","5060935990239",""
2382,2,"مناكير طلاء أظافر من كوين فيو (30)","5060935990239",""
2383,1,"Queen View Nail Polish (32)","5060935990253",""
2383,2,"مناكير طلاء أظافر من كوين فيو (32)","5060935990253",""
2384,1,"Queen View Nail Polish (27)","8680885468519",""
2384,2,"مناكير طلاء أظافر من كوين فيو (27)","8680885468519",""
2385,1,"Queen View Nail Polish (49)","5060935990420",""
2385,2,"مناكير طلاء أظافر من كوين فيو (49)","5060935990420",""
2386,1,"Queen View Nail Polish (96)","5060935990895",""
2386,2,"مناكير طلاء أظافر من كوين فيو (96)","5060935990895",""
2387,1,"Queen View Nail Polish (38)","8680885468519",""
2387,2,"مناكير طلاء أظافر من كوين فيو (38)","8680885468519",""
2388,1,"Queen View Nail Polish (25)","5060935990185",""
2388,2,"مناكير طلاء أظافر من كوين فيو (25)","5060935990185",""
2389,1,"Queen View Nail Polish (26)","8680885468519",""
2389,2,"مناكير طلاء أظافر من كوين فيو (26)","8680885468519",""
2390,1,"Queen View Nail Polish (21)","5060935990147",""
2390,2,"مناكير طلاء أظافر من كوين فيو (21)","5060935990147",""
2391,1,"Queen View Nail Polish (88)","5060935990819",""
2391,2,"مناكير طلاء أظافر من كوين فيو (88)","5060935990819",""
2392,1,"Queen View Nail Polish (29)","5060935990888",""
2392,2,"مناكير طلاء أظافر من كوين فيو (29)","5060935990888",""
2393,1,"Queen Nail Polish (23) 10 gm","8271861468519",""
2393,2,"مناكير طلاء أظافر من كوين فيو (23)","8271861468519",""
2394,1,"Queen View Nail Polish (55)","8680885468519",""
2394,2,"مناكير طلاء أظافر من كوين فيو (55)","8680885468519",""
2395,1,"Queen Nail Polish (58) 10 gm","8680885468519",""
2395,2,"مناكير طلاء أظافر من كوين فيو (58)","8680885468519",""
2396,1,"Queen View Nail Polish (56)","5060935990499",""
2396,2,"مناكير طلاء أظافر من كوين فيو (56)","5060935990499",""
2397,1,"Queen View Nail Polish (52)","5060935990451",""
2397,2,"مناكير طلاء أظافر من كوين فيو (52)","5060935990451",""
2398,1,"Queen View Nail Polish (53)","5060935990468",""
2398,2,"مناكير طلاء أظافر من كوين فيو (53)","5060935990468",""
2399,1,"Queen View Nail Polish (54)","5060935990475",""
2399,2,"مناكير طلاء أظافر من كوين فيو (54)","5060935990475",""
2400,1,"Queen View Nail Polish (51)","5060935990444",""
2400,2,"مناكير طلاء أظافر من كوين فيو (51)","5060935990444",""
2401,1,"Queen View Nail Polish (44)","5060935990376",""
2401,2,"مناكير طلاء أظافر من كوين فيو (44)","5060935990376",""
2402,1,"Queen View Nail Polish (50)","8680885468519",""
2402,2,"مناكير طلاء أظافر من كوين فيو (50)","8680885468519",""
2403,1,"Queen View Nail Polish (41)","5060935990345",""
2403,2,"مناكير طلاء أظافر من كوين فيو (41)","5060935990345",""
2404,1,"Queen View Nail Polish (46)","5060935990390",""
2404,2,"مناكير طلاء أظافر من كوين فيو (46)","5060935990390",""
2405,1,"Queen View Nail Polish (71)","5060935990642",""
2405,2,"مناكير طلاء أظافر من كوين فيو (71)","5060935990642",""
2406,1,"Queen Nail Polish (43) 10 gm","5060935990369",""
2406,2,"مناكير طلاء أظافر من كوين فيو (43)","5060935990369",""
2407,1,"Queen Nail Polish (85) 10 gm","5060935990789","5060935990352"
2407,2,"مناكير طلاء أظافر من كوين فيو (85)","5060935990789","5060935990352"
2408,1,"Queen View Nail Polish (45)","5060935990383",""
2408,2,"مناكير طلاء أظافر من كوين فيو (45)","5060935990383",""
2409,1,"Queen View Nail Polish (63)","8680885468519",""
2409,2,"مناكير طلاء أظافر من كوين فيو (63)","8680885468519",""
2410,1,"Queen Nail Polish (68) 10 gm","8680885468519",""
2410,2,"مناكير طلاء أظافر من كوين فيو (68)","8680885468519",""
2411,1,"Queen View Nail Polish (61)","5060935990543",""
2411,2,"مناكير طلاء أظافر من كوين فيو (61)","5060935990543",""
2412,1,"Queen View Nail Polish (60)","5060935990536",""
2412,2,"مناكير طلاء أظافر من كوين فيو (60)","5060935990536",""
2413,1,"Queen View Nail Polish (66)","8680885468519",""
2413,2,"مناكير طلاء أظافر من كوين فيو (66)","8680885468519",""
2414,1,"Queen View Nail Polish (65)","5060935990581",""
2414,2,"مناكير طلاء أظافر من كوين فيو (65)","5060935990581",""
2415,1,"Queen View Nail Polish (89)","5060935990826",""
2415,2,"مناكير طلاء أظافر من كوين فيو (89)","5060935990826",""
2416,1,"Queen Nail Polish (59) 10 gm","5060935990529",""
2416,2,"مناكير طلاء أظافر من كوين فيو (59)","5060935990529",""
2417,1,"Queen Nail Polish (67) 10 gm","8680885468519",""
2417,2,"مناكير طلاء أظافر من كوين فيو (67)","8680885468519",""
2418,1,"Queen View Nail Polish (19)","5060935990123",""
2418,2,"مناكير طلاء أظافر من كوين فيو (19)","5060935990123",""
2419,1,"Queen Nail Polish (16) 10 gm","5060935990093",""
2419,2,"مناكير طلاء أظافر من كوين فيو (16)","5060935990093",""
2420,1,"Queen Nail Polish (D-57) 10 gm","5060935990505",""
2420,2,"مناكير طلاء أظافر من كوين فيو (57)","5060935990505",""
2421,1,"Queen Nail Polish (D-57) 10 gm","5060935990505",""
2421,2,"مناكير طلاء أظافر من كوين فيو (57)","5060935990505",""
2422,1,"Queen View Nail Polish (57)","5060935990505",""
2422,2,"مناكير طلاء أظافر من كوين فيو (57)","5060935990505",""
2423,1,"Queen View Nail Polish (57)","5060935990505",""
2423,2,"مناكير طلاء أظافر من كوين فيو (57)","5060935990505",""
2424,1,"Queen Nail Polish (D-57) 10 gm","5060935990505",""
2424,2,"مناكير طلاء أظافر من كوين فيو (57)","5060935990505",""
2425,1,"Queen Nail Polish (D-57) 10 gm","5060935990505",""
2425,2,"مناكير طلاء أظافر من كوين فيو (57)","5060935990505",""
2426,1,"Queen Nail Polish (D-57) 10 gm","5060935990505",""
2426,2,"مناكير طلاء أظافر من كوين فيو (57)","5060935990505",""
2427,1,"Queen Nail Polish (D-57) 10 gm","5060935990505",""
2427,2,"مناكير طلاء أظافر من كوين فيو (57)","5060935990505",""
2428,1,"Queen View Nail Polish (57)","5060935990505",""
2428,2,"مناكير طلاء أظافر من كوين فيو (57)","5060935990505",""
2429,1,"Queen Nail Polish (D-57) 10 gm","5060935990505",""
2429,2,"مناكير طلاء أظافر من كوين فيو (57)","5060935990505",""
2430,1,"Queen Nail Polish (D-57) 10 gm","5060935990505",""
2430,2,"مناكير طلاء أظافر من كوين فيو (57)","5060935990505",""
2446,1,"Bioderma Pigmentbio Sensitive Areas Brightening Cream 75ml","3701129800096","3701129800096"
2446,2,"بيوديرما بيجمنت بيو كريم تفتيح المناطق الحساسة 75 مل","3701129800096","3701129800096"
2447,1,"Hysac sunscreen SPF 50 from Uriage, 50 ml","3661434001932","3661434001932"
2447,2,"واقي شمس هايساك بمعامل وقاية  50 من يورياج، 50 مل","3661434001932","3661434001932"
2448,1,"SVR Sun Secure Blur Sunscreen Mousse Cream SPF50 50ml","3662361002597",""
2448,2,"كريم رغوي واقي شمس بمعامل حماية 50 من اس قي ار 50 مل","3662361002597",""
2449,1,"Now peppermint oil 30 ml","733739148124",""
2449,2,"زيت النعناع من ناو 30 مل","733739148124",""
2450,1,"Avene Spray Spf 50+, suitable for children, 200 ml","3282770202090","3282770202090"
2450,2,"بخاخ بعامل حماية من أشعة الشمس 50+، مناسب للأطفال من افين  200 مل","3282770202090","3282770202090"
2451,1,"Garnier SkinActive Mask Tissue, 33g","3600542224505","3600542224505"
2451,2,"قناع منديل سكين اكتيف  من غارنييه، 33 جم","3600542224505","3600542224505"
2452,1,"Eucerin Aquaporin Active Cream Normal and Combination Skin 50ml","4005800127786","4005800127786"
2452,2,"كريم نهاري  اكوابورين اكتف للبشرة العادية والمختلطة من يوسرين 50مل","4005800127786","4005800127786"
2453,1,"Eucerin Aquaporin Active Dry Skin Cream 50ml","4005800128011",""
2453,2,"كريم اكوابورين اكتف للبشرة الجافة من يوسرين 50مل","4005800128011",""
2454,1,"Eucerin Aquaporin Active Cream for Sensitive Skin with SPF 50ml","4005800128080",""
2454,2,"كريم نهاري اكوابورين اكتف لجميع انواع البشره مع عامل وقاية من اشعة الشمس من يوسرين 50مل","4005800128080",""
2455,1,"Eucerin Hyaluron Night Care Cream 50ml","4005800022197",""
2455,2,"كريم العناية الليلية هيالورون من يوسرين 50مل","4005800022197",""
2456,1,"Vichy Mineral 89 Hyaluronic Acid Face Moisturizing Gel 50ml","3337875543248",""
2456,2,"جل مرطب الوجه بحمض الهيالورونيك مينيرال 89 من فيشي 50مل","3337875543248",""
2457,1,"Moisturizing Orange Lip Balm - 4.5g","8906007930154",""
2457,2,"بلسم مرطب للشفاه بنكهة البرتقال  4.5 جم","8906007930154",""
2458,1,"Lip balm chocolate flavor 4.5 gm","8906007930192",""
2458,2,"بلسم مرطب للشفاه بنكهةالشيكولاته  4.5 جم","8906007930192",""
2459,1,"Coconut Lip Balm 4.5 oz","8906007930147",""
2459,2,"بلسم مرطب للشفاه بجوز الهند 4.5 جم","8906007930147",""
2460,1,"Moisturizing Apple Lip Balm 4.5g","8906007930093",""
2460,2,"بلسم مرطب للشفاه بنكهة التفاح 4.5 جم","8906007930093",""
2461,1,"Moisturizing Grape Lip Balm - 4.5g","8906007930185",""
2461,2,"بلسم مرطب للشفاه بنكهة العنب4.5 جم","8906007930185",""
2462,1,"Avene Repair and Soothing Cream, 40 ml","3282770204667",""
2462,2,"كريم لاصلاح وتهدئة الجلد من افين، 40 مل","3282770204667",""
2463,1,"100% Pure Hyaluronic Acid Serum","858588004145",""
2463,2,"سيروم حمض الهيالورونك النقي 100%","858588004145",""
2464,1,"Bioderma Sébium Hydra Moisturizing and Soothing Cream for Acne-Prone Skin - 40ml","3401348840421",""
2464,2,"بيوديرما سيبيوم هايدرا كريم مرطب ومهدئ للبشرة المعرضة لحب الشباب - 40 مل","3401348840421",""
2465,1,"Bioderma Atoderm Ultra-Rich Cleansing and Soothing Bar for Very Dry Skin - 150g","3401399373527",""
2465,2,"بيوديرما أتوديرم لوح تنظيف ومهدئ فائق للبشرة شديدة الجفاف - 150 جم","3401399373527",""
2466,1,"Now Foods XyliWhite Kids Toothpaste Gel, Strawberry Flavor - 85g","733739080974",""
2466,2,"معجون أسنان إكسيليوايت للأطفال بنكهة الفراولة من ناو فودز - 85 جم","733739080974",""
2467,1,"NOW Solutions XyliWhite Kids Toothpaste Gel, Orange Flavor - 85g","733739080899",""
2467,2,"معجون أسنان إكسيليوايت للأطفال بنكهة البرتقال من ناو - 85 جم","733739080899",""
2468,1,"NOW XyliWhite Platinum Mint Toothpaste Gel - 181g","733739080912",""
2468,2,"معجون أسنان إكسيليوايت بنكهة النعناع البلاتيني من ناو - 181 جم","733739080912",""
2470,1,"NOW Foods XyliWhite Toothpaste Gel - Refreshing Mint - 181g","733739080905",""
2470,2,"معجون أسنان إكسيليوايت بنكهة النعناع المنعش من ناو فودز - 181 جم","733739080905",""
2471,1,"NOW Foods XyliWhite Cinnamon Toothpaste Gel - 181g","733739080929",""
2471,2,"معجون أسنان إكسيليوايت بنكهة القرفة من ناو فودز - 181 جم","733739080929",""
2472,1,"NOW Foods XyliWhite Refreshing Mouthwash - 473 ml","733739110695",""
2472,2,"غسول الفم زايلي وايت المنعش من ناو فودز - 473 مل","733739110695",""
2473,1,"Island Twist Jamaican Black Castor Oil Tea Tree Oil Spray 118ml","753215882434",""
2473,2,"بخاخ زيت الخروع الجامايكي الاسود من شجرة الشاي من ايلاند تويست  118مل","753215882434",""
2474,1,"Island Twist Original Jamaican Black Castor Oil Spray - 118 ml","753215882366",""
2474,2,"بخاخ زيت الخروع الجامايكي الأسود الأصلي من ايلاند تويست - 118 مل","753215882366",""
2475,1,"Island Twist Jamaican Black Castor Oil Spray with Argan Oil - 118 ml","753215882441",""
2475,2,"بخاخ زيت الخروع الجامايكي الأسود مع زيت الأرغان من ايلاند تويست - 118 مل","753215882441",""
2476,1,"Island Twist Jamaican Black Castor Oil Spray with Lavender Oil - 118ml","753215882427",""
2476,2,"بخاخ زيت الخروع الجامايكي الاسود بزيت اللافندر من ايلاند تويست  118مل","753215882427",""
2477,1,"Eucerin AQUAporin ACTIVE Revitalising Eye Cream - 15ml","4005800128127",""
2477,2,"يوسيرين أكوابورين أكتيف كريم ترطيب منطقة العين - 15 مل","4005800128127",""
2478,1,"Eucerin DermoPure Protective Fluid SPF 30 - 50ml","4005800295102",""
2478,2,"واقي شمس سائل يوسيرين ديرمابور بعامل حماية SPF 30 - 50 مل","4005800295102",""
2479,1,"Kuwait Shop Moroccan Nila Body and Face Scrub - 250g","2781214012048",""
2479,2,"سنفرة النيلة المغربية للجسم والبشرة من كويت شوب - 250 جم","2781214012048",""
2480,1,"Neutrogena Hydro Boost Body Gel Cream Moisturizer - 250ml","3574661391359",""
2480,2,"جل كريم هيدرو بوست مرطب للجسم من نيوتروجينا 250مل","3574661391359",""
2481,1,"Flexitol Heel and Foot Balm - 70g","9317129041953",""
2481,2,"بلسم فليكسيتول للكعب والقدمين - 70 جم","9317129041953",""
2482,1,"Flexitol Anti-Ageing Hand Balm - 40g","9317129042639",""
2482,2,"بلسم فليكسيتول لمحاربة علامات تقدم العمر لليدين - 40 جم","9317129042639",""
2483,1,"White Glo Mouth Freshener Spray 20ml","93544382",""
2483,2,"بخاخ وايت جلو معطر للفم 20مل","93544382",""
2484,1,"Skinoren Cream for Acne and Hyperpigmentation Treatment - 30g","12353","12353"
2484,2,"كريم سكينورين لعلاج حب الشباب والتصبغات - 30 جم","12353","12353"
2485,1,"Safe Med Assorted Bandages - 50 Pieces Pack for Integrated Protection","4710255919519",""
2485,2,"لصقات جروح سيف ميد متنوعة - عبوة 50 قطعة للحماية المتكاملة","4710255919519",""
2486,1,"First Step Round Plastic Bandages - Pack of 100 Pieces","6281105131156",""
2486,2,"ضمادات بلاستيكية دائرية من فيرست ستيب - عبوة 100 قطعة","6281105131156",""
2487,1,"First Step Circular Plastic Bandages - 30 Pieces for Quick Protection","6281105130500",""
2487,2,"ضمادات بلاستيكية دائرية من فيرست ستيب - 30 قطعة للحماية السريعة","6281105130500",""
2488,1,"BabyJoy Culotte Diamond Compressed Diapers Size 5 Junior - Pack of 80 Diapers","6281008298482",""
2488,2,"حفاضات بيبي جوي الماسية المضغوطة مقاس 5 جونيور - عبوة 80 حفاضة","6281008298482",""
2489,1,"Baby Joy Diamond Pants Size 7 Junior - Pack of 54 Diapers","6281008292725",""
2489,2,"حفاضات بيبي جوي كلوت الماسية مقاس 7 جونيور - عبوة 54 حفاضة","6281008292725",""
2490,1,"BabyJoy Culotte Diamond Compressed Diapers Size 1 (Newborn) - Pack of 136 Diapers","6281008929904",""
2490,2,"حفاضات بيبي جوي الماسية المضغوطة مقاس 1 (حديثي الولادة) - عبوة 136 حفاضة","6281008929904",""
2491,1,"BabyJoy Diamond Compressed Diapers Size 3 (Junior) - Pack of 104 Diapers","6281008298284","6281008298284"
2491,2,"حفاضات بيبي جوي كلوت الماسية المضغوطة مقاس 3 (جونيور) - عبوة 104 حفاضة","6281008298284","6281008298284"
2493,1,"Babyjoy Diamond Compressed Diapers, Size 6, Junior, Baby, 60Count","6281008299526",""
2493,2,"حفاضات ماسية مضغوطة مقاس 6، جونيور، للاطفال من بيبي جوي،  60 حفاضة","6281008299526",""
2494,1,"BabyJoy Diamond Compressed Diapers, Size 2 Junior, 136 Diapers","6281008929911",""
2494,2,"حفاضات ماسية مضغوطة مقاس 2جونيور، للاطفال من بيبي جوي،  136حفاضة","6281008929911",""
2495,1,"Always Maxi Thick Cottony Soft Sanitary Pads with Wings, 10 Pads","4015400238812",""
2495,2,"فوط صحية قطنية ماكسي سميكة مزودة باجنحة، 10 فوط من اولويز","4015400238812",""
2496,1,"Always Cotton Soft Maxi Thick Sanitary Pads with Wings, 30 Pads","4015400245919",""
2496,2,"فوط صحية قطنية ماكسي سميكة مزودة باجنحة، 30فوط من اولويز","4015400245919",""
2497,1,"Always Cotton Soft Maxi Thick Sanitary Pads with Wings, 50 Pads","4015400245940",""
2497,2,"فوط صحية قطنية ماكسي سميكة مزودة باجنحة، 50 فوطه من اولويز","4015400245940",""
2498,1,"Always Maxi Thick Night Sanitary Pads with Wings, Large, 72 Pads","8001841319339",""
2498,2,"فوط ليلية كبيره ماكسي سميكة مزودة باجنحة، 72فوطه من اولويز","8001841319339",""
2499,1,"Always Maxi Thick Night Pads with Wings for Longer Protection, 48 Pads","8001841319391",""
2499,2,"فوط ليلية ماكسي سميكة مزودة باجنحة لحماية اطول، 48 فوطه من اولويز","8001841319391",""
2500,1,"Always Maxi Thick Small Night Pads with Wings, 48 Pads","4015400687009",""
2500,2,"فوط ليلية صغيرة ماكسي سميكة مزودة باجنحة، 48 فوط من اولويز","4015400687009",""
2501,1,"Always Pink, Large, Soft and Breathable Maxi Thick Pads with Wings, 30 Pads from Always","4015400264187",""
2501,2,"فوط وردي كبيره نعومه وتنفس ماكسي سميكة مزودة باجنحة، 30 فوطه من اولويز","4015400264187",""
2502,1,"Always Pink Maxi Thick Sanitary Pads with Wings, Large, Soft & Breathable, 50 Pads","4015400531852",""
2502,2,"فوط وردي كبيره نعومه وتنفس ماكسي سميكة مزودة باجنحة، 50فوطه من اولويز","4015400531852",""
2503,1,"Always Pink Large Soft & Breathable Maxi Thick Sanitary Pads with Wings, 72 Pads","8001841319360",""
2503,2,"فوط وردي كبيره نعومه وتنفس ماكسي سميكة مزودة باجنحة، 72فوطه من اولويز","8001841319360",""
2504,1,"Sunsilk Soft & Smooth Oil Replacement 300ml","6281006452985",""
2504,2,"بديل الزيت ناعم وانسيابي من صانسيلك 300مل","6281006452985",""
2505,1,"Oil replacement blend of nature from Pantene 275 ml","8001090154118",""
2505,2,"بديل الزيت امتزاج الطبيعه من بانتين 275 مل","8001090154118",""
2506,1,"Pantene Pro-V Moisture Renewal Oil Replacement - 275 ml","8001090153296",""
2506,2,"بديل الزيت عناية مرطبه من بانتين 275 مل","8001090153296",""
2507,1,"Garnier Tonic Oil Replacement 300ml","3610340078903",""
2507,2,"بديل الزيت المقوي من جارنير300مل","3610340078903",""
2508,1,"L'Oreal Elvive Smooth Intense Oil Replacement - 300ml","3610340653865",""
2508,2,"بديل الزيت شعر مالس من لوريال300مل","3610340653865",""
2509,1,"Garnier Ultra Doux Conditioner with the benefits of honey, 400 ml","3610340024276",""
2509,2,"بلسم الترا دوكس بفوائد العسل من جارنيه 400مل","3610340024276",""
2510,1,"Garnier Ultra Doux Conditioner with Avocado Oil and Shea Butter - 400ml","3610340024313",""
2510,2,"بلسم الترا دوكس بزيت الاوفوكادو وزبدة الشيا من جارنيه 400مل","3610340024313",""
2511,1,"Herbal Rose Conditioner 360 ml","4084500635906",""
2511,2,"بلسم بخلاصة الورد من هيربل 360 مل حماية الون","4084500635906",""
2512,1,"Conditioner with extracts of argan oil from Herbal, 360 ml","4084500635944",""
2512,2,"بلسم بخلاصة زيت الارغان من هيربل 360 مل","4084500635944",""
2513,1,"Conditioner with extracts of green herbs and mint from Herbal 360 ml","8001090538222",""
2513,2,"بلسم بخلاصة الاعشاب الخضراء والنعناع من هيربل 360 مل","8001090538222",""
2514,1,"Herbal Coconut Extract Conditioner 360 ml","4084500635869",""
2514,2,"بلسم بخلاصة جوز الهند من هيربل 360 مل","4084500635869",""
2516,1,"Garnier Ultra Doux Conditioner with Avocado Oil and Shea Butter 400ml","3610340078828",""
2516,2,"بلسم الترا دوكس بزيت الخروع واللوز المعالج من جارنيه 400مل","3610340078828",""
2517,1,"Sunsilk conditioner for black hair, 350 ml","6281006443914",""
2517,2,"بلسم لمعان ساحر للشعر الاسود من صانسيلك 350 مل","6281006443914",""
2518,1,"Sunsilk hair loss conditioner 350 ml","6281006443952",""
2518,2,"بلسم لتساقط الشعر من صانسيلك 350 مل","6281006443952",""
2519,1,"Sunsilk Argan Oil Conditioner for Curly Hair Hydration - 350ml","6281006534155",""
2519,2,"بلسم مع زيت الارغان لترطيب الشعر الكيرلي من صانسيلك 350 مل","6281006534155",""
2520,1,"Amazing mixture shampoo from kuwait shop 450 ml","2781214011102",""
2520,2,"شامبو الخلطه العجيبه من كويت شوب 450مل","2781214011102",""
2521,1,"Dettol Body Wash with Loofah, Aloe Vera & Apple - 250ml","6295120041123",""
2521,2,"غسول الجسم مع لوفه بالالوفيرا والتفاح  من ديتول 250 مل","6295120041123",""
2522,1,"Dettol Cool Body Wash with Loofah - 250 ml","6001106111571",""
2522,2,"غسول الجسم كـــول مع لوفه من ديتول 250 مل","6001106111571",""
2523,1,"Dettol Body Wash with Loofah, Pine Fragrance - 250ml","6001106109363",""
2523,2,"غسول الجسم مع لوفه بعطر الصنوبر  من ديتول 250 مل","6001106109363",""
2524,1,"L'Oreal Elvive Color Protect Conditioner 360ml","3610340667282",""
2524,2,"بلسم الفيف  لحماية اللون من لوريال  400 مل","3610340667282",""
2525,1,"L'Oreal Elvive Restorative Hair Conditioner 400 ml","3610340636943",""
2525,2,"بلسم الفيف المرمم للشعر  من لوريال  ٤٠٠ مل","3610340636943",""
2526,1,"L'Oreal Elvive Anti-Breakage Conditioner 400ml","3610340649813","3610340667237"
2526,2,"بلسم الفيف مقاوم للتكسر من لوريال  ٤٠٠ مل","3610340649813","3610340667237"
2527,1,"Garnier Ultra Doux Oil Replacement Shampoo, 400 ml","3610340078781",""
2527,2,"شامبو حمام زيت الترا دوكس من غارنيير ، 400 مل","3610340078781",""
2528,1,"Garnier Ultra Doux Mythic Olive Ultra Nourishing Shampoo, 400ml","3610340027130",""
2528,2,"شامبو فائق التغذية الترا دوكس من غارنيير ، 400 مل","3610340027130",""
2529,1,"Garnier Purifying & Shine Shampoo, 400 ml","3610340652349",""
2529,2,"شامبو للتنقية واللمعان من غارنيير ، 400 مل","3610340652349",""
2530,1,"Garnier Nourishing Almond Milk Daily Moisturizing Shampoo, 400ml","3610340634185",""
2530,2,"شامبو مرطب يومي بحليب اللوز المغذي من غارنيير ، 400 مل","3610340634185",""
2531,1,"Garnier Avocado Oil Nourishing Shampoo, 400 ml","3600541177741",""
2531,2,"شامبو مغذي بزيت الافوكادو من غارنيير ، 400 مل","3600541177741",""
2532,1,"Garnier Ultra Doux Honey Treasures Restoring Shampoo, 400ml","3600541510531",""
2532,2,"شامبو الترا دوكس  لتجديد بنية الشعر بفوائد العسل من غارنيير ، 400 مل","3600541510531",""
2533,1,"El Salon mask with keratin 250 ml","8022297070629",""
2533,2,"ماسك ال صالون بالكيراتين 250مل","8022297070629",""
2534,1,"Garnier Nourishing Oil Replacement with Avocado Oil and Shea Butter 300ml","3610340026089",""
2534,2,"بديل الزيت المغذي بزيت الاوفوكادو وزبدة الشياء من جارنير 300مل","3610340026089",""
2535,1,"Pretty Charcoal Nose Pore Strips - 6 Pieces","6291100272440",""
2535,2,"شرائط مسام الانف بالفحم من بريتي 6 قطع","6291100272440",""
2536,1,"Prreti Pine Nose Pore Strips - 6 Pieces","6291100272433",""
2536,2,"شرائط مسام الانف بالصنوبر من بريتي 6 قطع","6291100272433",""
2537,1,"Pretty Nose Pore Strips for All Skin Types - 6 Pieces","6291100277711",""
2537,2,"شرائط مسام الانف لكل انواع البشرة من بريتي 6 قطع","6291100277711",""
2538,1,"Prreti Green Tea Nose Pore Strips - 6 Pieces","6291100272457",""
2538,2,"شرائط مسام الانف بالشاي الاخضر من بريتي 6 قطع","6291100272457",""
2539,1,"Pretty Tea Tree Nose Pore Strips - 6 Pieces","6291100273867",""
2539,2,"شرائط مسام الانف شجرة الشاي من بريتي 6 قطع","6291100273867",""
2541,1,"Vatika Argan Enriched Hair Oil, 200 ml","6291069710380",""
2541,2,"زيت شعر غني بالارجان من فاتيكا، 200 مل","6291069710380",""
2542,1,"Vatika Hair Oil Enriched with Olive Oil, 200 ml","5022496103534",""
2542,2,"زيت شعر غني بزيت الزيتون من فاتيكا، 200 مل","5022496103534",""
2543,1,"Vatika Aloe Vera Enriched Hair Oil, 200 ml","6291069651034",""
2543,2,"زيت شعر غني بالصبار من فاتيكا، 200 مل","6291069651034",""
2544,1,"Vatika Coconut Enriched Hair Oil, 200 ml","6291069651058",""
2544,2,"زيت شعر غني بجوز الهند من فاتيكا، 200 مل","6291069651058",""
2545,1,"Vatika Garlic Enriched Hair Oil, 200 ml","6291069704051",""
2545,2,"زيت شعر غني بالثوم من فاتيكا، 200 مل","6291069704051",""
2546,1,"Vatika Almond Enriched Hair Oil, 300 ml","6291069651089",""
2546,2,"زيت شعر غني با اللوز  من فاتيكا، 300 مل","6291069651089",""
2547,1,"Marhaba Amla Hair Oil with Olive - 160 ml","8901162033337",""
2547,2,"زيت شعر مرحبا املا بالزيتون 160 مل","8901162033337",""
2548,1,"Marhaba Amla Hair Oil with Jasmine 160ml","8901162032743",""
2548,2,"زيت شعر مرحبا املا بالياسمين 160 مل","8901162032743",""
2549,1,"Dabur Amla Jasmine Hair Oil 300ml","5022496113007",""
2549,2,"زيت شعر دابر املا بالياسمين 300مل","5022496113007",""
2550,1,"Dabur Amla Hair Oil - The World's No. 1 Hair Oil, 100 ml","5022496105002",""
2550,2,"زيت شعر دابر املا رقم (1)في العالم 100 مل","5022496105002",""
2551,1,"Essence I Love Extreme Mascara, Pink","4250587739084",""
2551,2,"ماسكارا ايسينس اي لوف ، لون وردي","4250587739084",""
2552,1,"Essence Lash Princess False Lash Effect Mascara - Green","4250947516027",""
2552,2,"ماسكرا لاش برنسس من ايسنس - اخضر","4250947516027",""
2554,1,"Essence Lash Princess Mascara - Blue","4059729207241",""
2554,2,"ماسكرا لاش برنسس من ايسنس - ازرق","4059729207241",""
2555,1,"Essence Lash Princess Mascara - Purple","4251232221619",""
2555,2,"ماسكرا لاش برنسس من ايسنس - موف","4251232221619",""
2556,1,"Glysolid Q10 Body Lotion 250ml","4000196910097",""
2556,2,"لوشن Q10 للجسم من جليسوليد 250مل","4000196910097",""
2557,1,"CeraVe Moisturizing Lotion for Face and Body - 87ml","3606000537514",""
2557,2,"لوشن ترطيب خالي من العطور الوجه والجسم من سيرافي 87مل","3606000537514",""
2558,1,"Laser White Black Charcoal Teeth Whitening Powder - 20g","8859362504235",""
2558,2,"مسحوق الفحم الاسود لتبييض الاسنان من ليزر وايت 20جم","8859362504235",""
2559,1,"Wax strips for facial hair removal 20 strips from Hellenia","5200384210988",""
2559,2,"شرائط شمع لإزالة شعر الوجه 20 شريط من هيلينيا","5200384210988",""
2560,1,"Helenia Wax Strips for Sensitive Areas and Underarms - 20 Strips","5200384211008",""
2560,2,"شرائط شمع لإزالة شعر المنطقة الحساسة والابطين 20 شريط من هيلينيا","5200384211008",""
2561,1,"YC Whitening Milk Body Lotion - 250g","8857101140751","8857101140751"
2561,2,"لوشن الجسم المبيض بالحليب من واي سي 250جم","8857101140751","8857101140751"
2562,1,"Eucerin DermoPurifyer Oil Control Scrub, 100 ml","4005800182044",""
2562,2,"مقشر منقي ديرمو من يوسيرن، 100 مل","4005800182044",""
2563,1,"Garnier SkinActive Green Tea Extract Sheet Mask for Normal to Oily Skin, 28g","3600542065016",""
2563,2,"قناع سكين اكتيف بخلاصة الشاي الاخضر للبشرة العادية الى الدهنية من غارنييه، 28جم","3600542065016",""
2564,1,"Garnier SkinActive Pomegranate Face Mask for Normal to Oily Skin, 28g","3600542064934",""
2564,2,"قناع سكين اكتيف بخلاصة الرمان للبشرة العادية الى الدهنية من غارنييه، 28جم","3600542064934",""
2565,1,"Beesline White Sapphire Luxury Mask for Skin Whitening and Firming - 30g","5281018020586",""
2565,2,"قناع فاخر بالزفير الابيض لتفتيح وشد البشرة من بيزلين 30جم","5281018020586",""
2566,1,"Kuwait Shop Natural Herbal Mask 150g","2781214012017",""
2566,2,"قناع بالأعشاب الطبيعية من كويت شوب 150جم","2781214012017",""
2567,1,"CeraVe Facial Cleanser for Normal to Oily Skin - 87ml","3606000537194",""
2567,2,"منظف الوجه للبشرة العادية الى الدهنية من سيرافي - 87مل","3606000537194",""
2568,1,"Eveline White Prestige 4D Whitening Day Cream - 50 ml","5907609345714","5907609345714"
2568,2,"كريم التفتيح النهاري وايت برستيج فور دي من إيفلين - 50 مل","5907609345714","5907609345714"
2569,1,"Vatika Shampoo for Normal Hair with Olive and Henna - 700ml","6291069701982",""
2569,2,"شامبو للشعر العادي بالزيتون والحناء من فاتيكا 700مل","6291069701982",""
2570,1,"Korean Whitening Cream with SPF Protection","015809907415203","021121"
2570,2,"كريم كوري مبيض مع عامل حماية من اشعة الشمس","015809907415203","021121"
2571,1,"Shampoo for damaged and brittle hair with honey and egg extracts from Vatika 700 ml","6291069701999",""
2571,2,"شامبو للشعر المتضرر والمتقصف بخلاصة العسل والبيض من فاتيكا 700مل","6291069701999",""
2572,1,"Moroccan Oil Traditional Moroccan Bath Soap with Olive Oil Extract - 1000g","6291103980748",""
2572,2,"صابون حمام مغربي البلدي بخلاصة زيت الزيتون من موروكان اويل 1000جم","6291103980748",""
2573,1,"Nunu Baby Shampoo 300ml","6281053212495",""
2573,2,"شامبو للأطفال من نونو 300 مل","6281053212495",""
2574,1,"Nunu Baby Shampoo 500ml","6281053213324",""
2574,2,"شامبو للأطفال من نونو 500مل","6281053213324",""
2575,1,"Enchanteur Alluring Perfumed Talc 125g","6291107194196",""
2575,2,"بودرة معطرة  اللورنج  من انشانتير 125جم","6291107194196",""
2576,1,"Enchanteur Gorgeous Perfumed Talc 250g","8888202045737",""
2576,2,"بودرة معطرة  جورجس من انشانتير 250جم","8888202045737",""
2577,1,"Enchanteur Gorgeous Perfumed Talc 125g","8888202045720",""
2577,2,"بودرة معطرة  جورجس من انشانتير 125جم","8888202045720",""
2578,1,"Enchanteur Romantic Perfumed Talc 250g","8888202005069",""
2578,2,"بودرة معطرة  رومانتيك من انشانتير 250جم","8888202005069",""
2579,1,"Enchanteur Romantic Perfumed Talc - 125g","6291107194196",""
2579,2,"بودرة معطرة  رومانتيك من انشانتير 125جم","6291107194196",""
2580,1,"Enchanteur Enticing Perfumed Talc - 250g","8888202035240",""
2580,2,"بودرة معطرة  انتايسينج من انشانتير 250جم","8888202035240",""
2581,1,"Enchanteur Charming Perfumed Talc 125g","88821191",""
2581,2,"بودرة معطرة  تشارمينغ من انشانتير 125جم","88821191",""
2582,1,"Johnson's Baby Powder 100g","3574660028096",""
2582,2,"بودرة للاطفال من جونسون 100 جم","3574660028096",""
2583,1,"Johnson's Baby Powder 200g","3574661458755",""
2583,2,"بودرة للاطفال من جونسون 200جم","3574661458755",""
2584,1,"Johnson's Baby Bedtime Powder 500g","8850007012511",""
2584,2,"بودرة وقت النوم  للاطفال من جونسون 500جم","8850007012511",""
2585,1,"Sebamed Baby Powder 200g","4103040922359",""
2585,2,"بودرة للاطفال من سيباميد 200جم","4103040922359",""
2586,1,"Johnson's Baby Soft Lotion - 200ml","3574669908030",""
2586,2,"لوشن ناعم للأطفال من جونسون  200 مل","3574669908030",""
2587,1,"Johnson's Baby Shampoo 500ml","3574661584645",""
2587,2,"شامبو للأطفال من جونسون 500مل","3574661584645",""
2588,1,"Johnson's Baby Shampoo 200ml","3574669907552",""
2588,2,"شامبو للأطفال من جونسون 200مل","3574669907552",""
2589,1,"Pure beauty under eye cream - 15 gm","5285001270828",""
2589,2,"كريم لتحت العين من بيور بيوتي - 15 جم","5285001270828",""
2590,1,"4-in-1 Derma Roller Skincare Set - 1.5 mm","6902540752361",""
2590,2,"ديرما رولر 4 في 1 للعناية بالبشرة 1.5 مم","6902540752361",""
2591,1,"4-in-1 Derma Roller Skin Care Set - 1.0 mm","6287033030097",""
2591,2,"ديرما رولر 4 في 1 للعناية بالبشرة 1.0 مم","6287033030097",""
2592,1,"Beesline Whitening Sensitive Zone Wash - 200 ml","5281018003244",""
2592,2,"غسول مفتح للمناطق الحميمة الداكنة من بيزلين 200 مل","5281018003244",""
2593,1,"Beesline Intimate Wash for Extra Sensitive Zones - 200 ml","5281018007068",""
2593,2,"غسول للمناطق الحميمة الحساسة جدا من بيزلين 200 مل","5281018007068",""
2595,1,"Donkey Milk Face Wash 100ml","5280270020068",""
2595,2,"غسول الوجه بحليب الحمار 100مل","5280270020068",""
2596,1,"Donkey Milk Face Whitening Cream 75ml","5280270020075",""
2596,2,"كريم مبيض للوجه بحليب الحمار 75مل","5280270020075",""
2597,1,"Donkey Milk Face Soap 100ml","5280270019734",""
2597,2,"صابون الوجه بحليب الحمار 100مل","5280270019734",""
2598,1,"African Sudanese Karkar Hair Treatment Cream 200g","5280270018959",""
2598,2,"كريم الكركار الافريقية السودانية لمعالجة الشعر 200جم","5280270018959",""
2599,1,"Beausta Golden Peel-Off Face Mask - 20ml","8809577461212",""
2599,2,"قناع التقشير الذهبي للوجه من بيوستا 20مل.","8809577461212",""
2600,1,"Beausta Creamy Foam Cleanser 20ml","8809577460772",""
2600,2,"منظف رغوي كريمي للوجه من بيوستا 20مل.","8809577460772",""
2603,1,"Babyface Solution No. 1 for Youthful and Radiant Looking Skin - 60ml","4809010740052",""
2603,2,"محلول بيبي فيس رقم 1  لبشرة شابة نضرة المظهر  60مل","4809010740052",""
2604,1,"Babyface Solution No. 2 Anti-Acne and Dark Spots - 60ml","4809010740038",""
2604,2,"محلول بيبي فيس رقم 2 مضاد لحب الشباب والبقع  60مل","4809010740038",""
2605,1,"L'Oreal Glycolic Bright Instant Glowing Serum - 30ml","3610340662775",""
2605,2,"سيروم جلايكوليك برايت لاشراقة فورية من لوريال 30 مل","3610340662775",""
2607,1,"Pure Beauty Under Eye Serum for Puffiness and Wrinkles - 15ml","5285001270910",""
2607,2,"سيروم تحت العينين  للإنتفاخات والتجاعيد  من بيور بيوتي - 15مل","5285001270910",""
2608,1,"Energy Cosmetics Face and Body Hair Bleaching Cream","5285003145322",""
2608,2,"كريم تشقير شعر الوجه والجسم من إنرجي كوزمتكس","5285003145322",""
2609,1,"Large Rose Hair Brush","1005160047031",""
2609,2,"فرشاة شعر كبير روز","1005160047031",""
2611,1,"Vavo Shampoo 100 ml","6285147005260",""
2611,2,"شامبو فافو 100 مل","6285147005260",""
2612,1,"Bimatoprost Solution for Eyelash and Eyebrow Thickening - 3ml","5200025114",""
2612,2,"محلول بييماتوبروست لتكثيف الرموش والحواجب 3مل","5200025114",""
2615,1,"Dettol Original Hand Wash 200ml","6001106108991",""
2615,2,"غسول اليدين الاصلي ديتول 200 مل","6001106108991",""
2616,1,"Rose Aroma - Hair Brush","1005160047437",""
2616,2,"فرشة تجفيف الشعر من روز اروما","1005160047437",""
2617,1,"Rose Aroma White Hair Brush","1005160047161",""
2617,2,"فرشة شعر ابيض من روز اروما","1005160047161",""
2618,1,"Rose Aroma - Green Hair Brush","1005160047260",""
2618,2,"فرشاة شعر من روز اروما","1005160047260",""
2619,1,"Rose Aroma Large Hair Brush","1005166047400",""
2619,2,"فرشاة شعر حجم كبير من روز اروما","1005166047400",""
2620,1,"Rose Aroma Medium Hair Brush","1005166047417",""
2620,2,"فرشاة شعر حجم متوسط من روز اروما","1005166047417",""
2621,1,"Rose Aroma Mini Hair Brush","1005160047314",""
2621,2,"فرشاة شعر صغير من روز اروما","1005160047314",""
2623,1,"Cantu Flaxseed Smoothing Hair Wax","817513019869",""
2623,2,"شمع تنعيم الشعر بخلاصة بذور الكتان من كانتو","817513019869",""
2624,1,"Skin Active Charcoal Face Mask 50ml","3600542181358",""
2624,2,"قناع الوجه بالفحم شكين اكتيف 50مل","3600542181358",""
2625,1,"Cantu Shea Butter Softening & Shining Hair Serum","856017000096",""
2625,2,"سيروم لنعومة ولمعان الشعر بزبدة الشيا  من كانتو","856017000096",""
2626,1,"NIVEA Body Lotion with Cocoa Butter and Shea Butter - 400ml","4005808919093",""
2626,2,"لوشن الجسم من نيفيا بزبدة الكاكو وزبدة الشيا 400 مل","4005808919093",""
2628,1,"Creme 21 All Day Care Cream - 250 ml","6294007500418",""
2628,2,"كريم  طوال اليوم من كريم 21  -  250 مل","6294007500418",""
2629,1,"Creme 21 Soft Care & Balanced Moisture Moisturizing Cream - 150ml","6294007501316",""
2629,2,"كريم  مرطب عناية ناعمة ورطوبةمتوازنه  من كريم 21  -  150مل","6294007501316",""
2630,1,"Creme 21 Soft Care & Balanced Moisture Cream - 50ml","6294007501217",""
2630,2,"كريم  عناية ناعمة ورطوبة متوازنه من كريم 21  -  50مل","6294007501217",""
2631,1,"Creme 21 Aqua Soft Cream, 250 ml","6294007500050",""
2631,2,"كريم  اكوا سوفت من كريم 21، 250 مل","6294007500050",""
2632,1,"Parachute Aloe Vera Hair Oil with Coconut 150 ml","8901200100038",""
2632,2,"زيت الشعر بخلاصة الصبار مع جوز الهند من باراشوت 200 مل","8901200100038",""
2633,1,"Christian Laurent Rose Water Micellar Water - 500ml","5903416025818",""
2633,2,"ماء ميسيلار بماء الورد من كريستيان لوران 500 مل","5903416025818",""
2634,1,"Christian Laurent Micellar Water Face and Eye Makeup Remover 500ml","5901761981049",""
2634,2,"ماء ميسيلار مزيل مكياج الوجه والعيون كريستيان لوران 500مل","5901761981049",""
2635,1,"Christian Laurent Satin Moisturizing Body Milk 350ml","5901761962734",""
2635,2,"حليب الجسم ساتان المرطب من كريستيان لوران 350مل","5901761962734",""
2636,1,"Christian Laurent Bronze Illuminating Body Moisturizer - 200ml","5901761962741",""
2636,2,"مرطب الجسم لإضاءة برونزيه من كريستيان لوران 200 مل","5901761962741",""
2637,1,"Christian Laurent Luxury Micellar Water with Colloidal Gold - 500ml","5901761962673",""
2637,2,"ماء الميسيلار الفاخر مع الذهب الغرواني من كريستيان لوران 500 مل.","5901761962673",""
2638,1,"Forcapil Keratin Shampoo 200ml","3578830847142","3578830847142"
2638,2,"شامبو كيراتين من فوركابيل 200مل","3578830847142","3578830847142"
2639,1,"Forcapil Lotion to strengthen hair and prevent hair loss, 150 ml","3578830148058",""
2639,2,"لوشن فوركابيل لتقوية الشعر ومنع التساقط, 150 مل","3578830148058",""
2640,1,"Professional Purifying Micellar Water  500ML","5901761988840",""
2640,2,"ماء ميسيلار المتخصص 3 في 1من كريستيان لوران 500مل","5901761988840",""
2641,1,"Skin System Honey Depilatory Wax, 400g","8051407574696","8051407574696"
2641,2,"شمع ازالة الشعر بالعسل،  من سكين سيستم 400 جم","8051407574696","8051407574696"
2642,1,"Daiso Japan Natural Charcoal Peel-Off Mask, 80g","4947678626834","4947678626834"
2642,2,"قناع تقشير بخلاصة الفحم الطبيعي من دايسو جابان، 80 جم","4947678626834","4947678626834"
2643,1,"Christian Laurent Face Scrub - 200ml","5903416020639",""
2643,2,"مقشر للوجه من كريستيان لوران 200مل","5903416020639",""
2644,1,"Johnson's Cotton Buds - 100 Pieces","5000207582502",""
2644,2,"أعواد قطنية من جونسون ١٠٠ قطعة","5000207582502",""
2645,1,"Christian Laurent Hand and Nail Serum, 125 ml","5901761962666",""
2645,2,"سيروم لليدين والأظافر، 125 مل من كريستيان لوران","5901761962666",""
2646,1,"Christian Laurent Luminous Glow 3-in-1 Cleansing Gel 200ml","5903416020622",""
2646,2,"جل التنظيف لومينوس جلو من كريستيان لوران 3 في1 200 مل","5903416020622",""
2647,1,"Jolen Creme Bleach - 113g","046688400015","046688400015"
2647,2,"كريم تشقير الشعر من جولين - 113 جم","046688400015","046688400015"
2648,1,"Bust Skin Firming and Tightening Cream - Christian Laurent","5901761962659",""
2648,2,"مركز لشد وتدوير الصدر 150مل - يوكير من كريستيان لوران","5901761962659",""
2649,1,"Christian Laurent Chromo Body Firming Serum - 200ml","5901761962642",""
2649,2,"سيروم كرومو لشد الجسم من كريستيان لورينت200 مل","5901761962642",""
2650,1,"Argan Essential Deep Care Shampoo 300ml","8806173468676","8806173468676"
2650,2,"شامبو العناية العميقة من ارجان اسنشيال 300 مل","8806173468676","8806173468676"
2651,1,"Kojie San Skin Lightening Lotion, 600 ml","4806519890066",""
2651,2,"لوشن لتفتيح البشرة كوجيك جولد، 600 مل","4806519890066",""
2652,1,"L'Oreal Paris Full Resist Hair Shampoo, 200 ml","3610340650772",""
2652,2,"شامبو دريم للشعر الطويل من لوريال باريس، 200 مل","3610340650772",""
2653,1,"L'Oreal Paris Extraordinary Shampoo, 400 ml","3610340020025",""
2653,2,"شامبو إكستروردنريمن لوريال باريس، 400 مل","3610340020025",""
2654,1,"Vaseline Jelly Cocoa Butter Care, 250 ml","6281006408746",""
2654,2,"جيلي العناية بزبدة الكاكاو من فازلين، 250 مل","6281006408746",""
2655,1,"Vaseline Baby Care Jelly, 250 ml","6281006408784",""
2655,2,"جيلي العناية للأطفال من فازلين، 250 مل","6281006408784",""
2657,1,"L'Oréal Paris Hyaluronic Acid Revitalizing Serum, 15ml","3610340658730",""
2657,2,"سيروم بحمض الهيالورونيك لتجديد البشرة من لوريال باريس، 15مل","3610340658730",""
2658,1,"L'Oréal Paris Glycolic Acid Serum for Instant Radiance, 30ml","3610340662782",""
2658,2,"سيروم بحمض الجليكوليك للاشراقة الفورية من لوريال باريس، 30 مل","3610340662782",""
2659,1,"Bioderma eye contour gel 15ml","3401346673335",""
2659,2,"جل كونتور  للتقليل من التجاعيد والانتفاخات حول العين من بيوديرما 15 مل","3401346673335",""
2661,1,"Christian Laurent Super Diamond Serum 30ml","5903416013204",""
2661,2,"سيروم الماس فائق من كريستيان لوران 30 مل","5903416013204",""
2662,1,"Christian Laurent Diamond Skin Firming and Revitalizing Cream - 50ml","5903416013235",""
2662,2,"كريم ماسي لشد البشرة وتجديدها  من  كريستيان لوران 50 مل","5903416013235",""
2663,1,"Christian Laurent 24K Gold Face Lifting and Illuminating Mask 2 * 5 ml","5901761962949",""
2663,2,"ماسك لشد واضاءة الوجه من كريستيان لوران  بالذهب عيار 24 2 * 5 مل","5901761962949",""
2664,1,"OZNaturals Vitamin C Face Serum New Look - 30ml","816457022652",""
2664,2,"سيروم الوجه فيتامين سي من اوز ناتشورال الشكل الجديد 30مل","816457022652",""
2665,1,"OZ Naturals Hyaluronic Acid Serum - New Look 30ml","816457022614",""
2665,2,"سيروم حمض الهيالورونيك من او زي ناتشورالز  الشكل الجديد 30 مل","816457022614",""
2666,1,"Pigeon Breast Pads - 12 Pieces","4902508165914",""
2666,2,"حفاظات ثدي من بيجون 12 قطعة","4902508165914",""
2667,1,"Pigeon Cooling Teether for Gums","4902508136266",""
2667,2,"عضاضة اسنان لتبريد للثة من بيجون","4902508136266",""
2668,1,"L'Oréal Paris Elvive color protect Shampoo 200ml","3610340006302",""
2668,2,"شامبو الفيف لحماية اللون من لوريال باريس 200 مل","3610340006302",""
2669,1,"Baby Cotton Swabs, 200 Pieces","4902508108737",""
2669,2,"اعواد قطن للاطفال الرضع ، 200 قطعة","4902508108737",""
2670,1,"Pigeon Disposable Breast Pads - 60 Pieces","5060062991000",""
2670,2,"حفاظات ثدي للاستخدام مرة واحده من بيجون 60قطعة","5060062991000",""
2671,1,"Pigeon Breast Pads - 36 Pieces","4902508165921",""
2671,2,"حفاظات ثدي من بيجون 36قطعة","4902508165921",""
2672,1,"Pigeon Powder Milk Container","4902508022088",""
2672,2,"حافظة للحليب الجاف ثدي من بيجون","4902508022088",""
2673,1,"Pigeon Baby Bottle - 240 ml","4902508260084",""
2673,2,"رضاعة اطفال من بيجون 240  مل","4902508260084",""
2674,1,"Pigeon Baby Feeding Bottle - 120ml","4902508260121",""
2674,2,"رضاعة اطفال من بيجون 120مل","4902508260121",""
2675,1,"Pigeon Glass Baby Bottle - 200ml","4902508002912",""
2675,2,"رضاعة اطفال زجاج من بيجون 200مل","4902508002912",""
2676,1,"Pigeon Baby Feeding Bottle - 50ml","4902508260138",""
2676,2,"رضاعة اطفال من بيجون 50مل","4902508260138",""
2677,1,"Pigeon Brush with Handle for Bottles and Nipples","4902508045506",""
2677,2,"فرشاه بمقبض للرضاعات والحلمات من بيجون","4902508045506",""
2678,1,"Plastic bottle with spoon 240 ml","4902508033299",""
2678,2,"زجاجة بلاستيك بملعقة 240 مل","4902508033299",""
2679,1,"L'Oreal Paris Elvive Hyaluron Plump Moisture Filling Shampoo - 200ml","3610340655210",""
2679,2,"شامبو الفيف هايالورون مالئ وبترطيب من لوريال باريس - بسعة 200 مل","3610340655210",""
2680,1,"Pigeon Silicone Nipple, Size 4, 1 Piece","4902508173476",""
2680,2,"حلمة سيليكون من بيجون، مقاس 4، قطعة واحدة","4902508173476",""
2681,1,"Pigeon Silicone Nipple, Size 9, 1 Piece","4902508173483",""
2681,2,"حلمة سيليكون من بيجون، مقاس 9، قطعة واحدة","4902508173483",""
2682,1,"Ab Naturals Argan Oil Conditioner 16.2 Oz","745240378013",""
2682,2,"بلسم تنعيم بزيت أرجان من ناتشورالز خالي من السيليكون 479 مل","745240378013",""
2683,1,"Whitening Cream with Collagen with Sunscreen from Laser White","8859362510106",""
2683,2,"واقي الشمس ومفتح للبشرة مع كريم الكولاجين +50 من ليزر وايت - 100مل","8859362510106",""
2684,1,"Laser White Sunscreen Protection Cream SPF 60+ with Collagen Whitening, 100ml","8859362510113",""
2684,2,"كريم الحماية واقي من اشعة الشمس فوق البنفسجية 60+ والتبييض بالكولاجين من ليزر وايت، 100 مل","8859362510113",""
2685,1,"Laser White Intensive Correcting & Repairing Ointment for Skin and Wrinkles","8859362509704",""
2685,2,"مرهم مكثف مصحح ومرمم للبشرة والتجاعيد - ليزر وايت","8859362509704",""
2687,1,"Vagisil Daily Intimate Wash - 354ml","011509060228",""
2687,2,"غسول يومي للمنطقة الحساسة من فاجيسل - 354مل","011509060228",""
2688,1,"Laser White Moisturizing Cream, Dark Spot Remover & Blemish Corrector - 30g","8859362504228",""
2688,2,"كريم  ليزر وايت مرطب ومزيل البقع السوداء ومصحح عيوب البشرة 30 جرام","8859362504228",""
2689,1,"Laser White Eye Contour Renewal Serum - 30g","8859362506253",""
2689,2,"سيروم تجديد البشرة حول العين من ليزر وايت 30 غرام","8859362506253",""
2692,1,"Nature Republic Argan Oil Hair Mask - 200g","8806173468614",""
2692,2,"ماسك زيت الارغان من نيتشر ريببلك - 200 جرام","8806173468614",""
2693,1,"Clear Anti-Hair Fall Shampoo - 700ml","6281006438828",""
2693,2,"شامبو ضد تساقط الشعر من كلير 700 مل","6281006438828",""
2694,1,"Clear Anti-Dandruff Shampoo with Bamboo Extract - 400ml","6281006425606",""
2694,2,"شامبو ضد القشرة بخلاصة البامبو من كلير 400 مل","6281006425606",""
2695,1,"Clear Anti-Dandruff Shampoo - 400ml","6281006543362",""
2695,2,"شامبو ضد القشرة  من كلير 400 مل","6281006543362",""
2696,1,"Clear Hair Fall Protection Shampoo + Conditioner with Vitamin B3 400 ml","6281006438705",""
2696,2,"شامبو +بلسم  حماية من تساقط الشعر بفيتامين B3  من كلير 400 مل","6281006438705",""
2697,1,"Sidr Shampoo for All Hair Types 250ml","6215000575357",""
2697,2,"شامبو السدر لجميع أنواع الشعر 250مل","6215000575357",""
2698,1,"Clear shampoo + conditioner against hair loss with coffee grounds extract, 400 ml","6281006438682",""
2698,2,"شامبو +بلسم  حماية من تساقط الشعر بخلاصة بن القهوه  من كلير 400 مل","6281006438682",""
2699,1,"Glysolid Glycerin Skin Care Oil - 100 ml","4000196912565",""
2699,2,"زيت جليسرين للعناية بالبشرة من جليسوليد 100 مل","4000196912565",""
2700,1,"Herbal White Tea and Mint Shampoo - 400 ml","8001090538048",""
2700,2,"شامبو بالشاي الابيض والنعناع من هيربل400 مل","8001090538048",""
2701,1,"Herbal Rose Extract Shampoo - 400ml","5011321609341",""
2701,2,"شامبو بخلاصة الورد من هيربل400 مل","5011321609341",""
2702,1,"Herbal Pomegranate Extract Shampoo - 400 ml","5011321946330",""
2702,2,"شامبو بخلاصة الرمان من هيربل400 مل","5011321946330",""
2703,1,"Herbal Lemon Extract Shampoo - 400ml","5011321609105",""
2703,2,"شامبو بخلاصةالليمون من هيربل400 مل","5011321609105",""
2704,1,"Herbal Coconut Extract Shampoo - 400ml","5011321609228",""
2704,2,"شامبو بخلاصة جوزالهند من هيربل400 مل","5011321609228",""
2705,1,"Herbal Argan Oil Extract Shampoo - 400ml","4084500470521",""
2705,2,"شامبو بخلاصة زيت الارغان من هيربل400 مل","4084500470521",""
2706,1,"Moisturizing, Nourishing, and Scented Body and Hand Lotion with Musk Oil","752084309349",""
2706,2,"لوشن مرطب ومغذي ومعطر للبشرة بزيت المسك للجسم واليدين","752084309349",""
2709,1,"L'Oréal Paris Elvive color protect Shampoo 400ML","3600520837963",""
2709,2,"شامبو الفيف لحماية اللون من لوريال باريس 400مل","3600520837963",""
2711,1,"L'Oréal Elvive Dream Lengths Shampoo with Black Seed Oil - 600ml","3610340653827",""
2711,2,"شامبو الفيف طول الاحلام بزيت الحبة السوداء من لوريال  600 مل","3610340653827",""
2712,1,"L'Oréal Elvive Dream Long Shampoo with Black Seed Oil - 400ml","3610340653650",""
2712,2,"شامبو الفيف طول الاحلام بزيت الحبة السوداء من لوريال  400مل","3610340653650",""
2714,1,"L'Oréal Elvive Dream Lengths Shampoo with Castor Oil - 600ml","3610340651328",""
2714,2,"شامبوالفيف طول الاحلام بزيت الخروع من لوريال  600 مل","3610340651328",""
2715,1,"L'Oréal Elvive Full Resist Shampoo - 600ml","3610340650734",""
2715,2,"شامبوالفيف مقاومة كاملة  من لوريال  600 مل","3610340650734",""
2716,1,"L'Oréal Elvive Total Repair 5 Shampoo - 400ml","3600521767818",""
2716,2,"شامبو الفيف توتال ريبير 5 من لوريال  400 مل","3600521767818",""
2717,1,"L'Oréal Elvive Hyaluron Shampoo - 400ml","3610340655197",""
2717,2,"شامبو الفيف هيالورون من لوريال  400 مل","3610340655197",""
2718,1,"Head &amp; Shoulders Hair Fall Protection Shampoo for Men 400 ml","5011321656390",""
2718,2,"شامبو حماية من تساقط الشعر للرجال من هيد اند شولدرز 400 مل","5011321656390",""
2719,1,"Head & Shoulders Hair Fall Protection Shampoo for Men 600ml","4084500821620",""
2719,2,"شامبو حماية من تساقط الشعر للرجال من هيد اند شولدرز 600 مل","4084500821620",""
2721,1,"Shampoo more volume and vitality from Head &amp; Shoulders 600 ml","4084500821590",""
2721,2,"شامبو اكثر كثافة وحيوية  من هيد اند شولدرز 600 مل","4084500821590",""
2722,1,"Shampoo more volume and vitality from Head &amp; Shoulders 400 ml","8700216976879",""
2722,2,"شامبو اكثر كثافة وحيوية  من هيد اند شولدرز 400 مل","8700216976879",""
2723,1,"Shampoo more volume and vitality from Head &amp; Shoulders 190 ml","8001841591162",""
2723,2,"شامبو اكثر كثافة وحيوية  من هيد اند شولدرز 190مل","8001841591162",""
2724,1,"Head & Shoulders Smooth & Silky Shampoo - 600ml","4084500821538",""
2724,2,"شامبو انسيابي وحريري من هيد اند شولدرز 600 مل","4084500821538",""
2725,1,"Head & Shoulders Smooth & Silky Shampoo - 400ml","8700216977135",""
2725,2,"شامبو اانسيابي وحريري  من هيد اند شولدرز 350مل","8700216977135",""
2726,1,"Head & Shoulders Total Care Shampoo 400ml","4084500140547",""
2726,2,"شامبو العناية الكاملة  من هيد اند شولدرز 400مل","4084500140547",""
2727,1,"Head & Shoulders Smooth & Silky Shampoo - 180ml","4084500206861",""
2727,2,"شامبو اانسيابي وحريري  من هيد اند شولدرز 180مل","4084500206861",""
2728,1,"Head & Shoulders Anti-Hair Fall Shampoo 180ml","8001841591254",""
2728,2,"شامبو ضد تساقط الشعر  من هيد اند شولدرز 180مل","8001841591254",""
2729,1,"Head & Shoulders Lemon Fresh Shampoo - 600ml","4084500821507",""
2729,2,"شامبو إنتعاش الليمون من هيد اند شولدرز 600 مل","4084500821507",""
2730,1,"Temporary tattoo stickers (A1)","5001",""
2730,2,"ملصقات وشم مؤقت شكل (A1)","5001",""
2731,1,"Temporary tattoo stickers (B1)","10001",""
2731,2,"ملصقات وشم مؤقت شكل (B1)","10001",""
2733,1,"Amber Legend Body Mist - 250 ml","6291103663290",""
2733,2,"بخاخ معطر للجسم من امبر ليجيند - 250 مل","6291103663290",""
2734,1,"Emper Legend Femme Refreshing Body Mist","6291103667991",""
2734,2,"ميست معطر جسم  ومنعش  ليجيند فام من امبير","6291103667991",""
2735,1,"Facio Refreshing Fragrance Mist by Emper - 250 ml","6291108520901",""
2735,2,"فاسيو منعش عطر ميست من امبر  250 مل","6291108520901",""
2736,1,"Chifon by Emper for Women - Perfume Mist, 250ml","6291103663306",""
2736,2,"بخاخ معطر الجسم شيفون من امبر - 250 مل","6291103663306",""
2737,1,"Emper Luxe Rouge Body Mist - 250 ml","6291108524657",""
2737,2,"بخاخ معطر الجسم لوكس روج من امبر - 250 مل","6291108524657",""
2738,1,"Emper Urban Woman Body Mist for Women - 250ml","6291103663221",""
2738,2,"معطر الجسم اوربان وومن للنساء من امبر - 250 مل","6291103663221",""
2739,1,"CeraVe Hydrating Facial Cleanser for Normal to Dry Skin - 87ml","3606000537576",""
2739,2,"منظف الوجه للبشرة العادية الى الجافه من سيرافي - 87مل","3606000537576",""
2740,1,"Nunu baby care set of 200 ml - 5 packages","6281053215410",""
2740,2,"مجموعة منتجات العناية بالطفل من نونو  سعة العبوه  200 مل - 5 عبوات","6281053215410",""
2746,1,"Ember G Body Mist Spray - 250ml","6291103665355",""
2746,2,"بخاخ معطر جسم جي من ايمبر 250مل","6291103665355",""
2747,1,"Emper Fasio Body Mist - 250 ml","6291103663313",""
2747,2,"معطر الجسم فاسيو من امبر - 250 مل","6291103663313",""
2748,1,"Emper Lady President Body Mist - 250ml","6291103663191",""
2748,2,"معطر جسم ليدي بريزيدنت من امبر 250مل","6291103663191",""
2749,1,"Yoko Yogurt Spa Milk Salt – 300g","8853976004440",""
2749,2,"ملح الحليب بالزبادي والحليب من يوكو – 300 جم","8853976004440",""
2750,1,"Yoko Spa Milk Salt – 300g","8853976000800",""
2750,2,"ملح الحليب سبا من يوكو – 300 جم","8853976000800",""
2751,1,"Emper Luxe Verde, 250ml","6291108524664",""
2751,2,"بخاخ معطر الجسم لوكس فيرت من امبر - 250 مل","6291108524664",""
2752,1,"IDEAL PRIVE  Body Splash - 250 ml","6291108523148",""
2752,2,"معطر للجسم أيديل من برائيو 250مل","6291108523148",""
2753,1,"Bepanthen Skin Care Moisturizing Lotion - 400 ml","6285074003704",""
2753,2,"لوشن مرطب للعناية بالبشرة شديدةالجفاف والحساسة من بيبانثين - 400مل","6285074003704",""
2754,1,"Bepanthen Moisturizing Lotion for Dry and Sensitive Skin Care - 400ml","6285074003681",""
2754,2,"لوشن مرطب للعناية بالبشرة الجافة والحساسة من بيبانثين - 400مل","6285074003681",""
2755,1,"X-Care Professional Hair Curler Model (XC-101) Size 19","6283209022569",""
2755,2,"جهاز لف الشعر الاحترافية موديل(101 - XC) مقاس 19 من اكس كير","6283209022569",""
2757,1,"Pert Plus shampoo with mandarin extract, 600 ml","6281031260487",""
2757,2,"شامبو  بخلاصة المندرين من برت بلس 600 مل","6281031260487",""
2758,1,"Pert Plus Shampoo with Mandarin Extract - 400ml","6281031260098",""
2758,2,"شامبو  بخلاصة المندرين من برت بلس 400مل","6281031260098",""
2759,1,"Pert Plus Strength & Shine Shampoo with Henna and Hibiscus Extracts - 600ml","6281031260609",""
2759,2,"شامبو قوة ولمعان بخلاصة الحناء والكركديه من برت بلس 600 مل","6281031260609",""
2760,1,"Pert Plus Strength & Shine Shampoo with Henna and Hibiscus Extracts - 400 ml","6281031260128",""
2760,2,"شامبو قوة ولمعان بخلاصة الحناء والكركديه من برت بلس 400 مل","6281031260128",""
2761,1,"Brit Plus Strength and Shine Shampoo with Henna and Hibiscus Extract,200 ml","6281031260067",""
2761,2,"شامبو قوة ولمعان بخلاصة الحناء والكركديه من برت بلس 200 مل","6281031260067",""
2762,1,"Pert Plus Intensive Repair Shampoo with Argan Oil - 400ml","6281031260272",""
2762,2,"شامبو إصلاح مكثف بزيت الارغان من برت بلس 400 مل","6281031260272",""
2763,1,"Pert Plus Intensive Repair Shampoo with Argan Oil, 200ml","6281031260395",""
2763,2,"شامبو إصلاح مكثف بزيت الارغان من برت بلس 200مل","6281031260395",""
2764,1,"Pert Plus Intensive Repair Shampoo with Argan Oil - 600ml","6281031260517",""
2764,2,"شامبو إصلاح مكثف بزيت الارغان من برت بلس 600مل","6281031260517",""
2765,1,"Brit Plus Shampoo for Damaged Hair with Chamomile Extract, 400 ml","6281031260180",""
2765,2,"شامبو للشعر التالف بخلاصة البابونج  من برت بلس 400 مل","6281031260180",""
2766,1,"Pert Plus Shampoo for Long Hair with Almond Oil - 400ml","4015100210187",""
2766,2,"شامبو للشعر الطويل بزيت اللوز من برت بلس 400 مل","4015100210187",""
2767,1,"Pert Plus Anti-Frizz Shampoo with Cactus Oil and Aloe Vera Extracts - 400ml","4015100426823",""
2767,2,"شامبو مكافحة التجعد بخلاصة زيت الصبار والالوفيرا  من برت بلس 400 مل","4015100426823",""
2768,1,"Pert Plus Anti-Hair Fall Shampoo with Ginger Extract - 400ml","6281031260333",""
2768,2,"شامبو ضد تساقط الشعر بخلاصة الزنجبيل من برت بلس 400 مل","6281031260333",""
2769,1,"Pert Plus Anti-Hair Fall Shampoo with Ginger Extract - 600ml","6281031260548",""
2769,2,"شامبو ضد تساقط الشعر بخلاصة الزنجبيل من برت بلس 600مل","6281031260548",""
2770,1,"Pert Plus Anti-Dandruff Shampoo with Coconut Oil and Lemon Extract - 400 ml","6281031260302",""
2770,2,"شامبو مضاد للقشرة بزيت جوز الهند وخلاصة الليمون من برت بلس 400 مل","6281031260302",""
2771,1,"Brit Plus Anti-Dandruff Shampoo with Coconut Oil and Lemon Extract 200 ml","6281031260364",""
2771,2,"شامبو مضاد للقشرة بزيت جوز الهند وخلاصة الليمون من برت بلس 200مل","6281031260364",""
2772,1,"Pert Plus Deep Nourishing Shampoo with Olive Oil - 400ml","6281031260425",""
2772,2,"شامبو تغذية عميقة بزيت الزيتون من برت بلس 400 مل","6281031260425",""
2773,1,"Pert Plus Deep Nourishing Shampoo with Olive Oil - 600ml","6281031260456",""
2773,2,"شامبو تغذية عميقة بزيت الزيتون من برت بلس 600مل","6281031260456",""
2774,1,"Pert Plus Daily Care Shampoo with Honey Extract - 400 ml","6281031260241",""
2774,2,"شامبوعناية يومية بخلاصة العسل من برت بلس 400 مل","6281031260241",""
2775,1,"Pert Plus Daily Care Shampoo with Honey Extract - 200ml","6281031260210",""
2775,2,"شامبوعناية يومية بخلاصة العسل من برت بلس 200مل","6281031260210",""
2776,1,"Pantene Royal Care Shampoo for Damage, 400 ml","5410076652105",""
2776,2,"شامبوعناية ملكي للتلف  من بانتين 400 مل","5410076652105",""
2777,1,"Roberta hair shampoo 300 ml","5000101921032",""
2777,2,"شامبو للشعر من روبيرتا  300 مل","5000101921032",""
2778,1,"Summer's Eve Intimate Night Cleansing Wash with Aloe Vera Extract 354ml","041608002577",""
2778,2,"غسول منظف ليلي للمناطق الحساسة بخلاصة صبار الالوفيرا من سمرز ايف 354مل","041608002577",""
2779,1,"Original Glycerin Cream 75ml","4260697090029",""
2779,2,"كريم جليسرين الاصلي 75مل","4260697090029",""
2780,1,"Dove anti hair loss conditioner 350 ml","6281006443655",""
2780,2,"بلسم ضد تساقط الشعر من دوڤ  350 مل","6281006443655",""
2781,1,"Dove Nourishing Oils Hair Care Conditioner 350 ml","6281006443716",""
2781,2,"بلسم الزيوت المغذية للعناية بالشعر من دوڤ  350 مل","6281006443716",""
2782,1,"Dove daily care conditioner for dry hair 350ml","6281006443631",""
2782,2,"بلسم العناية اليومية للشعر الجاف من دوڤ  350 مل","6281006443631",""
2783,1,"Vatika Shampoo for Dry and Frizzy Hair with Almond and Honey Extracts - 700ml","6291069701975",""
2783,2,"شامبو للشعر الجاف والمجعد بخلاصة اللوز والعسل من فاتيكا 700مل","6291069701975",""
2784,1,"Vatika Hair Fall Control Shampoo with Aloe Vera and Watercress - 700ml","6291069702002",""
2784,2,"شامبوللحماية من تساقط الشعر بالصبار والجرجير من فاتيكا 700مل","6291069702002",""
2785,1,"X-Care Professional K6 Ceramic Hair Straightener","8032274055572",""
2785,2,"جهاز سيراميك فرد الشعر  بروفيشنال K6 من اكس كير","8032274055572",""
2786,1,"X-Care Titanium Hair Straightener FP 128-B","6956815377669",""
2786,2,"اَلة فرد الشعر بتقنية التيتانيوم  FP 128-B من اكس كير","6956815377669",""
2788,1,"X-Care Ionic Hot Air Brush","609378446849",""
2788,2,"فرشاة الهواء الساخن بتقنية الايونات من اكس كير","609378446849",""
2789,1,"X-Care Professional Hair Dryer - Turkish Made","8690676899743",""
2789,2,"جهاز سيشوار بروفيشنال صناعة تركيه من اكس كير","8690676899743",""
2790,1,"X-Care Professional Hair Curler Model (XC-103) Size 25mm","6283209022583",""
2790,2,"جهاز لف الشعر الاحترافية  موديل (103 - XC) مقاس 25 من اكس كير","6283209022583",""
2791,1,"X-Care Professional Hair Curler Model (XC-102) Size 22","6283209022576",""
2791,2,"جهاز لف الشعر الاحترافية  موديل (102 - XC) مقاس 22 من اكس كير","6283209022576",""
2792,1,"X-Care Professional K7Ceramic Hair Straightener","8032274055570",""
2792,2,"جهاز سيراميك فرد الشعر  بروفيشنال K7 من اكس كير","8032274055570",""
2793,1,"Moisturizing Body Lotion with Licorice Extract - 500 ml","6921199121267","6921199120796"
2793,2,"لوشن مرطب للجسم بخلاصة عرق السوس 500 مل","6921199121267","6921199120796"
2794,1,"7% Glycolic Acid Toning Solution - Skin Tone Corrector 240ml","769915190977",""
2794,2,"تونر الجليكوليك الطبيعي بنسبة 7% في موحد لون البشرة 240 مل","769915190977",""
2795,1,"La Roche-Posay Cicaplast Baume B5 Soothing Balm for Sensitive and Irritated Skin, 40ml","3337875816809",""
2795,2,"بلسم ملطف للبشرة الحساسة والمتهيجة  سيكابلاست بوم B5 من لا روش بوزاي، 40 مل","3337875816809",""
2796,1,"Mavala Waterproof Black Mascara for Women","7618900946019",""
2796,2,"ماسكارا لون  اسودمضادة للماء للنساء -، من مافالا","7618900946019",""
2797,1,"NYX Professional Makeup The Brow Glue Instant Brow Styler","800897003777",""
2797,2,"جل الحواجب ذا براو جلو من NYX بروفيشنال ميكاب","800897003777",""
2798,1,"Eucerin Lip Balm 4.8g","4005800178603",""
2798,2,"مرطب شفاه من يوسرين 4.8 جم","4005800178603",""
2799,1,"Melano Free Cream for Skin Marks Removal - 20g","6224009517121",""
2799,2,"كريم ميلانو فري لازالة علامات الجلد 20جم","6224009517121",""
2800,1,"Beesline Flavor-Free Lip Care","5281018000014",""
2800,2,"مرطب شفاه خالي من النكهة من بيزلين","5281018000014",""
2801,1,"La Roche-Posay Effaclar Duo Corrective Cream and Pore Treatment - 40ml","3337875518598",""
2801,2,"كريم  ايفاكلار ديومن لتصحيح البشرة  ومعالجة المسام  من لاروش بوزاي - 40مل","3337875518598",""
2802,1,"3W Clinic Pure Natural Collagen Hand Cream - 100ml","8809317284309",""
2802,2,"كريم اليدين بالكولاجين الطبيعي النقي من 3 دبليو كلينك 100 مل","8809317284309",""
2803,1,"X-Care Inferno Hair Dryer","6910785221480",""
2803,2,"جهاز سيشوار انفرنو من اكس كير","6910785221480",""
2804,1,"Crystal Pro Hair Styler Model No. MH-2025 by X-Care","6910785221467",""
2804,2,"كريستال برو مصفف شعر موديل رقم MH-2025 من اكس كير","6910785221467",""
2805,1,"X-Care 2-in-1 Hair Styler Comb","6294003181390",""
2805,2,"جهازمشط شعر 2 في 1  من اكس كير","6294003181390",""
2806,1,"X-Care Upgraded 3-in-1 Hair Dryer and Straightener","6924003181388",""
2806,2,"سشوار اكس كير المطور 3 في 1 المجفف والمنعم الجديد","6924003181388",""
2807,1,"X-Care Professional Hair Straightener - Korean Made","016970",""
2807,2,"جهاز فرد الشعر اكس كير بروفيشتال  صناعة كوريه","016970",""
2808,1,"Fast-Acting Korean Whitening Cream - Results in 5 Days","21121",""
2808,2,"كريم كوري مبيض سريع التاثير خلال خمس ايام","21121",""
2809,1,"The Miracle Mix Oil with Natural Herbs for Hair Density (Second Generation) 450ml","2781214011188",""
2809,2,"زيت الخلطة العجيبة بالأعشاب الطبيعية لكثافة الشعر وتساقط الشعر (الجيل الثاني) 450مل","2781214011188",""
2810,1,"Eucerin UreaRepair PLUS 5% Urea Cleansing Gel - 400 ml","4005800162824",""
2810,2,"جل تنظيف يوريا ريبير بلس 5% يوريا يوسيرين  400 مل","4005800162824",""
2811,1,"Liftactiv Supreme H.A. Wrinkle Filler Serum 30ml","3337875719209",""
2811,2,"سيروم ملء تجاعيد البشرة ليفت اكتيف سوبريم اتش. ايه 30 مل","3337875719209",""
2813,1,"Pyary Turmeric Soap for Moisturizing and Softening Your Skin - 85g","8908000105010",""
2813,2,"صابون بياري الكركم لترطيب وتنعيم بشرتك 85جم","8908000105010",""
2814,1,"Lux Fresh Skin Bar Soap, 170g","6281006584099",""
2814,2,"صابون بشرة نضرة من لوكس،، 170 جم","6281006584099",""
2815,1,"Lux Rich Creamy Soap Bar, 170g","6281006485150",""
2815,2,"صابون الكريمة الغنية من لوكس،، 170 جم","6281006485150",""
2816,1,"Lux Radiant Skin Soap, 120g","6281006584235",""
2816,2,"صابون بشرة متألقة من لوكس،، 120 جم","6281006584235",""
2817,1,"Lifebuoy Mild Care Antibacterial Soap for You and Your Baby - 125g","6281006483668",""
2817,2,"صابون مضاد للبكتيرياء عناية ناعمة لك و لطفلك من لايف بوي 125 جم","6281006483668",""
2818,1,"Kenza Skin Whitening and Beauty Cream - 50g","639072226577",""
2818,2,"كريم  لتبييض وتجميل البشرة  من كنزة 50 جم","639072226577",""
2819,1,"Cofix Bright Hand Care Cream - 75ml","792625756621",""
2819,2,"كريم برايت للعناية باليدين من كوفيكس 75مل","792625756621",""
2820,1,"Temporary tattoo stickers (A2)","5002",""
2820,2,"ملصقات وشم مؤقت شكل (A2)","5002",""
2821,1,"Temporary tattoo stickers (A3)","5003",""
2821,2,"ملصقات وشم مؤقت شكل (A3)","5003",""
2822,1,"Temporary tattoo stickers (A4)","5004",""
2822,2,"ملصقات وشم مؤقت شكل (A4)","5004",""
2827,1,"Aloe Eva Shampoo with Aloe Vera Extract, Special Offer 1+1","6223004374562",""
2827,2,"شامبو بخلاصة صبار الالوفيرا من الو ايفا، عرض خاص1+1","6223004374562",""
2828,1,"Aloe Eva Shampoo with Aloe Vera and Lanolin for Dry Hair, Special Offer 1+1","6223004374579",""
2828,2,"شامبو بخلاصة الصبار واللانولين للشعر الجاف من الو ايفا، عرض خاص1+1","6223004374579",""
2829,1,"Aloe Eva Hair Oil with Aloe Vera, Special Offer 1+1","6223004375651",""
2829,2,"زيت الشعر بالصبار من الو ايفا، عرض خاص1+1","6223004375651",""
2832,1,"One Hair Removal Cream for Normal Skin with Lanolin, 140 ml","6223004372384",""
2832,2,"كريم ون لازالة الشعر للبشرة العادية مع اللانولين، 140 مل","6223004372384",""
2833,1,"Bio-Oil Skincare Oil 125ml","6001159113133",""
2833,2,"بيو أويل زيت لعلاج الندوب وعلامات التمدد -125 مل","6001159113133",""
2834,1,"Bio-Oil Skincare Oil - 25ml","6001159116578",""
2834,2,"زيت للعناية بالبشرة من بيو اويل 25مل","6001159116578",""
2835,1,"Bio-Oil Skincare Oil - 200ml","6001159113140",""
2835,2,"زيت للعناية بالبشرة من بيو اويل 200مل","6001159113140",""
2836,1,"Bio-Oil Dry Skin Gel, 100ml","6001159119173",""
2836,2,"جل بيو اويل للبشرة الجافة، 100مل","6001159119173",""
2837,1,"Bio-Oil Dry Skin Gel, 200ml","6001159119180",""
2837,2,"جل بيو اويل للبشرة الجافة، 200مل","6001159119180",""
2838,1,"Bio-Oil Moisturizing Body Oil 250ml","6001159130666",""
2838,2,"زيت بيو اويل لترطيب الجسم 250مل","6001159130666",""
2839,1,"Bio-Oil Moisturizing Body Oil 175 ml","6001159130659",""
2839,2,"بايو أويل كريم لوشن للجسم - 175 مل","6001159130659",""
2840,1,"One Rose Scent Hair Removal Cream for Sensitive Skin with Chamomile, 140 ml","6223004372391",""
2840,2,"كريم ون برائحة الورد لازالة الشعر للبشرة الحساسة بالكاموميل ، 140 مل","6223004372391",""
2841,1,"One Hair Removal Cream for Normal Skin with Lanolin, 140 ml","6223001381648",""
2841,2,"كريم ون لازالة الشعر الزائد للبشرة العادية مع اللانولين، 140 مل","6223001381648",""
2842,1,"Spotless cream for spots and acne. 18g","6223001385455",""
2842,2,"كريم سبوتلس للبقع وحب الشباب. 18جم","6223001385455",""
2843,1,"Tooth powder with fluorine from Eva Smokers, 40 gm","6223001382065",""
2843,2,"بودرة اسنان بالفلورين من ايفا سموكرس 40جم","6223001382065",""
2844,1,"Eva Smokers Tooth Powder with Clove Oil - 40g","6223001380542",""
2844,2,"بودرة اسنان بزيت القرنفل من ايفا سموكرس 40جم","6223001380542",""
2845,1,"Eva Smokers tooth powder with miswak, 40 gm","6223001380634",""
2845,2,"بودرة اسنان بالمسواك من ايفا سموكرس 40جم","6223001380634",""
2846,1,"Eva Skincare Evasline Hand Scrub - 50 gm","6223004374388",""
2846,2,"مقشر اليدين سكين كير ايفازلين من ايفا - 50 جم","6223004374388",""
2847,1,"Gold Argan conditioner for all hair types - 230 ml","6223004375972",""
2847,2,"بلسم جولد ارجان لجميع انواع الشعر - 230 مل","6223004375972",""
2848,1,"Eva Face Wash and Makeup Remover Enriched with Yogurt and Cucumber - 150 ml","6223001388210",""
2848,2,"غسول وجه ومزيل المكياج غني بالزبادي والخيار  من ايفا - 150 مل","6223001388210",""
2849,1,"Eva Face Wash Rich in Honey - 150 ml","6223001388234",""
2849,2,"غسول وجه غني بالعسل من ايفا - 150 مل","6223001388234",""
2850,1,"Eva B-White Skin Whitening Cream for Oily Skin, 50ml","6223004374111",""
2850,2,"كريم ايفا بى وايت لتفتيح للبشرة الدهنية من ايفا ، 50مل","6223004374111",""
2851,1,"Eva B-White Night Whitening Cream, 50 ml","6223004372605",""
2851,2,"كريم ايفا بى وايت لتفتيح الليلي من ايفا ، 50 مل","6223004372605",""
2852,1,"Eva B-White Day Skin Whitening Cream, 50ml","6223004372582",""
2852,2,"كريم ايفا بى وايت لتفتيح النهاري من ايفا ، 50مل","6223004372582",""
2853,1,"Eva B-White Lightening Cream for Oily Skin by Eva, 100 ml","6223004373428",""
2853,2,"كريم ايفا بى وايت لتفتيح للبشرة الدهنية من ايفا ، 100 مل","6223004373428",""
2854,1,"Protein for hair treatment from Sorali 1 kg","7898593280557","7898593280557"
2854,2,"بروتين لمعالجة الشعر من سورالي 1 كجم","7898593280557","7898593280557"
2855,1,"Sebamed Lip Defense Lip Balm Strawberry Flavor, 4.8 gm","4103040017116",""
2855,2,"مرطب شفاه ليب ديفينس من سيباميد نكهة فراولة،  4.8 جم","4103040017116",""
2856,1,"Sebamed Multi-Protect Sun Lotion SPF 50, 150ml","4103040899811",""
2856,2,"لوشن متعدد الحماية من الشمس SPF50 من سيباميد، 150 مل","4103040899811",""
2857,1,"Sebamed Cherry Lip Defense","4103040017130",""
2857,2,"مرطب شفاه بالكرزمن سيباميد","4103040017130",""
2858,1,"Sebamed Lip Defense Lip Balm","4103040144324",""
2858,2,"مرطب شفاه لحماية الشفاه من سيباميد","4103040144324",""
2860,1,"Bebicom Ultra-Soft Aloe Vera Skin Cream - 75ml","4260697090210",""
2860,2,"كريم الصبار ببيكوم فائق النعومة للبشرة 75مل","4260697090210",""
2861,1,"Anti-Hair Loss Shampoo 200ml","4103040032218",""
2861,2,"شامبو ضد تساقط الشعر 200مل","4103040032218",""
2862,1,"Sebamed Moisturizing Body Lotion - 200 ml","4103040112491",""
2862,2,"لوشن مرطب للبشرة الحساسة من سيباميد 200 مل","4103040112491",""
2863,1,"Baby Diaper Area Skin Care Oil - 150ml","4103040114600",""
2863,2,"زيت العناية بالبشرة لمنطقة الحفاض للأطفال 150مل","4103040114600",""
2865,1,"Sebamed Clear Face Deep Cleansing Facial Toner for Youth, 150 ml","4103040143136",""
2865,2,"تونر التنظيف العميق للوجه كلير فيس من سيباميد، للشباب، 150 مل","4103040143136",""
2866,1,"Color Care Shampoo 200ml","4103040006844",""
2866,2,"شامبو العناية بلون الشعر 200مل","4103040006844",""
2867,1,"Daily Use Shampoo 200ml","4103040117953",""
2867,2,"شامبوالاستخدام اليومي 200مل","4103040117953",""
2868,1,"Hair repair conditioner 200ml","4103040119919",""
2868,2,"بلسم لإصلاح الشعر من سيباميد  200مل","4103040119919",""
2869,1,"Sebamed Liquid Face and Body Wash - 200ml","4103040115263",""
2869,2,"غسول سائل للجسم والوجه من سيباميد 200مل","4103040115263",""
2870,1,"Sebamed Sensitive Skin Moisturizing Cream 75ml","4103040113375",""
2870,2,"كريم مرطب للبشرة الحساسة من سيباميد 75مل","4103040113375",""
2872,1,"Bebicom Whitening Glycerin Cream - 75 ml","4260697090241",""
2872,2,"كريم بيبيكوم  للتبييض من جليسرين 75 مل","4260697090241",""
2873,1,"Lens Me Cosmetic Lenses - Snowy","8809426813865",""
2873,2,"عدسات لنس مي تجمليه لون ثلجي","8809426813865",""
2874,1,"Lens Me Cosmetic Lenses - Cortado","8800202536480",""
2874,2,"عدسات لنس مي تجمليه لون كورتادو","8800202536480",""
2875,1,"Lens Me Cosmetic Lenses - Gray","8809426813919",""
2875,2,"عدسات لنس مي تجمليه لون رمادي","8809426813919",""
2876,1,"Lens Me Cosmetic Contact Lenses - Lime","8809426813872",""
2876,2,"عدسات لنس مي تجمليه لون لايم","8809426813872",""
2877,1,"Lens Me Cosmetic Lenses - Cloud","8809426813964",""
2877,2,"عدسات لنس مي تجمليه لون سحابي","8809426813964",""
2878,1,"Lens Me Cosmetic Lenses - Sugar Gray","8809426813902",""
2878,2,"عدسات لنس مي تجمليه لون رمادي سكري","8809426813902",""
2879,1,"Lens Me Cosmetic Lenses - Sky Blue","8809426813926",""
2879,2,"عدسات لنس مي تجمليه لون ازرق سماوي","8809426813926",""
2880,1,"Lens Me Cosmetic Lenses - Contour","8809877135523",""
2880,2,"عدسات لنس مي تجمليه لون كنتور","8809877135523",""
2882,1,"Agiss Antioxidant Sponge Nail Polish Remover - 60 ml","8698703021532",""
2882,2,"مزيل طلاء اظافر بأسفنجة مضاد للتأكسد من اجيس 60 مل","8698703021532",""
2883,1,"Agiss Liquid Nail Polish Remover with Vanilla Flower - 125 ml","8698703020153",""
2883,2,"مزيل طلاء اظافر سائل بزهرة الفانيلا  من اجييس 125 مل","8698703020153",""
2884,1,"Some By Mi Bye Bye Blackhead 30 Days Miracle Green Tea Tox Bubble Cleanser, 120ml","8809647390244",""
2884,2,"غسول وجه  باي باي بلاكهيد 30 دايز ميراكل من سوم باي مي، 120 مل","8809647390244",""
2885,1,"Essence Lash & Brow Gel Mascara - Clear","4250035271180",""
2885,2,"ماسكرا للرموش والحواجب من ايسنس - شفاف","4250035271180",""
2886,1,"Fashkool Fruit Extract Hot Oil Cream Hair Mask - 500 ml","6291100271276",""
2886,2,"ماسك كريم حمام الزيت بخلاصة الفواكه  من فاشكول  500 مل","6291100271276",""
2887,1,"Fashkool Hot Oil Hair Mask with Aloe Vera Extract - 500 ml","6291100271221",""
2887,2,"ماسك كريم حمام الزيت بخلاصة الصبار من فاشكول  500 مل","6291100271221",""
2888,1,"Fashkool Hot Oil Cream Mask with Coconut Extract - 500ml","6291100271269",""
2888,2,"ماسك كريم حمام الزيت بخلاصة جوز الهند من فاشكول  500 مل","6291100271269",""
2889,1,"Dettol Cool Antibacterial Body Wash 500ml","6001106111588",""
2889,2,"جل استحمام ديتول كول المضاد للبكتيريا 500مل","6001106111588",""
2890,1,"Dettol Soothing Body Wash with Apple and Aloe Vera - 500ml","6295120041017",""
2890,2,"غسول الجسم الملطف بالتفاح والصبار من ديتول - 500 مل","6295120041017",""
2891,1,"Dettol Original Anti-Bacterial Body Wash - 500ml","6001106109950",""
2891,2,"غسول الجسم اوريجينال مضاد للبكتيريا من ديتول 500مل","6001106109950",""
2893,1,"Johnson's Bedtime Baby Lotion - 500ml","3574661426648",""
2893,2,"لوشن ما قبل النوم للأطفال من جونسون 500 مل","3574661426648",""
2894,1,"Lifebuoy Charcoal & Mint Liquid Hand Wash - 500ml","6281006488236",""
2894,2,"صابون سائل  لليدين بالفحم والنعناع 500 مل من لايفبوي","6281006488236",""
2895,1,"BlanX Natural Activated Charcoal Toothpaste 75ml","8017331077221",""
2895,2,"معجون اسنان بالفحم الطبيعي النشط  بلانكس 75مل","8017331077221",""
2896,1,"Carefree Fragrance-Free Pantyliners - 20 Pieces","3574660067590",""
2896,2,"فوط خاليه من العطورمن كيرفري 20 قطعة","3574660067590",""
2898,1,"Carefree Fresh Scent Daily Liners - 20 Count","3574661257037",""
2898,2,"فوط ذات عطر منعش من كيرفري 20 قطعة","3574661257037",""
2899,1,"Carefree Lightly Scented Pantyliners - 48 Pieces","3574660625790",""
2899,2,"فوط ذات عطرخفيف من كيرفري 48 قطعة","3574660625790",""
2900,1,"Carefree Unscented Pantyliners - 56 Pieces","3574660322590",""
2900,2,"فوط بدون عطر من كيرفري 56 قطعة","3574660322590",""
2901,1,"Carefree Fresh Scent Pantyliners - 20 Pieces","3574660050516",""
2901,2,"فوط ذات عطرمنعش من كيرفري 20 قطعة","3574660050516",""
2902,1,"Carefree Lightly Scented Daily Pantyliners - 20 Pieces","3574660039559",""
2902,2,"فوط ذات عطرخفيف من كيرفري 20 قطعة","3574660039559",""
2904,1,"Daily Intimate Wash with Green Tea and Aloe Vera - 200ml","3574661501949",""
2904,2,"غسول يومي للمناطق الحساسه بالشاي الاخصروالصبار200مل","3574661501949",""
2905,1,"Wella Koliston Hair Color Cream with Argan Oil (Light Brown - 305/0) - 110 ml","4056800868124",""
2905,2,"كريم صبغة شعر كوليستون مع زيت الارغان ( لون بني فاتح - 305/0) من ويلا - 110 مل","4056800868124",""
2906,1,"Wella Koleston Hair Color Cream with Argan Oil (Dark Brown - 303/0) - 110 ml","4056800867882",""
2906,2,"كريم صبغة شعر كوليستون مع زيت الارغان ( لون بني غامق - 303/0) من ويلا - 110 مل","4056800867882",""
2907,1,"Wella Koleston Hair Color Cream with Argan Oil (Dark Ash Blonde - 306/1) - 110 ml","4056800868360",""
2907,2,"كريم صبغة شعر كوليستون مع زيت الارغان ( لون اشقر رمادي غامق - 306/1) من ويلا - 110 مل","4056800868360",""
2908,1,"Sorali Hair Treatment Protein - 150g","7898593280779",""
2908,2,"بروتين لمعالجة الشعر من سورالي 150جم","7898593280779",""
2909,1,"Nunu Baby Shampoo 800ml - 2 Pieces","6281053211443",""
2909,2,"نونو شامبو استحمام للأطفال 800 مل - قطعتين","6281053211443",""
2910,1,"Bepanthen Restorative Lotion for Dry Skin - 200ml","6285074003674",""
2910,2,"لوشن اعاده ترميم   للبشره الجافه من بيبانثين - 200م","6285074003674",""
2911,1,"Bepanthen Restorative Lotion for Very Dry Skin - 200ml","6285074003698",""
2911,2,"لوشن اعاده ترميم   للبشره شديده الجفاف من بيبانثين - 200م","6285074003698",""
2912,1,"Licorice Offer with Free Papaya Lotion","3001",""
2912,2,"عرض عرق السوس مع لوشن بابايا مجانا","3001",""
2913,1,"Neo Hair Lotion Offer with Free Dermaroller","3002",""
2913,2,"عرض لوشن  نيو هير مع ديرمارول مجانا","3002",""
2914,1,"Glow & Lovely Multi-Vitamin Cream 100g + Face Wash 45ml (Free)","6281006586505",""
2914,2,"كريم متعدد الفيتامينات 100 غرام + غسول للوجه 45 مل (مجانا) من جلو اند لافلي","6281006586505",""
2915,1,"3W Clinic Pure Natural Collagen Hand Cream 100ml Offer with Free Eskinol Facial Cleanser","3005",""
2915,2,"عرض كريم اليدين بالكولاجين الطبيعي النقي من 3 دبليو كلينك 100 مل مع غسول وجه اسكينول مجانا","3005",""
2916,1,"Agadir Moisturizing Shampoo with Argan Oil and Biotin - 366 ml","899681002041",""
2916,2,"أغادير شامبو مرطب بخلاصة زيت الارجان والبيوتين 366 مل","899681002041",""
2917,1,"Monthly Lenses Offer with Free Daily Lens (Write the color name in the notes)","3006",""
2917,2,"عرض عدسات شهرية مع عدسة يومية مجانا(اكتب اسم اللون في الملاحظات)","3006",""
2918,1,"QV Cream 500ml Offer with Three Krem Kap Sachets and Free Biorepair Plus Toothpaste 15ml","30077",""
2918,2,"عرض كريم كيوفي 500مل  مع ثلاث شرائح كريم كاب ومعجون بيوريبير بلص 15 مل   مجانا","30077",""
2919,1,"Eucerin Roughness Relief Lotion 500ml with Free Eucerin Hand Cream 78g Offer","3007",""
2919,2,"عرض لوشن  تنعيم البشرة الخشنه من يوسرين   500 مل مع كريم يد يوسرين 78جم مجانا","3007",""
2921,1,"Garnier Ultra Doux Oil Replacement Shampoo, 200 ml","3610340078743",""
2921,2,"شامبو حمام زيت الترا دوكس من غارنيير ،200 مل","3610340078743",""
2922,1,"Garnier Nourishing Shampoo with Avocado Oil, 200 ml","3610340023675",""
2922,2,"شامبو مغذي بزيت الافوكادو من غارنيير ، 200 مل","3610340023675",""
2923,1,"Dove Beauty Finish Stick 40g","4800888221889",""
2923,2,"دوف ستيك بيوتي فينيش 40 جرام","4800888221889",""
2924,1,"Dove Powder Soft Antiperspirant Deodorant Stick 40g","4800888221919",""
2924,2,"دوف مزيل العرق باودر سوفت استيك 40 جم","4800888221919",""
2925,1,"Dove Ultimate Repair Deodorant Stick with Soothing Jasmine Scent - 40g","4800888222787",""
2925,2,"دوف مزيل عرق ستيك ألتيميت ريبير برائحة الياسمين الملطف - 40 جم","4800888222787",""
2926,1,"Dove Deodorant Rest Ritual 40g","4800888222794",""
2926,2,"دوف ديودورانت ريست طقوس 40 جم","4800888222794",""
2927,1,"Dove Invisible Antiperspirant Deodorant Stick 40ml","4800888196507",""
2927,2,"دوف مزيل عرق ستيك إنفيزابل 40مل","4800888196507",""
2928,1,"Dove Unscented Deodorant Stick 40ml","4800888222756",""
2928,2,"دوف مزيل عرق ستيك خالي من العطر 40مل","4800888222756",""
2929,1,"Coconut Smoothing Shampoo 479ml - IB","745240378051",""
2929,2,"شامبو لتنعيم جوز الهند 479 مل - IB","745240378051",""
2930,1,"Lux Glowing Skin Bar Soap, 75g","6281006584525",""
2930,2,"صابون بشرة متألقة من لوكس،، 75 جم","6281006584525",""
2931,1,"Lux Fresh Skin Bar Soap, 120g","6281006584204",""
2931,2,"صابون بشرة نضرة من لوكس،، 120 جم","6281006584204",""
2932,1,"Disaar Collagen & Argan Oil Hair Coloring Shampoo - Black, 8 Minutes, 400ml","6932511222333","6932511225273"
2932,2,"شامبو تلوين الشعر بالكولاجين وزيت الارجان ديسار لون  اسود 8 دقايق 400 مل","6932511222333","6932511225273"
2933,1,"Disaar Eau Thermale Moisturizing Sunscreen Cream SPF 60 - 80ml","6932511207323",""
2933,2,"كريم أو ثيرمال مرطب واقي من الشمس بعامل حماية 60 من ديسار 80مل","6932511207323",""
2934,1,"Disaar Hyaluronic Acid Moisturizing Face Lotion (100ml)","6932511220872",""
2934,2,"لوشن مرطب للوجه بخلاصة حمض الهيالورونيك من ديسار(100 مل)","6932511220872",""
2935,1,"Disaar Beauty Vitamin C Face Brightening Foundation – 50g","6932511206036",""
2935,2,"كريم أساس غني بفيتامين C ومضاد للماء لتفتيح البشرة من ديسار بيج - 50جرام","6932511206036",""
2936,1,"Disaar Vitamin-Enriched Sunscreen Cream - 50g","6932511216622",""
2936,2,"كريم وقي من اشعة الشمس بالفيتامينات  من ديسار- 50جرام","6932511216622",""
2937,1,"Hobby 24X7 Hair Styling Cream for Curly and Wavy Hair - 250 ml","6291069753301",""
2937,2,"كريم لتصفيف الشعر 24X7 لشعر كيرلي ومتموج من هوبي 250 مل","6291069753301",""
2938,1,"Renew Glutathione Skin Whitening Soap, 135 GMS","4809010430052",""
2938,2,"صابون الجلوتاثين لتبييض البشرة من رنيو، 135 GMS","4809010430052",""
2939,1,"Some By Mi AHA, BHA, PHA 30 Days Miracle Cream - Skin Soothing 60g","8809326334224",""
2939,2,"كريم المعجزة باحماض الفا وبيتا وبولي هيدروكسي 30 يوم وتهدئة البشرة من سوم باي مي 60ج","8809326334224",""
2940,1,"Some By Mi AHA, BHA, PHA 30 Days Miracle Toner for Skin Brightening - 150ml","8809326333661",""
2940,2,"تونر المعجزة باحماض الفا وبيتا وبولي هيدروكسي 30 يوم وتفتيح البشرة من سوم باي مي 150مل","8809326333661",""
2942,1,"Beesline 5-in-1 Instant Brightening Face Wash - 150ml","5281018710951",""
2942,2,"غسول وجه 5 في 1 لإنارة فورية من بيزلين 150 مل","5281018710951",""
2943,1,"Beesline Hajj & Umrah Kit - Shampoo + Cream + Soap + Prayer Beads","5281018010044",""
2943,2,"مجموعة الحج والعمرة  شامبو + كريم+ صابون +مسبحة من بيزلين","5281018010044",""
2944,1,"Beesline Daily Use Hair & Body Shampoo - 150ml","5281018010037",""
2944,2,"شامبو للإستعمال اليومي للشعر والجسم من بيزلين 150 مل","5281018010037",""
2945,1,"Jordan Kids Toothpaste 0-5 Years - 50ml","7310610018122",""
2945,2,"معجون اسنان للأطفال من 0 الى 5 سنوات من جوردن 50 مل","7310610018122",""
2946,1,"Jordan Kids Toothpaste 6-12 Years - 50 ml","7310610018139",""
2946,2,"معجون اسنان للأطفال من6 الى12 سنوات من جوردن 50 مل","7310610018139",""
2947,1,"Pure Beauty Deodorant with Licorice Extract - 50 ml","5285001270996",""
2947,2,"مزيل عرق بخلاصة عرق السوس من بيور بيوتي 50 مل","5285001270996",""
2948,1,"Pure Beauty Soft Touch Deodorant - 50 ml","5285001271962",""
2948,2,"مزيل عرق لمسة ناعمة من بيور بيوتي 50 مل","5285001271962",""
2949,1,"Pure Beauty Roll-On Deodorant 50ml","5285001271979",""
2949,2,"مزيل عرق رول اون  من بيور بيوتي 50 مل","5285001271979",""
2950,1,"Pure Beauty Q10 Deodorant - 50 ml","5285001271955",""
2950,2,"مزيل عرق كيو 10 من بيور بيوتي 50 مل","5285001271955",""
2951,1,"Beesline Anti-Wrinkle Facial Sunscreen Fluid SPF 50+, 40ml","5281018089064",""
2951,2,"واقي شمسي للوجه مضاد للتجاعيد تركيبة سائلة بدرجة 50+من بيزلين 40مل","5281018089064",""
2952,1,"Gillette Razors for Women (12 Pieces)","7702018069286",""
2952,2,"شفرة حلاقة  للنساء من جيليت (12 قطع)","7702018069286",""
2953,1,"Gillette Men's Razors (14 Pieces)","7702018466979",""
2953,2,"شفرة حلاقة  رجال من جيليت (14 قطع)","7702018466979",""
2955,1,"Bioderma Purifying Cleansing Foaming Gel for Oily and Acne-Prone Skin - 200ml","3701129803400",""
2955,2,"جل غسول منظف للبشرة الدهنية المعرضة لحب الشباب من بيودرما 200مل","3701129803400",""
2956,1,"Al Arayess Liquid Nail Polish Remover - 120ml","6287011272228",""
2956,2,"مزيل طلاء الاظافر سائل  العرايس 120مل","6287011272228",""
2957,1,"Strawberry Mouth Freshener Spray - 200 Sprays","6921522307160",""
2957,2,"بخاخ  معطر للفم بنكهة الفرولة 200 بخه","6921522307160",""
2958,1,"Mint Mouth Freshener Spray - 200 Sprays","6921522307177",""
2958,2,"بخاخ  معطر للفم بنكهة النعناع 200 بخه","6921522307177",""
2960,1,"BlanX Whitening Mouthwash with Natural Activated Charcoal - 500ml","8017331073490",""
2960,2,"غسول الفم المبيض بالفحم الطبيعي النشط من بلانكس 500مل","8017331073490",""
2961,1,"Gillette MACH3 Turbo Razor + 1 Blade 1PCS","7702018020942",""
2961,2,"جيليت MACH3 توربو الحلاقة +1BLD 1PCS","7702018020942",""
2962,1,"Gillette Blue 3 Comfort Disposable Razors - 8 Pieces","7702018489978",""
2962,2,"شفرات حلاقة بلو 3 كومفورت من جيليت 8 قطع","7702018489978",""
2963,1,"Gillette Blue 3 Smart Razor 9+4 Cartridges","7702018537914",""
2963,2,"جيليت بليو 3 سمارت مكينة حلاقة 9+4  رؤوس","7702018537914",""
2965,1,"Gillette Blue 2 Disposable Razors for Women 5+2 Free","7702018069361",""
2965,2,"مكينة خلاقة جيليت بليو 2 للنساء 5+2أمواس","7702018069361",""
2966,1,"Gillette Simply Venus for Women - 4 Pieces","7702018024759",""
2966,2,"جيليت سيمبلي فيونس للنساء 4 قطع","7702018024759",""
2967,1,"Gillette Blue II Women's Razors 10 + 5 Free","7702018069347",""
2967,2,"جليت بلو 2 النسائية 10 + 5","7702018069347",""
2971,1,"Dorco Shai 2 Soft Razor for Women - 5 Blades","8801038580739",""
2971,2,"شفرات حلاقة ناعمة شاي 2 للنساء 5 شفرات - دوركو","8801038580739",""
2978,1,"Dorco Shai 2 Soft Disposable Razors for Women - 10 Razors","8801038585369",""
2978,2,"شفرات حلاقة ناعمة شاي 2 للنساء 10 شفرات - دوركو","8801038585369",""
2980,1,"Gillette Body Disposable Razors - 3 Count","7702018939183",""
2980,2,"جيليت بودى مكينة حلاقة للجسم 3 مكينة","7702018939183",""
2981,1,"Gillette Venus Riviera with Aloe Vera Extract for Women - 2 Disposable Razors","7702018016808",""
2981,2,"جيليت فينس رفيرا بخلاصة الصبار للنساء 2 موس من  قطعتين","7702018016808",""
2982,1,"Wella Koleston Hair Color Cream Offer with Argan Oil - 110 ml","40011",""
2982,2,"عرض كريم صبغة شعر كوليستون مع زيت الارغانن ويلا - 110 مل","40011",""
2983,1,"Avalon Avogain 2% Solution Spray for Women - 50ml","6285095004612",""
2983,2,"محلول بخاخ افوجين 2% للنساء من افالون 50مل","6285095004612",""
2984,1,"Prenvita Pro Semi-Gel Korean Masks","8809412861467",""
2984,2,"اقنعة كورية فرينفيتا برو سيميجل","8809412861467",""
2985,1,"Kai Facial and Eyebrow Hair Removal Razors - 3 Razors","8906081442093",""
2985,2,"شفرات ازالة شعر الوجه والحاجب 3 شفرات - كاي","8906081442093",""
2986,1,"Bigen Permanent Powder Hair Color - Dark Brown","4987205000034",""
2986,2,"مسحوق مادة صبغ الشعر بني غامق من بايجن","4987205000034",""
2987,1,"Biorepair Mouthwash 500ml","8017331060735",""
2987,2,"غسول الفم من بيوريبير 500 مل","8017331060735",""
2988,1,"Beesline Roll-On Deodorant Cotton Softness - 50ml","5281018003855",""
2988,2,"مزيل عرق  رول نعومة القطن  من بيزلين 50 مل","5281018003855",""
2989,1,"Beesline Damask Rose Soap, 85g","5281018086995",""
2989,2,"صابون ورد جوري من بيزلين، 85جرام","5281018086995",""
2990,1,"Beesline Whitening and Smoothing Facial Soap - 60g","5281018003114",""
2990,2,"صابون مفتح ومنعم للوجه من بيزلين  60جرام","5281018003114",""
2991,1,"Beesline Facial Wash for Oily and Combination Skin - 250 ml","5281018003046",""
2991,2,"غسول الوجه للبشرة الدهنية والمختلطة من بيزلين 250 مل","5281018003046",""
2992,1,"NIVEA Men Dry Impact Deodorant Roll-On, 50 ml","4005808816101",""
2992,2,"مزيل للعرق للرجال، دراي إمباكت من نيڤيا،  50 مل","4005808816101",""
2993,1,"Nivea Protect & Care Deodorant, 50 ml","4005900242174",""
2993,2,"مزيل للعرق بروتيكت اند كير من نيڤيا،  50 مل","4005900242174",""
2994,1,"NIVEA Fresh Power Deodorant, 50 ml","4005808532452",""
2994,2,"مزيل للعرق فريش باور من نيڤيا،  50 مل","4005808532452",""
2995,1,"Nivea Men Deep Black Carbon Deodorant Roll-On, 50 ml","42355182",""
2995,2,"مزيل للعرق للرجال،بالكربون الاسود من نيڤيا،  50 مل","42355182",""
2996,1,"NIVEA Dry Comfort 72h Anti-Perspirant Deodorant, 50ml","4005900088383",""
2996,2,"مزيل للعرق دراي كومفورت لمدة 72 ساعة من نيڤيا،  50 مل","4005900088383",""
2997,1,"Voox DD Cream Aura Radiant Whitening Lotion with SPF 50","8858923600140",""
2997,2,"لوشن دي دي كريم اورا من فوكس للتفتيح المشرق، بعامل حماية من الشمس بدرجة 50","8858923600140",""
2998,1,"Nivea Moisturizing Cream 250ml","4005808166206","4005808166206"
2998,2,"كريم نيفيا مرطب للبشرة 250مل","4005808166206","4005808166206"
2999,1,"Nivea Moisturizing Cream 400ml","4005808166213",""
2999,2,"كريم نيفيا مرطب للبشرة 400مل","4005808166213",""
3000,1,"Beesline Instant Bright Face Toner - 200ml","5281018710968",""
3000,2,"تونر للوجه لاناره فوريه من بزلين 200مل","5281018710968",""
3001,1,"Fragrance-Free Instant Glow Water Cleanser - 400ml","5281018711071",""
3001,2,"منضف مائي لاناره فورية خالي من العطر400مل","5281018711071",""
3002,1,"Beesline Micellar Water Cleanser - 400ml","5281018711248",""
3002,2,"منضف مائي من بيزلين 400مل","5281018711248",""
3003,1,"Beesline Micellar Water Makeup Remover - 100ml","5281018711231",""
3003,2,"مزيل مكياج مائي من بيزلين 100مل","5281018711231",""
3004,1,"Beesline Instant Brightening Day Cream - 50ml","5281018711088",""
3004,2,"كريم النهار لاناره فورية من بزلين 50مل","5281018711088",""
3005,1,"Beesline Instant Brightening Face Serum - 30ml","5281018710944",""
3005,2,"سيريوم الوجه لاناره فوريه من بزلين 30مل","5281018710944",""
3006,1,"Beesline Instant Brightening Eye Contour Cream 15ml","5281018711095",""
3006,2,"كريم لمدار العين لاناره فوريه من بزلين 15مل","5281018711095",""
3007,1,"Comix Papaya Whitening Hand and Body Lotion - 500 ml","697794486921","0697794486921"
3007,2,"لوشن بابايا مبيض لليدين والجسم    من كوميكس 500 مل","697794486921","0697794486921"
3008,1,"Mandy Care Rosemary Oil - 125 ml","6287020820960",""
3008,2,"زيت اكليل الجبل من ماندي كير - 125 مل","6287020820960",""
3009,1,"Hemani Rosemary Oil - 250ml","8964000390986",""
3009,2,"زيت اكليل الجبل من هيماني -250 مل","8964000390986",""
3010,1,"Vatika Splash Effect Hair Styling Gel - 250ml","6291069702668","6291069702668"
3010,2,"جل تثبيت الشعر سبلاش افيكت من فاتيكا - 250مل","6291069702668","6291069702668"
3011,1,"Johnson's Baby Cream - 100ml","88530215",""
3011,2,"كريم بيبي من جونسون  100مل","88530215",""
3012,1,"Nail Glue","6975774341007","6932654230004"
3012,2,"غراء اظافر","6975774341007","6932654230004"
3013,1,"Disaar Collagen & Argan Oil Hair Color Shampoo - Brown, 8 Minutes, 400ml","6932511224511",""
3013,2,"شامبو تلوين الشعر بالكولاجين وزيت الارجان ديسار لون  بني  8 دقايق 400 مل","6932511224511",""
3014,1,"Avalon Avogain 5% Solution Spray for Women - 50ml","6285095004629",""
3014,2,"محلول بخاخ افوجين5% للنساء من افالون 50مل","6285095004629",""
3015,1,"Cetaphil Brightening Day Protection Cream SPF 15 - 50g","3499320011051",""
3015,2,"كريم نهاري للحماية لإشراقة البشرة5SPF1  سيتافيل 50 جم","3499320011051",""
3016,1,"CeraVe Moisturizing Facial Lotion with SPF - 50g","3337875597487",""
3016,2,"سيرافي لوشن لترطيب الوجة للبشرة الجافة والحساسة مع واقي شمس قوة 25 - 50مل","3337875597487",""
3017,1,"Eucerin Anti-Wrinkle Face Day Cream - 48g","072140634131",""
3017,2,"كريم الوجه النهاري المضاد للتجاعيد  من يوسرين 48جم","072140634131",""
3018,1,"Eucerin Anti-Wrinkle Night Face Cream 48g","072140026677",""
3018,2,"كريم الوجه الليلي المضاد للتجاعيد  من يوسرين 48جم","072140026677",""
3019,1,"Max Rosemary Drops - 30ml","6985207150335",""
3019,2,"قطرة اكليل الجبل  من ماكس- 30مل","6985207150335",""
3020,1,"Johnson's Water Baby Wipes - 72 Wipes","3574661421810",""
3020,2,"منديل بالماء للاطفال من جونسون 72منديل","3574661421810",""
3021,1,"Johnson's Baby Oil with Aloe Vera - 500ml","3574669909174",""
3021,2,"زيت للاطفال بالصبار من جونسون 500 مل","3574669909174",""
3022,1,"Garnier Nourishing Avocado Oil Shampoo, 600ml","3610340647857",""
3022,2,"شامبو مغذي بزيت الافوكادو من غارنيير ، 600مل","3610340647857",""
3023,1,"Garnier Ultra Doux Mythic Olive Ultra Nourishing Shampoo, 600ml","3610340647697",""
3023,2,"شامبو فائق التغذية الترا دوكس من غارنيير ، 600 مل","3610340647697",""
3024,1,"Garnier Ultra Doux Oil Replacement Shampoo, 600ml","3610340647611",""
3024,2,"شامبو حمام زيت الترا دوكس من غارنيير ،600 مل","3610340647611",""
3025,1,"Original Glycerin Cream - 50ml","4260697090043",""
3025,2,"كريم جليسرين الأصلي - 50مل","4260697090043",""
3026,1,"Peppermints Strawberry Breath Strips - 5g","5425010092060",""
3026,2,"شرائح لرائحة الفم بالفراوله من بيبرمينتس 5جم","5425010092060",""
3027,1,"Dr. Davey Licorice Extract Cleansing and Whitening Skin Gel - 500ml","6921199119455",""
3027,2,"جل منظف ومبيض للبشرة بخلاصة عرق السوس من دكتور ديفي - 500 مل","6921199119455",""
3028,1,"Mandi Care Licorice Extract Shower Gel - 500 ml","6287020821844",""
3028,2,"جل استحمام بخلاصة عرق السوس  ماندي كير - 500 مل","6287020821844",""
3029,1,"Dudu-Osun Black Soap 150g","6156000059549",""
3029,2,"الصابون الاسود من ديوديو اسون 150 جم","6156000059549",""
3030,1,"Cetaphil Moisturizing Lotion for Dry to Normal, Sensitive Skin - 473ml","5020465202615",""
3030,2,"لوشن مرطب خالي من العطور من سيتافيل للبشرة الجافه والعادية والحساسة - 473مل","5020465202615",""
3031,1,"Cetaphil PRO Foaming Wash for Very Dry and Itchy Skin - 236 ml","3499320008181",""
3031,2,"غسول رغوة للبشرة شديدة الجفاف والمصابة بالحكه  من سيتافيل برو 236 مل","3499320008181",""
3032,1,"Bliluma Advance Body Lotion for Skin Brightening - 100ml","8906005273581",""
3032,2,"لوشن الجسم بليلوما ادفانس لتفتيح البشره  100مل","8906005273581",""
3033,1,"Cetaphil Baby Daily Lotion & Wash 300ml","7613035392939",""
3033,2,"غسول يومي للأطفال من سيتافيل 300مل","7613035392939",""
3034,1,"Mandy Care Licorice Skin Care Cream - 50 ml","6287020821936",""
3034,2,"كريم عرق السوس للعناية بالبشرة من ماندي كير 50 مل","6287020821936",""
3035,1,"Len Rose Licorice Balm for Cracked Heels - 100g","6921199120819",""
3035,2,"بلسم عرق السوس للكعب المتصدع من لن روز 100 جم","6921199120819",""
3036,1,"Exa Licorice Body Lotion 500ml","6291509640918",""
3036,2,"لوشن الجسم بعرق السوس اكسا 500مل","6291509640918",""
3037,1,"Cetaphil Gentle Skin Cleanser for Dry and Sensitive Face and Body - 236ml","5020465200420",""
3037,2,"غسول منظف لطيف لبشرة الوجه والجسم الجافة والحساسة من سيتافيل 236مل :","5020465200420",""
3038,1,"Feminine Wipes with Musk Scent and Aloe Vera Extract - 20 Wipes","6287001780337",""
3038,2,"مناديل نسائية برائحة المسك مع خلاصة الصبار 20 منديل","6287001780337",""
3039,1,"Garnier Nourishing Shampoo with Precious Honey Benefits, 600ml","3610340646980",""
3039,2,"شامبو مغذي بفوائد العسل القيمة من غارنيير ، 600مل","3610340646980",""
3040,1,"Colgate Optic White Charcoal Toothpaste 75ml","8718951264618",""
3040,2,"معجون أسنان اوبتك وايت بالفحم من كولجيت 75 مل","8718951264618",""
3041,1,"Vaseline Lip Therapy Rosy Lips with Rose and Almond Oil - 20g","305210536494","305210536494"
3041,2,"مرطب شفاه بزيت الورد واللوز من ليب ثيرابي من فازلين 20 جم","305210536494","305210536494"
3043,1,"Signal Complete Toothpaste - 100ml","6221048409608",""
3043,2,"معجون اسنان المتكامل من سيجنال - 100مل","6221048409608",""
3046,1,"Dove Matcha Green Tea & Sakura Blossom Scent Body Wash with Loofah, 250ml","6281006543430",""
3046,2,"سائل استحمام بشاي الماتشا الأخضر وعطر زهور الساكورا  مع ليفة من دوف 250مل","6281006543430",""
3047,1,"Cetaphil Moisturizing Lotion for Dry to Normal and Sensitive Skin - 118ml","3499320012386",""
3047,2,"لوشن ترطيب للبشرة الجافة الى العادية والحساسة من سيتافيل 118مل","3499320012386",""
3048,1,"Gillette Deodorant with Blue Beads - 75ml","7702018914036",""
3048,2,"مزيل عرق بالحبيبات الزرقاء من جليت 75مل","7702018914036",""
3049,1,"Beautentty Licorice Soap 600g","6287035850136",""
3049,2,"صابونية عرق السوس من بيوتنتتي 600جم","6287035850136",""
3050,1,"OZ Naturals Vitamin C Facial Cleanser, 118 ml","816457020030",""
3050,2,"غسول للوجه بفيتامين C من او زد ناتشورالز، 118 مل","816457020030",""
3051,1,"L'Oréal Paris Fortifying Shampoo 370ml","7509552847543",""
3051,2,"شامبو فور تيفكنت من لوريال باريس 370مل","7509552847543",""
3052,1,"Kojie San Skin Lightening Soap 135g","4809013300017",""
3052,2,"صابون كوجي سان لتفتيح البشرة 135 جم","4809013300017",""
3053,1,"UltraMax Powder Deodorant for Women - 28g","033200191230",""
3053,2,"مزيل عرق للنساء  الترا ماكس  باودر للنساء - 28جم","033200191230",""
3054,1,"Exa Oud and Amber Salt Scrub - 800g","6297001152751",""
3054,2,"مقشر الملح بالعود والعنبر من إكسا 800جم","6297001152751",""
3055,1,"Exa Moroccan Siqla with Amber Wood - 800g","6297001152805",""
3055,2,"الصقلة المغربية بخشب العنبر  من إكسا 800جم","6297001152805",""
3056,1,"Exa Aker Fassi Sugar Scrub - 600g","6297001152942",""
3056,2,"مقشرالسكر بالعكر الفاسي  من إكسا 600جم","6297001152942",""
3057,1,"Exa Oud and Amber Sugar Scrub - 600g","6297001152829",""
3057,2,"مقشر السكر بالعود والعنبر من إكسا 600جم","6297001152829",""
3058,1,"Aksa Moroccan Siqla Balls - 600g","6297001152799",""
3058,2,"الصقلة المغربية بكررات من اكسا 600جم","6297001152799",""
3059,1,"Exa Moroccan Gold and Musk Body Polish - 600g","6297001152775",""
3059,2,"الصقلة المغربية بالذهب والمسك من اكسا 600جم","6297001152775",""
3060,1,"Exa Coffee Sugar Scrub - 600g","6297001152324",""
3060,2,"مقشر السكر بالقهوة من اكسا 600جم","6297001152324",""
3061,1,"Exa Lavender Sugar Scrub - 600g","6297001152331",""
3061,2,"مقشر السكر بالخزامي من اكسا 600جم","6297001152331",""
3064,1,"Exa Cotton Candy Face and Body Scrub - 400ml","6297001152904",""
3064,2,"مقشر الوجة والجسم غزل البنات من إكسا 400مل","6297001152904",""
3065,1,"Exa Charcoal Face Mask - 400g","6297001152874",""
3065,2,"قناع الوجه الفحم من إكسا 400جم","6297001152874",""
3066,1,"Exa Gold and Turmeric Face and Body Mask - 400ml","6297001152911",""
3066,2,"قناع الوجة والجسم بالذهب والكركم من إكسا 400مل","6297001152911",""
3067,1,"5-Piece Professional Makeup Sponge Set","6972426537320",""
3067,2,"5 قطع من اسفنجات المكياج الاحترافية","6972426537320",""
3068,1,"Ranam Baby Wet Wipes with Lotion - 120 Pieces","6287036460051",""
3068,2,"منديل رنام المبللة مع لوشن للأطفال 120 قطعة","6287036460051",""
3069,1,"Aryam Collection Multi-Blonde Lightening Powder - 400g","645789456367",""
3069,2,"بودرة تفتيح لألوان الاشقر المتعددة  من مجموعة اريام 400جم","645789456367",""
3070,1,"Rose Water 280ml","6287018660981","6287018660981"
3070,2,"ماء ورد 280 ملي","6287018660981","6287018660981"
3071,1,"Yoko Spa Milk Soap - 90g","8853976000428",""
3071,2,"صابون الحليب يوكو سبا - 90 جم","8853976000428",""
3072,1,"Myrrh Soap 125g","6285100086770",""
3072,2,"صابونة المر 125جم","6285100086770",""
3073,1,"Sara Beauty Special Shea Butter for Hand Whitening and Moisturizing - 100g","6973317004945",""
3073,2,"سارة بيوتي زبدة الشيا الخاصة لتفتيح وترطيب اليدين - 100 جم","6973317004945",""
3074,1,"Ranam Berry Scented Baby Wet Wipes - 120 Pieces","6287036460037",""
3074,2,"منديل رنام المبللة برائحة التوت  للأطفال 120 قطعة","6287036460037",""
3075,1,"Ranam Baby Wet Wipes with Lemon Scent - 120 Pieces","6287036460020",""
3075,2,"منديل رنام المبللة برائحة الليمون للأطفال 120 قطعة","6287036460020",""
3076,1,"Ranam Mint Scented Baby Wet Wipes - 120 Pieces","6287036460013",""
3076,2,"منديل رنام المبللة برائحة النعناع للأطفال 120 قطعة","6287036460013",""
3078,1,"Faiza Cream (223190) 25ml","5842109854123",""
3078,2,"كريم فائزة للعناية بالبشرة وترطيبها - 25 مل","5842109854123",""
3079,1,"Aryam Multi-Blonde Lightening Powder - 400g","645789456374",""
3079,2,"بودرة تفتيح لألوان الاشقر المتعددة  من مجموعة اريام 400جم","645789456374",""
3080,1,"Nail Polish Remover Wipes","6939442615401",""
3080,2,"مناديل لإزالة طلاء الاظافر","6939442615401",""
3081,1,"Aryam Multi-Blonde Lightening Powder - 10g","8022773895364",""
3081,2,"بودرة تفتيح لألوان الاشقر المتعددة  من مجموعة اريام 10جم","8022773895364",""
3082,1,"Giovanni Strengthening Cream for Damaged Hair - 201ml","716237060082",""
3082,2,"كريم جيوفاني لتقوية الشعر التالف والمجهد - 201 مل","716237060082",""
3083,1,"Konoz Hair Removal Wax Sugaring - 370g","6253810860010",""
3083,2,"حلاوة كنوز لإزالة الشعر التقليدية - 370 جم","6253810860010",""
3084,1,"Herbal Green Herbs & Mint Shampoo 400ml","8001090538185",""
3084,2,"شامبو الأعشاب الخضراء والنعناع هيربل400 مل","8001090538185",""
3085,1,"Krem Kap Face and Body Scrub and Whitening Cream 150ml - Skin Exfoliator and Brightener","8058032340030",""
3085,2,"كريم كاب سنفرة ومبيض للوجه والجسم 150مل - مقشر ومفتح للبشرة","8058032340030",""
3086,1,"Sebamed Feminine Intimate Wash for Sensitive Skin (pH 3.8) - 200 ml","4103040147271",""
3086,2,"سيباميد غسول نسائي للمناطق الحميمة للبشرة الحساسة (pH 3.8) - 200 مل","4103040147271",""
3087,1,"Giovanni 50:50 Balanced Hydrating-Clarifying Shampoo for Normal to Dry Hair - 250 ml","716237030085",""
3087,2,"جيوفاني شامبو 50:50 المتوازن لترطيب وتنقية الشعر العادي والجاف - 250 مل","716237030085",""
3088,1,"Silky Smooth Deep Hydration Shampoo 250ml","716237180537",""
3088,2,"جيوفاني شامبو ناعم كالحرير للترطيب العميق 250 مل","716237180537",""
3089,1,"Giovanni Tea Tree Triple Treat Invigorating Shampoo 250ml","716237130082",""
3089,2,"شامبو جيوفاني بزيت شجرة الشاي الثلاثي المنشط 250 مل","716237130082",""
3090,1,"Giovanni Tea Tree Triple Treat Invigorating Conditioner 250ml","716237150080",""
3090,2,"بلسم جيوفاني بزيت شجرة الشاي الثلاثي المقوي والمعالج للشعر - 250 مل","716237150080",""
3091,1,"Giovanni Deep Moisture Conditioner 250ml","716237020086",""
3091,2,"بلسم جيوفاني للترطيب العميق 250 مل - Giovanni Smooth As Silk","716237020086",""
3092,1,"Eskinol Classic White Deep Facial Cleanser, 225 ml","8886467038051",""
3092,2,"منظف الوجه العميق كلاسيك وايت من اسكينول، 225 مل","8886467038051",""
3093,1,"Eskinol Pura Cucumber Facial Cleanser, 225 ml","8886467038129",""
3093,2,"منظف الوجه بخلاصة الخيار النقي من اسكينول، 225 مل","8886467038129",""
3094,1,"Alfaparf Il Salone Protein Straightening Treatment with Linseed Oil","8022297035796",""
3094,2,"بروتين لفرد الشعر بزيت بذور الكتان من ال صالون","8022297035796",""
3095,1,"Il Salone Protein Straightening Treatment with Argan Oil","8022297080857",""
3095,2,"بروتين لفرد الشعر بزيت الارغان من ال صالون","8022297080857",""
3096,1,"Sunset Johani Cherry Perfume for Kids - 85ml","6285873004339",""
3096,2,"عطر سونست جوهاني بالكرز للاطفال- 85مل","6285873004339",""
3097,1,"Sunset Johani Perfume for Children - 85ml","6285873004346",""
3097,2,"عطر سونست جوهاني للاطفال- 85مل","6285873004346",""
3098,1,"Sunset Johani Perfume for Kids - 85ml","6287008194823",""
3098,2,"عطر سونست جوهاني للاطفال- 85مل","6287008194823",""
3099,1,"Garnier Ultra Doux Mythic Olive Leave-In Cream for Dry Hair - 200ml","3600542267199",""
3099,2,"كريم الزيتون الأسطوري الترا دوكس للشعر الجاف من غارنييه 200مل","3600542267199",""
3102,1,"Garnier Ultra Doux Avocado Oil and Shea Butter Leave-In Cream for Very Dry and Frizzy Hair - 200ml","3600540539397",""
3102,2,"كريم بزيت الافوكادو وزبدة الشيا الترا دوكس للشعر شديد الجفاف والمجعد من غارنييه 200مل","3600540539397",""
3103,1,"Garnier Ultra Doux Honey Treasures Leave-In Cream for Damaged and Weak Hair - 200ml","3600542267205",""
3103,2,"كريم بفوائد العسل الترا دوكس للشعر التالف والضعيف من غارنييه 200مل","3600542267205",""
3104,1,"Garnier Ultra Doux Black Charcoal & Black Seed Oil Leave-In Cream for Dull Hair - 200ml","3600542402408",""
3104,2,"كريم القحم الاسود وزيت حبة البركة الترا دوكس للشعر الباهت من غارنييه 200مل","3600542402408",""
3106,1,"Lux Velvet Jasmine Body Wash with Loofah - 250ml","6281006570047",""
3106,2,"غسول جسم الياسمين المخملي  مع لوفه من لوكس 250مل","6281006570047",""
3107,1,"Lux Hibiscus Romance Body Wash with Loofah - 250ml","6281006570078",""
3107,2,"غسول جسم رومانسية الكركديه  مع لوفه من لوكس 250مل","6281006570078",""
3108,1,"Johnson's 24-Hour Soft Moisturizing Cream - 200ml","3574660149548",""
3108,2,"كريم مرطب ناعم يدوم 24 ساعة من جونسون 200مل","3574660149548",""
3109,1,"Eucerin Skin Repair Lotion 500ml","072140634827",""
3109,2,"لوشن إصلاح البشرة من يوسرين 500مل","072140634827",""
3110,1,"La Roche-Posay Effaclar Foaming Gel Cleanser for Oily and Sensitive Skin - 200ml","3337872411083",""
3110,2,"غسول جل رغوي للبشرة الدهنية والحساسة من لا روش بوساي 200 مل","3337872411083",""
3111,1,"Bioderma Atoderm Ultra-Nourishing Cream for Normal to Dry Sensitive Skin – 200ml","3701129805329",""
3111,2,"كريم اتوديرم الترا للبشرة العادية الى الجافة الى الحساسة  من بيودرما – 200مل","3701129805329",""
3112,1,"Dr. Rashel Vitamin C Brightening Skin Spray, 160 ml","6971764151472",""
3112,2,"بخاخ تفتيح البشرة بفيتامين C من دكتور راشيل، 160 مل","6971764151472",""
3113,1,"Dr. Rashel Vitamin C Brightening Cleansing Mousse, 125ml","6971764151465",""
3113,2,"موس منظف للبشرة بخلاصةفيتامين C من دكتور راشيل، 125 مل","6971764151465",""
3114,1,"Vichy Dercos Anti-Dandruff Shampoo for Normal to Oily Hair, 200ml","3337871330262",""
3114,2,"شامبو ديركوس مضاد للقشرة للشعر العادي والدهني من فيشي، 200 مل","3337871330262",""
3115,1,"Vichy Shampoo for All Hair Types, 200 ml","3337871311292",""
3115,2,"شامبو لجميع انواع الشعر من فيشي، 200 مل","3337871311292",""
3116,1,"Colgate Soft Toothbrushes","6001067017400",""
3116,2,"فرش أسنان  ناعمة من كولوجيت","6001067017400",""
3117,1,"Oral-B Toothbrush 1+1 Value Pack","3014260101299",""
3117,2,"فرشاة اسنان 1+ 1 من اورال بي","3014260101299",""
3118,1,"Acure Argan Oil & Pumpkin Shampoo 236ml","813424022776",""
3118,2,"شامبو اكيور بزيت الارغان واليقطين 236مل","813424022776",""
3119,1,"Garnier Bright Complete Face Wash - 100ml","3061376204239",""
3119,2,"غسول وجه  برايت كومبليت من جارنيه - 100مل","3061376204239",""
3120,1,"TUNG Tongue Cleaning Gel with Refreshing Mint Scent, 85g","614373347237",""
3120,2,"جل لتنظيف اللسان برائحة النعناع المنعشة من تونج ، 85 جم","614373347237",""
3121,1,"Sondos Rosemary Oil, 100 ml","6217000041361",""
3121,2,"زيت اكليل الجبل من سندس , 100 مل","6217000041361",""
3122,1,"Herbal Essences White Strawberry & Mint Conditioner 400ml","8001090662262",""
3122,2,"بلسم فرولة بيضاء ونعناع من هيربل 400مل","8001090662262",""
3123,1,"Nivea Shea Butter Body Moisturizing Lotion - 400ml","4005808280933",""
3123,2,"لوشن ترطيب  الجسم بزبدة الشيا  من نيفيا 400مل","4005808280933",""
3124,1,"Kojie San Skin Lightening Soap - 2 Pieces","4809013300086",""
3124,2,"صابون كوجي سان لتفتيح البشرة قطعتين","4809013300086",""
3125,1,"NIVEA Fresh Blends Apricot Shower Gel - 300ml","4005900739414",""
3125,2,"سائل استحمام فريش بلندز بالمشمش من نيفيا - 300مل","4005900739414",""
3126,1,"NIVEA Fresh Blends Shower Cream with Raspberry, Blueberry, and Almond Milk - 300ml","4005900739384",""
3126,2,"سائل استحمام بخلاصة توت العليق والتوت الازرق وحليب اللوز من نيفيا - 300مل","4005900739384",""
3127,1,"QV Gentle Foaming Facial Cleanser, 150 ml","9314839015410",""
3127,2,"منظف غني بالرغوة اللطيفة للوجه من كيو في، 150 مل","9314839015410",""
3128,1,"Dr. Rashel Vitamin C Anti-Wrinkle Eye Serum - 30ml","6971764150123",""
3128,2,"سيروم العين مضاد للتجاعيد حول العين بخلاصة فيتامين سي من دكتور راشيل 30مل","6971764150123",""
3130,1,"Saada Beauty Licorice Body Wash - 500 ml","5280270035253","5280270035253"
3130,2,"سائل استحمام بعرق السوس من سعادة بيوتي 500 مل","5280270035253","5280270035253"
3131,1,"Baby Love Peach Scented Perfume for Children - 50 ml","6939517180896",""
3131,2,"عطر اطفال برائحة الخوخ من بيبي لوف 50 مل","6939517180896",""
3132,1,"Listerine Green Tea Mouthwash, 250 ml","3574661253350",""
3132,2,"غسول الفم بالشاي الاخضر من ليسترين،، 250 مل","3574661253350",""
3133,1,"Junior Orange Kit: Toothpaste with Free Toothbrush by Siwak-F","8992805011225",""
3133,2,"علبة جونيور بلون برتقالي معجون اسنان مع  فرشاة مجانيةمن سواك اف","8992805011225",""
3134,1,"Junior Toothpaste Box - Banana Flavor with Free Toothbrush by Siwak-F","8992805011232",""
3134,2,"علبة جونيور  معجون اسنان بنكهة الموز مع  فرشاة مجانيةمن سواك اف","8992805011232",""
3135,1,"Garnier SkinActive Day Cream, 50ml","3610340639999",""
3135,2,"كريم نهاري سكين اكتيف من غارنيه، 50 مل","3610340639999",""
3136,1,"Garnier Bright Complete Vitamin C Serum Cream, 45g","8901526600076",""
3136,2,"كريم بسيروم فيتامين سي برايت كومبليت من غارنيه، 45 حم","8901526600076",""
3137,1,"Lovera Nail Polish Remover","617285416152",""
3137,2,"مزيل مناكير  لوفيرا","617285416152",""
3138,1,"Herbal Papaya Skin Whitening Soap 135g","4800188108385",""
3138,2,"صابون البابايا تبييض البشرة العشبي 135 جم","4800188108385",""
3139,1,"Eucerin UreaRepair PLUS Cream 75ml","4005800220203",""
3139,2,"كريم يوريا ريبير بلس 75 مل، من يوسيرين","4005800220203",""
3140,1,"Hairgrow Hair Thickening Spray 5% Minoxidil Liquid - 50 ml","6251107220028",""
3140,2,"بخاخ تكثيف الشعر 5% سائل مينوكسيديل من هيرجرو - 50 مل","6251107220028",""
3141,1,"Ajmal Viola Powder 100g","6293708010608",""
3141,2,"بودرة فيولا من اجمل 100 جم","6293708010608",""
3142,1,"Ajmal Rain Drops Powder - 100g","6293708009176",""
3142,2,"بودرة رين دروبس من اجمل 100 جم","6293708009176",""
3143,1,"Ajmal Aurum Summer Powder - 100g","6293708016914",""
3143,2,"بودرة اوروم سمر من اجمل 100 جم","6293708016914",""
3144,1,"Persingy Gentle Soap 125g","8901030623752",""
3144,2,"صابون بيرزنقي ولطيف 125جم","8901030623752",""
3145,1,"Exa Cucumber Face Mask - 400ml","6297001152850",""
3145,2,"قناع الوجة الخيار من إكسا 400مل","6297001152850",""
3146,1,"Exa Mango Face and Body Scrub - 400ml","6297001152881",""
3146,2,"مقشر الوجة والجسم بالمانجو من إكسا 400مل","6297001152881",""
3147,1,"Bourjois City Radiance Foundation - 06 Golden Sun","3052503563602",""
3147,2,"كريم اساس بورجوا سيتي راديناس   06 جولدن صن","3052503563602",""
3148,1,"Bourjois City Radiance Foundation - 04 Beige","3616306003842",""
3149,1,"Bourjois City Radiance Foundation - 05 Golden Beige","3052503563503",""
3149,2,"كريم اساس بورجوا سيتي راديناس 05 جولدن بيج","3052503563503",""
3150,1,"Cofix Care Bright Face Whitening Cream - 60 ml","697794486945",""
3150,2,"كريم تفتيح الوجه كير برايت  من كوفيكس 60 مل","697794486945",""
3151,1,"Veet Body Hair Removal Wax Strips for Sensitive Skin - 20 Strips","3059944025102",""
3151,2,"شرائح إزالة شعر الجسم للبشرة الحساسة من فيت - 20 شريحة","3059944025102",""
3152,1,"Veet Body Hair Removal Wax Strips for Normal Skin - 20 Strips","5000146055853",""
3152,2,"شرائح إزالة شعر الجسم للبشرة العادية من فيت - 20 شريحة","5000146055853",""
3153,1,"Nature Report Soothing & Moisture Lavender Mist - 150ml","8809514484977",""
3153,2,"بخاخ مهدئ ومرطب بالخزامى من ناتشر ريبورت - 150مل","8809514484977",""
3154,1,"Nature Report Soothing & Moisture Green Tea Mist - 150ml","8809514484984",""
3154,2,"بخاخ مهدئ ومرطب بالشاي الاخضر من ناتشر ريبورت - 150مل","8809514484984",""
3155,1,"Nature Report Vitamin C Soothing & Moisture Spray - 150ml","8809514484991",""
3155,2,"بخاخ مهدئ ومرطب فيتامين سي  من ناتشر ريبورت - 150مل","8809514484991",""
3156,1,"Nature Report Natural Rose Soothing and Hydrating Mist - 150ml","8809514485141",""
3156,2,"بخاخ مهدئ ومرطب بالورد الطبيعي من ناتشر ريبورت - 150مل","8809514485141",""
3157,1,"Fair & Lovely Multi-Vitamin Face Cream, 50g","6281006567122",""
3157,2,"كريم ملتي للوجه فير آند لفلي ، 50جم","6281006567122",""
3158,1,"Wadi Al Nahil Wheat Germ Oil for Skin and Hair Softening - 60ml","1400300200275",""
3158,2,"زيت جنين القمح لتنعيم البشرة والشعر من وادي النحل 60مل","1400300200275",""
3159,1,"Stridex Acne Treatment Cotton Pads - 55 Pads","041388097015",""
3159,2,"مسحات علاج حب الشباب القطنية من ستريديكس 55 قطعة","041388097015",""
3161,1,"Garnier Color Naturals Crème Hair Color (Deep Ash Light Brown 5.1) - 112 ml","3610340080128",""
3161,2,"صبغة شعر كولور ناتشرلز كريم  (بني فاتح رمادي عميق 5.1 ) من جارنير- 112 مل","3610340080128",""
3162,1,"Garnier Color Naturals Crème Hair Dye (4.15 Brownie Chocolate) - 112 ml","3600541124318",""
3162,2,"صبغة شعر كولور ناتشرلز كريم  ( لونشوكولاتة براوني 4.15 ) من جارنير- 112 مل","3600541124318",""
3163,1,"Garnier Color Naturals Crème Hair Color (Brown 4) - 112 ml","3061375781052",""
3163,2,"صبغة شعر كولور ناتشرلز كريم  ( لون بني 4) من جارنير- 112 مل","3061375781052",""
3164,1,"L'Oréal Paris Elvive Shampoo for Damaged Hair - 200ml","3610340006463",""
3164,2,"شامبو الفيف للشعر التالف من لوريال باريس 200 مل","3610340006463",""
3165,1,"La Roche-Posay Lipikar Baume AP+M for Extra Dry, Sensitive, and Itch-Prone Skin, 400ml","3337875696548",""
3165,2,"بلسم ليبيكار بوم AP+ M من لا روش بوساي للبشرة شدية الجفاف والحساسة المعرضه للحكه، 400 مل","3337875696548",""
3166,1,"Depurdent Toothpaste 75ml","7611841701945",""
3166,2,"معجون أسنان من ديبوردينت 75مل","7611841701945",""
3167,1,"Mason Natural Collagen Beauty Cream for Face and Neck Brightening - 57g","311845147578",""
3167,2,"كريم الجمال بالكولاجين من ماسون لتفتيح وشد الوجه والرقبة  - 57جم","311845147578",""
3168,1,"Sara Beauty Double Action Body Whitening Cream - 200 ml","6973317004327",""
3168,2,"كريم تفتيح الجسم المضاعف سارة بيوتي - 200 مل","6973317004327",""
3169,1,"Vaseline Original Pure Skin Jelly, 250 ml","6281006408760",""
3169,2,"جيلي العناية العادي من فازلين، 250 مل","6281006408760",""
3170,1,"Sara Beauty Instant Brightening Cream for Hands, Face, and Body - 150ml","6973317000916",""
3170,2,"كريم التفتيح الفوري لليدين والوجه والجسم من سارة بيوتي -150مل","6973317000916",""
3171,1,"Aveeno Skin Relief Moisturizing Cream for Extra Dry Skin, 311g","381371150779",""
3171,2,"كريم مرطب لإصلاح البشرة شديدة الجفاف،خال من العطور  من افينو 311جم","381371150779",""
3172,1,"St. Ives Green Tea Scrub - 170g","077043358023",""
3172,2,"مقشر الشاي الاخضر من سانت ايفز - 170جم","077043358023",""
3173,1,"Garnier Color Naturals Crème Hair Color (Light Blonde 8) - 112ml","3061375781090",""
3173,2,"صبغة شعر كولور ناتشرلز كريم  ( لون اشقرفاتح 8 ) من جارنير- 112 مل","3061375781090",""
3174,1,"Jamila Brown Henna","8908002677157",""
3174,2,"حنة جميلة بني","8908002677157",""
3175,1,"Jamila Black Henna","8908002677140",""
3175,2,"حنة جميلة اسود","8908002677140",""
3176,1,"NOW Lavender Oil - 30 ml","733739147943",""
3176,2,"زيت اللافندرمن ناو 30 مل","733739147943",""
3177,1,"Roushun Lavender Oil - 30ml","6921199112296",""
3177,2,"زيت اللافندر من روشن 30 مل","6921199112296",""
3178,1,"Glutathione Whitening Soap for Face, Body, and Sensitive Areas - 150g","6901233668862",""
3178,2,"صابونة الجلوتاثيون لتفتيح الوجه والجسم و المنطقة الحساسة 150جم","6901233668862",""
3179,1,"Garnier Color Naturals Crème Hair Dye (Dark Ash Blonde - 6.1) - 112ml","3061376194530",""
3179,2,"صبغة شعر كولور ناتشرلز كريم  ( لون اشقر رمادي غامق   - 6.1 ) من جارنير- 112 مل","3061376194530",""
3180,1,"Garnier Color Naturals Crème Hair Dye (1001 Silver Blonde) - 112 ml","3610340633782",""
3180,2,"صبغة شعر كولور ناتشرلز كريم  ( لون اشقر فضي 1001) من جارنير- 112 مل","3610340633782",""
3183,1,"Garnier Color Naturals Crème Hair Color (7N Natural Dark Blonde) - 112ml","3610340038976",""
3183,2,"صبغة شعر كولور ناتشرلز كريم  ( لون اشقر غامق طبيعي 7N) من جارنير- 112 مل","3610340038976",""
3184,1,"Garnier Color Naturals Crème Hair Color (7.1 Ash Blonde) - 112ml","3061375781120",""
3184,2,"صبغة شعر كولور ناتشرلز كريم  ( لون اشقر رمادي 7.1) من جارنير- 112 مل","3061375781120",""
3186,1,"The Ordinary Caffeine Solution 5% + EGCG Under-Eye Serum 30ml","769915190670",""
3186,2,"محلول الكافين 5% + اي جي سي جي للعناية تحت العين من ذا اوردينري 30مل","769915190670",""
3187,1,"Some By Mi 30 Days Miracle Clear Spot Patch - 18 Patches","8809647390015",""
3187,2,"لصقات كلير سبوت لعلاج حب الشباب 30 يوم من سوم باي مي 18 حبة","8809647390015",""
3188,1,"Garnier Color Naturals Crème Hair Color (1002 Ultra Light Ash Blonde) - 112 ml","3610340633799",""
3188,2,"صبغة شعر كولور ناتشرلز كريم  ( اشقر ثلجي فاتح جدا1002) من جارنير- 112 مل","3610340633799",""
3189,1,"Garnier Color Naturals Crème Hair Color (Light Brown 5) - 112 ml","3061375781069",""
3189,2,"صبغة شعر كولور ناتشرلز كريم  (بني فاتح 5 من جارنير- 112 مل","3061375781069",""
3192,1,"Karaja Lip Liner","8058150554906",""
3192,2,"محدد شفائف كراجا","8058150554906",""
3193,1,"Karaja Compact Powder No. 03","8032539241830",""
3193,2,"بودرة كراجا مضغوطة رقم 03","8032539241830",""
3194,1,"Karaja Eyebrow Pencil","8058150555163",""
3194,2,"قلم حواجب كراجا","8058150555163",""
3195,1,"Karaja Matte Lipstick","8032539242981",""
3195,2,"روج مات  كراجا","8032539242981",""
3196,1,"Karaja Makeup Fixer","8032539245920",""
3196,2,"مثبت مكياج  كراجا","8032539245920",""
3197,1,"Karaja Liquid Eyeliner","8032539241625",""
3197,2,"كحل سائل كراجا","8032539241625",""
3198,1,"Karaja Liquid Eyeliner","8058150553756",""
3198,2,"محدد عيون سائل من كراجا","8058150553756",""
3199,1,"Karaja Liquid Eyeliner","8058150550014",""
3199,2,"كحل سائل  لا ينر كراجا","8058150550014",""
3200,1,"Karaja Inner Eye Kohl","8058150550496",""
3200,2,"كحل داخل العين كراجا","8058150550496",""
3201,1,"Karaja Inner Eye Kohl Pencil","8032539242417",""
3201,2,"كحل داخل العين كراجا","8032539242417",""
3202,1,"Karaja Waterproof Inner Eye Kohl","8032539245739",""
3202,2,"كحل داخل العين ضد الماء كراجا","8032539245739",""
3203,1,"Karaja Creamy Eyeliner Pencil with Smudge Sponge","8058150551561",""
3203,2,"قلم تحديد داخل العين مع اسفنجة كريمي من كراجا","8058150551561",""
3204,1,"Karaja 2-in-1 Mascara","8058150550908",""
3204,2,"مسكرة كراجا 2 *1","8058150550908",""
3205,1,"Karaja Mascara for Lengthening and Volumizing Lashes","8032539246064",""
3205,2,"مسكرة لتطويل  وتكثيف الرموش من كراجا","8032539246064",""
3206,1,"Karaja Matte Liquid Foundation","8032539247481",""
3206,2,"كريم اساس سائل غير لامع  من كراجا","8032539247481",""
3207,1,"Karaja Matte Foundation","8032539247504",""
3207,2,"كريم اساس غير لامع  من كراجا","8032539247504",""
3208,1,"Karaja Blazer 1 Loose Powder","8032539245500",""
3208,2,"لوس بودرة سائبة كراجا بليزر 1","8032539245500",""
3209,1,"Karaja Velvet Foundation","8032539245524",""
3209,2,"كريم اساس مخملي  من كراجا","8032539245524",""
3210,1,"Karaja Perfect Coverage Foundation","8058150553794",""
3210,2,"كريم اساس لتغطية مثالية من كراجا","8058150553794",""
3211,1,"Karaja Divine Cover Foundation","8032539245524",""
3211,2,"كراجا كريم اساس ديفين كفر","8032539245524",""
3212,1,"Karaja Nail Polish 511 - Italian Made","8058150554685",""
3212,2,"مناكير كراجا 511 ايطالي","8058150554685",""
3213,1,"ACM Depiwhite Whitening Peel-Off Mask 40ml","3760095250106",""
3213,2,"قناع التقشير والتبييض من ايه سي ام ديبيوايت 40 مل","3760095250106",""
3214,1,"Shifa Cucumber Scrub - 300 ml","8690131109639",""
3214,2,"سنفرة خيار من شفا - 300 مل","8690131109639",""
3216,1,"Shifa Apricot Scrub 300ml","8858854618757",""
3216,2,"شفا صنفرة مشمش 300 مل","8858854618757",""
3217,1,"Shifa Charcoal Scrub 300ml","8690131118396",""
3217,2,"شفا سنفرة بالفحم 300 مل","8690131118396",""
3218,1,"Shifa Strawberry Scrub 300ml","8858854618764",""
3218,2,"شفا صنفرة بالفراوله 300 مل","8858854618764",""
3219,1,"Shifa Turmeric Scrub with Natural Granules - 300 ml","8690131118389",""
3219,2,"شفا سنفرة بالكركم والحبيبات الطبيعيه 300 مل","8690131118389",""
3220,1,"Shifa Lemon Scrub 300ml","8690131109592",""
3220,2,"شفا سنفرة باليمون 300 مل","8690131109592",""
3221,1,"Shifa Mint Scrub 300ml","8858854618801",""
3221,2,"شفا صنفرة بالنعنع 300 مل","8858854618801",""
3222,1,"CeraVe Hydrating Cleanser for Normal to Dry Skin - 236 ml","3337875597180",""
3222,2,"سيرافي غسول منظف مرطب للبشرة الجافة الى العادية - 236 مل","3337875597180",""
3223,1,"Garnier Color Naturals Crème Hair Dye (6.34 Chocolate Brown) - 112ml","3061375781311",""
3223,2,"صبغة شعر كولور ناتشرلز كريم  ( لون بني شوكولاتة 6.34) من جارنير- 112 مل","3061375781311",""
3224,1,"Garnier Color Naturals Crème Hair Color (7 Blonde) - 112ml","3061375781083",""
3224,2,"صبغة شعر كولور ناتشرلز كريم  ( لون اشقر 7 ) من جارنير- 112 مل","3061375781083",""
3225,1,"Garnier Color Naturals Crème Hair Dye - 7.11 Deep Ashy Blonde (112ml)","3610340394386",""
3225,2,"صبغة شعر كولور ناتشرلز كريم  ( لون اشقر رمادي عميق 7.11 من جارنير- 112 مل","3610340394386",""
3226,1,"L'Oréal Paris Casting Crème Gloss Hair Color - 500 Light Brown","3600521230299",""
3226,2,"صبغة شعر كاستينج كريم جلوس - 500 بني فاتح من لوريال باريس","3600521230299",""
3227,1,"L'Oreal Paris Casting Crème Gloss Hair Color - 200 Deep Black","3600521230220",""
3227,2,"صبغة شعر كاستينج كريم جلوس - 200 اسود عميق من لوريال باريس","3600521230220",""
3228,1,"L'Oréal Paris Casting Crème Gloss Hair Color - 400 Brown","3600521230268",""
3228,2,"صبغة شعر كاستينج كريم جلوس - 400 بني من لوريال باريس","3600521230268",""
3230,1,"J. Casanova Golden Drop Perfume for Women - 100ml","6281056167631",""
3230,2,"عطر جولدن دروب للمرأة  من ج. كازانوفا  ١٠٠مل","6281056167631",""
3231,1,"J. Casanova Storia d'Amore Eau de Parfum for Women - 100ml","6281056199434",""
3231,2,"عطر ستوريا دأمور للمرأة  من ج. كازانوفا  ١٠٠مل","6281056199434",""
3232,1,"Storia di Amore Mukhallat Perfume for Men and Women by J. Casanova - 100ml","6281056199441",""
3232,2,"عطر ستوريا دي أمور مخلط عطر للمرأة والرجل  من ج. كازانوفا  ١٠٠مل","6281056199441",""
3233,1,"J. Casanova Sultan Oriental Perfume for Women - 150ml","6281056176428",""
3233,2,"عطر السلطان أورينتال للمرأة  من ج. كازانوفا  150مل","6281056176428",""
3234,1,"Libido Perfume for Women by J. Casanova - 100ml","6281056198222",""
3234,2,"عطر لبيدو للمرأة  من ج. كازانوفا  ١٠٠مل","6281056198222",""
3235,1,"Pandora Perfume for Women by J. Casanova - 50ml","6281056142850",""
3235,2,"عطر  باندورا للمرأة  من ج. كازانوفا  50مل","6281056142850",""
3236,1,"J. Casanova Amber Incense Perfume - 100ml","6281056198963",""
3236,2,"عطرعنبر انسينس من ج. كازانوفا  ١٠٠مل","6281056198963",""
3237,1,"LV Beethoven Golden ICQ Woody Amber Perfume - 100ml","6281056177180",""
3237,2,"عطر جولدن  اي سي كيو وودي عنبر من ال في بيتهوفن ١٠٠مل","6281056177180",""
3240,1,"Golden Drop Eau de Parfum for Men by J. Casanova - 100ml","6281056167624",""
3240,2,"عطرجولدن دروب للرجل من ج. كازانوفا ١٠٠مل","6281056167624",""
3241,1,"J. Casanova Gris Eau de Parfum for Men - 100ml","6281056198239",""
3241,2,"عطر جريس رجالي من ج. كازانوفا  ١٠٠مل","6281056198239",""
3243,1,"J. Casanova ICQ Eau de Parfum for Men - 100ml","6281056165989",""
3243,2,"عطر أي سي كيو للرجل من ج. كازانوفا ١٠٠مل","6281056165989",""
3245,1,"Libido Eau de Parfum for Men by J. Casanova - 100ml","6281056198215",""
3245,2,"عطر لبيدو  للرجل من ج. كازانوفا ١٠٠مل","6281056198215",""
3246,1,"Vivaldi Perfume for Women by J. Casanova - 100ml","6281056169390",""
3246,2,"عطر فيفالدي للمرأة من ج. كازانوفا ١٠٠مل","6281056169390",""
3247,1,"Forever Eau de Toilette for Women by J. Casanova - 75ml","6281056179719",""
3247,2,"عطر فورإيفر تواليت  للمرأة من ج. كازانوفا 75مل","6281056179719",""
3248,1,"Michelangelo Eau de Parfum for Men by J. Casanova - 100ml","6281056148357",""
3248,2,"عطر مايكل آنجلو  للرجل من ج. كازانوفا 100مل","6281056148357",""
3249,1,"J. Casanova Deep Love Perfume for Women - 100ml","6281056199380",""
3249,2,"عطر ديب لوف للمرأة من ج. كازانوفا 100مل","6281056199380",""
3250,1,"J. Casanova Forever Eau de Toilette for Men - 75ml","6281056179702",""
3250,2,"عطر فورإيفر تواليت للرجل من ج. كازانوف 75مل","6281056179702",""
3251,1,"J. Casanova Imperio Perfume for Women - 100ml","6281056180029",""
3251,2,"عطر امبيــريــو للمرأة من ج. كازانوفا 100مل","6281056180029",""
3252,1,"J. Casanova Evolve for Women - 100ml","6281056180005",""
3252,2,"عطر ايفولف للمرأة من ج. كازانوفا 100مل","6281056180005",""
3253,1,"J. Casanova Vivaldi Eau de Toilette for Men - 120ml","6281056169383",""
3253,2,"عطر فيفالدي تواليت للرجل من ج. كازانوفا 120مل","6281056169383",""
3254,1,"J. Casanova Storia d'Amore Eau de Parfum for Men - 100ml","6281056199427",""
3254,2,"عطر ستوريا دي أمور ماء العطر للرجل من ج. كازانوفا 100مل","6281056199427",""
3255,1,"J. Casanova Tabac Sucre Eau de Parfum for Men - 100ml","6281056198970",""
3255,2,"عطر تاباك سوكري للرجال من ج. كازانوفا 100مل","6281056198970",""
3256,1,"Feel Me Eau de Parfum for Men by J. Casanova - 100ml","6281056180036",""
3256,2,"عطر فيــل مـي للرجل من ج. كازانوفا 100مل","6281056180036",""
3257,1,"Fares Eau de Toilette for Men by J. Casanova - 100ml","6281056176305",""
3257,2,"عطر فارس تواليت للرجل من ج. كازانوفا 100مل","6281056176305",""
3259,1,"Malachite Perfume for Women by J. Casanova - 100ml","6281056185208",""
3259,2,"عطر مالاكيت عطر للمرأة  من ج. كازانوفا 100مل","6281056185208",""
3260,1,"J. Casanova Imperio Oud Eau de Parfum for Men - 100ml","6281056180012",""
3260,2,"عطر امبيــريــو عود للرجل من ج. كازانوفا 100مل","6281056180012",""
3261,1,"J. Casanova Aflov Perfume for Men - 100ml","6281056179993",""
3261,2,"عطرافلوف للرجل من ج. كازانوفا 100مل","6281056179993",""
3262,1,"J. Casanova Hip Hop Eau de Parfum for Men - 100ml","6281056179979",""
3262,2,"عطر هيب هاب للرجل من ج. كازانوفا 100مل","6281056179979",""
3263,1,"Saada Beauty Licorice Soap - 100 ml","6287035850594",""
3263,2,"صابون عرق السوس من سعادة بيوتي - 100 مل","6287035850594",""
3264,1,"Licorice Skin Soothing Cream 170g","6287035850723",""
3264,2,"كريم عرق السوس لتهدئة البشرة 170 جم","6287035850723",""
3266,1,"J. Casanova Hip Hop Perfume for Women - 100ml","6281056179986",""
3266,2,"عطر هيب هوب للمرأة من ج. كازانوفا 100مل","6281056179986",""
3267,1,"J. Casanova Feel Me Perfume for Women - 100ml","6281056180043",""
3267,2,"عطر فيــل مـي للمرأة من ج. كازانوفا 100مل","6281056180043",""
3268,1,"J. Casanova Grace Perfume for Women - 100ml","6281056198246",""
3268,2,"عطر جريس عطر للمرأة من ج. كازانوفا 100مل","6281056198246",""
3269,1,"Supreme Cuir Perfume by J. Casanova - 100ml","6281056199588",""
3269,2,"عطر سوبريم كوير من ج. كازانوفا 100مل","6281056199588",""
3270,1,"Dr. Davey Licorice Root & Aloe Vera Extract Moisturizer 500ml","6921199120680",""
3270,2,"دكتور ديفي مرطب لجذر عرق السوس بخلاصة الصبار 500 مل","6921199120680",""
3271,1,"Dr. Davey Licorice Root Set - 5 Pieces","6921199123063",""
3271,2,"دكتور ديفي مجموعة جذور عرق السوس - 5 قطع","6921199123063",""
3272,1,"Dr. Davey Licorice Root Whitening and Spot Removal Pomade Cream - 150g","6921199121427",""
3272,2,"كريم تبييض جذور عرق السوس وإزالة بقعة بوميد دكتور ديفي  150 جرام","6921199121427",""
3273,1,"Dr. Davey Sunscreen Cream SPF 90 with Licorice Extract – 100g","6921199119516",""
3273,2,"دكتور ديفي كريم واقي شمس بعامل حماية 90 بخلاصة عرق السوس – 100 جم","6921199119516",""
3274,1,"Dr. Davey Licorice Root Oil for Skin Care – 75ml","4897075016557",""
3274,2,"زيت جذر عرق السوس للعناية بالبشرة من دكتور ديفي – 75 مل","4897075016557",""
3276,1,"Bigen Hair Color Powder - Black Brown","4987205000027",""
3276,2,"مسحوق مادة صبغ الشعر اسود بني من بايجن","4987205000027",""
3277,1,"Bigen Powder Hair Dye - Black","4987205000010",""
3277,2,"مسحوق مادة صبغ الشعر اسود من بايجن","4987205000010",""
3279,1,"Bigen Speedy Hair Color Cream - Medium Blonde 70","4549228128128",""
3279,2,"كريم صبغة شعر سريعة أشقر متوسط 70 من بيجن","4549228128128",""
3280,1,"Bigen Cream Hair Color - Brown Black 20","4549228104351",""
3280,2,"كريم صبغة شعر اسود بني  20 من بيجن","4549228104351",""
3281,1,"Bigen Speedy Hair Color Cream - Medium Brown 40","4549228104368",""
3281,2,"كريم صبغة شعر سريعة بني متوسط 40 من بيجن","4549228104368",""
3282,1,"Bigen Hair Color Cream - Dark Ash Blonde 61","4549228128111",""
3282,2,"كريم صبغة شعر أشقر غامق رمادي 61 من بيجن","4549228128111",""
3283,1,"Bigen Hair Color Cream - Natural Black 10","4549228104344",""
3283,2,"كريم صبغة شعر  أسود طبيعي 10 من بيجن","4549228104344",""
3284,1,"Bigen Hair Color Cream - Dark Chestnut 40","4549228104375",""
3284,2,"كريم صبغة شعر  أكستنائي غامق 40 من بيجن","4549228104375",""
3285,1,"Bigen Hair Color Cream - 41 Medium Ash Brown","4549228128081",""
3285,2,"كريم صبغة شعر بني متوسط رمادي 41 من بيجن","4549228128081",""
3286,1,"Bigen Hair Color Cream - Dark Brown 30","4549228128074",""
3286,2,"كريم صبغة شعر بني غامق 30 من بيجن","4549228128074",""
3287,1,"Bigen Speedy Hair Color Cream - Dark Blonde 60","4549228128104",""
3287,2,"كريم صبغة شعر سريعة أشقر غامق 60 من بيجن","4549228128104",""
3288,1,"Bigen Speedy Hair Color Cream - Light Brown 50","4549228128098",""
3288,2,"كريم صبغة شعر بني فاتح 50 من بيجن","4549228128098",""
3290,1,"Laser White Argan Oil Hair Dye Shampoo (Black Brown) - 420ml","6926901802731",""
3290,2,"شامبو صبغة بزيت الأرجان (اسود بني)  من ليزر وايت 420مل","6926901802731",""
3291,1,"MBeauty Intensive Treatment Hand Gloves 18g","8809273160068",""
3291,2,"قفازات المعالجة المكثفة لليدين من ام بيوتي 18ج","8809273160068",""
3292,1,"MBeauty Magic Foot Peeling Mask Intensive 20 Minutes - 18g","8809273160129",""
3292,2,"جوارب سحرية لتقشير القدم مكثف 20 دقيقة من ام بيوتي 18ج","8809273160129",""
3293,1,"Shamsa Natural Hair Removal Sugar Paste - 500g","6281105540217",""
3293,2,"حلاوة شمسا مزيل الشعر الطبيعى 500جرام","6281105540217",""
3294,1,"Yolande Beauty Nude Eyeshadow","6972489969038",""
3294,2,"ظلال العيون نيود من يولاند بيوتي","6972489969038",""
3295,1,"Sunsilk Hydrating Coconut Oil Oil Replacement 300ml","6281006453029",""
3295,2,"بديل الزيت بزيت جوز الهند المرطب من صانسيلك 300مل","6281006453029",""
3296,1,"L'Oreal Elvive Arginine Resist Protein Oil Replacement 300ml","3610340650659",""
3296,2,"بديل الزيت الارجينين البروتين من لوريال300مل","3610340650659",""
3297,1,"L'Oréal Ceramide & Rose of Jericho Extract Oil Replacement - 300ml","3610340028502",""
3297,2,"بديل الزيت السيراميد خلاصة وردة اريحا من لوريال300مل","3610340028502",""
3299,1,"La Roche-Posay Tinted Sunscreen Cream 50ml","3337875797689",""
3299,2,"كريم لاروش بوزيه واقي شمس  ملوّن 50مل","3337875797689",""
3300,1,"La Roche-Posay Fragrance-Free Sunscreen - 50ml","3337875797719",""
3300,2,"واقي شمس بلا عطر من  لاروش بوزيه 50 مل","3337875797719",""
3301,1,"Oradent Mouthwash for Cleaning and Disinfecting with Mint - 250ml","4429747567205",""
3301,2,"اورادينت غسول لتنظيف وتطهير الفم بالنعناع - 250مل","4429747567205",""
3302,1,"Cetaphil Moisturizing Cream for Dry and Sensitive Skin 100g","3499320005661",""
3302,2,"سيتافيل كريم ترطيب البشرة الجافة والحساسة 100g","3499320005661",""
3303,1,"Shea Butter Body Moisturizing Cream - Bubblegum Scent - 250 ml","6253502758069",""
3303,2,"كريم زبدة زبدة الشيا لترطيب البشرة بالعلكة 250 مل","6253502758069",""
3304,1,"Palmer's Hair Styling Cream with Vitamin E and Jojoba Oil 100g","010181060007",""
3304,2,"بالمرز كريم لتصفيف الشعر مع فيتامين هـ وزيت الجوجوبا 100جم","010181060007",""
3305,1,"Vebix Deodorant Cream for Women | 25ml","6223002053919",""
3305,2,"ڤيبكس كريم  مزيل عرق للنساء | 25مل","6223002053919",""
3306,1,"Durex Tingling Pleasure Lubricant 50ml","6295120046197",""
3306,2,"ديوركس مزلق وخزات الإثارة 50 مل","6295120046197",""
3307,1,"Dove Floral Touch Deodorant - 50ml","4800888202918",""
3307,2,"مزيل عرق بلمسة الزهور  من دوف 50 مل","4800888202918",""
3308,1,"Refreshing Cherry Moisturizing Lip Balm 4.25g","083078009496",""
3308,2,"بلسم مرطب للشفاه بنكهة الكرز المنعش 4.25ج","083078009496",""
3309,1,"Glycerin Lip Balm with Vanilla - 10g","6291108710142",""
3309,2,"مرطب شفاه جلسرين بالفانيلا - 10 جرام","6291108710142",""
3310,1,"Relove Metallic Liquid Eyeshadow","5057566518222",""
3310,2,"ظلال عيون سائل ميتاليك من ريلوف","5057566518222",""
3311,1,"Revolution IRL Filter Longwear Foundation - F8","5057566186094",""
3311,2,"كريم أساس أي ار فلتر لونغ وير  F8 من ريفلوشن","5057566186094",""
3312,1,"Revolution Hot Spice Blush Palette","5057566146005",""
3312,2,"مجموعة أحمر الخدود هوت سبايس من ريفلوشن","5057566146005",""
3313,1,"Relove Correct Me Concealer Palette","5057566552141",""
3313,2,"مجموعة خافي العيوب كوريكت مي من ريلوف","5057566552141",""
3314,1,"Revolution Sugar and Spice Blush Palette","5057566145831",""
3314,2,"مجموعة أحمر الخدود  شوجر اند سبايس من ريفلوشن","5057566145831",""
3315,1,"Revolution IRL Filter Longwear Foundation","5057566186155",""
3315,2,"كريم أساس أي ار فلتر لونغ وير من ريفلوشن","5057566186155",""
3316,1,"Revolution Express Nail Polish","5057566152495",""
3316,2,"طلاء أظافر اكسبرس من ريفلوشن","5057566152495",""
3318,1,"Revolution Express Nail Polish - Biscuit Nude","5057566152273",""
3318,2,"طلاء أظافر اكسبرس من ريفلوشن - بيسكت نود","5057566152273",""
3319,1,"Revolution Express Nail Polish","5057566152501",""
3319,2,"طلاء أظافر اكسبرس من ريفلوشن","5057566152501",""
3320,1,"Garnier Nourishing Almond Milk Daily Hydrating Shampoo, 600ml","3610340648779",""
3320,2,"شامبو مرطب يومي بحليب اللوز المغذي من غارنيير ، 600 مل","3610340648779",""
3321,1,"Revolution Express Nail Polish - Hazy Pink","5057566229593",""
3321,2,"طلاء أظافر اكسبرس من ريفلوشن - هازي بينك","5057566229593",""
3323,1,"Revolution Super Blushed Highlighter","5057566511216",""
3323,2,"هايلايتر سوبر بلاشد من ريفولوشن","5057566511216",""
3324,1,"Relove Colour Play Contour Palette - Sugar","5057566479639",""
3324,2,"مجموعة كونتور تحديد الوجه كولور بلاي من ريلوف - شوقر","5057566479639",""
3325,1,"Revolution Express Nail Polish - Ghost White","5057566152174",""
3325,2,"طلاء أظافر اكسبرس من ريفلوشن - قوست وايت","5057566152174",""
3326,1,"NIVEA Moisturizing Cream 60ml","42164104",""
3326,2,"كريم نيفيا مرطب للبشرة60مل","42164104",""
3327,1,"L'Oréal Paris Elvive Dream Long Shampoo with Black Seed - 200ml","3610340653636",""
3327,2,"شامبو الفيف طول الاحلام بالحبة السوداء من لوريال باريس 200 مل","3610340653636",""
3328,1,"Revolution Baby Tint Lip & Cheek Tint - Coral","5057566518260",""
3328,2,"تنت الشفاه و الخدود بيبي تينت من ريفلوشن - كورال","5057566518260",""
3329,1,"L'Oréal Paris Elvive Dream Lengths Shampoo with Castor Oil - 200ml","3610340636646",""
3329,2,"شامبو الفيف طول الاحلام بزيت الخروع من لوريال باريس 200 مل","3610340636646",""
3330,1,"Relove Super Super Fill Lip Liner","5057566496957",""
3330,2,"قلم تحديد الشفاه سوبر فل من ريلوف سوبر","5057566496957",""
3331,1,"Relove Super Fill Lip Liner - Sweet","5057566479998",""
3331,2,"قلم تحديد الشفاه سوبر فل من ريلوف - سويت","5057566479998",""
3332,1,"Relove Color Play Blushed Duo - Sweet (Blush & Highlighter)","5057566511209",""
3332,2,"بلاشر احمر خدود واضاءة هايلايتر كولور بلاي بلشد من ريلوف - سويت","5057566511209",""
3333,1,"Relove Power Brow Fix Gel","5057566555357",""
3333,2,"جل الحواجب باور برو فكس من ريلوف","5057566555357",""
3334,1,"Revolution Re-Loaded Eyeshadow Palette - Neutrals 2","5057566181358",""
3334,2,"باليت ظلال العيون ريلاوديد من ريفلوشن - نيوترالس 2","5057566181358",""
3335,1,"Revolution Re-Loaded Eyeshadow Palette - Iconic Fever","5057566148290",""
3335,2,"باليت ظلال العيون ريلاوديد من ريفلوشن - ايكونيك فيفر","5057566148290",""
3336,1,"Revolution Re-Loaded Eyeshadow Palette - Velvet Rose, Shimmer","5057566092739",""
3336,2,"باليت ظلال العيون ريلود , فلفت روز، وامض من ريفلوشن","5057566092739",""
3337,1,"Revolution Dual Eyebrow Pencil - Medium Brown","5029066098399",""
3337,2,"قلم الحواجب الثنائي من ريفلوشن - بني متوسط","5029066098399",""
3338,1,"Revolution Precisely Eyebrow Pencil - Dark Brown","5057566082266",""
3338,2,"قلم الحواجب بريسايسلي من ريفولوشن - بني غامق","5057566082266",""
3339,1,"Revolution Conceal & Fix Mattifying Clear Face Primer - 30ml","5057566143554",""
3339,2,"برايمر مطفي شفاف للوجه كونسيل اند فيكس من ريفلوشن - 30مل","5057566143554",""
3340,1,"Relove Power Lash Volumizing Mascara","5057566479912",""
3340,2,"ماسكارا تكثيف باول لاش من ريلوف","5057566479912",""
3341,1,"CeraVe SA Smoothing Cleanser for Dry and Rough Skin - 473ml","3337875795456",""
3341,2,"منظف بحمض الساليسيليك للبشرة الجافة والخشنة من سيرافي 473مل","3337875795456",""
3343,1,"CeraVe SA Smoothing Cleanser for Dry and Rough Skin - 236ml","3337875684118",""
3343,2,"منظف بحمض الساليسيليك للبشرة الجافة والخشنة من سيرافي 236مل","3337875684118",""
3344,1,"CeraVe Moisturizing Lotion for Normal to Dry Skin - 562ml","3606000534834",""
3344,2,"لوشن ترطيب للبشرة العادية الى الجافة من سيرافي - 562مل","3606000534834",""
3345,1,"Lipobase Deep Hydrating Cream 200g","7350087731612",""
3345,2,"كريم ليبوبيز للترطيب العميق 200جم","7350087731612",""
3346,1,"Lipobase Deep Hydrating Cream 100g","7350087731520",""
3346,2,"كريم ليبوبيز للترطيب العميق 100جم","7350087731520",""
3349,1,"Relove Slick Flick Liquid Eyeliner - Black","5057566479899",""
3349,2,"قلم كحل سائل سلك فلك من ريلوف - أسود","5057566479899",""
3350,1,"Relove Color Play Eyeshadow Palette - Believe","5057566479974",""
3350,2,"مجموعة ظلال العيون كولور بلاي من ريلوف - بيليف","5057566479974",""
3351,1,"Relove Colour Cult Brow Powder Kit - Dark","5057566501330",""
3351,2,"مجموعة بودرة الحواجب كولور كولت براو من ريلوف - دارك","5057566501330",""
3352,1,"Power Lash Volume Waterproof Mascara - 10 ml","5057566479929",""
3352,2,"ماسكارا باور لاش فوليوم مقاومة للماء - ١٠ مل","5057566479929",""
3353,1,"Relove Sugar Super Fill Lip Liner - Natural","5057566480000",""
3353,2,"قلم تحديد الشفاه سوبر فل من ريلوف شوجر، طبيعي","5057566480000",""
3354,1,"Revolution 5D Lash Waterproof Mascara","5057566498685",""
3354,2,"ماسكارا 5 دي لاش مقاومة للماء من ريفلوشن","5057566498685",""
3355,1,"Revolution Eyebrow Sculpting and Defining Palette - Medium Brown","5057566176422",""
3355,2,"باليت تحديد ورسم الحواجب من ريفلوشن - ميديم براون","5057566176422",""
3356,1,"Revolution Renaissance Flick Liquid Eyeliner - Black 0.8g","5057566282611",""
3356,2,"محدد عيون سائل رينايسانس فليك من ريفلوشن اسود 0.8ج","5057566282611",""
3357,1,"Revolution Brow Soap","5057566223478",""
3357,2,"صابونة الحواجب من ريفلوشن","5057566223478",""
3358,1,"Relove HD Super Matte Banana Setting Powder","5057566589550",""
3358,2,"بودرة تثبيت المكياج اتش دي سوبر مات بنانا من ريلوف","5057566589550",""
3359,1,"Revolution Dual Eyebrow Pencil - Dark Brown","5029066098429",""
3359,2,"قلم الحواجب الثنائي من ريفلوشن - بني غامق","5029066098429",""
3360,1,"Revolution IRL Filter Longwear Foundation (F10.5)","5057566186179",""
3360,2,"كريم أساس أي ار فلتر لونغ وير (f10.5) من ريفلوشن","5057566186179",""
3361,1,"C-Panthen Skin Cream 30g","6222019604893",""
3361,2,"كريم بشرة سى بانثين 30 جرام","6222019604893",""
3362,1,"Pepe Lip and Cheek Blush Tint - 1.4 ml","5057566518277",""
3362,2,"بلاش تينت للشفاه والخدود من بيبي 1.4 مل","5057566518277",""
3363,1,"Relove Baby Gloss Lip Gloss - Sweet","5057566480116",""
3363,2,"قلوس ملمع الشفاه بيبي قلوس من ريلوف - سويت","5057566480116",""
3364,1,"Revolution Kohl Eyeliner Pencil - Black","5057566187909",""
3364,2,"قلم تحديد العين كحل من ريفلوشن - اسود","5057566187909",""
3365,1,"Revolution Clear Liquid Brow Gel","5057566174824",""
3365,2,"جل حواجب سائل شفاف من ريفلوشن","5057566174824",""
3366,1,"Revolution 5D Lash Pow Mascara","5057566544566",""
3366,2,"ماسكرا لاش بو 5 دي من ريفلوشن","5057566544566",""
3367,1,"Relove Baby Gloss Lip Gloss - Glam","5057566480147",""
3367,2,"قلوس ملمع الشفاه بيبي قلوس من ريلوف - قلام","5057566480147",""
3368,1,"Sugar Lip Gloss - 2.2 ml","5057566480123",""
3368,2,"ملمع شفاه شوقر - ٢.٢ مل","5057566480123",""
3369,1,"Revolution Loose Baking Powder - Banana - 32g","5057566072137",""
3369,2,"بودرة تثبيت المكياج من ريفلوشن - بانانا -32غ","5057566072137",""
3370,1,"Revolution 5D Lash Mascara","5057566296496",""
3370,2,"ماسكرا 5 دي من ريفلوشن","5057566296496",""
3371,1,"Revolution Renaissance Waterproof Eyeliner - Black","5057566430623",""
3371,2,"كحل عين رينيسانس المقاوم للماء من ريفلوشن - اسود","5057566430623",""
3372,1,"Revolution Satin Kiss Lipstick - Chauffeur","5057566177054",""
3372,2,"احمر شفاه روج ساتين كيس من ريفلوشن - شوفير","5057566177054",""
3375,1,"Revolution Matte Bomb Liquid Lipstick - Nude Magnet","5057566392198",""
3375,2,"احمر شفاه روج سائل مات بومب ( نود ماغنيت) من ريفلوشن","5057566392198",""
3376,1,"Revolution Relove Kohl Eyeliner (Black)","5057566479851",""
3376,2,"كحل ومحدد عيون(اسود) من ريفولوشن ريلوف","5057566479851",""
3377,1,"Relove Color Play Eyeshadow Palette - Amour","4032274479936",""
3377,2,"مجموعة ظلال العيون كولور بلاي من ريلوف - امبور","4032274479936",""
3378,1,"Revolution Matte Bomb Liquid Lipstick - Lure Red","5057566392204",""
3378,2,"احمر شفاه روج سائل مات بومب  ( لور ريد)من ريفلوشن","5057566392204",""
3379,1,"Relove Lengthening Mascara","5057566501347",""
3379,2,"ماسكرا لتطويل الرموش من ريلوف","5057566501347",""
3380,1,"Revolution Brow Kit - Dark Brown","5057566176408",""
3380,2,"مجموعة الحواجب من ريفلوشن - دارك براون","5057566176408",""
3381,1,"Iklil Abha 5 Care Products","0502358771",""
3381,2,"منتجات العناية من اكليل ابها5","0502358771",""
3382,1,"Keshavar Hair Oil 25ml","8908004703007",""
3382,2,"زيت كيشافار للشعر 25مل","8908004703007",""
3383,1,"L'Oréal Paris Hair Serum Spray - 150ml","3600524042684",""
3383,2,"سيروم شعر بخاخ من لوريال باريس 150مل","3600524042684",""
3384,1,"Garnier Makeup Remover for Sensitive and Combination Skin - 400ml","3600541595125",""
3384,2,"مزيل مكياج للبشرة الحساسة والمختلطة من غارنييه - 400مل","3600541595125",""
3385,1,"La Roche-Posay Retinol Face Serum with Vitamin B3 - 30ml","3337875694469",""
3385,2,"سيروم الوجه الريتينول  مع فيتامين B3. من لاروش بوساي 30مل","3337875694469",""
3386,1,"Kinta Cream for Skin Brightening and Redness Relief - 30g","6118000010029",""
3386,2,"كريم كينتا   لتفتيح البشرة وتخفيف إحمرار الجلد - 30جم","6118000010029",""
3387,1,"Embryolisse Lait-Crème Concentré Moisturizer and Primer 75ml","3350900000011",""
3387,2,"كريم امبريوليس لايت للترطيب المركز وكريم اساس 75مل","3350900000011",""
3388,1,"L'Oréal Elvive Extraordinary Hair Oil Serum - 50ml","3600524026141",""
3388,2,"سيروم وزيت الشعر الفيف اكسترا اورديناري من لوريال 50مل","3600524026141",""
3389,1,"Max Factor Creme Puff Pressed Powder, Candle Glow - 14g","3616302748754",""
3389,2,"بودرة مضغوطة كريم بوف من ماكس فاكتور، كاندل جلو  14 جم","3616302748754",""
3390,1,"Max Factor Creme Puff Pressed Powder - Shade 81 Truly Candle Glow, 14g","3616302748778",""
3390,2,"بودرة مضغوطة كريم بوف  درجة لون 81 تروليمن ماكس فاكتور، كاندل جلو  14 جم","3616302748778",""
3391,1,"Garnier Micellar Cleansing Water for All Skin Types - 400ml","3600541744530","3600541744530"
3391,2,"مزيل مكياج لجميع انواع البشرة من غارنييه - 400مل","3600541744530","3600541744530"
3392,1,"Cetaphil Moisturizing Cream for Dry and Sensitive Skin - 550g","3499320011907",""
3392,2,"كريم سيتافيل المرطب للبشرة الحساسة والجافة 550جم","3499320011907",""
3393,1,"Meso Sertie Red 20ml","8901162140059",""
3393,2,"ميسو سرتيه أحمر 20مل","8901162140059",""
3394,1,"Elica M Acne Cream - Use as Directed by Physician - 30g","06285128000352","2021"
3394,2,"كريم اليكا ام لحب الشباب يستخدم وفقا لتعليمات الطبيب 30 جم","06285128000352","2021"
3395,1,"Colgate Max Fresh Clean Mint Toothpaste 100ml","8718951288881",""
3395,2,"معجون اسنان ماكس فريش كلين منت من كولوجيت 100مل","8718951288881",""
3396,1,"Max Factor Facefinity Compact Foundation (Golden 0.6)","8005610545073",""
3396,2,"كريم اساس مضغوط فيس فينيتي  (جولدن 0.6 )من ماكس فاكتور","8005610545073",""
3397,1,"Max Factor Face Finity Compact Foundation (0.3)","8005610544991",""
3397,2,"كريم اساس مضغوط فيس فينيتي  (0.3 )من ماكس فاكتور","8005610544991",""
3398,1,"Eucerin Hyaluron-Filler Vitamin C Booster Anti-Aging Serum 8ml","4005900598684",""
3398,2,"سيروم هيالورون فيلر فيتامين سي  مضاد للشيخوخة من يوسرين 8مل","4005900598684",""
3399,1,"Garnier Makeup Remover Wipes for Face, Eyes, and Lips - 25 Wipes","3600541834101",""
3399,2,"مناديل ازالة المكياج للوجه والعين والشفاه  من جارنية 25 منديل","3600541834101",""
3400,1,"L'Oréal Paris Ceramide & Rose of Jericho Extract Conditioner 400ml","3600522386179",""
3400,2,"بلسم سيراميد وخلاصة وردة أريحا من لوريال باريس 400مل","3600522386179",""
3401,1,"Carmex Classic Medicated Lip Balm - Pack of 3 (10g each)","083078003142",""
3401,2,"مرطب شفاه كلاسيكي طبي ثلاث عبوات من كارميكس - 10جم","083078003142",""
3402,1,"Mandi Care Wheat Germ Shampoo 400ml","6287020821455",""
3402,2,"شامبو جنين القمح من ماندي كير 400مل","6287020821455",""
3403,1,"Pantho 5 Moisturizing Cream for Dry Skin - 20g","792625755969",""
3403,2,"بانثو 5 كريم مرطب للبشرة الجافة 20جم","792625755969",""
3404,1,"Garnier Honey Treasures Restoring Oil Replacement 300ml","3610340033124",""
3404,2,"بديل الزيت المرمم بفوائد العسل من جارنير 300مل","3610340033124",""
3405,1,"Cetaphil Moisturizing Lotion for Face and Body - 500ml","3499320006545",""
3405,2,"لوشن مرطب للوجه والجسم من سيتافيل - 500مل","3499320006545",""
3406,1,"Dorco Women's Tea Razors - 6 Blades (3+1 Pack)","8801038564524",""
3406,2,"دوركو شفرات نسائية شاي 6 شفرات 3*1","8801038564524",""
3407,1,"Gillette Venus 3 Disposable Razors for Women - 3+1 Free Pack","7702018366262",""
3407,2,"جيليت فينوس 3 حلاقة نسائية كارت 3+1مجانا","7702018366262",""
3409,1,"Max Elegance Eyeshadow 1577","6974361715771",""
3409,2,"ظل عيون ماكس اليجانس 1577","6974361715771",""
3410,1,"Max Eyeshadow","6970364987726",""
3410,2,"ظل عيون ماكس","6970364987726",""
3412,1,"Forever Silicone Cleansing Device","045027",""
3412,2,"جهاز تنظيف سيليكون فور ايفر","045027",""
3413,1,"Essence I Love Extreme Volume Waterproof Mascara","4250947543214",""
3413,2,"ماسكارا اي لوف اكستريم فوليوم ضد الماء من ايسنس","4250947543214",""
3414,1,"Volume Stylist Curl & Hold Mascara - 18h Long-Lasting","4251232221596",""
3414,2,"ماسكرا فوليوم ستايلست كيرل اند هولد تدوم حتى 18 ساعه","4251232221596",""
3415,1,"Essence Double Trouble Waterproof Mascara - Blue","4059729337153",""
3415,2,"ماسكرا دبل تربل ضد الماء من ايسنس - أزرق","4059729337153",""
3416,1,"Diva Monthly Contact Lenses (Toffee)","6286254001336",""
3416,2,"عدسات شهريه (توفي) من ديفا","6286254001336",""
3417,1,"Diva Monthly Contact Lenses - Amande","6286254000346",""
3417,2,"عدسات شهريه (اماندي) من ديفا","6286254000346",""
3418,1,"Diva Monthly Lenses (Cream)","6286254035096",""
3418,2,"عدسات شهريه (كريم) من ديفا","6286254035096",""
3419,1,"Diva Monthly Contact Lenses (Lava)","6286254008717",""
3419,2,"عدسات شهريه (لافا) من ديفا","6286254008717",""
3420,1,"Diva Monthly Contact Lenses (Steel)","6286254036741",""
3420,2,"عدسات شهريه (ستيل) من ديفا","6286254036741",""
3421,1,"Diva Monthly Contact Lenses (Ivory)","6286254003644",""
3421,2,"عدسات شهريه (ايفوري) من ديفا","6286254003644",""
3422,1,"Diva Monthly Contact Lenses - Clay","6286254001992",""
3422,2,"عدسات شهريه (كلاي) من ديفا","6286254001992",""
3423,1,"Diva Monthly Contact Lenses - Olivian","6286254003316",""
3423,2,"عدسات شهريه (اوليفيان) من ديفا","6286254003316",""
3424,1,"Diva Monthly Contact Lenses - Midnight","6286254002982",""
3424,2,"عدسات شهريه (ميد نايت) من ديفا","6286254002982",""
3425,1,"Diva Monthly Lenses (La Mer)","6286254035645",""
3425,2,"عدسات شهريه (لامير) من ديفا","6286254035645",""
3426,1,"Diva Monthly Contact Lenses (Sand)","6286254008168",""
3426,2,"عدسات شهريه (ساند) من ديفا","6286254008168",""
3427,1,"Diva Monthly Lenses (Grace)","6286254002654",""
3427,2,"عدسات شهريه (جريس) من ديفا","6286254002654",""
3428,1,"Diva Monthly Contact Lenses (Navy)","6286254009813",""
3428,2,"عدسات شهريه (نيفي) من ديفا","6286254009813",""
3429,1,"Diva Monthly Contact Lenses (Net)","6286254001008",""
3429,2,"عدسات شهريه (نت) من ديفا","6286254001008",""
3430,1,"Head & Shoulders Almond Oil Shampoo for Dry Scalp Care - 190ml","8001841591407",""
3430,2,"شامبو هيد اند شولدرز باللوز عنايه للفروه الجافة 190 مل","8001841591407",""
3431,1,"L'Oréal Paris Strengthening Hair Shampoo - 400ml","3610340649653",""
3431,2,"شامبو مقوي للشعر من لوريال باريس 400مل","3610340649653",""
3432,1,"Diva Monthly Contact Lenses - Moon","6286254002326",""
3432,2,"عدسات شهريه (موون) من ديفا","6286254002326",""
3433,1,"Diva Monthly Contact Lenses (Woody)","6286254000674",""
3433,2,"عدسات شهريه (وودي) من ديفا","6286254000674",""
3434,1,"Diva Monthly Contact Lenses (Travel)","6286254000018",""
3434,2,"عدسات شهريه (ترافل) من ديفا","6286254000018",""
3435,1,"Diva Monthly Contact Lenses - Amber","6286254009264",""
3435,2,"عدسات شهريه (امبر) من ديفا","6286254009264",""
3436,1,"Diva Monthly Contact Lenses - Cedar","6286254036192",""
3436,2,"عدسات شهريه (سيدار) من ديفا","6286254036192",""
3437,1,"Diva Monthly Contact Lenses (Latte)","6286254001664",""
3437,2,"عدسات شهريه (لاتيه) من ديفا","6286254001664",""
3438,1,"Bigen Hair Color Dark Brown 883","4987205000164",""
3438,2,"صبغة شعر من بيجن بني غامق 883","4987205000164",""
3439,1,"Bigen Hair Color Brown Black - B102","4987205937026",""
3439,2,"صبغة شعر من بيجن أسود بني - B102","4987205937026",""
3440,1,"Casanova Jasmine Hair Oil for Extra Shine and Luster - 210 ml","6281056580911",""
3440,2,"زيت الياسمين كازانوفا لشعر أكثر لمعاناً وبريقاً 210 مل","6281056580911",""
3441,1,"Casanova Sweet Almond Oil","6281056580959",""
3441,2,"زيت اللوز الحلو من كازانوفا","6281056580959",""
3442,1,"Casanova Watercress Hair Oil - 210 ml","6281056580942",""
3442,2,"زيت الجرجير للشعر من كازانوفا 210 مل","6281056580942",""
3444,1,"Casanova Amla Hair Oil - 210 ml","6281056580935",""
3444,2,"زيت املا للشعر من كازانوفا 210 مل","6281056580935",""
3445,1,"Casanova Coconut Hair Oil - 210 ml","6281056580904",""
3445,2,"زيت جوز الهند للشعر من كازانوفا 210 مل","6281056580904",""
3446,1,"Queen Line Nail Cleanser and Polisher 125ml","6291108194331",""
3446,2,"كوين لاين منظف وملمع الاظافر 125 مل","6291108194331",""
3447,1,"Casanova Argan Oil Hair Oil Bath - 500g","6281056559085",""
3447,2,"حمام زيت للشعر بزيت الأرغان من كازانوفا 500 جرام","6281056559085",""
3448,1,"Casanova Cassis & Pomegranate Body Mist - 235ml","6281056500308",""
3448,2,"معطر جسم كاسيس بالرمان .كازانوفا 235مل","6281056500308",""
3449,1,"Casanova Body Mist Cassis & White Musk - 235ml","6281056585961",""
3449,2,"معطر جسم كاسيس مسك ابيض .كازانوفا 235مل","6281056585961",""
3450,1,"Casanova Cassis Touch of Orient Body Mist - 235ml","6281056585954",""
3450,2,"معطر جسم كاسيس تتش اوف اورينت  .كازانوفا 235مل","6281056585954",""
3452,1,"Wella Koliston Hair Color Cream with Argan Oil (Special Light Blonde - 309/0) - 110 ml","4056800869206",""
3452,2,"كريم صبغة شعر كوليستون مع زيت الارغان ( لون اشقر فاتح مميز - 309/0) من ويلا - 110 مل","4056800869206",""
3453,1,"Garnier Color Naturals Crème Permanent Hair Color - 6.60 Intense Red","3610340647147",""
3453,2,"صبغة شعر دائمة كولور ناتشرلز كريم 6.60 أحمر نقي من غارنييه","3610340647147",""
3454,1,"Self-Adhesive Compression Bandage","6943055350192",""
3454,2,"رباط ضاغط لاصق","6943055350192",""
3455,1,"Protein Conditioner for Dry and Damaged Hair - 500ml","8022297095325",""
3455,2,"بلسم بالبروتين للشعر الجاف والتالف 500مل","8022297095325",""
3456,1,"L'Oréal Jojoba Oil Shampoo - 600ml","3610340650901",""
3456,2,"شامبو لوريال بزيت الجوجوبا من لوريال  600 مل","3610340650901",""
3457,1,"Vatika Lemon Shampoo for Normal Hair - 700ml","6291069701968",""
3457,2,"شامبو للشعر العادي بالليمون من فاتيكا 700مل","6291069701968",""
3458,1,"Vatika Aloe Vera Enriched Hair Oil, 300 ml","6291069651041",""
3458,2,"زيت شعر غني بالصبار من فاتيكا، 300 مل","6291069651041",""
3459,1,"Vatika Hair Oil Enriched with Olive Oil, 300 ml","5022496103541",""
3459,2,"زيت شعر غني بزيت الزيتون من فاتيكا، 300  مل","5022496103541",""
3460,1,"Vatika Coconut Enriched Hair Oil, 300 ml","6291069651065",""
3460,2,"زيت شعر غني بجوز الهند من فاتيكا، 300 مل","6291069651065",""
3462,1,"Rimmel London Brow This Way Eyebrow Powder Kit - Dark Brown","3607344535044",""
3462,2,"مجموعة بودرة الحواجب ريميل لندن برو ذيس واي - بني غامق","3607344535044",""
3463,1,"Eucerin Intensive Repair Lotion for Very Dry Skin - 500ml","072140110161",""
3463,2,"لوشن الاصلاح المكثف للبشره شديدة الجفاف من يوسيرين 500مل","072140110161",""
3464,1,"Eucerin Original Body Lotion for Very Dry Skin, Fragrance-Free - 500 ml","072140110208",""
3464,2,"لوشن الجسم الأصلي للبشرة الجافة جدا خالي من العطور من يوسيرين - 500 مل","072140110208",""
3465,1,"Moisturizing Sunscreen Lotion 500ml","072140012083",""
3465,2,"لوشن الترطيب اليومي بعامل حماية من الشمس 15 خالٍ العطور 500 مل","072140012083",""
3466,1,"Laser White Fast Whitening Cream and Melasma & Dark Spot Corrector - 50 ml","8857101159517",""
3466,2,"كريم المبيض السريع ومصحح الكلف والمناطق الداكنه  للبشرة  من ليزر وايت  50 مل","8857101159517",""
3467,1,"Fashion Care Contact Lens Solution 120ml","8905702001206",""
3467,2,"فاشن كير محلول عدسات 120 مل","8905702001206",""
3468,1,"Diva Contact Lens Solution - 100 ml","6286254010369",""
3468,2,"محلول عدسات  ديفا 100 مل","6286254010369",""
3469,1,"Makeda Plus Vaginal Douche","6931718128134",""
3469,2,"دش مهبلى ماكيدا بلص","6931718128134",""
3470,1,"Eucerin Anti-Aging Sunscreen (SPF 50)","4005800145193","4005800147388"
3470,2,"واقي  شمس المضاد للشيخوخة (SPF 50) من يوسيرين","4005800145193","4005800147388"
3471,1,"Avène - Fragrance-Free Sunscreen Cream for Women, 50ml","3282770149494",""
3471,2,"أفين - كريم واقي من الشمس للنساء خال من العطر 50 مل","3282770149494",""
3472,1,"Laser White Vitamin C Serum for Face Whitening and Pore Tightening - 30 ml","8859362510762",""
3472,2,"ليزر وايت سيروم فيتامين سي لتبييض الوجه وشد المسام 30 مل","8859362510762",""
3473,1,"Ducray Keracnyl Repair Moisturizing Cream for Acne-Prone Skin - 50 ml","3282770037418",""
3473,2,"كريم مرطب لعلاج حب الشباب من دوكراي كيراكنيل - 50 مل","3282770037418",""
3474,1,"Co Fix Care Intimate Area Whitening and Glowing Lotion - 120 ml","697794487225",""
3474,2,"لوشن تفتيح وتوريد المناطق الحميمة من كو فيكس كير 120 مل","697794487225",""
3476,1,"Day Cream with Sunscreen for Dry Skin - 50ml","6285074003759",""
3476,2,"كريم نهاري مع واقي شمس للوجه للبشرة الجافة 50 مل","6285074003759",""
3477,1,"Casanova Hair Removal Cream with Lemon - 60g","6281056502760",""
3477,2,"كريم ازلة الشعر ليمون من كازانوف  60جم","6281056502760",""
3478,1,"Saffron Hair Moisturizing Oil - 30ml","8964000114797",""
3478,2,"زيت لترطيب الشعر زعفران 30 مل","8964000114797",""
3479,1,"Vagisil Odor Block Deodorant Spray for Intimate Areas - Peach Blossom 73g","011509060570",""
3479,2,"بخاخ فاجيسيل مزيل عرق المناطقه الحساسه بروائح عطرية جاف بزهر الخوخ 73 جم","011509060570",""
3480,1,"Casanova Hair Removal Cream Rose - 60g","6281056502753",""
3480,2,"كريم ازلة الشعر ورد من كازانوف  60جم","6281056502753",""
3481,1,"Eucerin Hydrating and Anti-Wrinkle Gel","4005800258404",""
3481,2,"جل ترطيب ومكافحة التجاعيد من يوسيرين","4005800258404",""
3482,1,"QV Body Moisturizer for Sensitive and Extremely Dry Skin - 100g","9314839016806",""
3482,2,"مرطب للجسم للبشره الحساسه وشديدة الجفاف من كيوفي 100جم","9314839016806",""
3484,1,"Vichy Ideal White Skin Whitening Cream 30ml","3337875609586",""
3484,2,"كريم ايديال وايت  لتفتيح البشرة من فيتشي 30مل","3337875609586",""
3485,1,"Day & Night Lip Hydrating Oil with SPF","6927545974402",""
3485,2,"زيت ترطيب شفايف ليلي ونهاري مع عامل حماية من اشعة الشمس","6927545974402",""
3488,1,"Ducray Kelual DS Anti-Dandruff Treatment Shampoo, 100 ml","3282770140453",""
3488,2,"شامبو  مضاد للقشرة كيلوال دي اس من دوكراي، 100 مل","3282770140453",""
3489,1,"Laser White Charcoal Nose Mask for Blackhead Removal","8857101158664",""
3489,2,"قناع الانف بخلاصة الفحم لإزالة الرؤس السودا من ليزر وايت","8857101158664",""
3490,1,"Ducray Ictyane Hand Cream for Dry Skin (50 ml)","3282770203455",""
3490,2,"كريم اليدين للبشرة الجافه ايكتيان  من دوكري(50 مل)","3282770203455",""
3491,1,"Laser White Lip and Cheek Tint Gel","8859362505799",""
3491,2,"جل مورد للشفاه والخدود من ليزر وايت","8859362505799",""
3492,1,"Cococare Cocoa Butter Rich Formula Cream for Dry, Rough Skin and Wrinkles - 110g","075707090753",""
3492,2,"كريم بتركيبة غنية بزبدة الكاكاو من كوكوكير للبشرة الجافه والخشنه والتجاعيد 110جم","075707090753",""
3493,1,"Al Arayess Makeup Remover Cotton Pads - 120 Round Pads","6287011270408",""
3493,2,"قطن العرايس تنظيف المكياج 120 قرص دائري","6287011270408",""
3494,1,"Soskin Purifying Cleansing Gel for Oily Skin - 250 ml","3760019120560",""
3494,2,"جل من سوسكين منظف الوجه للبشرة الدهنية - 250 مل","3760019120560",""
3495,1,"Carefree Fresh Scent Pantyliners, 100% Breathable - 56 Pieces","3574660322613",""
3495,2,"فوط ذات عطرمنعش قابلية للتهوية 100% من كيرفري 56قطعة","3574660322613",""
3496,1,"Glutathione and Kojic Acid Oil for Body and Sensitive Areas by Sara Beauty","6973317005614",""
3496,2,"زيت الجلوتاثيون وحمض الكوجيك للجسم والمناطق الحساسه من سارة بيوتي","6973317005614",""
3497,1,"JP 3-in-1 Argan Oil Hair Dye Shampoo (Black) - 25ml","799439315594",""
3497,2,"شامبو صبغة شعر بزيت الارجان 3 في 1 من جيه بي (اسود)- سعة 25 مل","799439315594",""
3498,1,"Eucerin Hyaluron-Filler Purifying Toner - 200ml","4005808583539",""
3498,2,"تونر بالهالورينك لتنقية البشرة من يوسرين- 200مل","4005808583539",""
3499,1,"The Ordinary Niacinamide 10% + Zinc 1% Serum - 30ml","769915190311",""
3499,2,"سيروم النيكوتيناميد 10% + زنك 1% من ذا اوردينري 30مل","769915190311",""
3500,1,"Karaja Compact Powder No. 7","8032539241878",""
3500,2,"بودرة كراجا مضغوطة رقم 7","8032539241878",""
3501,1,"Karaja Compact Powder No. 11","8032539242943",""
3501,2,"بودرة كراجا مضغوطة رقم 11","8032539242943",""
3502,1,"Karaja Compact Powder No. 04","8032539241847",""
3502,2,"بودرة كراجا مضغوطة رقم 04","8032539241847",""
3503,1,"Karaja Compact Powder No. 05","8032539241854",""
3503,2,"بودرة كراجا مضغوطة رقم 05","8032539241854",""
3504,1,"Karaja Pressed Powder No. 12","8032539242950",""
3504,2,"بودرة كراجا مضغوطة رقم 12","8032539242950",""
3505,1,"Karaja Nail Polish 519 - Italian Made","8058150554692",""
3505,2,"مناكير كراجا 519 ايطالي","8058150554692",""
3506,1,"Karaja Nail Polish 533 - Italian Made","8058150554753",""
3506,2,"مناكير كراجا 533 ايطالي","8058150554753",""
3507,1,"Karaja Nail Polish 535 - Italian Made","8058150554760",""
3507,2,"مناكير كراجا 535 ايطالي","8058150554760",""
3508,1,"Karaja Nail Polish 531 - Italian Made","8058150554746",""
3508,2,"مناكير كراجا 531 ايطالي","8058150554746",""
3509,1,"Karaja Nail Polish 529 - Italian Made","8058150554739",""
3509,2,"مناكير كراجا 529 ايطالي","8058150554739",""
3510,1,"Karaja Nail Polish 101 - Italian","8058150554647",""
3510,2,"مناكير كراجا 101 ايطالي","8058150554647",""
3511,1,"Karaja Nail Polish 528 - Italian Made","8058150554722",""
3511,2,"مناكير كراجا 528 ايطالي","8058150554722",""
3512,1,"Karaja Nail Polish 25 - Italian","8032539242332",""
3512,2,"مناكير كراجا 25 ايطالي","8032539242332",""
3513,1,"Karaja Nail Polish 25 - Italian Made","8032539249805",""
3513,2,"مناكير كراجا 25 ايطالي","8032539249805",""
3514,1,"Karaja Nail Polish 54 - Italian Made","8032539248983",""
3514,2,"مناكير كراجا 54 ايطالي","8032539248983",""
3515,1,"Karaja Nail Polish 521 - Italian Made","8058150554708",""
3515,2,"مناكير كراجا 521 ايطالي","8058150554708",""
3517,1,"Karaja Nail Polish 34 - Italian","8032539248945",""
3517,2,"مناكير كراجا 34 ايطالي","8032539248945",""
3519,1,"Karaja Nail Polish 524 - Italian Made","8058150554715",""
3519,2,"مناكير كراجا 524 ايطالي","8058150554715",""
3520,1,"Karaja Nail Polish 104 - Italian Made","8058150554654",""
3520,2,"مناكير كراجا 104 ايطالي","8058150554654",""
3521,1,"Bigen Permanent Powder Hair Color - Chestnut Brown","4987205958021",""
3521,2,"مسحوق مادة صبغ للشعر - بني كستنائي من بيجن","4987205958021",""
3522,1,"Kuwait Shop Moroccan Desert Indigo Mask","2781214012062",""
3522,2,"قناع بالنيلة المغربية الصحرواية من كويت شوب","2781214012062",""
3523,1,"Palmer's Cocoa Butter Formula Smoothing Cream for Rough Skin - 200g","010181040085",""
3523,2,"بالمرز كريم بالكاكاو منعم للبشرة الخشنة 200 جرام","010181040085",""
3524,1,"Princess Shamsi Ultra Hair Styling Spray 300ml","6281056501411",""
3524,2,"برنسيس شمسي بخاخ مثبت الشعر الترا 300مل","6281056501411",""
3525,1,"Beesline Roll-On Breeze Freshness 50ml","5281018003183",""
3525,2,"بيزلين رول انتعاش النسيم  50مل","5281018003183",""
3527,1,"L'Oreal Elvive Color Protect Shampoo - 600ml","3610340651410",""
3527,2,"شامبوالفيف لحماية اللون  من لوريال  600 مل","3610340651410",""
3528,1,"Laser White Argan Oil Hair Color Shampoo (Natural Brown) 420ml","6926901802106",""
3528,2,"شامبو صبغة بزيت الأرجان ( بني طبيعي) من ليزر وايت 420مل","6926901802106",""
3529,1,"L'Oréal Elvive Total Repair Shampoo - 370ml","7509552847987",""
3529,2,"شامبو الفيف ريبادور من لوريال  370مل","7509552847987",""
3530,1,"Kuwait Shop Mahlab Shampoo 450ml","2781214011041",""
3530,2,"شامبو المحلب من كويت شوب 450مل","2781214011041",""
3531,1,"Mahmoud Saeed Eyeliner, Deep Black, (Liquid Kohl)","6281056335306",""
3531,2,"قلم تحديد العين محمود سعيد، اسود داكن، (كحل سائل)","6281056335306",""
3533,1,"Lacalut Aktiv Toothpaste, 75g","4016369546703",""
3533,2,"معجون اسان لاكالوت  اكتيف ، 75 جرام","4016369546703",""
3534,1,"Parodontax Toothpaste, 75g","9502930975287",""
3534,2,"معجون اسان بارودونتكس  ، 75 جرام","9502930975287",""
3535,1,"Bourjois Twist Extreme Fiber Mascara - 24 Black, 8ml","3614228412537",""
3535,2,"ماسكارا تويست اكستريم فايبر من بورجوا 24 لون اسود 8 مل","3614228412537",""
3536,1,"Vaseline Lip Therapy Rosy Lips - 7g","305210231597",""
3536,2,"مرطب شفاة  فازلين روز 7جم","305210231597",""
3537,1,"Flexitol Lip Balm 10g","9317129040864",""
3537,2,"مرطب شفاة فليكسينول 10جم","9317129040864",""
3538,1,"Val Soap with Shea Butter and Candy Scent - 90g","6253502758083",""
3538,2,"صابون فال بزبدة الشيا ونكهة الكاندي 90جم","6253502758083",""
3539,1,"Dr. Davey Licorice Root Whitening Cream 150ml","6921199122363",""
3539,2,"كريم تبييض جذور عرق السوس من دكتور ديفي 150مل","6921199122363",""
3540,1,"Minoxidil Hair Treatment Solution 5% - 60ml","017933",""
3540,2,"محلول مينو كسيل لعلاج الشعر 5% 60مل","017933",""
3541,1,"Emjoi Body Shaver Set, Purple AP-17SRD","7912681702452",""
3541,2,"مجموعة ماكينة حلاقة للجسم من إمجوي، بنفسجي AP-17SRD","7912681702452",""
3542,1,"Emjoi Hair Removal Device for Women - AP-14RHP","791268140453",""
3542,2,"جهاز ازالة الشعر للنساء من امجوي - AP-14RHP","791268140453",""
3543,1,"Emjoi Hair Removal Device for Women - AP-14RWT","791268140446",""
3543,2,"جهاز ازالة الشعر للنساء من امجوي - AP-14RWT","791268140446",""
3544,1,"Emjoi Depl Pedi Rechargeable Hair Remover for Women - AP-14RP","6281172023453",""
3544,2,"جهاز ازالة الشعر ديبل بيدي قابل لاعادة الشحن للنساء من امجوي - AP-14RP","6281172023453",""
3545,1,"Disaar Anti-Hair Loss and Hair Darkening Shampoo – 200ml","6932511215700",""
3545,2,"شامبو ديسار للشعر المضاد لتساقط الشعر وتسويد الشعر  – 200 مل","6932511215700",""
3546,1,"Neutrogena Water Gel for Normal to Combination Skin - 50ml","3574661287263",""
3546,2,"جل مائي للبشرة العادية والمختلطةمن نيتروجينا - 50مل","3574661287263",""
3547,1,"Arganmidas Moroccan Argan Oil Shampoo for Color-Damaged Hair Treatment - 450ml","2040232095120",""
3547,2,"شامبو زين الاركان المغربي لمعالجة الشعر التالف الناتج عن الصبغة من ارجان ميداس - 450مل","2040232095120",""
3548,1,"Rio Face Purifying, Brightening & Smoothing Soap 80g","5019091500462",""
3548,2,"صابون تنقية وتفتيح وتنعيم الوجه 80 جم - ريو","5019091500462",""
3549,1,"Princess Shamsi Hair Spray Extra Hold 90ml","6281056589952",""
3549,2,"برنسيس شمسي بخاخ مثبت الشعر اكسترا 90 مل","6281056589952",""
3550,1,"Caro White Skin Whitening and Brightening Soap 180g","9501101370968",""
3550,2,"كارو وايت صابون تبيض وتفتيح البشرة 180 غرام","9501101370968",""
3551,1,"3-Ply Black Face Mask (50 Pieces)","6287027490203",""
3551,2,"كمامة وجه لون اسود بثلاث طبقات (50 حبة)","6287027490203",""
3552,1,"Blue 3-Ply Face Mask (50 Pieces)","6287027490050",""
3552,2,"كمامة وجه لون ازرق بثلاث طبقات (50 حبة)","6287027490050",""
3553,1,"Energy Cosmetics Cracked Foot and Elbow Treatment Cream - 100 ml","6291100279173",""
3553,2,"كريم معالج لتشققات القدمين والمرفق من انرجي كوزمتكس 100 مل","6291100279173",""
3554,1,"Vaseline Intensive Care Hand and Nail Lotion - 100ml","305210041837",""
3554,2,"لوشن العناية المركزة لليد والاظافر من فازلين 100مل :","305210041837",""
3555,1,"Caro White Skin Whitening and Brightening Cream - 500ml","6181100530049",""
3555,2,"كريم كارو وايت لتبيض وتفتيح البشرة 500 مل","6181100530049",""
3556,1,"Caro White Skin Lightening Lotion 500ml","6181100530001",""
3556,2,"لوشن تفتيح كارو وايت  البشرة 500 مل","6181100530001",""
3557,1,"Deepest Foot Repair and Crack Treatment Cream - 100ml","1238590101299",""
3557,2,"كريم ترميم ومعالجة تشققات القدمين ديبيست 100 مل","1238590101299",""
3558,1,"Karaja Nail Polish 35 - Italian","8032539248952",""
3558,2,"مناكير كراجا 35 ايطالي","8032539248952",""
3559,1,"Gillette Mach3 Manual Razor","7702018029655",""
3559,2,"جيليت ماكينة الحلاقة اليدوية جيليت ماك 3","7702018029655",""
3560,1,"Phernveita Aqua Peeling Face Brightening Mask with Vitamin E - 1 Mask","8809412861399",""
3560,2,"قناع أكوا بيلنج لتفتيح لون بشرة الوجه بفيتامين هـ من فيرنفيتا -1 قناع","8809412861399",""
3561,1,"Purnavita Plum & Vitamin E Hydrating Face Mask - 1 Sheet","8809412861375",""
3561,2,"قناع البرقوق وفيتامين هـ لترطيب البشرة من فيرنفيتا - قناع واحد","8809412861375",""
3563,1,"Fernvita Gold Water Mask for Skin Radiance - 1 Mask","8809412861900",""
3563,2,"قناع ماء الذهب لنضارة البشرة من فيرنفيتا - قناع واحد","8809412861900",""
3564,1,"I'm Sorry For My Skin Honey Beam Ampoule - 30ml","8809626560750",""
3564,2,"سيروم العسل لتبيض البشرة من ام سوري فور ماي سكين 30مل","8809626560750",""
3565,1,"Fernvita Pro Semi-Gel Mugwort Madeca Hydrating Mask - 1 Sheet","8809653720219",""
3565,2,"قناع برو سيميجيل موجورت ماديكا لترطيب البشرة من فيرنفيتا - قناع واحد","8809653720219",""
3566,1,"Frain Vita Mask with Green Tea and Olive 27g","8809653720202",""
3566,2,"فراين فيتا ماسك بالشاهي الاخضر والزيتون 27جم","8809653720202",""
3570,1,"Fernvita Volcanic Ash & Vitamin F Purifying Face Mask","8809412861474",""
3570,2,"قناع الرماد البركاني وفيتامين ف لتنقية البشرة من فيرنفيتا","8809412861474",""
3571,1,"Phernveita Pro Semi-Gel Gold & Aloe Vera Mask - 1 Mask","8809653720226",""
3571,2,"قناع برو سيميجل بالذهب والصبار من فيرنفيتا - قناع واحد","8809653720226",""
3572,1,"Fernvita Royal Tea & Milk Mask - 1 Sheet","8809653720028",""
3572,2,"قناع الشاي والحليب الملكي من فيرنفيتا - قناع واحد","8809653720028",""
3573,1,"Phernveita Caviar & Vitamin B Anti-Wrinkle Mask - 1 Sheet","8809412861450",""
3573,2,"قناع الكافيار وفيتامين ب لمقاومة التجاعيد من فيرنفيتا - قناع واحد","8809412861450",""
3574,1,"Fernvita Vitamin C Whitening Mask","8809412861412",""
3574,2,"قناع التبييض بفيتامين سي من فيرنفيتا","8809412861412",""
3576,1,"Glow Girl Rose Water for Hair and Body 200 ml - GGL09","8858854652126",""
3576,2,"جلو جيرل ماء ورد للشعر والجسم 200 مل - GGL09","8858854652126",""
3577,1,"Luster 225 Vitamin C Extract Soap - 100g","8858854652225",""
3577,2,"صابون خلاصة فيتامين سي 100ج من لستر 225","8858854652225",""
3578,1,"Luster Collagen Soap 100g - 133","8858854652133",""
3578,2,"صابون بالكولاجين 100ج من لستر 133","8858854652133",""
3579,1,"Luster Vitamin C and Collagen Soap - 100g","8858854652058",""
3579,2,"صابون فيتامين سي والكولاجين 100ج من لستر","8858854652058",""
3580,1,"Luster Thai Soap for Sensitive and Rough Areas - 100g","8858854652065",""
3580,2,"صابون تايلندي للمناطق الحساسة والخشنة  100ج من لستر","8858854652065",""
3581,1,"Luster Coffee Soap for Body and Face - 100g","8858854652072",""
3581,2,"صابون كوفي للجسم والوجه 100ج من لستر","8858854652072",""
3582,1,"Luster Vitamin C Makeup Remover - 125 ml","8858854652027",""
3582,2,"مزيل مكياج بخلاصة فيتامين سي من لستر 125 مل","8858854652027",""
3583,1,"Luster Vitamin C Smoothing and Brightening Soap - 100g","8858854652157",""
3583,2,"صابون فيتامين سي منعم ومبيض 100ج من لستر","8858854652157",""
3584,1,"Luster Golo Girl Whitening Soap 100g","8858854652201",""
3584,2,"صابون جولو جيرل مبيض 100ج من لستر","8858854652201",""
3585,1,"Luster Blue Nila and Argan Soap","8858854652089",""
3585,2,"صابون النيلة الزرقاء والارجان من لستر","8858854652089",""
3586,1,"Luster Vitamin C Facial Cleanser - 100g","8858854652195",""
3586,2,"غسول وجه بخلاصة فيتامين سي 100ج من لستر","8858854652195",""
3587,1,"Luster Fruit Soap for Body and Skin Whitening","8858854652096",""
3587,2,"صابون الفواكه لتبيض الجسم والبشرة من لستر","8858854652096",""
3588,1,"Luster Nail Polish Remover - 180ml","018121",""
3588,2,"مزيل مناكير 180مل من لستر","018121",""
3589,1,"Parachute Coconut Hair Oil - 175ml","8901088200714",""
3589,2,"زيت الشعر جوز الهند من باراشوت 175مل","8901088200714",""
3590,1,"Parachute Coconut Hair Oil - 300 ml","8901088149587",""
3590,2,"زيت جوز الهند للشعر من باراشوت بسعة 300 مل","8901088149587",""
3591,1,"Parachute Coconut Hair Oil with Biotin, 300 ml","8901088212595",""
3591,2,"زيت جوز الهند للشعر بالبيوتين, 300 مل من باراشوت","8901088212595",""
3592,1,"Parachute Coconut Hair Oil with Keratin Protein - 300ml","8901088210553",""
3592,2,"زيت جوز الهند للشعر بروتين الكيراتين من باراشوت 300 مل","8901088210553",""
3593,1,"Parachute Advansed Comprehensive Extract Hair Oil - 300ml","8901088046442",""
3593,2,"زيت بالخلاصة الشاملة من باراشوت بسعة 300 مل","8901088046442",""
3594,1,"Parachute Advansed Hair Oil with Keratin and Coconut - 170 ml","8901088210560",""
3594,2,"زيت الشعر ادفانسد بالكيراتين وجوز الهند من باراشوت 170 مل","8901088210560",""
3595,1,"Parachute 100% Pure Coconut Oil - 450ml","8901088200721",""
3595,2,"زيت جوز هند نقي 100% من باراشوت - 450مل","8901088200721",""
3596,1,"Parachute Coconut Hair Oil - 1 Liter","8901200100052",""
3596,2,"زيت جوز الهند للشعر  من باراشوت 1لتر","8901200100052",""
3597,1,"Parachute Coconut Hair Oil - 600 ml","8901088026277",""
3597,2,"زيت جوز الهند للشعر من باراشوت 600 مل","8901088026277",""
3598,1,"Parachute Coconut Hair Oil - 450 ml","8901200100045",""
3598,2,"زيت جوز الهند للشعر من باراشوت 450 مل","8901200100045",""
3599,1,"Parachute Coconut and Aloe Vera Hot Oil Treatment for Damaged Hair - 500ml","8901088055314",""
3599,2,"حمام زيت جوز الهند والصبار للشعر التالف من باراشوت 500مل","8901088055314",""
3600,1,"Parachute Coconut Hot Oil Treatment for Thick and Strong Hair - 500ml","8901088030397",""
3600,2,"حمام زيت جوز الهند  لشعر سميك وقوي من باراشوت 500مل","8901088030397",""
3601,1,"Parachute Virgin Organic Coconut Oil 500ml","8901088095860",""
3601,2,"زيت جوز الهند العضوي البكر من باراشوت 500 مل","8901088095860",""
3602,1,"Parachute Extra Virgin Coconut Oil - 500 ml","8901088150521",""
3602,2,"زيت جوز الهند البكر الممتاز من باراشوت - 500 مل","8901088150521",""
3603,1,"Parachute Extra Virgin Coconut Oil with Vitamin E & F - 200ml","8901088200837",""
3603,2,"زيت جوز الهند البكر الممتاز بفيتامين ه و ف من باراشوت 200مل","8901088200837",""
3604,1,"Parachute Extra Virgin Coconut Oil Skin Moisturizer 200ml","8901088167932",""
3604,2,"زيت جوز الهند البكر الممتاز مرطب البشرة من باراشوت 200مل","8901088167932",""
3605,1,"Parachute Gold Coconut Hair Oil 400ml + 100ml Free","8901088110266",""
3605,2,"زيت الشعر باراشوت ذهبي بجوز الهند 400+مجان100 مل","8901088110266",""
3606,1,"Parachute Amla Hair Oil with Coconut and Almond - Buy 1 Get 1 Free (300ml + 190ml)","8901088141956",""
3606,2,"زيت الشعر املا بجوز الهند واللوز من باراشوت اشتر 1 واحصل على 1 مجانا  300مل + 190مل","8901088141956",""
3607,1,"Parachute Coconut Hair Oil Enriched with Argan - 300ml","8901088168861",""
3607,2,"زيت جوز الهند للشعر الغني بالارغان من باراشوت - 300 مل","8901088168861",""
3608,1,"Parachute Coconut Hair Oil Enriched with Almond - 300ml","8901088201315",""
3608,2,"زيت جوز الهند للشعر الغني باللوز من باراشوت 300مل","8901088201315",""
3609,1,"Parachute Coconut Oil Enriched with Shea for Color-Treated Hair - 300ml","8901088168885",""
3609,2,"زيت جوز الهند الغني بالشيا للشعر المصبوغ من باراشوت 300مل","8901088168885",""
3610,1,"Parachute Coconut Hair Oil Enriched with Onion - 200ml","8901088203913",""
3610,2,"زيت جوز الهند للشعر الغني بالبصل من باراشوت - 200 مل","8901088203913",""
3611,1,"Parachute Aloe Vera Enriched Coconut Hair Oil - 250ml","8901088080293",""
3611,2,"زيت جوز الهند للشعر الغني بالصبار  من باراشوت 250مل","8901088080293",""
3612,1,"Bourjois Healthy Mix Foundation - 50 Rose Ivory, 30ml","3614223218493",""
3612,2,"كريم الاساس هيلثي ميكس  من بورجوا 50 فانيليا فاتح، 30 مل","3614223218493",""
3613,1,"Bourjois Healthy Mix Foundation - No. 54, 30ml","3616303397265",""
3613,2,"كريم اساس هلثي مكس رقم 54 من بورجوا  30 مل","3616303397265",""
3614,1,"Maybelline Fit Me Liquid Foundation - Shade 128","6902395718338",""
3614,2,"كريم اساس فيت مي سائل من ميبلين رقم 128","6902395718338",""
3615,1,"Maybelline Fit Me Liquid Foundation - Shade 115","6902395646860",""
3615,2,"كريم اساس فيت مي سائل من ميبلين رقم 115","6902395646860",""
3616,1,"Maybelline Fit Me Liquid Foundation - Shade 130","6902395742203",""
3616,2,"كريم اساس فيت مي سائل من ميبلين رقم 130","6902395742203",""
3617,1,"Maybelline Fit Me Liquid Foundation - Shade 138","6902395742357",""
3617,2,"كريم اساس فيت مي سائل من ميبلين رقم 138","6902395742357",""
3618,1,"Maybelline Fit Me Liquid Foundation - Shade 120","6902395646877",""
3618,2,"كريم اساس فيت مي سائل من ميبلين رقم 120","6902395646877",""
3619,1,"Maybelline Fit Me Liquid Foundation - Shade 125","6902395646891",""
3619,2,"كريم اساس فيت مي سائل من ميبلين رقم 125","6902395646891",""
3620,1,"Maybelline Fit Me Liquid Foundation - Shade 118","6902395735151",""
3620,2,"كريم اساس فيت مي سائل من ميبلين رقم 118","6902395735151",""
3621,1,"Rimmel London Brow This Way Eyebrow Sculpting Kit – 002 Medium Brown","3607344535037",""
3621,2,"باليت رسم وتحديد الحواجب براو ذس واي من ريميل لندن – بني متوسط 002","3607344535037",""
3622,1,"Parachute Gold Hair Cream Offer 140ml 1+1","8901088134927",""
3622,2,"عرض كريم بارشوت جولد 140مل 1+1","8901088134927",""
3623,1,"Parachute Gold Hair Cream Offer 140ml 1+1","8901088137539",""
3623,2,"عرض كريم بارشوت جولد 140مل 1+1","8901088137539",""
3624,1,"Parachute Gold Hair Cream Offer 140ml 1+1","8901088137546",""
3624,2,"عرض كريم بارشوت جولد 140مل 1+1","8901088137546",""
3625,1,"4-in-1 Derma Roller Skin Care Set - 0.5mm","6287033030080",""
3626,1,"Emjoi Opti Mini Shaver for Curved and Small Areas","791268960037",""
3626,2,"ماكينة حلاقة اوبتي ميني  للمناطق المنحنية والصغيرة من  إمجوي","791268960037",""
3627,1,"Emjoi EpiMini Shaver for Girls","791268970012",""
3627,2,"ماكينة حلاقة ابيميني للبنات من  إمجوي","791268970012",""
3628,1,"Minerva Face Cream 30g","8422230021921",""
3628,2,"كريم الوجه مينرفا 30جم","8422230021921",""
3629,1,"Oral-B 123 Toothbrush","3014260807214",""
3629,2,"فرشاة أسنان 123 من اورال بي","3014260807214",""
3630,1,"PanOxyl Acne Creamy Wash, Benzoyl Peroxide 4%, 156g","303160227066",""
3630,2,"غسول رغوي لحب الشباب بانوكسويل بيروكسيد 4 %‏   156جم","303160227066",""
3631,1,"Dabur Amla Hair Oil - World's No. 1 - 200ml","5022496102001",""
3631,2,"زيت شعر دابر املا رقم (1)في العالم 200 مل","5022496102001",""
3632,1,"Dabur Amla Hair Oil - World's No. 1 - 360ml","5022496103411",""
3632,2,"زيت شعر دابر املا رقم (1)في العالم 360 مل","5022496103411",""
3633,1,"Dabur Amla Jasmine Hair Oil 200ml","5022496112000",""
3633,2,"زيت شعر دابر املا بالياسمين 200مل","5022496112000",""
3634,1,"Dabur Amla Gold Hair Oil 200ml","6291069007107",""
3634,2,"زيت شعردابر املا الذهبي200 مل","6291069007107",""
3635,1,"Dabur Amla Gold Hair Oil 300ml","6291069007206",""
3635,2,"زيت شعردابر املا الذهبي300 مل","6291069007206",""
3636,1,"Original Japanese Goriki Large Hair Pin Box","4957415900615",""
3636,2,"علبة دبوس شعر goriki ياباني كبير اصلي","4957415900615",""
3637,1,"Nivea Soft Moisturizing Cream for Body, Face, and Hands - 50 ml","42207269",""
3637,2,"كريم مرطب نيفيا سوفت للجسم والوجه واليدين 50 مل","42207269",""
3638,1,"Some By Mi AHA, BHA, PHA 30 Days Miracle Acne Clear Foam 100ml","8809647390091",""
3638,2,"رغوة تنظيف حب الشباب باحماض الفا وبيتا وبولي هيدروكسي 30 يوم من سوم باي مي 100مل","8809647390091",""
3639,1,"Some By Mi AHA, BHA, PHA 30 Days Miracle Cleansing Bar 95g","8809408260793",""
3639,2,"صابون المعجزة باحماض الفا وبيتا وبولي هيدروكسي 30 يوم لتنظيف البشرة من سوم باي مي 95ج","8809408260793",""
3640,1,"Gillette Blue 2 Plus Disposable Razors for Men - 15 + 5 Free","7702018467266",""
3640,2,"جيليت ماكينة حلاقة بلو 2 بلس للرجال - 15 + 5 مجانا","7702018467266",""
3641,1,"Fizo Gold Clay Face Mask - 570g","5291000109483",""
3641,2,"فيزو قناع طيني للوجه ذهب - 570 جم","5291000109483",""
3642,1,"Fizo Coffee Face and Body Scrub - 500 ml","5291000109485",""
3642,2,"فيزو سنفرة للوجه والجسم بالقهوة 500 مل","5291000109485",""
3643,1,"Fizo Volcano Clay Face Mask - 570g","5291000109481",""
3643,2,"فيزو قناع طيني للوجه فولكانو - 570 جم","5291000109481",""
3644,1,"Fizo Charcoal Face Scrub - 500g","5281111377181",""
3644,2,"فيزو سنفرة للوجه فحم - 500 جم","5281111377181",""
3645,1,"Fizo Face and Body Apricot Scrub - 500 ml","5281111377143",""
3645,2,"فيزو سنفرة للوجه والجسم بالمشمش 500 مل","5281111377143",""
3646,1,"Fizo Mint Clay Face Mask - 570g","5291000109484",""
3646,2,"فيزو قناع طيني للوجه بالنعناع - 570 جم","5291000109484",""
3647,1,"Fizo Face and Body Scrub with Shea Butter - 500ml","5281111377204",""
3647,2,"فيزو سنفرة للوجه والجسم زبدة الشيا 500 مل","5281111377204",""
3648,1,"Fizo Charcoal Clay Face Mask - 570g","5291000109482",""
3648,2,"فيزو قناع طيني للوجه بالفحم - 570 جم","5291000109482",""
3649,1,"Colgate Plax Green Tea Alcohol-Free Mouthwash 500ml","8850006305515",""
3649,2,"غسول فم كولجيت شاي اخضر خالي من كحول 500 مل","8850006305515",""
3650,1,"CeraVe Therapeutic Hand Cream Non-Greasy 85g","3606000538160",""
3650,2,"سيرافي كريم اليدين العلاجي غير دهني 85 غم","3606000538160",""
3651,1,"First Stab Fix Wound Plaster 5 Pieces 9*15cm","6012355756741",""
3651,2,"لصقة جروح فريست ستاب فيكس 5حبة 9*15سم","6012355756741",""
3652,1,"First Step Fix Wound Plaster - 5 Pieces (8*10cm)","6012355756727",""
3652,2,"لصقة جروح فريست ستاب فيكس 5حبة 8*10سم","6012355756727",""
3653,1,"First Step Assorted Adhesive Bandages - 100 Pieces","6981234578944",""
3653,2,"لصقات جروح متنوعه من فرست ستيب 100 حبه","6981234578944",""
3654,1,"Palmer's Soothing Oil with Cocoa Butter Formula, Vitamin E, and Collagen - 150ml","010181040504",""
3654,2,"بالمرز زيت مهدي بتركيبة زبدة الكاكاو وفيتامين اي والكولاجينـ -150مل","010181040504",""
3655,1,"Some By Mi Yuja Niacin Blemish Care Serum Mask 25g","8809647390640",""
3655,2,"قناع سيروم يوجا نياسين لعلاج النمش من سوم باي مي 25ج","8809647390640",""
3656,1,"Sunsilk Strength & Shine Shampoo - With Coconut Oil - 700ml","6281006424401",""
3656,2,"صانسيلك شامبو قوة ولمعان - بزيت جوز الهند - 700مل","6281006424401",""
3657,1,"Pert Plus Shampoo for Normal Hair with Honey Extract, 600 ml","6281031260579",""
3657,2,"شامبو للشعر العادي بخلاصة العسل 600 ملم، من برت بلس","6281031260579",""
3658,1,"Head & Shoulders Smooth & Silky Anti-Dandruff Shampoo, 1000 ml","4084500944138",""
3658,2,"شامبو هيد آند شولدرز إنسيابي وحريري ضد القشرة، 1000 مل","4084500944138",""
3659,1,"Head & Shoulders Menthol Refresh Anti-Dandruff Shampoo with Cooling Mint, 1000 ml","4084500944077",""
3659,2,"شامبو مضاد للقشرة مينثول ريفريش بالنعناع المنعش من هيد اند شولدرز، 1000 مل","4084500944077",""
3660,1,"Malizia Giovane Hair Spray 250ml","8003510035724",""
3660,2,"ماليزيا جيوفاني بخاخ تثبيت الشعر 250 مل","8003510035724",""
3661,1,"Lux Body Wash, Magical Orchid Scent - 500ml","6281006569713",""
3661,2,"غسول جسم, سحر زهرة الاوركيد من لوكس 500 مل","6281006569713",""
3662,1,"Closeup Red Hot Mouthwash 300ml","8886467060205",""
3662,2,"كلوس اب غسول الفم ريد هوت 300 مل","8886467060205",""
3664,1,"Head & Shoulders Anti-Hair Fall Shampoo 600ml","4084500821569",""
3664,2,"شامبو ضد تساقط الشعر هيد شولدرز 600مل","4084500821569",""
3665,1,"Moov On Muscle and Joint Pain Relief Spray - 200ml","8809328357320",""
3665,2,"بخاخ لتخفيف آلام العضلات والمفاصل من مووف اون 200مل","8809328357320",""
3666,1,"Pantene Hair Fall Control Shampoo 190ml","8001841590943",""
3666,2,"بانتين شامبو علاج لتساقط الشعر 190 مل","8001841590943",""
3667,1,"Pantene Pro-V Moisture Renewal Shampoo, Hydrates Even the Driest Hair - 190ml","8001841591049",""
3667,2,"شامبو بانتين برو عناية مرطبة ، يرطب حتى الشعر الأشد جفافا 190 مل","8001841591049",""
3668,1,"Some By Mi Hyaluronic Acid Skin Hydrating Mask","8809647390046",""
3668,2,"قناع الهيالورنيك لترطيب البشرة من سوم باي مي","8809647390046",""
3669,1,"Some By Mi Diamond Glow Luminous Sheet Mask 25g","8809647390060",""
3669,2,"قناع دايموند جلو لومينوس لتفتيح البشرة من سوم باي مي 25ج","8809647390060",""
3670,1,"Some By Mi Glow Luminous Tea Tree Calming Mask 25g","8809647390022",""
3670,2,"قناع الشاي الأخضر جلو لومينوس لتهدئة البشرة من سوم باي مي 25ج","8809647390022",""
3671,1,"Leak-Proof Plastic Bandages - 100 Pieces","6224000549466",""
3671,2,"ضمادات بلاستكية مانعة للتسرب 100قطعة","6224000549466",""
3672,1,"Martians Bone Strengthening Gummies - 60 Gummies","8596024005197",""
3672,2,"مارشينز حلوى لتقوية العظام 60 حبة","8596024005197",""
3673,1,"Exfoliating Skin Gloves","6935620734964",""
3673,2,"قفازات تقشير البشرة","6935620734964",""
3674,1,"Nizoral Care Cosmetic Scalp Tonic for Dry Scalp 100ml - 1+1 Free","4011548035436",""
3674,2,"نيزورال كير منشط تجميلي لفروة الرأس الجافه 100 مل 1+1 مجان","4011548035436",""
3675,1,"Martians + Echinacea Gummies - 60 Gummies","8596024005203",""
3675,2,"حلوى مضغ  مارشينز + ايشنيسيا  60 حبة","8596024005203",""
3676,1,"Garnier Hydrating & Nourishing Hair Conditioner with Aloe Vera and Coconut Extract - 350ml","3600542416153",""
3676,2,"بلسم تغذية الشعر المرطب بخلاصة الصبار وجوز الهند من جارنية 350مل","3600542416153",""
3677,1,"Dabur Basil Toothpaste Set for Oral Protection","6291069700299",""
3677,2,"مجموعة معجون أسنان دابور بالريحان لحماية الفم","6291069700299",""
3678,1,"Dabur Herbal Clove Toothpaste Set for Natural Oral Protection","5022496181501",""
3678,2,"مجموعة معجون أسنان دابور بالقرنفل الطبيعية لحماية الفم","5022496181501",""
3679,1,"Dabur Salt and Lemon Toothpaste Set for Oral Protection","5022496181174",""
3679,2,"مجموعة معجون أسنان دابور بالملح والليمون لحماية الفم","5022496181174",""
3680,1,"Dabur Lemon and Mint Toothpaste Set for Oral Protection","5022496181211",""
3680,2,"مجموعة معجون أسنان دابور بالليمون والنعناع لحماية الفم","5022496181211",""
3681,1,"Dabur Neem Toothpaste Set for Oral Protection","6291069700282",""
3681,2,"مجموعة معجون أسنان دابور بالنيم لحماية الفم","6291069700282",""
3682,1,"Always Pink Maxi Thick Large Sanitary Pads with Wings, Soft & Breathable, 10 Pads","4015400264156",""
3682,2,"فوط وردي كبيره نعومه وتنفس ماكسي سميكة مزودة باجنحة، 10 فوطه من اولويز","4015400264156",""
3683,1,"Wella Hair Styling Mousse - 200 ml","4056800114726",""
3683,2,"رغوة لتصفيف الشعر من ويلا  200 مل","4056800114726",""
3684,1,"Sunsilk Strength & Shine Shampoo, 200 ml","6281006424364",""
3684,2,"شامبو صانسيلك قوة ولمعان، 200 مل","6281006424364",""
3685,1,"Agis Nail Polish Remover - 125 ml","8698703020139",""
3685,2,"مزيل ملون الاظافر من اجيس 125 مل","8698703020139",""
3686,1,"Tar Shampoo for All Hair Types - 450ml","2781214011010",""
3686,2,"شامبو القطران لجميع انواع الشعر 450مل","2781214011010",""
3687,1,"Soral Daily Treatment Conditioner, 300 ml","7898593280021",""
3687,2,"بلسم العلاج اليومي من سورال، 300 مل","7898593280021",""
3688,1,"Palmer's Soothing Oil with Cocoa Butter Formula and Vitamin E - 50ml","01018172",""
3688,2,"بالمرز زيت مهدي بتركيبة زبدة الكاكاو وفيتامين هـ -50مل","01018172",""
3689,1,"Palmer's Skin Therapy Oil with Retinol and Vitamin C - 30ml","010181041730",""
3689,2,"زيت العناية بالبشرة مع الريتينول وفيتامين ج من بالمرز 30مل","010181041730",""
3690,1,"Bamboo Charcoal Soap 100g","8859662100151",""
3690,2,"صابون فحم البامبو 100جم","8859662100151",""
3691,1,"I'm Sorry For My Skin Brightening Jelly Mask, pH 5.5","8809511987549",""
3691,2,"قناع مفتح للبشرة، بدرجة حموضة 5.5 من ايم سوري فور ماي سكن","8809511987549",""
3692,1,"I'm Sorry For My Skin pH5.5 Relaxing Jelly Mask","8809511987662",""
3692,2,"قناع جيلي للاسترخاء pH5.5 من ايم سوري فور ماي سكن","8809511987662",""
3693,1,"Mane 'n Tail Olive Oil and Keratin Shampoo, 355 ml","071409543078",""
3693,2,"شامبو الحصان بزيت الزيتون والكرياتين من ماني ان تيل، 355 مل","071409543078",""
3694,1,"Closeup Triple Fresh Formula Toothpaste Offer - 4 Packs x 50ml","6281006529816",""
3694,2,"عرض معجون اسنان كلوس اب تركيبة الانتعاش الثلاثي 4عبوات 50مل","6281006529816",""
3695,1,"Special Offer: Close Up Red Toothpaste 3+1 - 50ml","6281006529830",""
3695,2,"عرض خاص معجون أسنان كلوس أب احمر 3+1 - 50مل","6281006529830",""
3696,1,"Cantu Natural Hair Wave & Curl Mousse - 248ml","817513015700",""
3696,2,"موس تمويج وتجعيد طبيعي للشعر من كانتو248مل","817513015700",""
3697,1,"Flexitol Very Dry Foot and Leg Cream - 85g","9317129041946",""
3697,2,"كريم فليكسيتول للاقدام والسيقان الجافة جدا  85جم","9317129041946",""
3698,1,"Flexitol Hand Balm 56g","9317129041397",""
3698,2,"بلسم فليكسيتول لليدين  56جم","9317129041397",""
3699,1,"Flexinol Lip Balm with SPF 50+ 10g","9317129042547",""
3699,2,"مرطب شفاة مع عامل حماية +50 فليكسينول 10جم","9317129042547",""
3700,1,"Flexitol Lip Balm 10g","9329224002159",""
3700,2,"مرطب شفاة فليكسينول 10جم","9329224002159",""
3702,1,"United Professional Ionic Hair Dryer and Styling Brush Burgundy UN-6219","6281136113428",""
3702,2,"فرشاة استشوار وتصفيف الشعر بالايونات عنابي UN-6219 - يونايتد بروفيشنال","6281136113428",""
3703,1,"United Professional Hair Styler with Two Interchangeable Brushes and 360-Degree Dual-Direction Motor HB-8452E","6281136113459",""
3703,2,"مصفف الشعر الاحترافي مع فرشتين قابله للتغيير ومحرك باتجاهين 360 درجة من يونايتد HB-8452E","6281136113459",""
3704,1,"United Hair Styler and Dryer Pink - HB-8421D","6281136112520",""
3704,2,"مصفف ومجفف شعر وردي يونايتد  HB-8421D","6281136112520",""
3705,1,"United Professional Golden Hair Straightener UN970C","6281136091450",""
3705,2,"مملس الشعر الذهبي UN970C - يونايتد بروفيشنال","6281136091450",""
3706,1,"UND-1320 Hair Dryer - United Professional","6281136087330",""
3706,2,"مجفف الشعر UND-1320 - يونايتد بروفيشنال","6281136087330",""
3707,1,"United Professional Fast Hair Curler K8032P 878","6281136110878",""
3707,2,"جهاز الكيرلي السريع  للف الشعر K8032P  878- يونايتد بروفيشنال","6281136110878",""
3708,1,"Aloe Vera Gel and Facial Scrub Set by Cosmetic Solution","6921199114863",""
3708,2,"مجموعة جل الصبار ومقشر الصبار للبشرة من كوزماتك سوليوشن","6921199114863",""
3709,1,"Flexitol Powder Fresh Foot Deodorant Spray 24-Hour Protection 210ml","9317129042653",""
3709,2,"فليكسيتول بخاخ معطر باودر للقدم يدوم 24 ساعة 210مل","9317129042653",""
3710,1,"Canto Anti-Shedding Styling Gel with Honey 524g","817513019258",""
3710,2,"جل تصفيف مضاد لتساقط الشعر بالعسل من كانتو 524ج","817513019258",""
3711,1,"Nivea Moisturizing Cream for Face, Body, and Hands - 200 ml","4005808801329",""
3711,2,"كريم مرطب  للوجه والجسم واليدين من نيفيا 200 مل","4005808801329",""
3712,1,"Original Moroccan Loofah (Kessa)","6111264740183",""
3712,2,"الليفة المغربية الاصليه","6111264740183",""
3713,1,"Lavender Extract Foot Peeling Mask & Collagen Mask","5060328892331",""
3713,2,"قناع تقشير القدمين بخلاصة اللافندر وماسك الكولاجين","5060328892331",""
3714,1,"Nourishing Rose and Hyaluronic Acid Hand Mask","5060328892362",""
3714,2,"قناع اليد المغذي بالورد وحمض الهيالورونيك","5060328892362",""
3715,1,"Guanjing Hyaluronic Acid & Rose Foot Peeling Mask","5060328892348",""
3715,2,"قناع تقشير القدمين بحمض الهيالورونيك وورد جوانجينج","5060328892348",""
3716,1,"Lavender and Collagen Hand Mask","5060328892355",""
3716,2,"قناع اليدين باللافندر والكولاجين","5060328892355",""
3717,1,"Jardin d'Oleane Rose Water for Skin Hydration - 250ml","701197409927",""
3717,2,"ماء روح الورد لترطيب البشرة من جاردن دي اوليان 250ملش","701197409927",""
3718,1,"Cosmetic Solutions Vitamin C Face Mask","6921199114801",""
3718,2,"قناع الوجه بالفيتامين سي من كوزماتك سوليوشن","6921199114801",""
3719,1,"Kuwait Shop Vitamin E Moisturizing & Nourishing Lotion for Wrinkle Reduction - 235 ml","2781214012444",""
3719,2,"لوشن مرطب ومغذي ويقلل من ظهور التجاعيد فيتامين E من كويت شوب 235 مل","2781214012444",""
3720,1,"Strawberry Extract Face Mask","6932511224818",""
3720,2,"قناع وجه بمستخلص الفراولة","6932511224818",""
3721,1,"Banana Extract Face Mask","6932511224849",""
3721,2,"قناع وجه بمستخلص الموز","6932511224849",""
3722,1,"Cosmetic Solution Papaya and Milk Lotion for Moisturizing and Anti-Wrinkle - 500ml","6921199115006",""
3722,2,"لوشن البابايا والحليب كوزماتك سوليوشن  للترطيب وضد التجاعيد500مل","6921199115006",""
3723,1,"Dandy Baby Wet Wipes (120 Wipes * 3 Packs)","8681242204535",""
3723,2,"مناديل مبلله للأطفال من داندي (120منديل*3 عبوات)","8681242204535",""
3724,1,"Vitamin C Moisturizing and Brightening Body Cream - 300 ml","6921199121571",""
3724,2,"كريم مرطب ومفتح للجسم فيتامين سي  300 مل","6921199121571",""
3725,1,"Papaya Body Brightening Cream with Vitamin H - 300ml","6905416695465",""
3725,2,"كريم مفتح للجسم بالبابايا فيتامين اتش    300مل","6905416695465",""
3726,1,"Disaar Moisturizing and Repairing Argan Oil for Dry Hair - 120ml","6932511216837",""
3726,2,"زيت ارجان مرطب ومعالج للشعر الجاف من ديسار- 120مل","6932511216837",""
3727,1,"Disaar Keratin Argan Hair Oil 120ml","6932511216820",""
3727,2,"زيت كيراتين أرغان للشعر من ديسار 120مل","6932511216820",""
3728,1,"Cosmetic Solution Collagen Eye Cream - 35g","6921199114757",""
3728,2,"كريم العين بالكولاجين من كوزماتك سوليوشن - 35جرام","6921199114757",""
3730,1,"Aichun Beauty Magic White 7-in-1 Underarm Whitening Cream","6932511216752",""
3730,2,"كريم تفتيح تحت الإبط ماجيك وايت من ايتشون  7 في 1","6932511216752",""
3731,1,"Vitamin E Eye Cream","6921199114740",""
3731,2,"كريم العين بالفيتامين E","6921199114740",""
3732,1,"Dorco Shai Women's Disposable Razors - 3 Pieces","8801038565262",""
3732,2,"ماكينة حلاقة نسائية من دوركو شيا - 3حبات","8801038565262",""
3733,1,"Guanjing Turmeric Facial Soap - 100g","6932511222401",""
3733,2,"صابون للوجه بالكركم من جوانجينج  100غ","6932511222401",""
3734,1,"Smokers' Tooth Powder","6932511228113",""
3734,2,"بودرة أسنان للمدخنين","6932511228113",""
3735,1,"Disaar Moisturizing Soap with Vitamin C and Hyaluronic Acid Extract","6932511223811",""
3735,2,"صابون مرطب مع خلاصة فيتامين سي وحمض الهيالورونيك من ديزار","6932511223811",""
3737,1,"PanOxyl Acne Foaming Wash Benzoyl Peroxide 10% - 156g","303160228551",""
3737,2,"غسول بانكسويل رغوي لحب الشباب بنزويل بيروكسيد 10 %‏   156جم","303160228551",""
3738,1,"Professional Body Care Moroccan Loofah 4553","3667890045534",""
3738,2,"ليفة جسم مغربي بوفيشنال بودي كير 4553","3667890045534",""
3739,1,"Body Care Finger Loop Body Loofah 4512","3667890045121",""
3739,2,"ليفة جسم باصبع بودي كير 4512","3667890045121",""
3740,1,"Povisional Body Care Loofah 4529","3667890045299",""
3740,2,"ليفة جسم بوفيشنال بودي كير 4529","3667890045299",""
3741,1,"Povisional Body Care Loofah 4528","3667890045282",""
3741,2,"ليفة جسم بوفيشنال بودي كير 4528","3667890045282",""
3742,1,"Professional Hair Back Loofah 4537","3667890045374",""
3742,2,"ليفة شعر للظهر بوفيشنال 4537","3667890045374",""
3743,1,"Italian Cosmetic Cotton Pads - 80 Pieces","8023546020006",""
3743,2,"قطن تجميل ايطالي  80 قطعة","8023546020006",""
3744,1,"Italian Cosmetic Cotton Pads - 50 Pieces","8023546020020",""
3744,2,"قطن تجميل ايطالي  50 قطعة","8023546020020",""
3745,1,"Callus Remover Tool + 10 Replacement Blades","1005170051103",""
3745,2,"قشاطة لإزلة الجلد الميت +10 امواس","1005170051103",""
3746,1,"Dual-Tip Hair Tweezers 3713","1005170037138",""
3746,2,"ملقاط شعر برأسين 3713","1005170037138",""
3747,1,"Eucerin Sun Gel-Cream for Oily Skin (SPF 50)","8850029013671",""
3747,2,"جل واقي  شمس للبشرة الدهنية (SPF 50) من يوسيرين","8850029013671",""
3750,1,"UNIPRO Stainless Steel Nail Scissors","1005170048080",""
3750,2,"مقص اظافر معدني مقاوم للصدا UNIPRO","1005170048080",""
3751,1,"UNIPRO 4-Piece Manicure Set (Nipper - Clipper - File - Tweezers)","061200057652",""
3751,2,"طقم منكيور اربع قطع (نيبر - قصافة - مبرد - ملقط)UNIPRO","061200057652",""
3753,1,"UNIPRO 10 Short Wooden Nail Files","1005170051325",""
3753,2,"10مبارد خشبية قصيرة UNIPRO","1005170051325",""
3754,1,"UNIPRO Nail File with Plastic Handle","1005170051370",""
3754,2,"مبرد اظافر بمقبض بلاستيكي UNIPRO","1005170051370",""
3755,1,"Professional 3-Piece Colorful Women's Razors with Safety Lock","1005170002914",""
3755,2,"3امواس نسائية ملونة بقفل الامان من بروفيشنال","1005170002914",""
3756,1,"UNIPRO Glass Nail Shiner","1005170051363",""
3756,2,"ملمع اظافر زجاجي UNIPRO","1005170051363",""
3757,1,"UNIPRO Acne Removal Tool","1005170051400",""
3757,2,"اداة ازلة حب الشباب UNIPRO","1005170051400",""
3758,1,"CeraVe 100% Mineral Sunscreen for Body with SPF 50 - 150ml","3606000514911",""
3758,2,"واقي شمس معدني  للجسم بنسبة 100% وعامل حماية من اشعة الشمس 50 من سيرافي 150مل","3606000514911",""
3759,1,"Panthenol Plus Cream for Dry and Cracked Hands - 75ml","5205507010094",""
3759,2,"كريم بانثينول  بلس لليدين الجافة والمتشققة 75مل","5205507010094",""
3760,1,"Panthenol Plus Concealer Cream with SPF 20 - 50ml","5205507010650",""
3760,2,"كريم بانثينول  بلس خافي عيوب مع SPF عامل حماية  20    50مل","5205507010650",""
3761,1,"Panthenol Plus Face and Eye Contour Sunscreen Cream SPF 50+ - 50ml","5205507010322",""
3761,2,"كريم واقي شمس للوجه وحول العينين مع عامل حماية +50 من بانثينول بلس - 50مل","5205507010322",""
3762,1,"Giovanni Smooth As Silk Deep Moisture Shampoo - 60ml","716237180520",""
3762,2,"شامبوناعم كالحرير للترطيب العميق من  جيوفاني 60 مل","716237180520",""
3763,1,"Oral-B Vitality 100 Blanco CrossAction Electric Toothbrush","4210201262039",""
3763,2,"فرشاة اسنان كهربائية أورال-بي فيتاليتي 100 بلانكو كروس أكشن","4210201262039",""
3764,1,"NIVEA Men Shaving Cream 100ml","4005808817726",""
3764,2,"كريم حلاقة للرجال من نيفيا 100 مل","4005808817726",""
3765,1,"NIVEA Men Vitality Fresh Shower Gel, 250 ml","4005808501229",""
3765,2,"شاور جل للرجال، فايتالتي فريش من نيڤيا، 250 مل","4005808501229",""
3766,1,"UltraMax Powder Fresh Deodorant - 73g","033200197249",""
3766,2,"مزيل عرق باودر فريش الترا ماكس - 73جم","033200197249",""
3767,1,"UltraMax Active Sport Deodorant for Women - 73g","033200197447",""
3767,2,"مزيل عرق  أكتيف سبورت  الترا ماكس للنساء- 73جم","033200197447",""
3769,1,"Oral-B Vitality 2D Action Blanco CrossAction Electric Toothbrush","4210201064121",""
3769,2,"فرشاة اسنان كهربائية أورال-بي فيتاليتي 2D اكشن بلانكو كروس أكشن","4210201064121",""
3770,1,"3D White Mouthwash 473ml","4902430670043",""
3770,2,"غسول فم ثري دي وايت 473مل","4902430670043",""
3771,1,"Earplugs","6951248000120",""
3771,2,"سداده للأذن","6951248000120",""
3772,1,"Colgate Lasting White Toothpaste 75ml","8718951286733",""
3772,2,"معجون أسنان لاستنج وايت من كولجيت 75 مل","8718951286733",""
3773,1,"Colorful Artificial Nail Set","6281136110892",""
3773,2,"مجموعة اظافر اصطناعية ملونة","6281136110892",""
3774,1,"Colorful Artificial Nail Set","6281136095304",""
3774,2,"مجموعة اظافر اصطناعية ملونة","6281136095304",""
3775,1,"Colorful Artificial Nail Set","6281136110663",""
3775,2,"مجموعة اظافر اصطناعية ملونة","6281136110663",""
3776,1,"Colorful Artificial Nail Set","6281136095274",""
3776,2,"مجموعة اظافر اصطناعية ملونة","6281136095274",""
3777,1,"Colorful Artificial Nail Set","6281136110663",""
3777,2,"مجموعة اظافر اصطناعية ملونة","6281136110663",""
3778,1,"Natural Vitamin C Face Serum - 30ml","5060328891280",""
3778,2,"سيروم الوجه فيتامين سي منناتشورال  30مل","5060328891280",""
3779,1,"Natural Hyaluronic Acid and Green Tea Face Serum - 30ml","5060328891297",""
3779,2,"سيروم الوجه هايلورونيك اسيد والشاي الاخضر من ناتشورال 30مل","5060328891297",""
3780,1,"Disaar Vitamin C Facial Serum, 30ml","6932511219364",""
3780,2,"سيروم الوجه بفيتامين سي من ديسار، 30 مل","6932511219364",""
3781,1,"Collagen Lip Balm 3.5g","6921199121595",""
3781,2,"مرطب شفاه بالكولاجين 3.5 جم","6921199121595",""
3782,1,"Aloe Vera Lip Balm 3.5g","6921199121588",""
3782,2,"مرطب شفاه بالصبار 3.5 جم","6921199121588",""
3783,1,"Vitamin C Cosmetic Moisturizing Lotion - 480ml","6921199114993",""
3783,2,"لوشن مرطب فيتامين سي كوزماتيك 480 مل","6921199114993",""
3784,1,"Sunsilk Shampoo with Shea Butter, 400 ml","6281006425064",""
3784,2,"شامبو صانسيلك بزبدة الشيا، 400 مل","6281006425064",""
3785,1,"Sunsilk Hairfall Solution Shampoo 400ml","6281006424623",""
3785,2,"شامبو صانسيلك الحل لتساقط الشعر 400 مل","6281006424623",""
3786,1,"Sunsilk Micellar Volume Shampoo, 400 ml","6281006534148",""
3786,2,"شامبو صانسيلك  كثافة الميسيلار، 400 مل","6281006534148",""
3787,1,"Keratin Smooth Shampoo for Dry and Frizzy Hair - 700ml","8710447223413",""
3787,2,"شامبو كيراتين سموث  للشعر الجاف والمتطاير 700مل","8710447223413",""
3788,1,"Kotex Maxi Thick Sanitary Pads with Wings, Large Night Size, 10 Pads","6281002431335",""
3788,2,"فوط صحية ماكسي سميكة مزودة باجنحة، حجم كبير ليلية من كوتكس 10 فوطة","6281002431335",""
3789,1,"Kotex Maxi Thick Sanitary Pads with Wings, Night Large Size - 30 Pads","6281002431052",""
3789,2,"فوط صحية ماكسي سميكة مزودة باجنحة، حجم كبير ليلية من كوتكس 30 فوطة","6281002431052",""
3790,1,"Kotex Natural 100% Cotton Maxi Thick Pads with Wings, Large Night Size - 22 Pads","6281002431649",""
3790,2,"فوط طبيعية قطن 100%ماكسي سميكة مزودة باجنحة، حجم كبير ليلية من كوتكس 22 فوطة","6281002431649",""
3791,1,"Kotex Maxi Thick Sanitary Pads with Wings, Large Night Size, 30 Pads","6281002431045",""
3791,2,"فوط عادية ماكسي سميكة مزودة باجنحة حجم كبير ليلية من كوتكس 30 فوطة","6281002431045",""
3792,1,"Kotex Maxi Thick Sanitary Pads with Wings, Large Night Size - 50 Pads","6281002431069",""
3792,2,"فوط صحية عادية ماكسي سميكة مزودة باجنحة، حجم كبير ليلية من كوتكس 50 فوطة","6281002431069",""
3793,1,"Private Natural Cotton Softness Sanitary Pads, Large Size with Wings, 9 Pads","6222022100269",""
3793,2,"فوط صحية بنعومة القطن الطبيعي برايفت حجم كبير بالأجنحة 9 فوطة","6222022100269",""
3794,1,"Eveline Cosmetics White Prestige 4D Multifunctional Whitening BB Cream, 50ml","5907609378132",""
3794,2,"كريم بي بي وايت برستيج 4 دي للتبييض متعدد الوظائف من ايفنلاين كوزماتيكس، 50 مل","5907609378132",""
3795,1,"Glysolid Pure Skin Moisturizing Hand Cream - 50ml","6287024281170",""
3795,2,"كريم يدين ترطيب البشرة بيور من  جليسوليد50 مل","6287024281170",""
3796,1,"Zinty Black Eyelash Glue","8808336131151",""
3796,2,"غراء رموش اسود زينتي","8808336131151",""
3797,1,"La Roche-Posay Anthelios Sunscreen Gel Fragrance-Free for Sensitive Skin - 50ml","3337875546430",""
3797,2,"واقي شمس جل من  لاروش بوزيه خال من العطر للبشرة الحساسة 50 مل","3337875546430",""
3798,1,"La Roche-Posay Sunscreen Cream for Sensitive Skin - 50ml","3337875546409",""
3798,2,"كريم لاروش بوزيه واقي شمس  للبشرة الحساسة 50مل","3337875546409",""
3799,1,"Eyebrow Brush","6988546151179",""
3799,2,"فرشاة حواجب","6988546151179",""
3800,1,"L'Oréal Paris Magic Retouch Hair Color - Black","3600523192779",""
3800,2,"صبغة شعر لوريال باريس ماجيك ريتوتش أسود","3600523192779",""
3801,1,"Rose Aroma Eco-Friendly Wheat Straw Hair Brush","1005160047420",""
3801,2,"فرشة شعر صديقة البيئة (قش القمح) من روز اروما","1005160047420",""
3802,1,"Rose Aroma Curly Hair Brush","1005160047451",""
3802,2,"فرشة للشعر الكيرلي من روز اروما","1005160047451",""
3803,1,"Rose Aroma 4711 Hair Brush","1005160047116",""
3803,2,"فرشة شعر 4711 من روز اروما","1005160047116",""
3804,1,"Rose Aroma Square Wooden Hair Brush - 4708","1005160047086",""
3804,2,"فرشة شعر خشبية مربعة  4708 من روز اروما","1005160047086",""
3805,1,"Rose Aroma Hair Brush 4718","1005160047185",""
3805,2,"فرشة شعر 4718 من روز اروما","1005160047185",""
3808,1,"Rose Aroma 4734 Hair Dryer Brush","1005160047345",""
3808,2,"فرشة استشوار 4734 من روز اروما","1005160047345",""
3809,1,"Rose Aroma Hair Brush 4715","1005160047154",""
3809,2,"فرشة شعر4715 من روز اروما","1005160047154",""
3810,1,"Rose Aroma Foldable Hairbrush with Mirror","1005160047246",""
3810,2,"فرشة شعر قابلة للقفل مع مراية من روز اروما","1005160047246",""
3811,1,"Rose Aroma Square Hair Brush","1005160047093",""
3811,2,"فرشة شعر مربعة من روز اروما","1005160047093",""
3812,1,"Rose Aroma Hair Brush","1005160047109",""
3812,2,"فرشة شعر من روز اروما","1005160047109",""
3814,1,"J. Casanova Soothing and Moisturizing Aloe Vera Gel - 300ml","6281056563266",""
3814,2,"جل الصبار المرطب والمهدئ من جي كازنوفا - 300مل","6281056563266",""
3815,1,"J. Casanova Moisturizing and Soothing Aloe Vera Gel - 150ml","6281056563259",""
3815,2,"جل الصبار المرطب والمهدئ من جي كازنوفا - 150مل","6281056563259",""
3816,1,"Lavender Hand Wash, 500 ml","6295124034251",""
3816,2,"غسول اليد بالافندر ، 500 مل","6295124034251",""
3818,1,"United Professional 2-in-1 Hair Dryer & Styler - K301","6281136112537",""
3818,2,"استشوار 2في1  من يونايتد بروفيشينال - K301","6281136112537",""
3819,1,"United Premium Hair Styler and Dryer – Blue UNK302","6281136112407",""
3819,2,"مصفف ومجفف الشعر المميز – لون أزرق من يونايتد UNK302","6281136112407",""
3820,1,"United Professional UN D700 Round Hair Styling and Drying Brush","6281136113435",""
3820,2,"فرشاة تصفيف وتجفيف الشعر الدائرية UN D700 - يونايتد بروفيشنال","6281136113435",""
3821,1,"Stella White Activated Charcoal Teeth Whitening Powder - 40g","8436575091440",""
3821,2,"بودرة الفحم المنشط لتبييض الاسنان من ستيلا وايت -40 جم","8436575091440",""
3822,1,"Pro Wax Hair Removal Wax Beans for Dry Skin - 250g","8684159230512",""
3822,2,"حبيبات شمعية لإزالة الشعر للبشرة الجافة من برو واكس 250جم","8684159230512",""
3823,1,"Pro Wax Hair Removal Wax Beans for Skin Renewal and Exfoliation - 250g","8684159230482",""
3823,2,"حبيبات شمعية لإزالة الشعر للبشرة وتجديدها وتقشيرها من برو واكس 250جم","8684159230482",""
3824,1,"Pro Wax Hair Removal Wax Beans for Normal Skin - 250g","8684159230505",""
3824,2,"حبيبات شمعية لإزالة الشعر للبشرة العادية من برو واكس 250جم","8684159230505",""
3825,1,"Pro Wax Hair Removal Wax Beans for Sensitive Skin - 250g","8684159230499",""
3825,2,"حبيبات شمعية لإزالة الشعر للبشرة الحساسة من برو واكس 250جم","8684159230499",""
3826,1,"Rimmel Stay Matte Liquid Lipstick - Shade 600","3614224429317",""
3826,2,"احمر شفاه سائل ستاي مات درجة 600 من ريميل","3614224429317",""
3827,1,"Rimmel Stay Matte Liquid Lipstick - Shade 700","3614224429324",""
3827,2,"احمر شفاه سائل ستاي مات درجة 700 من ريميل","3614224429324",""
3828,1,"Rimmel Stay Matte Liquid Lipstick - Shade 500","3614224429300",""
3828,2,"احمر شفاه سائل ستاي مات درجة 500 من ريميل","3614224429300",""
3829,1,"Rimmel Stay Matte Liquid Lipstick - Shade 830","3614224429386",""
3829,2,"احمر شفاه سائل ستاي مات درجة 830 من ريميل","3614224429386",""
3830,1,"Mandy Care Sweet Almond Oil - 125 ml","6287020820915",""
3830,2,"زيت اللوز الحلو ماندي كير 125 مل","6287020820915",""
3831,1,"Gillette Blue 2 Plus Disposable Razors - 5 Count","3014260283254",""
3831,2,"شفرة حلاقة من جيليت  بلو 2 بلس للاستعمال مرة واحدة × 5","3014260283254",""
3832,1,"Moroccan Bath Loofah (Kessa Glove)","6287011271771",""
3832,2,"ليفة الحمام المغربي","6287011271771",""
3833,1,"Mandy Care Wheat Germ Oil for Hair and Skin - 125 ml","6287020820939",""
3833,2,"زيت جنين القمح للشعر والبشرة ماندي كير 125 مل","6287020820939",""
3834,1,"Mandi Care Bitter Almond Oil for Hair and Skin Care - 125 ml","6287020820922",""
3834,2,"زيت اللوز المر للعناية بالشعر والبشرة من  ماندي كير 125 مل","6287020820922",""
3835,1,"Mandy Care Vitamin E Oil for Hair and Skin - 125 ml","6287020821806",""
3835,2,"زيت فيتامين إي للشعر والبشرة من ماندي كير 125 مل","6287020821806",""
3836,1,"Mandy Care Watercress Oil for Hair and Skin - 125 ml","6287020820984",""
3836,2,"زيت الجرجير للشعر والبشرة من ماندي كير 125 مل","6287020820984",""
3837,1,"Eucerin Lightweight Fragrance-Free Sunscreen Lotion with SPF 50 for Face - 75 ml","072140032227",""
3837,2,"لوشن واقي شمس خفيف الوزن خال من العطور من يوسيرن مع عامل حماية من الشمس SPF بدرجة 50 للوجه 75 مل","072140032227",""
3838,1,"Oral-B Pro-Expert Manual Soft Toothbrush","3014260777623",""
3838,2,"فرشاة أسنان برو اكسبرت يدوية ناعمة من اورال بي","3014260777623",""
3839,1,"Oral-B Pro-Flex Luxe Manual Soft Toothbrush","3014260010461",""
3839,2,"فرشاة أسنان Pro-Flex Luxe يدوية ناعمة من اورال بي","3014260010461",""
3841,1,"Some By Mi 30 Days Miracle Tea Tree Clear Spot Oil, 10ml","8809647390107",""
3841,2,"زيت شجرة الشاي العجيب لعلاج البقع من سوم باي مي، 10 مل","8809647390107",""
3842,1,"Garnier Nourishing Banana Hair Food Conditioner for Dry Hair - 350ml","3600542416108",""
3842,2,"بلسم تغذية الشعر المرطب بخلاصة الموز المغذي للشعر الجاف من جارنية 350مل","3600542416108",""
3843,1,"L'Oréal Paris Magic Retouch Hair Color - Golden Brown","3600523627158",""
3843,2,"صبغة شعر لوريال باريس ماجيك ريتوتش بني ذهبي","3600523627158",""
3844,1,"L'Oréal Paris Magic Retouch Hair Color - Beige","3600523192755",""
3844,2,"صبغة شعر لوريال باريس ماجيك ريتوتش بيج","3600523192755",""
3845,1,"L'Oréal Paris Magic Retouch Hair Color - Brown","3600523192748",""
3845,2,"صبغة شعر لوريال باريس ماجيك ريتوتش بني","3600523192748",""
3846,1,"Max Elegance Hair Dye Brush Set","6929369130804",""
3846,2,"مجموعة فرش صبغ الشعر من من ماكس اليجانس","6929369130804",""
3848,1,"DermoFuture Glass Glow Lip Injection","5901785000849",""
3848,2,"حقن شفاه جلاس جلو من ديرمو فيوتشر","5901785000849",""
3849,1,"DermoFuture Volume Lips Booster","5901785002386",""
3849,2,"معزز الشفاه فوليوم ليبس من ديرموفيوتشر","5901785002386",""
3850,1,"Mandi Care Rosemary Shampoo for All Hair Types - 400 ml","6287020821943",""
3850,2,"ماندي كير شامبو إكليل الجبل لجميع أنواع الشعر - 400 مل","6287020821943",""
3851,1,"White Musk Body Wash 250ml","6297542004752",""
3851,2,"غسول المسك الابيض 250مل","6297542004752",""
3852,1,"DermoFuture Botox Alternative Eye Serum for Wrinkle Reduction - 10ml","5901785002416",""
3852,2,"سيروم بديل البوتكس لتقليل تجاعيد العين من ديرموفيوتشر - 10مل","5901785002416",""
3853,1,"DermoFuture Intensive Wrinkle-Lifting Serum - 10ml","5901785002409",""
3853,2,"سيروم المكثف لشد التجاعيد من ديرموفيوتشر - 10مل","5901785002409",""
3854,1,"DermoFuture Wrinkle Filler Care Treatment - 10ml","5901785001945",""
3854,2,"مستحضر العناية  لملئ التجاعيد من ديرمو فيوتشر - 10مل","5901785001945",""
3855,1,"CeraVe Moisturizing Cream 453g","3606000537439",""
3855,2,"سيرافي كريم ترطيب للبشرة شديدة الجفاف - 453 مل","3606000537439",""
3856,1,"Labella Feminine Wipes with White Musk - 20 Wipes","6297542004751",""
3856,2,"مناديل نسائية بالمسك الأبيض من لابيلا - 20 منديل","6297542004751",""
3857,1,"Revers Natural Hemp Oil Hand Cream - 100 ml","5902815182979",""
3857,2,"كريم اليدين بزيت القنب الطبيعي من ريفرز 100 مل","5902815182979",""
3858,1,"Rivers Hemp Seed Oil Shampoo - 500 ml","5902815187134",""
3858,2,"شامبو بزيت بذور القنب ريفرز  500 مل","5902815187134",""
3859,1,"Sunsilk Shine & Strength Conditioner 350ml","6281006444072",""
3859,2,"بلسم لمعان وقوة من صانسيلك 350 مل","6281006444072",""
3860,1,"Labella Feminine Wipes with White Musk - 20 Wipes","6297542004750",""
3860,2,"مناديل نسائية بالمسك الأبيض من لابيلا - 20 منديل","6297542004750",""
3861,1,"NOW Solutions Avocado Oil for Skin Care - 118 ml","733739147752",""
3861,2,"زيت الافوكادو للعناية بالبشرة من ناو 118 مل","733739147752",""
3862,1,"NOW Jasmine Oil - 30 ml","733739148049",""
3862,2,"زيت الياسمين من ناو 30 مل","733739148049",""
3863,1,"Famous Jasmine Oil 30ml","6955050901019",""
3863,2,"زيت الياسمين فيموس 30 مل","6955050901019",""
3864,1,"Now Foods Frankincense Oil - 30 ml","733739149961",""
3864,2,"زيت لبان البخور من ناو 30 مل","733739149961",""
3865,1,"White Pure Coconut Oil - Double Filtered - 680 ml","9555070600014",""
3865,2,"زيت نارجيل وايت نقي مصفى مرتين - 680 مل","9555070600014",""
3866,1,"White Henna for Face and Body","621520193042022",""
3866,2,"حنا بيضا للوجه والجسم","621520193042022",""
3867,1,"Careline Charcoal Nose Pore Strips","9351089000278",""
3867,2,"لصقات مسام الانف بالفحم كير لاين","9351089000278",""
3868,1,"Lakme Collage Cream Hair Color - Light Blonde 0/00, 60ml","8429421299916",""
3868,2,"صبغة كولاج كريمي اشقر فاتح من لاكمي  0/00 ، 60 مل","8429421299916",""
3869,1,"Lakme Chroma Ammonia-Free Hair Color Lightener 0/00, 60ml","8429421799911",""
3869,2,"صبغة شعر خالية من الأمونيا كروما تفتيح 0/00 من لاكمي   ، 60 مل","8429421799911",""
3870,1,"Pure Original Natural Jelly for Skin, Feet, Hands, and Lips by Palma - 240 ml","6280445777215",""
3870,2,"الجلي النقي الاصلي الطبيعي  لترطيب الجلد والقدمين واليد والشفاه بالما  - 240 مل","6280445777215",""
3871,1,"Giovanni Eco Chic Frizz Be Gone Serum - 81 ml","716237140081",""
3871,2,"سيروم ايكو شيك فريز بي جون من جيوفاني  81 مل","716237140081",""
3872,1,"Giovanni L.A. Hold Hair Styling Gel 201ml","716237100085",""
3872,2,"جل تصفيف الشعر  إل إيه هولد من جيوفاني 201 مل","716237100085",""
3874,1,"Palmer's Coconut Oil Body Lotion 250ml","010181051807",""
3874,2,"لوشن بالمرز بزيت جوز الهند 250مل","010181051807",""
3875,1,"Palmer's Smoothing Lotion for Rough and Dry Skin - 250ml","010181032806",""
3875,2,"لوشن بالمرزلتنعيم البشرة الخشنه الجافه 250مل","010181032806",""
3877,1,"Palmer's Cocoa Butter Formula Body Lotion for Dry, Rough Skin - 250ml","010181041808",""
3877,2,"لوشن بالمرز بزبدة الكاكو لتنعيم البشرة الخشنه الجافه 250مل","010181041808",""
3878,1,"Cetaphil Oily Skin Cleanser for Oily, Combination, and Sensitive Skin - 473ml","5020465202769",""
3878,2,"غسول منظف للبشرة الدهنية  والمختلطه والحساسة  من سيتافيل 473مل","5020465202769",""
3879,1,"Cetaphil Gentle Skin Cleanser for Normal to Dry & Sensitive Skin - 473ml","5020465202738",""
3879,2,"غسول منظف للبشرة العادية الى الجافة الى الحساسة من سيتافيل473مل","5020465202738",""
3880,1,"Cleansing Wash for Normal to Dry and Sensitive Skin - 236ml","5020465202554",""
3880,2,"غسول منظف للبشرة العادية الى الجافة الى الخساسة 236مل","5020465202554",""
3884,1,"Casanova Lip Liner Pencil 709","6281056363132",""
3884,2,"كازانوفا قلم تحديد شفاه 709","6281056363132",""
3885,1,"Casanova Lip Liner Pencil 712","6281056363163",""
3885,2,"كازانوفا قلم تحديد شفاه 712","6281056363163",""
3888,1,"Garnier SkinActive Fast Bright 30x Serum - 30ml","3600542398183",""
3888,2,"سيروم سكين اكتيف فاست برايت من جارنيه 30× -  30 مل","3600542398183",""
3889,1,"Sulphur Soap for Oily Skin 100g","8027881500407",""
3889,2,"صابون كبريت للبشرة الدهنية 100جم","8027881500407",""
3891,1,"Eyelash Enhancing Serum","786563136300",""
3891,2,"سيروم لتعزيز الرموش","786563136300",""
3892,1,"Sunsilk Soft & Smooth Shampoo - 700ml","6281006424463",""
3892,2,"شامبو صانسيلك لشعر ناعم وانسيابي - 700مل","6281006424463",""
3893,1,"Sunsilk Instant Damage Repair Orange Serum Conditioner 340ml","6281006443976",""
3893,2,"بلسم سيروم برتقالي اصلاح فوري للشعر التالف من صانسيلك 340 مل","6281006443976",""
3894,1,"Creme 21 for Normal Skin - 400 ml","6294007503310",""
3894,2,"كريم لوشن 21 للبشرة العادية 400 مل","6294007503310",""
3895,1,"Creme 21 for Ultra Dry Skin - 400ml","6294007505314",""
3895,2,"كريم 21 للبشرة شديدة الجفاف 400 مل","6294007505314",""
3897,1,"Creme 21 for Ultra Dry Skin - 600ml","6294007505819",""
3897,2,"كريم 21 للبشرة شديدة الجفاف 600 مل","6294007505819",""
3898,1,"La Roche-Posay Anthelios Invisible Fluid Sunscreen for Oily and Sensitive Skin - 50ml","3337875847292",""
3898,2,"واقي شمس سائل للبشرة الدهنية والحساسة من لاروش بوزي 50 مل","3337875847292",""
3899,1,"Nivea Musk Scented Body Moisturizing Lotion - 400ml","4005808704514",""
3899,2,"لوشن ترطيب  الجسم بعطر المسك من نيفيا 400مل","4005808704514",""
3900,1,"Nivea Body Lotion - 625 ml","4005808713196",""
3900,2,"لوشن الجسم من نيفيا 625 مل","4005808713196",""
3901,1,"Garnier Micellar Cleansing Water for Dull and Sensitive Skin - 400ml","3600542365833",""
3901,2,"مزيل مكياج للبشرة الباهتة والحساسة من غارنييه - 400مل","3600542365833",""
3902,1,"Vatika Hair Styling Cream - Twin Pack","6291069700800",""
3902,2,"كريم تصفيف الشعر عبوة مزدوجة من فاتيكا","6291069700800",""
3903,1,"Cute Aker Fassi Soap with Sudanese Dilka - 700g","6287035850013",""
3903,2,"صابونية العكر الفاسي كيوت  بدلكة سودانية 700جم","6287035850013",""
3904,1,"Snow White Cute Soap with Sudanese Dilka - 700g","6287035850037",""
3904,2,"صابونية بياض الثلج  كيوت بدلكة سودانية700جم","6287035850037",""
3905,1,"Cute Turmeric Soap with Sudanese Dilka - 700g","6287035850020",""
3905,2,"صابونية الكركم كيوت  بدلكة سودانية 700جم","6287035850020",""
3906,1,"Cute Blue Nila Soap with Sudanese Dilka - 700g","6287010673705",""
3906,2,"صابونية النيلة الزرقاء كيوت  بدلكة سودانية 700جم","6287010673705",""
3907,1,"River Hair Mask with Cannabis Oil for Dry and Damaged Hair - 250ml","5902815182672",""
3907,2,"ماسك الشعر مع زيت الكنابيس للشعر الجاف والتالف من ريفر. 250مل","5902815182672",""
3912,1,"Head & Shoulders Daily Care Shampoo for Normal Hair - 190 ml","8001841591377",""
3912,2,"شامبو هيد اند شولدرز عناية يومية للشعر العادي 190 مل","8001841591377",""
3913,1,"Head & Shoulders Anti-Hair Fall Shampoo for Men, 180ml","8001841591193",""
3913,2,"شامبو حماية من تساقط الشعر للرجال من هيد اند شولدرز 180 مل","8001841591193",""
3914,1,"Head & Shoulders Lemon Fresh Shampoo - 180 ml","5011321360280",""
3914,2,"شامبو إنتعاش الليمون من هيد اند شولدرز 180 مل","5011321360280",""
3915,1,"Head & Shoulders Apple Fresh Shampoo - 180 ml","8001090316158",""
3915,2,"شامبو إنتعاش التفاح من هيد اند شولدرز 180 مل","8001090316158",""
3916,1,"Crest 3D White Vitalizing Fresh Toothpaste - 75ml","4015400572961",""
3916,2,"معجون تبييض الأسنان ثري دي وايت انتعاش الحياه من كرست - 75مل","4015400572961",""
3917,1,"Crest 3D White Cool Water Toothpaste - 75ml","4015400572831",""
3917,2,"معجون تبييض الأسنان ثري دي وايت انتعاش التبريد من كرست - 75مل","4015400572831",""
3918,1,"Garnier Pure Active 3-in-1 Wash, Scrub & Mask - 150ml","3600540676580",""
3918,2,"غسول ومقشر وقناع بيور  3 في 1 من  غارنيه  150مل","3600540676580",""
3920,1,"Disaar Jojoba Body Massage Oil - 100ml","6932511217940",""
3920,2,"زيت تدليك الجسم بالجوجوبا من ديسار 100 مل","6932511217940",""
3921,1,"Licorice Face Whitening and Moisturizing Cream 50g","6932511227673",""
3921,2,"كريم تبييض وترطيب الوجه بعرق السوس 50جم","6932511227673",""
3922,1,"Disaar Vitamin E Sunscreen SPF 50 - 50g","6932511218008",""
3922,2,"واقي شمس بفيتامين اي بدرجة حماية 50 من ديسار 50جم","6932511218008",""
3923,1,"La Roche-Posay Pure Vitamin C10 Serum 30ml","3337875660570",""
3923,2,"سيروم فيتامين C10 نقي من لاروش بوساي 30مل","3337875660570",""
3924,1,"Eucerin Sunscreen Spray SPF 50 - 170g","072140032067",""
3924,2,"بخاخ وافي شمس SPF 50 من يوسرين 170جم","072140032067",""
3925,1,"Nivea Pearl & Beauty Deodorant Spray for Women - 150ml","8904256018128",""
3925,2,"بخاخ مزيل عرق بيرل اند بيوتي من نيفيا للنساء 150مل","8904256018128",""
3926,1,"Nivea Fresh Flower Deodorant Spray 150ml","8904256003063",""
3926,2,"بخاخ مزيل عرق فريش فلور من نيفيا 150مل","8904256003063",""
3927,1,"CeraVe Blemish Control Cleanser for Acne-Prone Skin 236ml","3337875784054",""
3927,2,"جل تنظيف البشرة المعرضة لحب الشباب من سيرافي 236مل","3337875784054",""
3929,1,"AloeDent Waxed Dental Floss","5029354008932",""
3929,2,"خيط اسنان شمعي الودنت","5029354008932",""
3930,1,"Nunu Baby Oil - 400 ml","6281053210187",""
3930,2,"زيت للاطفال من نونو 400 مل","6281053210187",""
3931,1,"Johnson's Baby Bath Liquid - 200ml","3574669908559",""
3931,2,"سائل استحمام للأطفال  من جونسون 200مل","3574669908559",""
3932,1,"Sensodyne Daily Care Toothpaste 75ml","6805699956720",""
3932,2,"معجون اسنان عناية يومية من سنسوداين75مل","6805699956720",""
3933,1,"Sensodyne Rapid Action Toothpaste for Sensitive Gums - 75ml","6805699955525",""
3933,2,"معجون اسنان مفعول سريع للثة الحساسة  من سنسوداين75مل","6805699955525",""
3934,1,"Stella White Teeth Whitening Strips - 6 Strips","8436575091433",""
3934,2,"لصقات تبييض الأسنان من ستيلا وايت - 6 لصقات","8436575091433",""
3935,1,"Johnson's Soft Baby Lotion - 300 ml","3574661427898",""
3935,2,"لوشن ناعم للأطفال من جونسون  300 مل","3574661427898",""
3936,1,"Avène Cleanance Cleansing Gel for Oily Skin - 200ml","3282770139204",""
3936,2,"جل منظف كلينانس للبشرة الدهنية  من افين 200مل","3282770139204",""
3937,1,"Sensodyne Cool Mint Mouthwash 500ml","9502930975362",""
3937,2,"غسول فم بالنعناع المنعش من سنسوداين 500مل","9502930975362",""
3938,1,"CeraVe Hydrating Foaming Oil Cleanser for Normal to Very Dry Skin - 236ml","3337875773430",""
3938,2,"زيت تنظيف وترطيب البشرة العادية الى  الجافة من سيرافي 236 مل","3337875773430",""
3939,1,"Avène Cleanance Cleansing Gel for Oily Skin - 400ml","3282770207774",""
3939,2,"جل منظف كلينانس للبشرة الدهنية  من افين 400مل","3282770207774",""
3940,1,"CeraVe Moisturizing Cream for Normal to Dry Skin - 56ml","3606000537972",""
3940,2,"كريم مرطب للبشرة العادية إلى الجافة من سيرافي 56مل","3606000537972",""
3941,1,"Johnson's Baby Oil 200ml","8410207100052",""
3941,2,"زيت جونسون للأطفال 200مل","8410207100052",""
3942,1,"Aveeno Skin Relief Moisturizing Cream for Very Dry Skin, 156g","381371187607",""
3942,2,"أفينو، بيبي، بلسم علاج الأكزيما الليلي، خال من العطر، 156 جرام","381371187607",""
3943,1,"Listerine Total Care Milder Taste Mouthwash 500ml","3574661057088",""
3943,2,"غسول الفم توتال كير ذو المذاق المعتدل من ليسترين 500مل","3574661057088",""
3944,1,"Listerine Miswak Extract Milder Taste Alcohol-Free Mouthwash 500ml","3574661303932",""
3944,2,"غسول الفم بخلاصة المسواك ذو المذاق المعتدل خال من الكحول من ليسترين 500مل","3574661303932",""
3945,1,"Listerine Fresh Burst Milder Taste Mouthwash 500ml","3574661177151",""
3945,2,"غسول الفم فريش برست ذو المذاق المعتدل من ليسترين 500مل","3574661177151",""
3946,1,"Listerine Cool Mint Mild Taste Alcohol-Free Mouthwash - 500ml","3574660666175",""
3946,2,"غسول الفم كوول مينت  ذو المذاق المعتدل خال من الكحول من ليسترين 500مل","3574660666175",""
3947,1,"Skinoren Cream for Skin Radiance - 30g","6222019604909",""
3947,2,"سكينلورين كريم نضارة البشرة بخلاصة عرق سوس 30 جرام","6222019604909",""
3948,1,"Kuwait Shop Vitamin E Skin Oil - 100ml","2781214011577",""
3948,2,"زيت فيتامين E للبشرة من كويت شوب 100مل","2781214011577",""
3949,1,"Nano Beauty Berry Extract Hand Moisturizing Cream - 50g","6926919504719",""
3949,2,"كريم نانو  مرطب اليدين بخلاصة التوت من نانوبيوتي 50جم","6926919504719",""
3951,1,"St. Ives Coconut & Orchid Hand Cream - 30ml","8801619048412",""
3951,2,"كريم اليدين بخلاصة جوز الهند وزهرة الاوركيد من سانت ايفز 30مل","8801619048412",""
3952,1,"NanoBeauty Avocado Extract Moisturizing Hand Cream - 50g","6926919504719",""
3952,2,"كريم نانو  مرطب اليدين بخلاصة الافوكادو من نانوبيوتي 50جم","6926919504719",""
3953,1,"NanoBeauty Coconut Extract Moisturizing Hand Cream - 50g","6926919504719",""
3953,2,"كريم نانو  مرطب اليدين بخلاصة جوز الهند من نانوبيوتي 50جم","6926919504719",""
3954,1,"NanoBeauty Peach Extract Moisturizing Hand Cream - 50g","6926919504719",""
3954,2,"كريم نانو  مرطب اليدين بخلاصة الخوخ من نانوبيوتي 50جم","6926919504719",""
3955,1,"Nano Beauty Strawberry Extract Moisturizing Hand Cream - 50g","6926919504719",""
3955,2,"كريم نانو  مرطب اليدين بخلاصة الفروله من نانوبيوتي 50جم","6926919504719",""
3956,1,"Schick Exacta Women's Razors for Sensitive Skin 5 + 2 Free","4891228430122",""
3956,2,"شفرات حلاقة نسائية اكساكتا للبشرة الحساسة 5 + 2 من شيك","4891228430122",""
3957,1,"Schick Xtreme 3 Razors for Sensitive Skin 2+1","4891228430078",""
3957,2,"شفرات حلاقة اكستريم 3 للبشرة الحساسة 2+1 من شيك","4891228430078",""
3961,1,"Schick Xtreme 3 Sensitive Skin Disposable Razors for Men - 12 Pieces","4891228312367",""
3961,2,"شيك شفرات حلاقة اكستريم 3 للبشرة الحساسة للاستعمال مرة واحدة للرجال 12قطعة من شيك","4891228312367",""
3962,1,"Schick Xtreme 3 Sensitive Skin Triple Blade Disposable Razors for Women - 12 Pieces","4891228312350",""
3962,2,"شفرة حلاقة اكستريم 3 للبشرة الحساسة ثلاثية الشفرات  الاستخدام مره واحده للنساء 12 قطعة من شيك","4891228312350",""
3963,1,"Lady Speed Stick Deodorant 65g","022200960526",""
3963,2,"مزيل عر ق ليدي سبيد ستيك 65جم","022200960526",""
3964,1,"Vaseline Original Healing Jelly, 100 ml","6281006408708",""
3964,2,"جيلي العناية العادي من فازلين، 100 مل","6281006408708",""
3965,1,"Lux Soft Rose Body Wash - 500ml","6281006569515",""
3965,2,"سائل استحمام الورد الناعم من لوكس - 500مل","6281006569515",""
3966,1,"Lux Silk Gardenia Body Wash - 500ml","6281006569638",""
3966,2,"سائل استحمام الغاردينيا الحريرية من لوكس - 500مل","6281006569638",""
3967,1,"Fair & Lovely Face Wash for All Skin Types - 150g","6281006567160",""
3967,2,"غسول الوجه فيراند لفلي  لجميع انواع البشرة 150جم","6281006567160",""
3968,1,"Personna 5-Blade Razors - 2 Pieces","4891228307219",""
3968,2,"شفرات حلاقة بيرسونا خمس شفرات قطعتين","4891228307219",""
3969,1,"Personna 3-Blade Disposable Razors - 2 Pieces","7502214738661",""
3969,2,"شفرات حلاقة بيرسونا ثلاث شفرات قطعتين","7502214738661",""
3970,1,"Original Taifi Rose Water 250ml","68028443732","6287041964698"
3970,2,"ماء الورد طائفي اصلي 250مل","68028443732","6287041964698"
3971,1,"Femfresh Intimate Wipes for Sensitive Skin - Refreshing and Soothing, 25 Wipes","5010724526149",""
3971,2,"مناديل فيم فريش النسائية للبشرة الحساسة المنعشة والمهدئة 25 منديل","5010724526149",""
3972,1,"Bioderma Sebium Moisturizer for Acne-Prone Skin, 30ml","3401360147508",""
3972,2,"مرطب سبيم للبشرة المعرضة لحب الشباب من بايوديرما، 30مل","3401360147508",""
3973,1,"Giovanni Castor Oil Smoothing Shampoo, 299ml","716237187895",""
3973,2,"شامبو لتنعيم الشع ربزيت الخروع  من جيوفاني،299مل","716237187895",""
3975,1,"Herbal Rose Extract Shampoo - 700ml","5011321609303",""
3975,2,"شامبو بخلاصة الورد من هيربل700 مل","5011321609303",""
3976,1,"Labella Orange Extract Lip Scrub","6000110250201",""
3976,2,"مقشر شفاه بخلاصة البرتقال من لابيلا","6000110250201",""
3977,1,"Labella Watermelon Lip Plumper","6000110250202",""
3977,2,"مكبر شفاه بخلاصة البطيخ من لابيلا","6000110250202",""
3978,1,"Labella Berry Extract Lip Tint","6000110250195",""
3978,2,"تنت شفاه بخلاصة التوت من لابيلا","6000110250195",""
3980,1,"Labella Cherry Extract Lip Tint","6000110250196",""
3980,2,"تنت شفاه بخلاصة الكرزمن لابيلا","6000110250196",""
3981,1,"Rexona Advanced Protection Antiperspirant Spray 200ml","6281006601727",""
3981,2,"بخاخ مضاد للتعرق حماية متقدمه من ريكسونا 200مل","6281006601727",""
3982,1,"The Ordinary Hyaluronic Acid 2% + B5 Hydrating Serum 30ml","769915190199",""
3982,2,"سيروم حمض الهيالورونيك 2%+ بي5  للترطيب من ذا اورديناري 30مل","769915190199",""
3983,1,"Magic Crystal Nano Glass Nail Shiner","6975774341106",""
3983,2,"ملمع الاظافر الكريستالي السحري بتقنية النانو","6975774341106",""
3984,1,"Listerine Antiseptic Mouthwash – Fresh Burst - 250ml","3574661177144",""
3984,2,"غسول الفم المطهر من ليسترين – فريش براست - 250 مل","3574661177144",""
3985,1,"Some By Mi Super Miracle Moisturizing & Soothing Cream - 30ml","8809647390282",""
3985,2,"كريم سوبر ميراكل للترطيب وتهدئة البشرة  من سوم باي مي 30مل","8809647390282",""
3986,1,"Sinan Shampoo for Lice Prevention and Elimination, 125g","6217000041092",""
3986,2,"سنان شامبو للوقاية والقضاء من القمل، 125 جم","6217000041092",""
3987,1,"Sinan Shampoo for Lice Prevention and Elimination, 225g","6217000041078",""
3987,2,"سنان شامبو للوقاية والقضاء من القمل، 225 جم","6217000041078",""
3988,1,"Dove Sensitive Skin Fragrance-Free Roll-On Deodorant for Women - 50ml","4800888204486",""
3988,2,"مزيل العرق رول اون للبشرة الحساسة بدون عطر من دوف للنساء 50 مل","4800888204486",""
3989,1,"Dove Go Fresh Roll-On Deodorant for Women - 50ml","4800888189684","8999999519872"
3989,2,"مزيل عرق رول اون جو فريش للنساء من دوف 50مل","4800888189684","8999999519872"
3990,1,"Dove Men+Care Clean Comfort Roll-On Deodorant 50ml","93830447",""
3990,2,"مزيل عرق رول اون كلين كومفورت للرجال من دوف 50مل","93830447",""
3991,1,"Labello Lip Balm, Peach Shine, 4.8g","4005900764898",""
3991,2,"مرطب شفاه من لابيلو، بيتش شاين، 4.8 غرام","4005900764898",""
3992,1,"Johnson's Baby Powder 500g","3574660026955",""
3992,2,"بودرة للاطفال من جونسون 500 جم","3574660026955",""
3993,1,"Johnson's 24-Hour Soft Moisturizing Cream - 100ml","6223000655313",""
3993,2,"كريم مرطب ناعم يدوم 24 ساعة من جونسون 100مل","6223000655313",""
3994,1,"Vaseline Daily Care Strong UV Sunscreen with Instant Skin Radiance - 50ml","8801619048498",""
3994,2,"واقي شمس العناية اليومية للأشعة فوق البنفسجية القوية  مع اشراقه فورية للبشرة من فازلين 50مل","8801619048498",""
3995,1,"Vaseline Daily Care UV Sunscreen 50ml","8801619048481",""
3995,2,"واقي شمس العناية اليومية للأشعة فوق البنفسجية من فازلين 50مل","8801619048481",""
3996,1,"Panthenol Plus Sunscreen Spray 125ml","5205507010759",""
3996,2,"بخاخ واقي من الشمس بانثينول بلس 125مل","5205507010759",""
3997,1,"Tango Body Tanning and Skin Tone Evening Oil - 200 ml","015594",""
3997,2,"زيت تانجو لتسمير الجسم وتوحيد اللون - 200 مل","015594",""
3998,1,"Sarah Beauty Avocado Butter and Licorice Eye Cream for Dark Circles and Puffiness - 15g","6941178134095",""
3998,2,"كريم زبدة الافوكادو وعرق السوس لازالة الهالات والانتفاخات حول العين من ساره بيوتي 15 جم","6941178134095",""
3999,1,"Avène Tinted Sunscreen Cream for Dry and Sensitive Skin - 50 ml","3282770149524",""
3999,2,"كريم واقي شمس ملون للبشرة الجافة والحساسة من أفين - 50 مل","3282770149524",""
4000,1,"Avène Tinted Sunscreen Cream for Normal to Combination Skin - 50ml","3282770149111",""
4000,2,"كريم واقي شمس ملون للبشرة العادية الى المختلطة  من أفين - 50 مل","3282770149111",""
4001,1,"Avène Sunscreen Cream for Sensitive Skin - 30 ml","3282770100914",""
4001,2,"كريم واقي شمس للبشرة الحساسة من أفين - 30 مل","3282770100914",""
4002,1,"Bioderma Photoderm Sunscreen Spray SPF 50+ Fragrance-Free Fluid 200ml","3701129804063",""
4002,2,"بخاخ واقي شمس فوتوديرم  خال من العطور من بيوديرما السائل بمعامل حماية 50 درجة 200مل","3701129804063",""
4003,1,"Eucerin Intim-Protect Gentle Cleansing Gel for Sensitive and Irritated Skin - 250ml","4005800630958",""
4003,2,"غسول جل منظف للمنطقة الحميمة للبشرة الحساسة والمتهيجه من يوسيرين - 250مل","4005800630958",""
4004,1,"Elegant Sunscreen Cream SPF-60, 60g","8858854615107",""
4004,2,"كريم واقي الشمس اليجنت  spf-60 الحجم60جم","8858854615107",""
4005,1,"Pure Beauty Sunscreen Cream SPF 100 - 50ml","5285001271726",""
4005,2,"كريم واقي من الشمس من بيور بيوتي بعامل وقاية من اشعة الشمس بدرجة 100 الحجم 50مل","5285001271726",""
4006,1,"L'Oréal Oil Replacement Serum for Long Curly Hair - 100ml","3600523976584",""
4006,2,"سيروم بديل زيت للشعر الطويل المجعد من لوريال 100مل","3600523976584",""
4007,1,"La Roche-Posay Sunscreen Gel for Sensitive Skin - 50ml","3337875797665",""
4007,2,"واقي شمس جل من  لاروش بوزيه للبشرة الحساسة 50 مل","3337875797665",""
4008,1,"La Roche-Posay Invisible Fluid Sunscreen for Sensitive Skin, Fragrance-Free - 50ml","3337875797597",""
4008,2,"واقي شمس سائل شفاف للبشرة الحساسة خال من العطور من لاروش بوزي 50 مل","3337875797597",""
4009,1,"Lakme Collage Mix Pearl Hair Dye 0/02 - 60 ml","8429421200219",""
4009,2,"صبغة كولاجميكس لؤلؤي 0/02 من لاكمي  60 مل","8429421200219",""
4010,1,"L'Oréal Paris Hydra Genius Ultra-Hydrating Gel for Normal to Combination Skin, 70ml","3600523363339",""
4010,2,"جل  هيدرا جينيوس لترطيب فائق للبشرة العادية إلى المختطلة، من لوريال باريس٧٠ مل","3600523363339",""
4011,1,"Labello Lip Care Oil, Dress Nude Beige, 5.5ml","4005900943798",""
4011,2,"زيت لترطيب الشفاه والعناية بها، لون دريس بيج نود، بسعة 5.5 مل من لابيلو","4005900943798",""
4012,1,"Pure Beauty Lip Balm & Treatment with SPF 15 and Almond Oil for Lip Lightening - 4.2g","5285001272150",""
4012,2,"مرطب ومعالج الشفاة بعامل وقاية من الشمس 15SPF بخلاصة زيت اللوز لتفتيح الشفاة  من بيور بيوتي - 4.2 جرام","5285001272150",""
4013,1,"CeraVe Hydrating Facial Cleanser for Normal to Dry Skin - Moisture Balance 355ml","3606000537699",""
4013,2,"منظف الوجه المرطب للبشرة العادية الى الجافة  توازن الرطوبه من سيرافي 355مل","3606000537699",""
4014,1,"CeraVe Hydrating Facial Cleanser for Normal to Dry Skin & Makeup Remover - 355ml","3606000559998",""
4014,2,"منظف الوجه المرطب للبشرة العادية الى الجافة مزيل المكياج من سيرافي 355مل","3606000559998",""
4015,1,"TRESemmé Thermal Creations Heat Protectant Spray up to 450°F - 236 ml","022400623924",""
4015,2,"بخاخ حماية الشعر من الحرارة حتى 450 من تريسمي - 236 مل","022400623924",""
4016,1,"Peppermints Sugar-Free Breath Freshening Strips - 24 Strips","5425010096013",""
4016,2,"بيبرمنتس شرائح النعناع المعطرة بالفم خالية من السكر 24 شريحة","5425010096013",""
4017,1,"Sensodyne Multi Care Toothpaste for Sensitive Teeth - 100ml","9502930974891",""
4017,2,"معجون اسنان عناية متعددة لحساسية الاسنان من سنسوداين 100 مل","9502930974891",""
4018,1,"Mandy Care Lavender Water for Healthy, Clear, and Pure Skin - 250 ml","6287020821899",""
4018,2,"ماء اللافندر من ماندي كير لبشرة صحية صافية ونقية 250 مل","6287020821899",""
4019,1,"Crest Sensi-Whitening Care Toothpaste - 75ml","8001090827623",""
4019,2,"معجون عناية وتبييض للاسنان (تبييض سنسي) من كرست - 75مل","8001090827623",""
4020,1,"Nippo Hair Pins Box - Original Thai Medium Size","8858854606013",""
4020,2,"علبة دبوس شعر نيبو متوسط تايلندي اصلي","8858854606013",""
4021,1,"Nippo Small Hair Pins Box - Original Thai Quality","8858854606020",""
4021,2,"علبة دبوس شعر نيبو صغير تايلندي اصلي","8858854606020",""
4023,1,"Glysolid Musk Skin Jelly, 250 ml","4000196912305",""
4023,2,"جيلي مسك للبشرة من جلسوليد، 250 مل","4000196912305",""
4025,1,"Creme 21 Instant Radiance & Moisturizing Cream for All Skin Types - 100ml","6294007502290",""
4025,2,"كريم21  الاشراقة الفورية والترطيب لكل انواع البشرة 100مل","6294007502290",""
4026,1,"Avalon Care Foot Cream by Avalon Pharma - 90ml","6285095006661",""
4026,2,"كريم القدمين افالون كير من افالون فارما 90مل","6285095006661",""
4027,1,"Dr. Rashel Vitamin C Face and Neck Serum - 50ml","6971764150130",""
4027,2,"سيروم فيتامين سي للوجه والرقبة يمن دكتور راشيل 50مل","6971764150130",""
4028,1,"Maybelline Fit Me Concealer - Shade 30","30096622",""
4028,2,"كونسيلر فيت مي من ميبلين رقم 30","30096622",""
4029,1,"Maybelline Fit Me Concealer - Shade 15","30096592",""
4029,2,"كونسيلر فيت مي من ميبلين رقم 15","30096592",""
4030,1,"Maybelline Fit Me Concealer - Shade 40","30155800",""
4030,2,"كونسيلر فيت مي من ميبلين رقم 40","30155800",""
4031,1,"Rimmel Professional Eyebrow Pencil - Black Brown 004","5012874026883",""
4031,2,"قلم تحديد الحواجب الاحترافي - اسود بني 004 من ريميل","5012874026883",""
4032,1,"Flormar Red Lip Liner, Made in Turkey","8690604127665",""
4032,2,"قلم تحديد الشفاه احمر فلورمار،صنع في تركيا","8690604127665",""
4033,1,"Rimmel Scandal'Eyes Waterproof Kohl Kajal Liner, 01 Black","3614224079529",""
4033,2,"قلم كحل للعين مقاوم للماء سكاندال ايز كاجال , اسود 01 من ريميل","3614224079529",""
4034,1,"Rimmel Scandal'Eyes Waterproof Kohl Kajal Eyeliner - 05 Nude","3614224079567",""
4034,2,"قلم كحل للعين مقاوم للماء سكاندال ايز كاجال ,  بيج فاتح 05 من ريميل","3614224079567",""
4035,1,"Flormar Waterproof Lipliner, Made in Turkey","8690604567577",""
4035,2,"قلم تحديد الشفاه مقاوم للما فلورمار،صنع في تركيا","8690604567577",""
4036,1,"Carefree Daily Intimate Cleansing Mousse with Green Tea and Aloe Vera - 150ml","3574661504179",""
4036,2,"رغوة تنظيف يومي للمناطق الحساسة بالشاي الاخضر والصبارمن كيرفري- 150مل","3574661504179",""
4037,1,"Hemani Snake Oil for Hair - 250 ml","8964000114810",""
4037,2,"زيت الحية للشعر من هيماني  - 250 مل","8964000114810",""
4038,1,"e.l.f. Clear Face Primer","765066136604",""
4038,2,"برايمر شفاف من ايلف","765066136604",""
4040,1,"Dove Pear and Aloe Vera Deodorant - 50ml","4800888195630",""
4040,2,"مزيل عرق بالكمثرى والالوفيرا من دوف 50 مل","4800888195630",""
4041,1,"Mandi Care Argan Oil for Hair and Skin Care - 125 ml","6287020821042",""
4041,2,"زيت الأرغان للعناية بالشعر والبشرة من  ماندي كير 125 مل","6287020821042",""
4042,1,"Mandi Care Watercress Shampoo - 400 ml","6287020821448",""
4042,2,"شامبو الجرجير  من  ماندي كير 400 مل","6287020821448",""
4043,1,"Rexona Advanced Protection Anti-Perspirant Spray, Bamboo & Aloe Vera Scent, 200ml","7791293046693",""
4043,2,"بخاخ مضاد للتعرق حماية متقدمه براحة البامبو والصبار من ريكسونا 200مل","7791293046693",""
4044,1,"Rexona Antibacterial Protection Anti-Perspirant Spray 200ml","7791293046716",""
4044,2,"بخاخ مضاد للتعرق الحمايه من الجراثيم من ريكسونا 200مل","7791293046716",""
4045,1,"Rexona Tropical Antiperspirant Spray - 200ml","8710447492222",""
4045,2,"بخاخ مضاد للتعرق  تروبيكال من ريكسونا 200مل","8710447492222",""
4046,1,"Rexona Men Antiperspirant Spray 200ml","8710447301029",""
4046,2,"بخاخ مضاد للتعرق للرجال من ريكسونا 200مل","8710447301029",""
4051,1,"Mandy Care Licorice Oil for Hair and Skin Care - 125 ml","6287020821813",""
4051,2,"زيت عرق السوس  للعناية بالشعر والبشرة من  ماندي كير 125 مل","6287020821813",""
4052,1,"Mandy Care Rose Oil for Hair and Skin Care - 125 ml","6287020820953",""
4052,2,"زيت الورد للعناية بالشعر والبشرة من  ماندي كير 125 مل","6287020820953",""
4053,1,"Mandi Care Castor Oil for Hair and Skin Care - 125 ml","6287020820946",""
4053,2,"زيت الخروع للعناية بالشعر والبشرة من  ماندي كير 125 مل","6287020820946",""
4054,1,"The Ordinary Lactic Acid 5% + HA Serum 30ml","769915590281",""
4054,2,"سيروم لاكتيك 5%  من ذا اوردينري 30مل","769915590281",""
4055,1,"Sondos Clove Oil, 100 ml","6217000041366",""
4055,2,"زيت القرنفل من سندس , 100 مل","6217000041366",""
4056,1,"Sondos Lemon Oil, 100 ml","62170000413612",""
4056,2,"زيت الليمون من سندس , 100 مل","62170000413612",""
4057,1,"Sondos Garlic Oil, 100 ml","6217000041362",""
4057,2,"زيت الثوم من سندس , 100 مل","6217000041362",""
4058,1,"Sondos Fenugreek Oil, 100 ml","6217000041364",""
4058,2,"زيت الحلبه من سندس , 100 مل","6217000041364",""
4059,1,"Sondos Camphor Oil for Hair and Skin, 100 ml","6217000041367",""
4059,2,"زيت الكافور للشعر والبشرة من سندس , 100 مل","6217000041367",""
4060,1,"Sondos Sesame Oil, 100 ml","6217000041365",""
4060,2,"زيت السمسم من سندس , 100 مل","6217000041365",""
4061,1,"Sondos Jojoba Oil, 100 ml","62170000413614",""
4061,2,"زيت جوجوبا من سندس , 100 مل","62170000413614",""
4062,1,"Professional Cosmetics Protein Repair Shampoo – 1kg","8435092222030",""
4062,2,"شامبو البروتين لاصلاح الشعر من بروفيشنال كوزماتيك – 1كيلو","8435092222030",""
4063,1,"The Ordinary Lactic Acid 5% + HA 2% Exfoliating Serum 30ml","769915190281",""
4063,2,"مقشر اللاكتيك اسيد 5% +اتش ايه 2% من ذا اوردينري 30مل","769915190281",""
4064,1,"L'Oreal Elvive Oléo-Keratin + Argan Oil Replacement - 300ml","3610340017421",""
4064,2,"بديل الزيت اوليو كيراتين +زيت ارجان من لوريال300مل","3610340017421",""
4065,1,"Cofix Antimicrobial Body Wash - 500 ml","697794487768",""
4065,2,"غسول جسم مضاد للميكروبات  من كوفيكس 500 مل","697794487768",""
4066,1,"Enjoy Face and Body Scrub with Red Algae Extract and Vitamin C Derivative - 100 ml","6286511000362",""
4066,2,"مقشر للوجه والجسم بخلاصة الطحالب الحمراء ومشتق فيتامين سي من انجوي 100 مل","6286511000362",""
4067,1,"Enjoy Face and Body Scrub Enriched with Stem Cells and Natural Antioxidants - 100 ml","6286511000348",""
4067,2,"مقشر للوجه والجسم غني بالخلايا الجذعية ومضادات الاكسدة الطبيعية من انجوي 100 مل","6286511000348",""
4068,1,"Enjoy Vitamin C Face and Body Scrub - 100 ml","6286511000355",""
4068,2,"مقشر للوجه والجسم بفيتامين سي من انجوي 100 مل","6286511000355",""
4069,1,"Aichun Beauty Anti-Inflammatory, Brightening and Hydrating Face Serum - 30ml","6932511227666",""
4069,2,"سيروم للوجه مضاد للالتهابات وتفتيح وترطيب البشرة من ايشون بيوتي - 30 مل","6932511227666",""
4071,1,"Teeth Whitening Powder for Tea and Coffee Stain Removal - 50g","6932511228120",""
4071,2,"بودرة أسنان لإزلة اثار الشاي والقهوة 50جم","6932511228120",""
4072,1,"Argan Body Massage Oil 100ml","6932511217933",""
4072,2,"زيت تدليك الجسم بالارجان 100مل","6932511217933",""
4073,1,"Hi-Quin 2% Skin Bleaching Cream - 30g","1924",""
4073,2,"كريم هاي كوين 2% لتفتيح البشرة - 30 جم","1924",""
4074,1,"Enchanteur Charming Perfumed Talc - 250g","8888202005076",""
4074,2,"بودرة معطرة  شارمنج من انشانتير 250جم","8888202005076",""
4076,1,"Vichy Roll-On Deodorant for Excessive Perspiration for Sensitive Skin for Men and Women - 50ml","3337871324001",""
4076,2,"مزيل عرق رول للتعرق المفرط  للبشرة الحساسة للرجال والنساء من فيتشي- 50مل","3337871324001",""
4077,1,"Golden Rose Makeup Fixing Spray - 120ml","8691190121440",""
4077,2,"مثبت مكياج من جولدن روز 120مل","8691190121440",""
4078,1,"La Roche-Posay Anthelios Tinted BB Gel Sunscreen Fragrance-Free for Sensitive Skin - 50ml","3337875589185",""
4078,2,"واقي شمس جل ملون BB  من  لاروش بوزيه خال من العطر للبشرة الحساسة 50 مل","3337875589185",""
4079,1,"Sundown Naturals Vitamin E Oil 70,000 IU - 75ml","030768027933",""
4079,2,"زيت فيتامين اي 70000 من سنداون ناتشورالز - 75مل","030768027933",""
4080,1,"Carmex Strawberry Lip Balm Triple Pack - 10g","083078013981",""
4080,2,"مرطب شفاه بالفراولة ثلاث عبوات من كارميكس - 10جم","083078013981",""
4081,1,"Sebamed Face Wash for Normal to Dry Skin - 150ml","4103040004727",""
4081,2,"غسول وجه للبشرة العادية الى الجافة من سيباميد 150مل","4103040004727",""
4082,1,"Sebamed Clear Face Care Gel for Acne-Prone Skin - 50ml","4103040143099",""
4082,2,"جل العناية بالبشرة المعرضة لحب الشباب كلير فيس من سيباميد 50مل","4103040143099",""
4083,1,"Sebamed Baby Cream Extra Soft for Delicate Skin from Day One, 50ml","4103040120489",""
4083,2,"كريم فائق النعومة لبشرة الطفل الرقيقية منذ اليوم الاول من سيباميد 50مل","4103040120489",""
4084,1,"Sebamed Baby Bubble Bath with Chamomile for Delicate Skin - 200ml","4103040113931",""
4084,2,"رغوة الحمام مع البابونج لبشرة الطفل الرقيقة  من سيباميد 200مل","4103040113931",""
4085,1,"Sebamed Baby Eau de Cologne for a Fragrant Environment, 250 ml","4103040915214",""
4085,2,"كولونيا للاطفال لرائحة عطرة في محيط الطفل من سيباميد، 250 مل","4103040915214",""
4086,1,"Sebamed Fresh Shower Gel for Sensitive Skin - 200ml","4103040124043",""
4086,2,"شاور جل فريش للبشرة الحساسة من سيباميد 200مل","4103040124043",""
4087,1,"Sebamed Face Wash for Oily and Combination Skin, 150 ml","4103040004703",""
4087,2,"غسول الوجه للبشرة الدهنية والمختلطة من سيباميد، ، 150 مل","4103040004703",""
4088,1,"Sebamed Baby Body Milk for Delicate and Dry Skin, 200 ml","4103040148155",""
4088,2,"حليب الجسم لبشرة الطفل الرقيقة والجافة من سيباميد، ، 200 مل","4103040148155",""
4089,1,"Glysolid Moisturizing Cream 400ml","4000196901415",""
4089,2,"كريم مرطب جليسوليد 400مل","4000196901415",""
4090,1,"Caviar Eye Cream 35g","6921199114733",""
4090,2,"كريم العين بالكافيار35جم","6921199114733",""
4091,1,"Eucerin Baby Fragrance-Free Shampoo & Body Wash 400ml","072140019846",""
4091,2,"شامبو وغسول للأطفال خالٍ من العطور من يوسيرين 400 مل","072140019846",""
4092,1,"Coffee Scented Salt Scrub (Exfoliator - Softener - Whitener - Cleanser) 300g","8855140004027",""
4092,2,"صنفرة ملح برائحة الكوفي (مقشر-منعم -مبيض-منظف)300جم","8855140004027",""
4093,1,"The Ordinary AHA 30% + BHA 2% Peeling Solution - 30ml","769915191004",""
4093,2,"محلول تقشير الوجه باحماض الفواكه  BHA 2%-AHA 30% من ذا اوردينري 30مل","769915191004",""
4094,1,"Shifa Intensive Treatment Serum for Hair Beautifying, Smoothing, and Softening - 100ml","8858854618917",""
4094,2,"سيروم معالج قوي لتجميل و تنعيم وتلطيف الشعر من شفا 100مل","8858854618917",""
4095,1,"Ajmal Musk Al Aroosa Powder 100g","6293708018802",""
4095,2,"بودرة مسك العروسه من اجمل 100 جم","6293708018802",""
4100,1,"Ajmal Musk Silk Powder 100g","6293708018994",""
4100,2,"بودرة مسك سلك من اجمل 100 جم","6293708018994",""
4101,1,"Lacalut Sensitive Toothpaste 75ml","4016369546710",""
4101,2,"معجون اسنان لاكوت للاسنان الحساسه 75مل","4016369546710",""
4102,1,"Al-Arayes Nail Polish Remover Wipes - 20 Pieces","6939442610109",""
4102,2,"مناديل العرايس لإزالة طلاء الاظافر 20قطعة","6939442610109",""
4103,1,"Crest 3D White Teeth Whitening Strips - 24 Strips","056100079002",""
4103,2,"لصقات تبييض الأسنان ثري دي وايت من كرست - 24 قطعة","056100079002",""
4104,1,"Midas Bitter Almond Oil - 175ml","6287015100589",""
4104,2,"زيت اللوز المر ميداس  175مل","6287015100589",""
4105,1,"Sweet Almond Oil for Skin and Body - 185ml","680284438845",""
4105,2,"زيت اللوز الحلو للبشرة والجسم 185مل","680284438845",""
4106,1,"Glycerin oil for skin and body from Medlo 185 ml","6287015100206",""
4106,2,"زيت الجلسرين للبشرة والجسم من ميدلو 185مل","6287015100206",""
4107,1,"Bioderma Atoderm Ultra-Nourishing Cream for Normal, Dry, and Sensitive Skin - 200ml","3701129804322",""
4107,2,"كريم اتوديرم فائق التغذية للبشرة العادية والجافة والحساسة من بيودرما 200مل","3701129804322",""
4108,1,"NOW Foods 100% Pure Lime Oil - 30 ml","733739148032",""
4108,2,"زيت الليم نقي 100%  من ناو 30 مل","733739148032",""
4109,1,"NOW Myrrh Essential Oil - 30 ml","733739149978",""
4109,2,"زيت المره العطري  من ناو 30 مل","733739149978",""
4110,1,"NOW Solutions Sesame Seed Oil - 237 ml","733739147875",""
4110,2,"زيت بذور السمسم من ناو سولوشنز - 237 مل","733739147875",""
4111,1,"CeraVe Hydrating Facial Cleanser & Makeup Remover for Normal to Dry Skin - 87ml","3606000577213",""
4111,2,"منظف الوجه للبشرة العادية الى الجافه مع مزيل مكياج من سيرافي - 87مل","3606000577213",""
4113,1,"Keratin & Protein Complex Repairing and Restoring Conditioner - 1 Liter","8435092213717",""
4113,2,"بلسم الكيراتين المركب بالبروتين لإصلاح وترميم الشعر 1 لنر","8435092213717",""
4114,1,"L'Oréal Paris Makeup Remover for Face and Sensitive Eyes - 125ml","3600522626046",""
4114,2,"مزيل مكياج للوجه والعيون الحساسة من لوريال باريس 125مل","3600522626046",""
4115,1,"L'Oréal Paris Skin Makeup Remover - 200ml","4037900013058",""
4115,2,"مزيل مكياج للبشرة من لوريال باريس 200مل","4037900013058",""
4116,1,"Sebamed Anti-Dandruff Shampoo for Oily Hair - 200ml","4103040117298",""
4116,2,"شامبو ضد القشرة للشعر الدهني من سيباميد 200مل","4103040117298",""
4117,1,"Vichy Clinical Control 96H Anti-Stain Anti-Perspirant Deodorant for Men - 50ml","3337875805025",""
4117,2,"مزيل عرق كلينيكال كنترول مضاد للبقع ومضاد للتعرق لمدة 96ساعة للرجال  من  فيتشي 50مل","3337875805025",""
4118,1,"La Roche-Posay Anthelios Invisible Sunscreen Spray, SPF 50, 75ml","3337875549530",""
4118,2,"بخاخ واقي شمس غير مرئي انثيليوس من لا روش بوساي، عامل حماية  50، سعة 75 مل","3337875549530",""
4119,1,"Keratin Smooth Shampoo for Dry and Frizzy Hair - 600ml","6281006534889",""
4119,2,"شامبو كيراتين سموث  للشعر الجاف والمتطاير 600مل","6281006534889",""
4120,1,"Pantene Pro-V Defined Curls Shampoo for Wavy Hair - 190 ml","8001841591131",""
4120,2,"شامبو بانتين تموجات متناسقة للشعر المموج 190 مل","8001841591131",""
4121,1,"Pantene shampoo against hair fall 190 ml","8001841590905",""
4121,2,"شامبو بانتين ضد تساقط الشعر 190 مل","8001841590905",""
4122,1,"Pantene Shampoo for Healthy and Clean Hair - 190ml","8001841590981",""
4122,2,"شامبو بانتين لشعر صحي ونظيف 190 مل","8001841590981",""
4123,1,"Pantene shampoo color treated hair 190 ml","8001841591100",""
4123,2,"شامبو بانتين عناية بالشعر المصبوغ 190 مل","8001841591100",""
4124,1,"Dove Thickening Ritual Shampoo 400ml + Conditioner 320ml","6281006519565",""
4124,2,"شامبو 400 مل + بلسم ، 320 مل (روتين الشعر الكثيف) من دوف","6281006519565",""
4125,1,"Soft Kids Toothbrush 2-Piece Set with 2 Toys","6927236620052",""
4125,2,"فرشاة اسنان اطفال ناعمة 2 قطعة  مع 2لعبه","6927236620052",""
4126,1,"Eucerin Sun Protection Gel for Face and Body Specially Formulated for Sun-Sensitive Skin - 150ml","4005800033124",""
4126,2,"جل واقي شمس للوجه والجسم مصمم خصيصا للبشرة الحساسة للشمس  من يوسرين 150مل","4005800033124",""
4127,1,"Dabur Amla Hair Oil - World's No. 1 with 20% Extra - 360ml","5022496103008",""
4127,2,"زيت شعر دابر املا رقم (1)في العالم مع 20%كمية اضافية 360مل","5022496103008",""
4128,1,"Cofix Body Wash with Papaya and Licorice Extract - 400ml","697794488185",""
4128,2,"غسول الجسم بخلاصة البابايا وعرق السوس من كوفيكس 400مل","697794488185",""
4129,1,"Nivea Pearl & Beauty Deodorant - 40ml","42126560",""
4129,2,"مزيل عرق بيرل آند بيوتي من نيفيا- 40مل","42126560",""
4130,1,"CeraVe Acne Control Gel 40ml","3606000575172",""
4130,2,"جل لحب الشباب من سيرافي 40مل","3606000575172",""
4131,1,"CeraVe eye cream for dark circles and puffiness, 14 gm","3606000537613",""
4131,2,"كريم لمنطقة حول العيون للهالات السوداء و الانتفاخات  من سيرافي 14جم","3606000537613",""
4132,1,"Qamar Baby Wet Wipes for Sensitive Skin - 80 Wipes","647899964695",""
4132,2,"مناديل قمر مبللة للأطفال للبشرة الحساسة 80 قطعة","647899964695",""
4133,1,"Al-Seral 100% Natural Bath Loofah","6225000169029",""
4133,2,"لوفة السرال  للأستحمام طبيعية 100%","6225000169029",""
4134,1,"Dark blonde hair dye 6.0 with collagen","8053323158189",""
4134,2,"صبغة شعر اشقر غامق 6.0 بالكولاجين","8053323158189",""
4135,1,"Pigeon Mini Pacifier, Size Large, 12+ Months, 1 Piece","4902508793049",""
4135,2,"لهاية ميني بعمر 12 شهرًا فما فوق كبير، 1 قطعة من بايجون","4902508793049",""
4136,1,"Pigeon Mini Light +6 pacifier, medium size","2020092311127",""
4136,2,"لهاية ميني لايت +6 حجم متوسط من بيجون","2020092311127",""
4137,1,"Minnie pacifier, age 0 months, small size, train shape, 1 piece from Pigeon","2020092301234",""
4137,2,"لهاية ميني بعمر 0شهرًا حجم صغير شكل قطار 1 قطعة من بايجون","2020092301234",""
4138,1,"Eucerin 5% Urea Face Cream for Dry Skin - 50ml","4005800034541",""
4138,2,"كريم الوجه للبشرة الجافة 5% يوريا من يوسيرن - 50 مل","4005800034541",""
4139,1,"Advanced Clinicals Collagen Instant Plumping Serum - 52ml","819265008009",""
4139,2,"سيروم الكولاجين  النفخ الفوري للبشرة  ادفانسد كلينيكالز‏ 52مل","819265008009",""
4140,1,"Advanced Clinicals Anti-Wrinkle Retinol Serum - 52ml","819265007972",""
4140,2,"سيروم ريتينول مضاد للتجاعيد مل ادفانسد كلينيكالز‏ 52مل","819265007972",""
4141,1,"Advanced Clinicals Hyaluronic Serum for Deep Hydration - 52ml","819265008788",""
4141,2,"سيروم الهيالورونيك للترطيب العميق ادفانسد كلينيكالز‏ 52مل","819265008788",""
4142,1,"Thickening Conditioner, Rosemary, Avalon Organics 312g","654749351604",""
4142,2,"بلسم لزيادة كثافة الشعر، بإكليل الجبل، من أفالون أورغانيكس  312 جم","654749351604",""
4143,1,"Sulfate-Free Smoothing Hair Treatment 150ml","6958086082714",""
4143,2,"معالج لشعر ناعم خالي من الكبريتات 150مل","6958086082714",""
4144,1,"Palmer's Olive Oil Moisturizing Spray For Dry Hair 150ml","010181025105",""
4144,2,"بخاخ مرطب للشعر الجاف بزيت الزيتون من بالمرز 150مل","010181025105",""
4145,1,"Cofix Bright Face Whitening Cream - 120ml","697794486969",""
4145,2,"كريم برايت لتفتيح الوجه من كوفيكس120مل","697794486969",""
4146,1,"Cofix Hand Cream for Sensitive and Eczema-Prone Skin - 275ml","697794488499",""
4146,2,"كريم  لليدين للبشرة الحساسة والمعرضة للإكزيما من كوفيكس275مل","697794488499",""
4147,1,"Cofix Body Lotion for Eczema-Prone, Sensitive, and Itchy Skin - 400ml","697794488475",""
4147,2,"لوشن الجسم للبشرة المعرضة للإكزيما والبشرة الحساسة والمعرضة للحكة من كوفيكس 400مل","697794488475",""
4148,1,"Cofix Body Wash for Eczema-Prone, Sensitive, and Itchy Skin - 400ml","697794488512",""
4148,2,"غسول الجسم للبشرة المعرضة للإكزيما والبشرة الحساسة والمعرضة للحكة من كوفيكس 400مل","697794488512",""
4149,1,"TRESemmé Keratin Smooth Heat Protect Spray, (236 ml)","022400265124",""
4149,2,"بخاخ كيراتين ناعم للحماية من الحرارة ،من تريسيمي‏,   (236 مل)","022400265124",""
4150,1,"SOME BY MI Retinol Intense Advanced Triple Action Eye Cream 30ml","8809647392583",""
4150,2,"كريم ريتينول المركز للعناية بمحيط العين من سوم باي مي 30مل","8809647392583",""
4151,1,"Cofix Hyaluronic Acid Mouthwash - 300 ml","792625756461",""
4151,2,"غسول الفم بحمض الهيالورونيك 300 مل من كوفيكس","792625756461",""
4152,1,"Cofix Raw African Shea Butter Body Oil Gel - 200 ml","697794488451",""
4152,2,"جل زيت بزبدة الشيا أفريقي خام للجسم من كوفيكس  200 مل","697794488451",""
4153,1,"Cofix Medical Skin Jelly 250ml","697794487713",""
4153,2,"جلي البشرة الطبي من كوفيكس 250مل","697794487713",""
4154,1,"Advanced Clinicals Collagen Repair Lotion, 454g","819265006395",""
4154,2,"لوشن لترميم البشرة بالكولاجين من ادفانسد كلينيكلاس، 454جم","819265006395",""
4155,1,"Advanced Clinicals Aloe Vera Cream with Vitamin C and Vitamin E for Extra Dry and Rough Skin, 454g","810400030534",""
4155,2,"كريم صبار الالوفيرا  مع فيتامين سي وفينامين اي للبشرة شديدة الجفاف والخشنه من ادفانسد كلينيكلاس، 454جم","810400030534",""
4156,1,"Advanced Clinicals Anti Aging Hyaluronic Lotion for Face, Body and Hands, 454g","819265009600",""
4156,2,"كريم لهيالورونيك المضاد للشيخوخة للوجه، والجسم واليدين من ادفانسد كلينيكلاس، 454جم","819265009600",""
4157,1,"Advanced Clinicals Vitamin C Face & Body Cream - For Radiance, Hydration, Brightening, and Treating Dark Spots & Signs of Aging, 454g","819265008801",""
4157,2,"كريم فيتامين سي للوجه والجسم - لنضارة وترطيب وتفتيح البشرة ومعالجة البقع السوداء وعلامات تقدم سن البشرة  من ادفانسد كلينيكلاس، 454جم","819265008801",""
4158,1,"CeraVe Moisturizing Cream for Dry to Very Dry Skin, 177ml","3337875598996",""
4158,2,"كريم مرطب للبشرة الجافة وشديدة الجفاف من سيرافي، 177 مل","3337875598996",""
4159,1,"Pure Beauty Cosmetic Anti-Wrinkle Patches for Eyes and Lips, 20 Pieces","8017990119683",""
4159,2,"لصقات تجميلية مضادة للتجاعيد حول العيون والشفاه من بيور بيوتي، 20 قطعة","8017990119683",""
4160,1,"Bioderma Autoderm Sunscreen Spray for Sensitive Skin SPF 50+ 200ml","3701129803677",""
4160,2,"بخاخ واقي شمس اوتوديرم للبشرة الحساسة بعامل حماية (50)من بيودرما 200مل","3701129803677",""
4161,1,"Rimmel Flex Mascara for Enchanting Eyes - Black, 12 ml","3607342452169",""
4161,2,"ماسكارا فليكس لعيون ساحرة من ريميل - اسود، 12 مل","3607342452169",""
4162,1,"Rimmel Volume Flash Mascara - Black, 12ml","3607342333444",""
4162,2,"ماسكارا فوليوم فلاش من ريميل - اسود، 12 مل","3607342333444",""
4163,1,"Essence Extreme Gel Gloss Nail Top Coat","4250587746204",""
4163,2,"جل ملمع اظافر من ايسنس","4250587746204",""
4164,1,"CeraVe Night Moisturizing Lotion 60ml","3606000534711",""
4164,2,"لوشن مرطب ليلي للوجه من سيرافي 60مل","3606000534711",""
4165,1,"CeraVe Facial Moisturizing Lotion AM with SPF 30 - 60ml","3606000537460",""
4165,2,"لوشن مرطب نهاري مع عامل حماية 30 من اشعة الشمس للوجه من سيرافي 60مل","3606000537460",""
4166,1,"Acure Brightening Facial Cleansing Gel - Removes Impurities, Oils & Makeup - 118ml","854049002057",""
4166,2,"جل منظف وجه للتفتيح  وإزالة الشوائب والزيوت والمكياج من اكيور118مل","854049002057",""
4167,1,"OZ Natural Pro Retaxinol 2.5 Face Serum - 30 ml","816457022638",""
4167,2,"سيروم الوجه برو ريتاكسينول 2.5 من اوز ناتشورال الشكل الجديد - 30مل","816457022638",""
4168,1,"Cococare Cocoa Butter Rich Formula Cream for Dry, Rough Skin and Wrinkles - 425g","075707090159",""
4168,2,"كريم بتركيبة غنية بزبدة الكاكاو من كوكوكير للبشرة الجافه والخشنه والتجاعيد 425جم","075707090159",""
4169,1,"La Roche-Posay Cicaplast Baume B5 Soothing Balm with SPF 50, 40ml","3337875517300",""
4169,2,"بلسم ملطف للبشرة  مع واقي شمس 50 سيكابلاست بوم B5 من لا روش بوزاي، 40 مل","3337875517300",""
4170,1,"Naturals Vitamin C Face Wash, 118 ml","5060328892393",""
4170,2,"غسول للوجه بفيتامين C من ناتشورالز، 118 مل","5060328892393",""
4171,1,"Dove Body Wash with Loofah, Pine Scent - 250 ml","6281006487918",""
4171,2,"غسول الجسم مع لوفه بعطر الصنوبر  من دوف 250 مل","6281006487918",""
4172,1,"Dettol Loofah Lemon and Orange Blossom Body Wash 250 ml","6001106109370",""
4172,2,"غسول الجسم مع لوفه باليمون وزهر البرتقال  من ديتول 250 مل","6001106109370",""
4173,1,"Hyaluronic Acid Body Wash for Normal to Dry Skin - 296 ml","3606000537491",""
4173,2,"غسول الجسم للبشرة العادية الى الجافة بحمض الهيالورونيك  296 مل","3606000537491",""
4174,1,"Neutrogena Soothing Clear Makeup Remover Gel for Acne-Prone Skin, 200ml","3574661645667",""
4174,2,"جل مزيل مكياج سوثنج كلير للبشرة المعرضة للحبوب من نيتروجينا، 200مل ،","3574661645667",""
4175,1,"Palmer's Cocoa Butter Formula Lip Balm with SPF 15 Offer - 4g (1+1 Free)","010181000089",""
4175,2,"عرض مرطب الشفاه بزبدة الكاكو مع عامل حماية من اشعة الشمس 15 من بالمرز 4جم (1+1)","010181000089",""
4176,1,"Flexol Vitamin E Face and Neck Moisturizing & Anti-Aging Cream - 85g","9317129043094",""
4176,2,"كريم لترطيب الوجه والعنق ومكافحة الشيخوخه بفيتامين هـ من فليكسول 85جم","9317129043094",""
4177,1,"Breast Firming, Enlarging, and Plumping Lotion with Collagen - 250ml","5280270019567",""
4177,2,"لوشن شد وتكبير ونفخ الصدر مع الكولاجين250مل","5280270019567",""
4178,1,"LA Fresh Wet Look Hair Wax, 300 ml","5060071227527",""
4178,2,"شمع الشعر ويت لوك، ال اي فريش 300 مل","5060071227527",""
4179,1,"Vatika Strong Hold Hair Gel - 250 ml","6291069723021",""
4179,2,"جل للشعر تماسك قوى من فاتيكا 250 مل","6291069723021",""
4181,1,"Vatika Hair Gel with Lemon and Henna - 250 ml","6291069708073",""
4181,2,"جل للشعر باليمون والحنا من فاتيكا 250 مل","6291069708073",""
4182,1,"NOW Solutions Wheat Germ Oil - 473 ml","733739147806",""
4182,2,"سائل جنين القمح من ناو - 473 مل","733739147806",""
4183,1,"Eveline Extra Soft SOS Foot Regeneration Cream - 100ml","5901761986815",""
4183,2,"كريم اكسترا سوفت اس او اس لتجديد القدمين بسعة 100 مل من ايفلين","5901761986815",""
4184,1,"Garnier Ultra Doux Conditioner with Legendary Olives, 400 ml","3610340040580",""
4184,2,"بلسم الترا دوكس بالزيتون الاسطوري من جارنيه 400مل","3610340040580",""
4185,1,"Dr. Davey Collagen Whitening Body Lotion - 500g","6921199101788",""
4185,2,"لوشن مبيض للجسم بالكولاجين من دكتور ديفي  - 500 جم","6921199101788",""
4186,1,"Dr. Davey Donkey Milk Whitening and Moisturizing Lotion for Face and Body - 300g","6921199119844",""
4186,2,"لوشن تبييض وترطيب الوجه والجسم بحليب الحمار -من دكتور ديفي  - 300 جم","6921199119844",""
4187,1,"Dr. Davey Collagen Facial Cleanser - 160ml","6921199114672",""
4187,2,"غسول الوجه بالكولاجين من دكتور ديفي  - 160مل","6921199114672",""
4188,1,"Dr. Davey Liquid Sunscreen for Sensitive Skin - 100ml","6921199117635",""
4188,2,"واقي شمس سائل يناسب البشرة الحساسة -من دكتور ديفي  - 100مل","6921199117635",""
4189,1,"Dr. Davey Collagen & Vitamin C Eye Gel - 30ml","6921199117376",""
4189,2,"جل تحت العين بخلاصة الكولاجين وفيتامين سي من دكتور ديفي 30مل","6921199117376",""
4190,1,"Dr. Davey Goree Whitening Body Cream with Sunscreen - 120ml","6921199117543",""
4190,2,"كريم مبيض قوري للجسم مع واقي شمس من دكتور ديفي 120مل","6921199117543",""
4191,1,"Dr. Davey Collagen &amp; Bamboo Charcoal Lightening &amp; Whitening Lotion 300ml","6921199120437",""
4191,2,"لوشن لتفتيح وتبييض البشرة بالكولاجين وفحم الخيزران من دكتور ديفي  300مل","6921199120437",""
4192,1,"SOME BY MI Retinol Intense Advanced Skin & Eye Care Set","8809647392828",""
4192,2,"مجموعة ريتينول للعناية المركزة بتجتعيد البشرة ومحيط العين من سوم باي مي","8809647392828",""
4193,1,"Some By Mi Intensive Skin Care Serum 30ml","8809647392668",""
4193,2,"سيروم للعناية المركزة بالبشرة من سوم باي مي 30مل","8809647392668",""
4194,1,"La Roche-Posay Shower Gel for Sensitive Skin - 400ml","3337872418785",""
4194,2,"جل استحمام للبشرة الحساسة من لاروش بوزيه 400مل","3337872418785",""
4195,1,"Avalon Organics shampoo 325 ml","654749351109",""
4195,2,"شامبو افالون اورجانيكس لمنع تساقط الشعر 325مل","654749351109",""
4196,1,"Vichy 48-Hour Roll-On Deodorant for Men with Sensitive Skin - 50ml","3337871320379",""
4196,2,"مزيل عرق رول للبشرة الحساسة 48 ساعة للرجال من فيتشي- 50مل","3337871320379",""
4197,1,"Face and Makeup Cleansing Wipes for Normal Skin - 25 Wipes","6939442610017",""
4197,2,"مناديل  تنظيف الوجة والمكياج للبشرة العادية 25منديل","6939442610017",""
4198,1,"Vaseline Lip Therapy Aloe Vera Lip Balm - 20g","8714100597347",""
4198,2,"مرطب شفاه ثيرابي بصبار الالوفيرا من فازلين 20 جم","8714100597347",""
4199,1,"Vaseline Lip Therapy Original - 20g","5099802150117",""
4199,2,"مرطب شفاه اورجنال من فازلين 20جم","5099802150117",""
4200,1,"NIVEA Sea Minerals Body Moisturizing Lotion - 400ml","4005808280827",""
4200,2,"لوشن ترطيب  الجسم بالأملاح البحرية   من نيفيا 400مل","4005808280827",""
4201,1,"Kuwait Shop Kuwaiti Turmeric Soap 100g","2781214011287",""
4201,2,"صابون الكركم الكويتي من كويت شوب 100 جم","2781214011287",""
4202,1,"Cute Sudanese Dalakah Coffee Soap, 700g","6287035850112",""
4202,2,"صابونيه القهوة بدلكة سودانية من كيوت 700جم","6287035850112",""
4203,1,"Keratin Therapy Hair Care Conditioner - 250 ml","8022297067490",""
4203,2,"بلسم عناية بالشعر كيراتين ثيرابي - 250 مل","8022297067490",""
4204,1,"Keratin Therapy Hair Care Conditioner - 250 ml","8022297067483",""
4204,2,"شامبو عناية بالشعر كيراتين ثيرابي - 250 مل","8022297067483",""
4205,1,"Cofix Bright Face Whitening Cream 30ml","697794486938",""
4205,2,"كريم برايت لتفتيح الوجه من كوفيكس 30مل","697794486938",""
4206,1,"Palmer's Cocoa Butter Formula Skin Therapy Oil, 30ml","010181041587",""
4206,2,"زيت زبدة الكاكاو للعناية بالبشرة من بالمرز 30 مل","010181041587",""
4207,1,"La Roche-Posay Lipikar Cleansing Bar 150g","3433422404533",""
4207,2,"صابون منظف لاروش بوزيه ليبيكار 150 جم","3433422404533",""
4208,1,"Hobby Strawberry Shower Gel - 500ml","8690937009409",""
4208,2,"جل استحمام بالفرولة من هوبي500 مل","8690937009409",""
4209,1,"Pomegranate shower gel from Hobby 500 ml","8690937003575",""
4209,2,"جل استحمام بالرمان من هوبي500 مل","8690937003575",""
4210,1,"Neutrogena Hydro Boost Water Gel Cleanser - 200ml","3574661288352",""
4210,2,"جل مائي منظف هيدرو بوست من نيتروجينا - 200مل","3574661288352",""
4211,1,"Eucerin Night Cream with SPF 30 - 50ml","6001051003556",""
4211,2,"كريم ليلي بعامل حماية 30SPF من يوسرين- 50مل","6001051003556",""
4212,1,"Mielle Organics Rosemary Mint Scalp & Hair Strengthening Oil - 59ml","854102006732",""
4212,2,"زيت إكليل الجبل العضوي والنعناع لفروة الراس وبصيلات الشعر من مييل 59مل","854102006732",""
4213,1,"Real Beauty Liquid and Gel Eyebrow Liner - 002 Dark Brown","6975774348181","6975774340123"
4213,2,"كحل حواجب سائل وجل 002 بني غامق ريل بيوتي","6975774348181","6975774340123"
4214,1,"Cofix Foot and Heel Cream 75ml","792625756638",""
4214,2,"كريم للقدمين والكعبين من كوفيكس 75مل","792625756638",""
4215,1,"Creme 21 Body Lotion for Normal Skin - 600ml","6294007503419",""
4215,2,"لوشن الجسم كريم 21 للبشرة العادية 600 مل","6294007503419",""
4216,1,"Crest 3D White Extreme Whitening Toothpaste - 75ml","8001090827661",""
4216,2,"معجون اسنان للعناية بتقنية التبييض الفائق، من كرست - 75مل","8001090827661",""
4217,1,"Hobby Hair Softening and Moisturizing Cream 150ml","8690937001076",""
4217,2,"كريم هوبي لتنعيم وترطيب الشعر  150مل","8690937001076",""
4218,1,"Glysolid Glycerin Cream - 30 ml","4000196910318",""
4218,2,"كريم جليسرين من جليسولد  30 مل","4000196910318",""
4219,1,"Pigeon Flexible Silicone Nipples - 3 Pieces","4902508173513",""
4219,2,"حلمه سيليكون مرنه من بيجون 3 قطع","4902508173513",""
4220,1,"3-Piece Corrugated Silicone Nipple Set - 7+ Months","4902508173544",""
4220,2,"طقم حلمات من السيليكون بتصميم متمعج من 3 قطع - 7شهور","4902508173544",""
4221,1,"Pigeon 240 ml BPA-free plastic feeding bottle","4902508260077",""
4221,2,"رضاعة بلاستيك 240 مل خالية من BPA من بيجن","4902508260077",""
4222,1,"Lansinoh Lanolin Nipple Cream for Sore and Cracked Nipples","5060420233261",""
4222,2,"كريم لانولين لتشققات حلمة الثدي من لانسينوه","5060420233261",""
4223,1,"Pigeon Slim Neck Silicone Nipples | Large Size - 3 Pieces","4902508173452",""
4223,2,"حلمة كبير من السيليكون برقبة رفيعة | 3 قطع  من بيجن","4902508173452",""
4224,1,"Pigeon Flexible Silicone Nipples - 3 Pieces","4902508173513",""
4224,2,"حلمه سيليكون مرنه من بيجون 3 قطع","4902508173513",""
4225,1,"Small Silicone Feeding Nipples for Infants 0-3 Months - 1 Piece","4902508173469",""
4225,2,"حلمات رضاعة سيليكون مقاس صغير للأطفال من عمر 0 - 3 أشهر - قطعة واحدة","4902508173469",""
4226,1,"Pigeon Peristaltic Silicone Nipple for Slim Neck Feeding Bottles - Fast Flow","4902508173490",""
4226,2,"حلمة بيريستالتيك لزجاجة الرضاعة بعنقٍ رفيع من السيليكون بتدفقٍ سريع من بيجين","4902508173490",""
4227,1,"Breast Pump for Nursing Mothers","499186770751",""
4227,2,"شفاط ثدي للمرضعات","499186770751",""
4228,1,"Pigeon Baby Feeding Bottles 240ml","4902508002264",""
4228,2,"بيجون رضاعات للاطفال 240 مل","4902508002264",""
4229,1,"Pigeon 200ml Baby Feeding Bottle","4902508260107",""
4229,2,"رضاعة عنق 200 مل من بيجن","4902508260107",""
4230,1,"Flexible Medium Flow Nipple - 3 Holes, BPA-Free","4902508173520",""
4230,2,"حلمه مرنة متوسط 3ق خاليه من BPA","4902508173520",""
4231,1,"Pigeon Glass Baby Bottle - 120 ml","4902508002929",""
4231,2,"رضاعه قزاز120 مل من بيجن","4902508002929",""
4232,1,"Pigeon Cooling Teether for Gums - 4 Months+","4902508136228",""
4232,2,"عضاضة اسنان لتبريد اللثة من بيجن فوق 4 شهور","4902508136228",""
4233,1,"Glass Feeding Bottle (6+) - 50 ml from Pigeon","4902508033084",""
4233,2,"رضاعة زجاجية (6+) – 50 مل من بيجن","4902508033084",""
4234,1,"Dabur Amla Snake Oil Hair Serum Heat Protect - 50ml","6291069707502",""
4234,2,"سيروم زيت الحية للشعر حماية ضد الحرارة من دابر املا 50مل","6291069707502",""
4235,1,"Dabur Amla Snake Oil Frizz Control Hair Serum 50ml","6291069700206",""
4235,2,"سيروم زيت الحية للشعر لمقاومة التجعد من دابر املا 50مل","6291069700206",""
4236,1,"Dabur Amla Snake Oil Serum Ultra Shine 50ml","6291069700220",""
4236,2,"سيروم زيت الحية أقصى لمعان للشعر من دابر املا 50مل","6291069700220",""
4237,1,"Purederm Watermelon Lip Gel Mask - 6*15g","8809738322833",""
4237,2,"بيورديرم قناع جل لترطيب الشفايف بالبطيخ - 6*15جم","8809738322833",""
4238,1,"Scarlett Lashes by Winx 03","6900722029065",""
4238,2,"رموش سكارليت من وينكس 03","6900722029065",""
4239,1,"Scarlett Lashes by Winx 23","6002220414305",""
4239,2,"رموش سكارليت من وينكس 23","6002220414305",""
4240,1,"Winx Scarlett Lashes 16","6002220413919",""
4240,2,"رموش سكارليت من وينكس 16","6002220413919",""
4241,1,"Winx Scarlett Lashes 25","6002220414466",""
4241,2,"رموش سكارليت من وينكس 25","6002220414466",""
4242,1,"Winx Scarlet Lashes 09","6900722029034",""
4242,2,"رموش سكارليت من وينكس 09","6900722029034",""
4243,1,"Winx 12 Scarlett Lashes","6002220413011",""
4243,2,"رموش سكارليت من وينكس 12","6002220413011",""
4244,1,"Cetaphil Moisturizing Cream for Dry and Sensitive Skin - 85g","302993917533",""
4244,2,"سيتافيل كريم ترطيب البشرة الجافة والحساسة 85g","302993917533",""
4245,1,"Dr. Davey Vitamin C Serum for Face and Neck - 30ml","6921199198702",""
4245,2,"سيروم فيتامين سي للوجه والرقبة يمن دكتور ديفي 30مل","6921199198702",""
4246,1,"3-in-1 Papaya Face Soap - 135g","4809010760630",""
4246,2,"صابون الببايا للوجه  3قي 1  135جم","4809010760630",""
4247,1,"Jardin d'Oléane Aker Fassi Sugar Scrub - 600g","745178721103",""
4247,2,"مقشر السكر العكر الفاسي من جاردن دي اوليان - 600جم","745178721103",""
4248,1,"Jardin d'Oléane Sugar Scrub with Argan Oil and Coffee - 600 gm","705632984321",""
4248,2,"مقشر السكر بزيت الاركان والقهوة  من جاردن دي اوليان - 600جم","705632984321",""
4249,1,"Jawaher Al Reem Hair Removal Wax with Arabic Gum - 500g","6281105760110",""
4249,2,"حلاوة جواهر الريم لإزالة الشعر بالصمغ العربي  500 جم","6281105760110",""
4250,1,"Jawaher Al Reem Hair Removal Halawa with Lemon 500 gm","6281105760066",""
4250,2,"حلاوة جواهر الريم لإزالة الشعر بالليمون  500 جم","6281105760066",""
4251,1,"Whitening Cream for Sensitive Areas with Milk Extract and Collagen - 200ml","5078940535116",""
4251,2,"كريم مبيض للمناطق الحساسة بمستخلص الحليب والكولاجين -200 مل","5078940535116",""
4252,1,"Pixi Glow Tonic 250ml","885190821006",""
4252,2,"تونر جلو البرتقالي من بيكسي 250مل","885190821006",""
4253,1,"Etude House Korean Lip Gloss, Strawberry","8809668022933",""
4253,2,"ملمع للشفاه  كوري من ايتود هاوس، فروله","8809668022933",""
4254,1,"Laneige Lip Sleeping Mask Berry - 20g","8809685747383",""
4254,2,"ماسك الشفايف الليلي بالتوت من لانيج - 20 جم","8809685747383",""
4255,1,"Beauty of Joseon Relief Sun: Rice + Probiotics [SPF50+ PA++++] 50ml","8809782555508",""
4255,2,"واقي شمس الكوري ريليف صن الأرز + البروبيوتيك [SPF50 + PA ++++] من بيوتي اوف جوسون 50 مل","8809782555508",""
4256,1,"Paula's Choice Skin Perfecting 2% BHA Liquid Exfoliant - 118ml","655439020107",""
4256,2,"سائل مقشر بحمض الساليسيليك سكين برفيكتنج 2٪ BHA  من بولاز تشويس  118 مل","655439020107",""
4257,1,"L'Oréal Elvive Extraordinary Oil Serum for Color-Treated Hair - 100ml","3600522263609",""
4257,2,"سيروم وزيت الشعر الفيف اكسترا اورديناري للشعر المصبوغ من لوريال 100مل","3600522263609",""
4258,1,"L'Oréal Paris Anti-Hair Fall Serum with Aminexil 102ml","3600524079017",""
4258,2,"سيروم ضد تساقط الشعر من لوريال باريس مع أمينيكسيل 102 مل","3600524079017",""
4259,1,"Elvive Extra Ordinary Dry Hair Serum and Oil from L'Oreal, 100 ml","3600522263685",""
4259,2,"سيروم وزيت الشعر الجاف من الفيف اكسترا اورديناري من لوريال 100مل","3600522263685",""
4260,1,"SOME BY MI Retinol Intense Reactivating Mask - 1 Piece","8809647392637",""
4260,2,"قناع ريتينول للعناية المركزة من سوم باي مي - 1 قطعة","8809647392637",""
4261,1,"La Roche-Posay Effaclar H Iso-Biome Cleansing Cream for Oily and Acne-Prone Skin with Niacinamide - 200ml","3337875777759",""
4261,2,"غسول منظف ومرطب للبشرة الدهنية والمعرضة لحب الشباب مع النياسيناميد لاروش بوزيه ايفاكلار ايتش ايزوبيوم   ٢٠٠مل","3337875777759",""
4262,1,"Argan Oil & Aloe Vera Hydrating Mask 226g","816820020506",""
4262,2,"ماسك لترطيب بزيت الارغان والصبار 226جم","816820020506",""
4263,1,"Spa Magic Gel Socks for Moisturizing and Softening Feet","6914362875364",""
4263,2,"جوارب الجل السحرية لترطيب وتنعيم القدمين من سبا","6914362875364",""
4264,1,"Yoko Milk Extract Face Cream 4g","8853976004488",""
4264,2,"كريم الوجه بخلاصة الحليب من يوكو 4جم","8853976004488",""
4265,1,"Naturals Green Tea Skin Care Serum - 30 ml","6932511229509",""
4265,2,"سيروم الشاي الأخضر للعناية بالبشرة من ناتشرالز - 30 مل","6932511229509",""
4266,1,"Naturals Vitamin C Skin Care Serum - 30 ml","6932511229493",""
4266,2,"سيروم بفيتامين سي للعناية بالبشرة من ناتشرالز - 30 مل","6932511229493",""
4267,1,"Labello Lip Gloss, Rose Flavor - 4.8g","6955050924766",""
4267,2,"ملمع شفاه من لابيلو، بنكهة الورد 4.8 غرام","6955050924766",""
4268,1,"Glysolid Hand Gel 100ml","4000196901347",""
4268,2,"جل لليد من جليسوليد100 مل","4000196901347",""
4269,1,"Silk Conditioner to save hair from dryness 180 ml","6281006452862",""
4269,2,"بلسم كريم سيلك لإنقاذ الشعر من الجفاف 180 مل","6281006452862",""
4270,1,"Augeas Intensive Brightening Lotion with Glutathione and Vitamin C for Face and Body - 600ml","4806509663311",""
4270,2,"لوشن تفتيح مكثف بالجلوتاثيون وفيتامين C للوجه والجسم من Augeas بسعة 600 مل","4806509663311",""
4271,1,"Vitamin E Soap for Wrinkle Reduction and Skin Whitening - 125g","6921199113682",""
4271,2,"صابون فيتامين اي لازالة التجاعيد وتبيض البشرة 125جم","6921199113682",""
4272,1,"Deep Fresh Deodorant Wet Wipes for Men - 20 Wipes (Special Offer 1+1)","8681554622744",""
4272,2,"مناديل ديب فريش المبللة لإزالة العرق للرجال 20 منديل عرض خاص 1 +1","8681554622744",""
4273,1,"Deep Fresh Deodorant Wet Wipes for Women - 20 Wipes (Special Offer 1+1)","8681554622751",""
4273,2,"مناديل ديب فريش المبللة لإزالة العرق للنساء20 منديل عرض خاص 1 +1","8681554622751",""
4274,1,"Rolana Fragrance-Free Baby Wipes - 100ml (Pack of 3)","8683161670743",""
4274,2,"مناديل اطفال رولانا بدون عطر  100 مل 3 عبوات","8683161670743",""
4275,1,"Harrogate Sulphur Soap for Healthy Skin Original - 100g","5019091500882",""
4275,2,"صابون هاروغيت الكبريت لبشرة صحية الاصلي  100 جم","5019091500882",""
4276,1,"Global Star Hair Oil Bath and Mask with Keratin and Olive Oil Extract - 1500 ml","6253504700318",""
4276,2,"حمام زيت وماسك للشعر جلوبال ستار  بخلاصة الكيراتين وزيت الزيتون  1500 مل","6253504700318",""
4277,1,"Tissy Dental Floss Picks - 30 Pieces","1005160028047",""
4277,2,"خلال وخيط تنظيف أسنان من تيسي- 30قطعة","1005160028047",""
4278,1,"Sebamed Baby Oil Wipes, 70 Pieces","4103040114426",""
4278,2,"مناديل زيت للاطفال مكونة من 70 قطعة من سيباميد","4103040114426",""
4279,1,"Original glycerin soap 125 g","6291105231053",""
4279,2,"صابون جليسرين الاصلي 125جم","6291105231053",""
4280,1,"sebamed s Baby Water Wipes, 72 wipes","4103040157089",""
4280,2,"منديل بالماء للاطفال من سيباميد 72منديل","4103040157089",""
4281,1,"Sebamed shampoo for delicate scalp 250ml","4103040114488",""
4281,2,"شاميو سيباميد لفروة الراس الرقيقة 250مل","4103040114488",""
4283,1,"Sebamed Baby Diaper Rash Cream 100ml","4103040113221",""
4283,2,"كريم طفح الحفاض بيبي سيباميد 100مل","4103040113221",""
4284,1,"Sebamed baby cream extra soft 200ml","4103040116239",""
4284,2,"كريم سيباميد فائق النعومة للأطفال  200 مل","4103040116239",""
4285,1,"Sebamed Baby Body Lotion Ultra Mild 200ml 1+1 Free","4103040122476",""
4285,2,"لوشن الجسم بيبي سيباميد فائق النعومة للأطفال  200 مل 1+1مجان","4103040122476",""
4286,1,"Nika Green Hair Color Cream + Free Powder Sachet","8053807662393",""
4286,2,"كريم صبغة نيكا لون اخضر + كيس بودرة مجان","8053807662393",""
4287,1,"Lakme Collage Mix Medium Mahogany Blonde Hair Dye 7/50 - 60 ml","8429421275019",""
4287,2,"صبغة كولاجميكس ماهوجني أشقر متوسط 7/50 من لاكمي  60 مل","8429421275019",""
4288,1,"Lakme Collage Mix Dark Blonde Violet Ash Hair Dye 6/12 - 60 ml","8429421261210",""
4288,2,"صبغة كولاجميكس بنفسجي رمادي اشقر غامق 6/12 من لاكمي  60 مل","8429421261210",""
4289,1,"Lakme Collage Mix Light Chestnut Blonde Hair Dye 8/60 - 60 ml","8429421286015",""
4289,2,"صبغة كولاجميكس أشقر فاتح كستنائي 8/60 من لاكمي  60 مل","8429421286015",""
4290,1,"Lakme Collage Mix Permanent Hair Color - 9/32 Very Light Golden Violet Blonde, 60ml","8429421293211",""
4290,2,"صبغة كولاجميكس  أشقر فاتح جدا ذهبي بنفسجي 9/32 من لاكمي  60 مل","8429421293211",""
4291,1,"Lakme Collage Mix Hair Color - 12/17 Metallic Ash Blonde, 60ml","8429421288118",""
4291,2,"صبغة كولاجميكس  أشقر رمادي معدني 12/17 من لاكمي  60 مل","8429421288118",""
4292,1,"Lakme Collage Mix Hair Color - 12/10 Special Light Ash Blonde 60ml","8429421299824",""
4292,2,"صبغة كولاجميكس  أشقر رمادي فاتح 12/10 من لاكمي  60 مل","8429421299824",""
4293,1,"Collagemix Cream Dye 10/17 Platinum Ash Blonde, 60 ml","8429421299473",""
4293,2,"صبغة كريم كولاجميكس أشقر بلاتيني رمادي  10/17 ، 60 مل","8429421299473",""
4294,1,"Lakme Collage Mix Light Ash Blonde Cream Hair Color 8/17, 60ml","8429421281713",""
4294,2,"صبغة كريم كولاجميكس اشقر رمادي فاتح  من لاكمي  8/17 ، 60 مل","8429421281713",""
4295,1,"Lakme Collage Mix Black Hair Dye 1/00 - 60 ml","8429421210010",""
4295,2,"صبغة كولاجميكس أسود 1/00 من لاكمي  60 مل","8429421210010",""
4296,1,"Lakme Collage Mix Light Brown Hair Dye 5/00 - 60 ml","8429421250016",""
4296,2,"صبغة كولاجميكس بني فاتح 5/00 من لاكمي  60 مل","8429421250016",""
4297,1,"Lakme Collage Mix Platinum Blonde Hair Dye 10/00 - 60 ml","8429421299411",""
4297,2,"صبغة كولاجميكس اشقر بلاتيني 10/00 من لاكمي  60 مل","8429421299411",""
4298,1,"Lakme Collage Mix Medium Brown Hair Dye 4/00 - 60 ml","8429421240017",""
4298,2,"صبغة كولاجميكس بني متوسط 4/00 من لاكمي  60 مل","8429421240017",""
4300,1,"Bioderma Autoderm Ultra-Moisturizing Lip Balm","3401399372346",""
4300,2,"مرطب الشفاه  اوتوديرم  فائق الترطيب من بيودرما","3401399372346",""
4301,1,"Eucerin Sunscreen for All Skin Types SPF 50 - 50ml","4005800147326",""
4301,2,"واقي شمس يوسيرين لجميع أنواع البشرة بعامل حماية SPF 50 - 50 مل","4005800147326",""
4302,1,"Eucerin Sun Gel-Cream Oil Control for Oily Skin SPF 50+ - 50ml","4005800120237",""
4302,2,"يوسيرين جل كريم واقي شمس للتحكم بالدهون للبشرة الدهنية SPF 50+ - 50 مل","4005800120237",""
4303,1,"Eucerin Sun Fluid Photoaging Control SPF 50","4005800147388",""
4303,2,"يوسيرين واقي شمس للتحكم في الشيخوخة فوتو إيجينج SPF 50","4005800147388",""
4305,1,"Yoko Yogurt Face Cream - 4g","8853976004860",""
4305,2,"كريم يوكو للوجه بخلاصة الزبادي - 4 جم","8853976004860",""
4306,1,"Yoko Aloe Vera Face Cream for Skin Moisturizing - 4g","8853976004358",""
4306,2,"كريم يوكو للوجه بخلاصة الصبار لترطيب البشرة - 4 جم","8853976004358",""
4307,1,"Fair & White Original Whitening and Even Tone Cream - 50ml","3760078080195",""
4307,2,"كريم فير اند وايت الأصلي لتفتيح وتوحيد لون البشرة - 50 مل","3760078080195",""
4308,1,"Original Shirley Cream for Skin Brightening and Evening Tone - 10g","4713705050046",""
4308,2,"كريم شيرلي الأصلي لتفتيح وتوحيد لون البشرة - 10 جم","4713705050046",""
4309,1,"Moroccan Black Soap - Integrated Care Collection by Wadi Al-Nahl 400g","6281112010451",""
4309,2,"الصابون المغربي البلدي من وادي النحل - مجموعة العناية المتكاملة 400 جم","6281112010451",""
4310,1,"Wadi Al-Nahl Moroccan Baladi Soap and Special Loofah Set - 300g","1400200200023",""
4310,2,"مجموعة الصابون المغربي البلدي والليفة الخاصة من وادي النحل - 300 جم","1400200200023",""
4311,1,"L'Oréal Paris Pure Clay Mask - 50ml","3600523306169",""
4311,2,"قناع الطين النقي من لوريال باريس - 50 مل","3600523306169",""
4312,1,"St. Ives Skin Renewing Collagen & Elastin Moisturizer - 283g","077043104736",""
4312,2,"مرطب سانت ايفز بالكولاجين والإيلاستين لتجديد البشرة - 283 جم","077043104736",""
4313,1,"L'Oréal Paris Casting Crème Gloss Hair Color - 700 Blonde","3600521230404",""
4313,2,"صبغة شعر لوريال باريس كاستينج كريم جلوس - 700 أشقر","3600521230404",""
4314,1,"L'Oréal Paris Casting Crème Gloss Hair Color 323 Dark Warm Brown Ammonia-Free","3600521924679",""
4314,2,"لوريال باريس كاستينج كريم جلوس صبغة شعر 323 بني غامق دافئ خالية من الأمونيا","3600521924679",""
4315,1,"Cetaphil Moisturizing Cream for Dry to Very Dry Skin - 100g","3499320011815",""
4315,2,"كريم سيتافيل المرطب للبشرة الجافة إلى شديدة الجفاف - 100 جم","3499320011815",""
4317,1,"Licorice Body Brightening and Moisturizing Lotion - 500ml","6291509640659",""
4317,2,"لوشن تفتيح وترطيب الجسم الجسم بعرق السوس 500مل","6291509640659",""
4319,1,"Dove Hand Cream with Avocado Extract and Calendula Oil - 75 ml","8710447275306",""
4319,2,"كريم دوف لليدين بخلاصة الأفوكادو وزيت آذريون - 75 مل","8710447275306",""
4320,1,"Avalon Skin Whitening and Moisturizing Soap - 100g","6222019604879",""
4320,2,"صابون افالون  لتفتيح وترطيب البشرة - 100جم","6222019604879",""
4321,1,"Glysolid Soft Intensive Care Cream - 200 ml","4000196910035",""
4321,2,"كريم سوفت للعناية المركزة من جليسوليد - 200 مل","4000196910035",""
4322,1,"L'Oréal Paris Casting Crème Gloss - 100 Natural Black (Ammonia-Free)","3600522562016",""
4322,2,"صبغة لوريال باريس كاستينج كريم جلوس - 100 أسود طبيعي (خالية من الأمونيا)","3600522562016",""
4323,1,"Garnier Ultra Doux Avocado Oil & Shea Butter Leave-In Styling Cream - 300ml","3600540539236",""
4323,2,"جارنيه الترا دو كريم تصفيف يترك على الشعر بزيت الأفوكادو وزبدة الشيا - 300 مل","3600540539236",""
4324,1,"Garnier Ultra Doux Nourishing Almond Milk Leave-In Cream - 300ml","3600542231831",""
4324,2,"كريم جارنيه ألترا دو مصفف الشعر بحليب اللوز المغذي - 300 مل","3600542231831",""
4325,1,"Maybelline Fit Me Concealer - Shade 25 (Medium)","30096615",""
4325,2,"كونسيلر فيت مي من ميبلين - درجة 25 (Medium)","30096615",""
4326,1,"Kamill Classic Moisturizing and Protecting Skin Cream - 30 ml","4000196926883",""
4326,2,"كريم كاميل الكلاسيكي لترطيب وحماية البشرة - 30 مل","4000196926883",""
4327,1,"La Roche-Posay Cicaplast Baume B5 Soothing Repairing Balm - 100ml","3337875816847",""
4327,2,"بلسم سيكابلاست بوم B5 من لا روش بوزاي لترميم البشرة - 100 مل","3337875816847",""
4328,1,"L'Oréal Paris Hyaluron Expert Replumping Eye Cream - 15ml","3600523823628",""
4328,2,"لوريال باريس هيالورون اكسبيرت كريم مرطب لمحيط العين - 15 مل","3600523823628",""
4329,1,"Beesline Moisturizing Honey Soap, 60g","5281018010006",""
4329,2,"صابون مرطب بالعسل من بيزلين، 60جرام","5281018010006",""
4330,1,"COVIX Care Face Wash for Sensitive and Dry Skin - 250 ml","697794487041",""
4330,2,"غسول الوجه كوفيكس كير للبشرة الحساسة والجافة - 250 مل","697794487041",""
4331,1,"Covix Care Cleanser for Oily and Acne-Prone Skin - 250 ml","697794487058",""
4331,2,"غسول كوفيكس كير للبشرة الدهنية والمعرضة لحب الشباب - 250 مل","697794487058",""
4332,1,"4pcs of Maxx Professional Makeup Sponges","6972146946525",""
4332,2,"4 قطع من اسفنجات المكياج الاحترافية من ماكس","6972146946525",""
4333,1,"Vichy Mineral-Enriched Roll-On Deodorant 50ml - 48-Hour Protection for Sensitive Skin","3337875708937",""
4333,2,"مزيل عرق رول غني بالمعادن من فيتشي 50مل - حماية 48 ساعة للبشرة الحساسة","3337875708937",""
4334,1,"Fashkool Garlic Extract Hair Mask - 500 ml","6291100270286",""
4334,2,"فاشكول حمام زيت بخلاصة الثوم لتقوية الشعر - 500 مل","6291100270286",""
4337,1,"Ajmal Musk Maq Powder - 100g","6293708019007",""
4337,2,"بودرة مسك ماك من أجمل - 100 جم","6293708019007",""
4339,1,"Listerine Total Care Milder Taste Mouthwash 250ml","3574661057071",""
4339,2,"ليسترين توتال كير غسول فم بمذاق معتدل - 250 مل","3574661057071",""
4340,1,"Listerine Cool Mint Mild Taste Alcohol-Free Mouthwash 250ml","3574660486957",""
4340,2,"غسول الفم ليسترين كوول مينت ذو المذاق المعتدل خالي من الكحول 250 مل","3574660486957",""
4341,1,"Dove Damage Care Routine Set: Shampoo 400ml & Conditioner 320ml","6281006519565",""
4341,2,"مجموعة دوف روتين العناية بالتلف: شامبو 400 مل وبلسم 320 مل","6281006519565",""
4342,1,"Franck Olivier for Women - Eau de Parfum - 75 ml","3516642201325",""
4342,2,"عطر فرانك اوليفير للنساء - او دو بارفيوم - 75 مل","3516642201325",""
4343,1,"Eva Smokers Tooth Powder with Fluorine - 40g","6223001380603",""
4343,2,"بودرة اسنان بالفلورين من ايفا سموكرس 40جم","6223001380603",""
4344,1,"Fam Pink Large Sanitary Pads Without Wings, 40 Pads","6281017221815",""
4344,2,"فوط فام وردي صحية كبيرة بدون أجنحة - عبوة التوفير 40 فوطة","6281017221815",""
4346,1,"Private Super Large Sanitary Pads with Wings - Pack of 30 Pads","5281001315156",""
4346,2,"فوط برايفت سوبر حجم كبير بالأجنحة - عبوة 30 فوطة صحية","5281001315156",""
4347,1,"Relax Fam Multi-Use Pads, Size 3 Extra Large - 20 Pads","6281017220092",""
4347,2,"فوط ريلاكس فام متعددة الاستعمالات مقاس 3 كبيرجدا  20 فوطه","6281017220092",""
4348,1,"Baby perfume with cherry scent from Baby Love 30ml","6939517181008",""
4348,2,"عطر أطفال برائحة الكرز من بيبي لوف - 30 مل","6939517181008",""
4349,1,"Maybelline New York Baby Skin Instant Pore Eraser Primer, Clear, 22ml","3600530941278",""
4349,2,"برايمر بيبي سكين خافي العيوب الفوري من ميبيلين نيو يورك - 22 مل","3600530941278",""
4350,1,"Eucerin Sun Protection Gel Specially Formulated for Dry and Sensitive Skin - 50ml","4005800065545",""
4350,2,"جل واقي شمس مصمم خصيصا للبشرة الجافة والحساسة من يوسرين 50مل","4005800065545",""
4351,1,"Avene Sunscreen Cream for Dry and Sensitive Skin - 50 ml","3282770149487",""
4351,2,"كريم واقي شمس للبشرة الجافة والحساسة من أفين - 50 مل","3282770149487",""
4352,1,"Maybelline New York Fit Me Matte + Poreless Foundation - 128 Warm Nude, 30ml","3600531369026",""
4352,2,"كريم اساس فيت مي مات + بور لس   غير لامع بيج فاتح دافئ 128   من مايبيلين نيويورك - 30 مل،","3600531369026",""
4353,1,"Bioderma Photoderm Max Sunscreen Fluid Unscented SPF 100 - 40ml","3701129803547",""
4353,2,"واقي شمس من بيوديرما فوتوديرم  سائل ماكس غير معطر بمعامل حماية 100 درجة 40مل","3701129803547",""
4354,1,"Pastel conditioner with argan oil 400 ml","6924833411144",""
4354,2,"بلسم  باستيل بزيت الارجان 400مل للشعر المعالج","6924833411144",""
4356,1,"Kuwait Shop Aker Fassi Skin Brightening Soap 100g","2781214011829",""
4356,2,"صابون العكر الفاسي المساعد على تفتيح البشرة من كويت شوب 100جم","2781214011829",""
4357,1,"Kuwait Shop Transparent Glycerin Soap for Sensitive Skin - 100g","2781214011782",""
4357,2,"صابون جلسرين شفاف للبشرة الحساسة من كويت شوب 100جم","2781214011782",""
4358,1,"Kuwait Shop Myrrh and Turmeric Soap 100g","2781214011812",""
4358,2,"صابون المر والكركم من كويت شوب 100جم","2781214011812",""
4359,1,"Kuwait Shop Myrrh Soap 100g","2781214011270",""
4359,2,"صابون المره من كويت شوب 100جم","2781214011270",""
4360,1,"Uriage Fragrance-Free Sunscreen Cream for Sensitive Skin SPF 50+ - 50ml","3661434008368",""
4360,2,"كريم واقي شمس غير معطر  للبشرة الحساسة بعامل حماية +50 من يورياج - 50مل","3661434008368",""
4361,1,"Kiehl's Eye Care Cream 14g","3700194714413",""
4361,2,"كيلز كريم للعناية بالمنطقة حول العينين 14جم","3700194714413",""
4363,1,"Kuwait Shop Bitter Almond Soap for Skin Whitening - 100g","2781214011799",""
4363,2,"صابون لوز المر لتفتيح لون البشرة  من كويت شوب 100جم","2781214011799",""
4364,1,"Kuwait Shop Oudh & Saffron Soap 100g","2781214011768",""
4364,2,"صابون عود بالزعفران   من كويت شوب 100جم","2781214011768",""
4365,1,"Lakme Chroma Ammonia-Free Hair Color Lightening 8/00, 60ml","8429421780018",""
4365,2,"صبغة شعر خالية من الأمونيا كروما تفتيح 00/8 من لاكمي   ، 60 مل","8429421780018",""
4366,1,"Dermovate Moisturizing and Soothing Cream for Sensitive Skin - 25g","021140",""
4366,2,"كريم لترطيب البشرة الحساسة  وتهدئتها  من ديرموفيت 25جم","021140",""
4367,1,"Miele Rosemary &amp; Mint Strengthening Conditioner 355ml","850001265867",""
4367,2,"بلسم ليف ان روزماري والنعناع لتقوية الشعر من مييل 355 مل","850001265867",""
4368,1,"Mielle Rosemary Mint Strengthening Hair Masque 340ml","854102006763",""
4368,2,"قناع روزماري نعناع لتقوية الشعر من مييل 340مل","854102006763",""
4370,1,"Mielle Organics Rosemary Mint Strengthening Shampoo with Biotin - 355ml","854102006770",""
4370,2,"شامبو  بالنعناع و اكليل الجبل و البيوتين من ميلي اورجانيكس 355مل","854102006770",""
4371,1,"Vatika oil bath with garlic extract, 500 g","6291069704075",""
4371,2,"حمام زيت بخلاصة الثوم  من فاتيكا 500 جم","6291069704075",""
4372,1,"Wadi Al-Nahl Syrian Black Seed Oil, 125ml","1400300200060",""
4372,2,"زيت الحبة السوداء, السوري من وادي النحل 125مل","1400300200060",""
4373,1,"Sesame oil to nourish the skin and hair from Wadi Al-Nahil, 125 ml","6281112205390",""
4373,2,"زيت  السمسم لتغذية البشرة والشعر  من وادي النحل 125مل","6281112205390",""
4374,1,"Wadi Al-Nahl Rosemary Oil - 125ml","6281122053769",""
4374,2,"زيت اكليل الجبل من وادي النحل 125مل","6281122053769",""
4375,1,"Blover Long-Lasting Matte Lipstick - 109 Nude","6971977501804",""
4375,2,"أحمر شفاه مطفي ثابت 109 لحمي من بلوفير","6971977501804",""
4376,1,"Blover Long-Lasting Matte Lipstick - 106 Pink","6971977508254",""
4376,2,"أحمر شفاه مطفي ثابت 106 زهري من بلوفير","6971977508254",""
4377,1,"Blover Long-Lasting Matte Lipstick - 116 Nude Red","6971977509954",""
4377,2,"أحمر شفاه مطفي ثابت 116 احمر لحمي من بلوفير","6971977509954",""
4378,1,"Nail Polish - Shade 310 by Flormar, 11ml","4251903300155",""
4378,2,"طلاء أظافر - درجة لون  310 من فلورمار 11مل","4251903300155",""
4379,1,"Nail Polish - Shade 427 by Flormar 11ml","8682536036108",""
4379,2,"طلاء أظافر - درجة لون  427 من فلورمار 11مل","8682536036108",""
4380,1,"Nail Polish - Shade 310 by Flormar 11ml","4251903300230",""
4380,2,"طلاء أظافر - درجة لون  310 من فلورمار 11مل","4251903300230",""
4381,1,"Nail Polish - Shade 17 by Rolls","745760016082",""
4381,2,"طلاء أظافر - درجة لون  17 من رولس","745760016082",""
4382,1,"Nail Polish - Shade 11 by Rolls","745760016020",""
4382,2,"طلاء أظافر - درجة لون  11 من رولس","745760016020",""
4383,1,"Nail Polish - Shade 01 by Rolls","745760015924",""
4383,2,"طلاء أظافر - درجة لون  01 من رولس","745760015924",""
4384,1,"Essence Gel Nail Colour - Shade 06, 8ml","4059729348777",""
4384,2,"طلاء أظافر  جل- درجة لون  06 من ايسنس 8مل","4059729348777",""
4385,1,"Essence Gel Nail Colour - Shade 16, 8ml","4059729348876",""
4385,2,"طلاء أظافر  جل- درجة لون  16 من ايسنس 8مل","4059729348876",""
4386,1,"Nail polish - shade 20 from Essence, 8 ml","4059729348913",""
4386,2,"طلاء أظافر  جل- درجة لون  20 من ايسنس 8مل","4059729348913",""
4387,1,"Garnier Color Naturals Crème Hair Dye (Very Light Ash Blonde - 9.1) - 112 ml","3610340012013",""
4387,2,"صبغة شعر كولور ناتشرلز كريم  ( لون اشقر رمادي فاتح جدا   - 9.1 ) من جارنير- 112 مل","3610340012013",""
4388,1,"Boliver Nail Polish - Shade 603 - 11ml","745760015023",""
4388,2,"طلاء أظافر  - درجة لون  603 من بوليفر  11مل","745760015023",""
4389,1,"Boliver Nail Polish - Shade 657 - 11ml","745760015566",""
4389,2,"طلاء أظافر  - درجة لون  657 من بوليفر  11مل","745760015566",""
4390,1,"Bolver Nail Polish - Shade 617 - 11ml","745760015160",""
4390,2,"طلاء أظافر  - درجة لون  617 من بوليفر  11مل","745760015160",""
4394,1,"Liv Long Lasting Liquid Concealer NC34 Beige 8ml","6287029920357",""
4394,2,"خافي عيوب سائل طويل الأمد NC34 بيج من ليف 8مل","6287029920357",""
4395,1,"Lef Long-Wear Liquid Concealer NC36 - 8ml","6287029920678",""
4395,2,"خافي عيوب سائل طويل الأمد NC36 من ليف 8مل","6287029920678",""
4396,1,"Sabel Lashes by Winx 36","6002220413041",""
4396,2,"رموش سبل من وينكس 36","6002220413041",""
4397,1,"Winx Bloom Lashes 05","6900722029119",""
4397,2,"رموش  بلوم من وينكس 05","6900722029119",""
4398,1,"Real Techniques Eye Shade + Blend Brush Set - 2 Pieces","079625915297",""
4398,2,"فرش دمج ظلال العيون من ريل تكنيكس 2 فرشة","079625915297",""
4399,1,"Instapop Cheek Makeup Brush for Highlighter or Blush Application","079625017366",""
4399,2,"فرشاة انستابوب لمكياج الخدود لتطبيق الهايلايتر أو بودرة الخدود","079625017366",""
4400,1,"Missha M Perfect Cover BB Cream - No. 27 Honey Beige (50ml)","8806150614485",""
4400,2,"بي بي كريم بيرفكت من ميشا 27 هوني بيج 50مل","8806150614485",""
4401,1,"Laura Mercier Translucent Loose Setting Powder - Translucent","736150000316",""
4401,2,"بودرة تثبيت لوس سيتينج من لورا مرسييه - شفافة","736150000316",""
4402,1,"Too Way Cake Powder (A002) - from Forever52","3592495344020",""
4402,2,"بودرة تو واي كيك (A002) - من فورافر 52","3592495344020",""
4403,1,"Two Way Cake Powder (A006) - By Forever52","3592495344068",""
4403,2,"بودرة تو واي كيك (A006) - من فورافر 52","3592495344068",""
4404,1,"Two Way Cake Powder (A009) - By Forever52","3592495344099",""
4404,2,"بودرة تو واي كيك (A009) - من فورافر 52","3592495344099",""
4405,1,"Flormar Blush 105 Matte Rose","8682536011396",""
4405,2,"أحمر خدود 105 مات روز من فلورمار","8682536011396",""
4406,1,"Scandinavian Makeup Setting Spray - 118 ml","898430001700",""
4406,2,"بخاخ مثبت للمكياج من سكندنيفيا  للبشرة العادية - 118مل","898430001700",""
4407,1,"HD Concealer PIC004 from Character","3592495944046",""
4407,2,"كونسيلر اتش دي PIC004 من كاركتر","3592495944046",""
4408,1,"HD Concealer PIC003 from Character","3592495944039",""
4408,2,"كونسيلر اتش دي PIC003 من كاركتر","3592495944039",""
4409,1,"#M WSP lashes from Red Cherry","019474221057",""
4409,2,"رموش #M WSP من ريد شيري","019474221057",""
4410,1,"Rimmel Stay Matte Pressed Powder - 040 Transparent, 14g","3614222193708",""
4410,2,"بودرة ستاي ميت رقم 040 شفاف من  ريميل  14جرام","3614222193708",""
4411,1,"Rimmel Stay Matte Powder No. 002 Translucent 14g","3616301173052",""
4411,2,"بودرة ستاي ميت رقم 002 شفاف من  ريميل  14جرام","3616301173052",""
4412,1,"Essence Hello Good Stuff! Matte & Glow Bronzing Powder - 20 Cocoa-Cool","4059729288035",""
4412,2,"بودرة برونزية مطفية و متوهجة هلو جود ستاف - رقم 20 من ايسنس","4059729288035",""
4413,1,"Make Over 22 The New Make 18 Color Eyeshadow Palette","4592495290012",""
4413,2,"مجموعة ظلال العيون ذا نيو ميك 18 لون  من ميك اوفر 22","4592495290012",""
4414,1,"Bourjois Healthy Mix Foundation - 52 Vanilla, 30ml","3616303397166",""
4414,2,"كريم الاساس هيلثي ميكس  من بورجوا  فانيليا رقم 52 ، 30 مل","3616303397166",""
4415,1,"Long-Lasting Blush – CH109 No. N11 by Christine","6927874812741",""
4415,2,"احمر خدود طويل الأمد – CH109 رقم N11 من كرستين","6927874812741",""
4416,1,"RCMA No-Color Powder for All Skin Tones - 85g","811765030009",""
4416,2,"بودرة مكياج بدون لون لجميع ألوان البشرة من ار سي ام أي -85 جم","811765030009",""
4417,1,"Rimmel London Day 2 Night Waterproof Mascara - 001 Black","3607342207622",""
4417,2,"ماسكرا دي تو نايت مقاومة للماء من ريميل لندن - 001 اسود","3607342207622",""
4418,1,"Forever52 Volumizing Mascara - LMM001","3592495932012",""
4418,2,"ماسكارا تكثيف الرموش من فورايفر 52 - LMM001","3592495932012",""
4420,1,"Maybelline New York Fit Me Matte + Poreless Foundation - 100 Warm Ivory, 30ml","3600531369330",""
4420,2,"كريم اساس فيت مي مات + بور لس   غير لامع بيج  100من مايبيلين نيويورك - 30 مل،","3600531369330",""
4421,1,"Maybelline New York Fit Me Matte + Poreless Foundation - 130 Buff Beige, 30ml","3600531324544",""
4421,2,"كريم اساس فيت مي مات + بور لس   غير لامع باف بيج  130من مايبيلين نيويورك - 30 مل،","3600531324544",""
4422,1,"L'Oréal Paris Infallible Matte Foundation - 32 Amber","3600522875437",""
4422,2,"كريم اساس إنفاليبل غير لامع من لوريال باريس 32 Amber","3600522875437",""
4423,1,"Maybelline New York Fit Me Matte + Poreless Foundation - 250 Sun Beige, 30ml","3600531324896",""
4423,2,"كريم اساس فيت مي مات + بور لس   غير لامع بيج صن  250من مايبيلين نيويورك - 30 مل،","3600531324896",""
4425,1,"L'Oréal Paris Infallible Matte Foundation - 25 Rose Vanilla","3600523784394",""
4425,2,"كريم اساس إنفاليبل غير لامع من لوريال باريس 25  روز فانيلا","3600523784394",""
4426,1,"L'Oréal Paris Infallible Matte Foundation - 32 Amber","3600522875437",""
4426,2,"كريم اساس إنفاليبل غير لامع من لوريال باريس 32 Amber","3600522875437",""
4427,1,"L'Oréal Paris Infallible Matte Foundation - 110 Rose Vanilla","3600523784400",""
4427,2,"كريم اساس إنفاليبل غير لامع من لوريال باريس 110  روز فانيلا","3600523784400",""
4428,1,"Essence Liquid Eyeliner - Black, 3ml","4250587705461",""
4428,2,"ايلاينر سائل  اسود من ايسنس - ، 3 مل","4250587705461",""
4429,1,"Mood Matcher Rouge Twist Lipstick - Pink","088634016031",""
4429,2,"احمر شفاه روج تويست من مود ماتشر - وردي","088634016031",""
4430,1,"Moodmatcher Rouge Twist Lipstick - Yellow","088634016055",""
4430,2,"احمر شفاه روج تويست من مود ماتشر - اصفر","088634016055",""
4431,1,"Moodmatcher Rouge Twist Lipstick - Green","088634016017",""
4431,2,"احمر شفاه روج تويست من مود ماتشر - اخضر","088634016017",""
4432,1,"Lef Waterproof Lip Liner Pencil - Shade 210","1230216512106",""
4432,2,"قلم تحديد الشفاه مقاوم للماء  رقم 210 من ليف","1230216512106",""
4433,1,"Liv Waterproof Lip Liner Pencil No. 207","1230216512076",""
4433,2,"قلم تحديد الشفاه مقاوم للماء  رقم 207 من ليف","1230216512076",""
4434,1,"Lef Waterproof Lip Liner - Shade 205","1230216512052",""
4434,2,"قلم تحديد الشفاه مقاوم للماء  رقم 205 من ليف","1230216512052",""
4435,1,"Liv Waterproof Lip Liner Pencil No. 223","1230222512237",""
4435,2,"قلم تحديد الشفاه مقاوم للماء  رقم 223 من ليف","1230222512237",""
4436,1,"Essence Hello Good Stuff! Matte & Glow Bronzing Powder - No. 10","4059729288028",""
4436,2,"بودرة برونزية مطفية و متوهجة هلو جود ستاف رقم 10 من ايسنس","4059729288028",""
4437,1,"Black kajal 01 essence","4250035200715",""
4437,2,"كحل كاجال اسود 01 ايسنس","4250035200715",""
4438,1,"The POREfessional Matte Primer 15ml","602004075383",""
4438,2,"برايمر  ذا بوريبروفيشنال مات 15مل","602004075383",""
4439,1,"L'Oréal Paris Infallible Mattifying Primer","3600522877301",""
4439,2,"برايمر انفاليبل مزيل اللمعان من لوريال باريس","3600522877301",""
4440,1,"Boliver A4 Eyebrow Pencil","794712416838",""
4440,2,"قلم حواجب A4 من بوليفر","794712416838",""
4441,1,"NIVEA Body Lotion, Cocoa Butter with Vitamin E, for Dry Skin, 250ml","4005808919031",""
4441,2,"لوشن الجسم، كوكا باتر من نيڤيا، زبدة الكاكاو، فيتامين إي، للبشرة الجافة، 250 مل","4005808919031",""
4442,1,"Look 812 Black Liquid Eyeliner Pen","6285062001316",""
4442,2,"قلم كحل سائل اسود لوك 812","6285062001316",""
4443,1,"Rimmel London Scandal'Eyes Kohl Kajal Pencil - Blue","3614224079598",""
4443,2,"قلم كحل سكاندال ايزمن  ازرق  ريميل لندن","3614224079598",""
4444,1,"Flormar Ultra Thin Eyebrow Pencil - #02","4251903306577",""
4444,2,"قلم حواجب  الترا ثين   رفيع# 02 من فلورمار","4251903306577",""
4445,1,"Christine Lamsa Long-Lasting Matte Liquid Lipstick - Shade 54","6927874815155",""
4445,2,"روج لمسة سائل ثابت مطفي _ رقم 54 من كرستين","6927874815155",""
4446,1,"Christine Lamsa Long-Lasting Matte Liquid Lipstick - Shade 20","6927874814806",""
4446,2,"روج لمسة سائل ثابت مطفي _ رقم 20من كرستين","6927874814806",""
4447,1,"Christine Lamsa Long-Lasting Matte Liquid Lipstick - Shade 37","6927874814974",""
4447,2,"روج لمسة سائل ثابت مطفي _ رقم 37 من كرستين","6927874814974",""
4448,1,"Rimmel London Professional Eyebrow Pencil - 002 Hazel","5012874026760",""
4448,2,"قلم تحديد الحواجب الاحترافي( بندق ) رقم  002 من ريميل لندن","5012874026760",""
4449,1,"Professional eyebrow pencil (dark brown) No. 001 from Rimmel London","5012874026708",""
4449,2,"قلم تحديد الحواجب الاحترافي( بني غامق ) رقم  001 من ريميل لندن","5012874026708",""
4450,1,"Rimmel London Professional Eyebrow Pencil (Black) No. 006","3616302476404",""
4450,2,"قلم تحديد الحواجب الاحترافي( اسود) رقم  006 من ريميل لندن","3616302476404",""
4451,1,"Natural Crystal Deodorant Stone with Aloe Vera Extract - 70g","8857102910223",""
4451,2,"مزيل عرق طبيعي حجر كرستال بخلاصة الصبار 70 جم .","8857102910223",""
4452,1,"Advanced Clinicals Collagen Hair Treatment 340g","810400031586",""
4452,2,"الكولاجين المعزز لعلاج الشعر من أدفانسد كلينيكالز 340 جم","810400031586",""
4453,1,"Midlo Sweet Almond Oil for Skin and Body - 185ml","6287016070133",""
4453,2,"زيت اللوز الحلو للبشرة والجسم من ميدلو 185مل","6287016070133",""
4454,1,"Crown Blend 3-in-1 Firming, Nourishing, and Hydrating Mask","8809626560897",""
4454,2,"قناع شد وتغذية وترطيب البشرة كراون بلند 3 في 1","8809626560897",""
4455,1,"White Henna for Face and Body","6280201739684",""
4455,2,"حنا بيضا للوجه والجسم","6280201739684",""
4456,1,"Creme 21 Skin Cream with Almond Oil for Ultra-Dry Skin - 250ml","6294007505215",""
4456,2,"كريم لوشن  21 للبشرة مع زيت اللوز  للبشرة شديدة الجفاف250 مل","6294007505215",""
4457,1,"Nail Glue","6971419150416",""
4457,2,"غراء اظافر","6971419150416",""
4458,1,"Dr. Davey Licorice Balm for Cracked Heels - 100g","6921199119370",""
4458,2,"بلسم عرق السوس للكعب المتصدع من دكتور ديفي 100 جم","6921199119370",""
4459,1,"Giovanni 2chic Ultra-Moist Shampoo with Avocado and Olive Oil - 250 ml","716237184009",""
4459,2,"شامبو 2 تشيك فائق الترطيب بالأفوكادو و زيت الزيتون من جيوفاني - 250 مل","716237184009",""
4460,1,"Dove Ultimate Repair 48h Deodorant Stick - 40ml","8999999027865",""
4460,2,"مزيل عرق التميت ريبير 48ساعة  من دوف  40مل","8999999027865",""
4461,1,"Snail Mucin Serum 96 to moisturize the skin - Cosrx","8809416470009",""
4461,2,"كوسركس - خلاصة القوة المخاطية للحلزون المتطورة 96 ، 100 مل","8809416470009",""
4462,1,"COSRX Advanced Snail 92 All In One Cream - 100g","8809416470016",""
4462,2,"كريم الحلزون 92 المطور الكل في واحد من كوسركس - 100 جم","8809416470016",""
4463,1,"COSRX Ultimate Nourishing Rice Overnight Spa Mask 60g","8809416470726",""
4463,2,"قناع سبا ليلي من الارز المغذي كوزراكس 60 جم","8809416470726",""
4464,1,"Vaseline Lip Therapy Set - 3 Packs","8710522427668",""
4464,2,"مجموعة ترطيب الشفاة 3 عبوات من فازلين","8710522427668",""
4465,1,"Wild Depurdent Mouthwash - 400ml","7611841702089",""
4465,2,"غسول فم   ديبوردينت من ويلد  400مل","7611841702089",""
4466,1,"Nivea Natural Fairness Deodorant Spray for Women - 150ml","4005808691982",""
4466,2,"بخاخ مزيل عرق  نيتشرل فيرنيس للسيدات من  نيفيا- 150مل","4005808691982",""
4467,1,"Vaseline Aloe Soothing Jelly, 100 ml","6281006408661",""
4467,2,"جيلي الترطيب بالصبار من فازلين، 100 مل","6281006408661",""
4468,1,"Coconut oil for hair from Parachute 2 liter","8901200100069",""
4468,2,"زيت جوز الهند للشعر  من باراشوت 2لتر","8901200100069",""
4469,1,"Intimate Lubricant Gel, Cherry Flavor - 50ml","6287024281088",""
4469,2,"جل مزلق حميمي، بنكهة الكرز 50مل","6287024281088",""
4470,1,"Wadi Al Nahil Ginger Oil 125 ml","6281112009134",""
4470,2,"زيت الزنجبيل من وادي النحل 125 مل","6281112009134",""
4471,1,"Wadi Al-Nahl Olive Oil - 125 ml","1400300200251",""
4471,2,"زيت الزيتون من وادي النحل 125 مل","1400300200251",""
4472,1,"Wadi Al-Nahl Umm Al-Jadayel Hair Oil 125 ml","1400300200152",""
4472,2,"زيت ام الجدايل من وادي النحل 125 مل","1400300200152",""
4473,1,"Disaar Beauty Sunscreen Cream SPF 90, 40g","6932511215557",""
4473,2,"كريم واقي شمس  بعامل حماية من اشعة الشمس بدرجة 90 من ديسار بيوتي، 40جم","6932511215557",""
4474,1,"Saco Teeth Cleaning Wipes - 20 Wipes","6286567005540",""
4474,2,"ساكو مناديل تنظيف الاسنان 20 منديل","6286567005540",""
4475,1,"Makeup sponge box GNR1952","6972426538037",""
4475,2,"علبة اسفنج مكياج GNR1952","6972426538037",""
4476,1,"Gelees Grape Exfoliating Gel 300g","6281136112711",""
4476,2,"جل جيليز مقشر العنب 300جم","6281136112711",""
4477,1,"Handy hand and surface sanitizer spray 120 ml","6287024280234",""
4477,2,"هاندي بخاخ  معقم للأيدي والاسطح 120مل","6287024280234",""
4478,1,"Baby Love Scented Water 30ml","6939517181022",""
4478,2,"ماء معطر بيبي لوف 30 مل","6939517181022",""
4479,1,"G-Max Peach Scented Nail Polish Remover Sponge - 75ml","6286567002501",""
4479,2,"جي ماكس اسفنجة مزيلة لطلاء الاظافر بنكهة الخوخ  75مل","6286567002501",""
4480,1,"G Max nail polish remover sponge 75 ml","6286567002471",""
4480,2,"جي ماكس اسفنجة مزيلة لطلاء الاظافر بنكهة الفروله75مل","6286567002471",""
4481,1,"Sulfur Soap for Skin Relief - 100g","6287024282382",""
4481,2,"صابون الكبريت لتخفيف مشاكل الجلد 100جم","6287024282382",""
4482,1,"Bimo Herbal Cream with Honey and Aloe Vera for Skin Care - 30g","6222019604886",""
4482,2,"كريم بيمو عشبي بالعسل والصبار للعناية بالجلد  30 جم","6222019604886",""
4483,1,"Intimate lubricating gel, Nutella flavor, 50 ml","6287024281101",""
4483,2,"جل مزلق حميمي، بنكهة النوتيلا50مل","6287024281101",""
4484,1,"Intimate Lubricant Gel, Pure 50ml","6287024281095",""
4484,2,"جل مزلق حميمي، نقي 50مل","6287024281095",""
4485,1,"Nivea Men Deep Black Carbon Deodorant Spray 150ml","6223005992055",""
4485,2,"نيفيا بخاخ مزيل عرق ديب بلاك كربون رجالي 150 مل","6223005992055",""
4486,1,"AloeDent Complete Care Mouthwash, 250ml","5029354007300",""
4486,2,"غسول الفم عناية كاملة من ألودنت ,  , 250مل","5029354007300",""
4487,1,"Dove Go Fresh Deodorant Stick 40ml","96137161",""
4487,2,"مزيل العرق جو فريش من دوف 40 مل","96137161",""
4488,1,"Rexona Cotton Dry Anti-Perspirant Spray 150ml","8710447492246",""
4488,2,"بخاخ مضاد للتعرق قطن دري من ريكسونا 150مل","8710447492246",""
4489,1,"Nivea Dry Impact Deodorant for Men, Roll On 50 ml","6223005990273",""
4489,2,"مزيل للعرق للرجال، دراي إمباكت من نيڤيا، رول أون 50 مل","6223005990273",""
4490,1,"NIVEA Pearl & Beauty Deodorant for Women, Roll-On 50ml","44005900098177",""
4490,2,"مزيل للعرق للنساء، بيرل اند بيوتي من نيڤيا، رول أون 50 مل","44005900098177",""
4491,1,"Rexona Shower Fresh Antiperspirant Spray 150ml","8710447492260",""
4491,2,"بخاخ مضاد للتعرق شاور فريش من ريكسونا 150مل","8710447492260",""
4492,1,"Rexona Summer Movies Antiperspirant Spray 150ml","8710847975592",""
4492,2,"بخاخ مضاد للتعرق سمر موفيز من ريكسونا 150مل","8710847975592",""
4493,1,"Garnier SkinActive Fast Fairness Day Cream with SPF, 100ml","3610340651571",""
4493,2,"كريم النهار سكين اكتيف فاست فيرنس  مع عامل حماية من اشعة الشمس من غارنييه، 100 مل","3610340651571",""
4494,1,"Real Beauty Eyelash Glue 5g","6941248500171",""
4494,2,"غراء رموش موف ريل بيوتي 5جم","6941248500171",""
4495,1,"Professional dry massage brush - horse bristles with cotton","3667890045367",""
4495,2,"بروفيشنال فرشاة التدليك الجاف - شعيرات الخيول مع القطن","3667890045367",""
4496,1,"Professional Dry Massage Brush","3667890045350",""
4496,2,"بروفيشنال فرشاة التدليك الجاف","3667890045350",""
4497,1,"Colgate Kids Toothpaste 2-5 Years Fruit Bubbles 50ml","6920354812866",""
4497,2,"معجون أسنان كولجيت للأطفال من 2-5 سنوات  فقاعات الفاكهة 50 مل","6920354812866",""
4498,1,"Fair and Lovely Multi Face Cream,80gm","6281006567146",""
4498,2,"كريم ملتي للوجه فير آند لفلي ، 80جم","6281006567146",""
4499,1,"Fair and Lovely Multi Face Cream,100gm","6281006566989",""
4499,2,"كريم ملتي للوجه فير آند لفلي ، 100جم","6281006566989",""
4500,1,"Garnier Color Naturals Crème Hair Color (4.6 Burgundy) - 112ml","3061375781304",""
4500,2,"صبغة شعر كولور ناتشرلز كريم  ( لون برغندي 4.6) من جارنير- 112 مل","3061375781304",""
4501,1,"Rexona Aloe Vera & Bamboo Deodorant Stick - 40ml","30056640",""
4501,2,"مزيل عرق ستيك بالالفيرا والخيزان  من ريكسونا  40مل","30056640",""
4503,1,"TheraBreath Bright Mint Mouthwash 500ml","697029225363",""
4503,2,"غسول فم ثيرابريث بالنعناع اللامع  500 مل","697029225363",""
4504,1,"TheraBreath Sparkling Mint Mouthwash 500 ml","697029058770",""
4504,2,"غسول فم ثيرابريث بالنعناع التالق500 مل","697029058770",""
4505,1,"TheraBreath Icy Mint Oral Rinse 500ml","697029393888",""
4505,2,"غسول فم ثيرابريث بالنعناع الجليدي 500 مل","697029393888",""
4506,1,"TheraBreath Mild Mint Oral Rinse 500ml","697029041260",""
4506,2,"غسول فم ثيرابريث بالنعناع الخفيف 500 مل","697029041260",""
4507,1,"BRSKIN Water Dental Flosser","677937882414",""
4507,2,"خيط تنظيف الأسنان المائي  (Water dental floss)BRSKIN","677937882414",""
4508,1,"Body Care Set","677937786217",""
4508,2,"مجموعة العناية بالجسم","677937786217",""
4509,1,"Cooling Laser Hair Removal Device - 3-Year Replacement Warranty","793633258404",""
4509,2,"ليزر التبريد لإزالة الشعر ضمان ثلاث سنوات استبدال","793633258404",""
4510,1,"Eveline Lipstick No. (1)","6927874812932",""
4510,2,"احمر شفاه  ايفيلين رقم (1)","6927874812932",""
4511,1,"Eveline Lipstick No. (2)","6927874812932",""
4511,2,"احمر شفاه  ايفيلين رقم (2)","6927874812932",""
4512,1,"Eveline Lipstick Shade No. (3)","6927874812932",""
4512,2,"احمر شفاه  ايفيلين رقم (3)","6927874812932",""
4513,1,"Eveline Lipstick No. (6)","6927874812932",""
4513,2,"احمر شفاه  ايفيلين رقم (6)","6927874812932",""
4514,1,"Eveline Lipstick No. (4)","6927874812932",""
4514,2,"احمر شفاه  ايفيلين رقم (4)","6927874812932",""
4515,1,"Eveline Lipstick No. (5)","6927874812932",""
4515,2,"احمر شفاه  ايفيلين رقم (5)","6927874812932",""
4516,1,"Eveline lipstick number (7)","6927874812932",""
4516,2,"احمر شفاه  ايفيلين رقم (7)","6927874812932",""
4517,1,"Eveline Lipstick No. (8)","6927874812932",""
4517,2,"احمر شفاه  ايفيلين رقم (8)","6927874812932",""
4518,1,"Eveline Lipstick No. (9)","6927874812932",""
4518,2,"احمر شفاه  ايفيلين رقم (9)","6927874812932",""
4519,1,"Eveline Lipstick Shade No. (10)","6927874812932",""
4519,2,"احمر شفاه  ايفيلين رقم (10)","6927874812932",""
4520,1,"Eveline Lipstick No. (18)","6927874812932",""
4520,2,"احمر شفاه  ايفيلين رقم (18)","6927874812932",""
4521,1,"Eveline Lipstick No. (11)","6927874812932",""
4521,2,"احمر شفاه  ايفيلين رقم (11)","6927874812932",""
4522,1,"Eveline lipstick number (20)","6927874812932",""
4522,2,"احمر شفاه  ايفيلين رقم (20)","6927874812932",""
4523,1,"Eveline lipstick number (12)","6927874812932",""
4523,2,"احمر شفاه  ايفيلين رقم (12)","6927874812932",""
4524,1,"Eveline Lipstick No. (13)","6927874812932",""
4524,2,"احمر شفاه  ايفيلين رقم (13)","6927874812932",""
4525,1,"Eveline Lipstick No. (14)","6927874812932",""
4525,2,"احمر شفاه  ايفيلين رقم (14)","6927874812932",""
4531,1,"Elishacoy Moist Up Collagen Sleeping Mask - 50ml","8809266951017",""
4531,2,"ماسك النوم بالكولاجين لترطيب البشرة من ايليشاكوي50 مل","8809266951017",""
4532,1,"Elishacoy Hyaluronic Acid Hydrating Face Cream - 50g","8809266953646",""
4532,2,"كريم الوجه المرطب بحمض الهيالورونيك من ايليشاكوي - 50ج","8809266953646",""
4543,1,"Beauty Hair &amp; Nail Vitamins for Women - 60 Chewables","4001381881",""
4543,2,"فيتامينات بيوتي للشعر والاظافر للنساء - 60 قطعة قابلة للمضغ","4001381881",""
4544,1,"Revolution Oil Control Fixing Spray 100ml","5029066056207",""
4544,2,"بخاخ تثبيت المكياج للتحكم في الزيت من ريفلوشن 100مل","5029066056207",""
4545,1,"Revolution Glow Fix Illuminating Setting Spray 100ml","5029066099730",""
4545,2,"بخاخ لتثبيت المكياج جلو فيكس المضيء من ريفلوشن 100مل","5029066099730",""
4546,1,"Relove HD Super Matte Setting Powder - 7g","5057566479356",""
4546,2,"بودرة تثبيت المكياج اتش دي سوبر مات سيتينق من ريلوف 7جم","5057566479356",""
4547,1,"Revolution Dual Eyeliner 8g","5057566537810",""
4547,2,"آيلاينر ثنائي محدد العيون من ريفولوشن 8جم","5057566537810",""
4548,1,"Revolution Ultimate Nudes Eyeshadow Palette - Medium","5057566437127",""
4548,2,"باليت ظلال العيون التيميت نودز متوسط من ريفلوشن","5057566437127",""
4549,1,"Revolution Ultimate Nudes Eyeshadow Palette - Dark","5057566437134",""
4549,2,"باليت ظلال العيون التيميت نودز  داكن من ريفلوشن","5057566437134",""
4550,1,"Revolution Fast Base Blush Stick - 14g","5057566430913",""
4550,2,"احمر خدود فاست بيس ستيك  من ريفلوشن 14جم","5057566430913",""
4551,1,"Revolution Renaissance Flick Eyeliner - Brown 0.8g","5057566231602",""
4551,2,"محدد عيون رينسانس فليك من ريفلوشن بني 0.8جم","5057566231602",""
4553,1,"Revolution IRL Filter Longwear Foundation - Shade F5","5057566186025",""
4553,2,"كريم أساس أي ار فلتر لونغ وير  F5من ريفلوشن","5057566186025",""
4554,1,"Revolution IRL Filter Longwear Foundation - F2 (23ml)","5057566185967",""
4554,2,"كريم أساس أي ار فلتر لونغ وير  F2 من ريفلوشن 23مل","5057566185967",""
4555,1,"Revolution IRL Filter Longwear Foundation - Shade F4, 23ml","5057566186001",""
4555,2,"كريم أساس أي ار فلتر لونغ وير  F4 من ريفلوشن 23مل","5057566186001",""
4556,1,"Revolution AR Filter Longwear Foundation F6 - 23ml","5057566186056",""
4556,2,"كريم أساس أي ار فلتر لونغ وير  F6 من ريفلوشن 23مل","5057566186056",""
4557,1,"Revolution IRL Filter Longwear Foundation - F3 (23ml)","5057566185981",""
4557,2,"كريم أساس أي ار فلتر لونغ وير  F3 من ريفلوشن 23مل","5057566185981",""
4558,1,"Revolution Deep Liquid Eyeliner - White","5057566479660",""
4558,2,"ايلاينر سائل ديب  باللون الأبيض  من ريفلوشن","5057566479660",""
4559,1,"Revolution Brunch Lipstick Set","5057566512794",""
4559,2,"مجموعة أحمر الشفاه (برانش) من ريفلوشن","5057566512794",""
4560,1,"Revolution Lover Lipstick Set","5057566512770",""
4560,2,"مجموعة أحمر الشفاه (لوفر) من ريفلوشن","5057566512770",""
4561,1,"Revolution Mega Bronzer Compact Powder - Shade (01) Cool 15g","5057566079167",""
4561,2,"بودرة مضغوطة  ميجا برونزر من ريفلوشن درجة( 01 )كول 15جم","5057566079167",""
4562,1,"Revolution Mega Bronzer Pressed Powder - Shade (02) Warm 15g","5057566079211",""
4562,2,"بودرة مضغوطة  ميجا برونزر من ريفلوشن درجة( 02 )وارم 15جم","5057566079211",""
4563,1,"Revolution Blush & Highlighter Duo Palette","5057566479233",""
4563,2,"علبة ثنائية (احمر خدود + هايلايتر) من  ريفيليوشين","5057566479233",""
4564,1,"Revolution Blade Pro Eyebrow Pencil - Brown","5057566479783",""
4564,2,"قلم تحديد الحواجب بليد برو  ( لون بني) من ريفيليوشين","5057566479783",""
4565,1,"Revolution Blade Pro Eyebrow Pencil (Granite)","5057566479806",""
4565,2,"قلم تحديد الحواجب بليد برو  ( لون جرانيت) من ريفيليوشين","5057566479806",""
4566,1,"Revolution Relove Power Brow Pencil (Brown)","5057566479752",""
4566,2,"قلم تحديد الحواجب ريلوف باور ( لون بني) من ريفولوشن،","5057566479752",""
4567,1,"Revolution Relove Power Brow Pencil (Granite)","5057566479776",""
4567,2,"قلم تحديد الحواجب ريلوف باور ( لون جرانيت) من ريفولوشن،","5057566479776",""
4568,1,"Revolution Relove Power Brow Pencil (Dark Brown)","5057566479769",""
4568,2,"قلم تحديد الحواجب ريلوف باور ( لون بني غامق) من ريفولوشن،","5057566479769",""
4569,1,"Revolution Vintage Lace Blush Palette","5057566103848",""
4569,2,"مجموعة احمر الخدود فنتج ليس من ريفلوشن","5057566103848",""
4570,1,"Re-Loaded Eyeshadow Palette - Essential Mattes","5057566092715",""
4570,2,"باليت ظلال العيون  ري لودد بالوان مطفاة اساسية","5057566092715",""
4571,1,"Revolution Conceal & Define Powder Foundation","5057566143523",""
4571,2,"بودرة أساس كونسيل اند ديفاين من ريفلوشن","5057566143523",""
4572,1,"Bourjois Healthy Mix Foundation - 51 Light Vanilla, 30ml","3614222986058",""
4572,2,"كريم الاساس هيلثي ميكس  من بورجوا 51 فانيليا فاتح، 30 مل","3614222986058",""
4573,1,"Garnier Micellar Cleansing Water for Sensitive Skin - 700ml","3600542298599",""
4573,2,"مزيل مكياج  للبشرة الحساسة من غارنييه - 700مل","3600542298599",""
4574,1,"Pantene Pro-V Healthy & Clean Oil Replacement - 275 ml","8001090153418",""
4574,2,"بديل الزيت صحي ونظيف من بانتين 275 مل","8001090153418",""
4576,1,"Pantene Healthy and Clean Oil Replacement 275 ml","8001090151858",""
4576,2,"بديل الزيت اكثر كثافة من بانتين 275 مل","8001090151858",""
4577,1,"Cocoa Butter Moisturizing Body Cream - 500 ml","616762911128",""
4577,2,"كريم مرطب للجسم بزبدة الكاكو - 500 مل","616762911128",""
4578,1,"Sebamed Feminine Intimate Wash for Sensitive Skin, Ages 50+, 200 ml","4103040178619",""
4578,2,"غسول نسائي للمناطق الحميمة للبشرة الحساسة من عمر 50 فما فوق من سيباميد 200 مل","4103040178619",""
4579,1,"Revolution Forever Flawless Allure Eyeshadow Palette","5057566165686",""
4579,2,"باليت ظلال العيون(اللور) فوريفر فلوليس  من ريفوليوشن","5057566165686",""
4580,1,"Revolution Forever Flawless Unconventional Love Eyeshadow Palette","5057566077446",""
4580,2,"مجموعة ظلال العيون فور ايفر فلوليس انكوديشنال لوف من ريفلوشن","5057566077446",""
4581,1,"Revolution Conceal & Define Powder Foundation","5057566143523",""
4581,2,"بودرة أساس كونسيل اند ديفاين من ريفلوشن","5057566143523",""
4582,1,"Revolution Colour Cult Eyebrow Palette - Medium","5057566479813",""
4582,2,"باليت حواجب كولور كالت ميديم من ريفوليوشن","5057566479813",""
4583,1,"Revolution Water Activated Liquid Eyeliner Pencil - Black and White","5057566537827",""
4583,2,"قلم كحل سائل ووتر اكتيفيتد - أسود و أبيض من ريفولوشن","5057566537827",""
4584,1,"Vintage Liss Face Highlighting Kit from Revolution","5057566102681",""
4584,2,"مجموعة اضاءة الوجه فنتج ليس من ريفلوشن","5057566102681",""
4585,1,"I Heart Revolution Banana Scented Loose Setting Powder","5057566156271",""
4585,2,"بودرة سائبة للوجه برائحة الموز من اي هارت ريفليوشن","5057566156271",""
4586,1,"Revolution Ultimate Nude Shadow Powder","5057566437110",""
4586,2,"مسحوق ظلال عيون ريفولوشن التيميت نود","5057566437110",""
4587,1,"Revolution x Finding Nemo Clear Lip Gloss - 5ml","5057566745260",""
4587,2,"ملمع شفاه شفاف اكس فايندنج نيمو من ريفوليوشن  5 مل","5057566745260",""
4588,1,"Revolution Bouquet Lipstick 117","5057566075879",""
4588,2,"احمر شفاه بوكيت 117 من ريفوليوشن","5057566075879",""
4590,1,"Highlight Liquid Eyeliner","773602414642",""
4590,2,"محدد عين سائل هاي لايت","773602414642",""
4591,1,"MAC dark beige eyebrow pencil","773602336166",""
4591,2,"قلم تحديد الحواجب ماك بيج غامق","773602336166",""
4592,1,"Relove Blade Pro Eyebrow Pencil - Dark Brown","5057566479790",""
4592,2,"قلم الحواجب بليد برو من ريلوف - بني غامق","5057566479790",""
4593,1,"Relove Dream Super Fill Lip Liner","5057566480048",""
4593,2,"قلم تحديد الشفاه سوبر فل من ريلوف دريم","5057566480048",""
4594,1,"Revolution Precisely Brow Pencil - Medium Brown","5057566082365",""
4594,2,"قلم الحواجب بريسايسلي من ريفولوشن - بني متوسط","5057566082365",""
4595,1,"Relove Cream Super Fill Lip Liner","5057566496964",""
4595,2,"قلم تحديد الشفاه سوبر فل من ريلوف كريم","5057566496964",""
4596,1,"Relove Papi Super Fill Lip Liner","5057566480031",""
4596,2,"قلم تحديد الشفاه سوبر فل من ريلوف بابي","5057566480031",""
4597,1,"Relove Gleam Super Fill Lip Liner","5057566480024",""
4597,2,"قلم تحديد الشفاه سوبر فل من ريلوف جليم","5057566480024",""
4598,1,"Relove Wonder Super Fill Lip Liner","5057566480017",""
4598,2,"قلم تحديد الشفاه سوبر فل من ريلوف وندر","5057566480017",""
4599,1,"Matte Lipstick - 115 Poise by Revolution","5057566075770",""
4599,2,"احمر شفاه روج مطفي - 115 بويز من ريفلوشن","5057566075770",""
4600,1,"I Heart Revolution Coconut Loose Setting Powder","5057566156257",""
4600,2,"بودرة سائبة للوجه بجوز الهند من اي هارت ريفليوشن","5057566156257",""
4601,1,"I Heart Revolution Loose Baking Powder - Peach","5057566156240",""
4601,2,"بودرة سائبة للوجه برائحة الخوخ.من اي هارت ريفليوشن","5057566156240",""
4602,1,"Makeup Revolution Cheek Highlighter (Radiance Bronze)","5057566555838",""
4602,2,"هايلاينر للخدود (اديانس برونز)  من ميك اب ريفولوشن","5057566555838",""
4603,1,"Makeup Revolution Highlighter - Gold","5057566511223",""
4603,2,"هايلاينر  من ميك اب ريفوليوشن ذهبي","5057566511223",""
4604,1,"Makeup Revolution Cheek Highlighter (Gold)","5057566555821",""
4604,2,"هايلاينر للخدود ( ذهبي) من ميك اب ريفوليوشن","5057566555821",""
4605,1,"Revolution Gone Rogue Matte Lipstick 124 - 3.5ml","5057566076173",""
4605,2,"احمر شفاه مطفي جون روج 124 من ريفلوشن 3.5مل","5057566076173",""
4606,1,"Revolution Gone Rogue 112 Matte Lipstick - 3.5ml","5057566075626",""
4606,2,"احمر شفاه مطفي جون روج 112 من ريفلوشن 3.5مل","5057566075626",""
4607,1,"Revolution Matte Lipstick - White Wedding 114, 3.5ml","5057566075725",""
4607,2,"احمر شفاه مطفي وايت ويدينج  114 من ريفلوشن 3.5مل","5057566075725",""
4608,1,"Revolution Matte Lipstick - Heart Race 113, 3.5ml","5057566075671",""
4608,2,"احمر شفاه مطفي  هارت ريس 113 من ريفلوشن 3.5مل","5057566075671",""
4609,1,"Champagne Super Relief by Revolution face highlighter","5057566479295",""
4609,2,"إضاءة وجه شامبانيا سوبر من ريفوليوشن","5057566479295",""
4610,1,"Relove Baby Tint Lip & Cheek Tint","5057566551878",""
4610,2,"تنت الشفاه و الخدود بيبي تينت  بيبي من ريلوف","5057566551878",""
4611,1,"Revolution Matte Bomb Liquid Lipstick (Fancy Pink)","5057566392174",""
4611,2,"احمر شفاه روج سائل مات بومب ( فانسي بينك)من ريفلوشن","5057566392174",""
4612,1,"Revolution Matte Bomb Liquid Lipstick (Soft Brown, Matte Finish)","5057566511131",""
4612,2,"احمر شفاه روج سائل مات بومب ( لون بني لطيف، غير لامع)من ريفلوشن","5057566511131",""
4613,1,"Revolution Matte Bomb Liquid Lipstick - Nude Allure","5057566392167",""
4613,2,"احمر شفاه روج سائل مات بومب ( نيود الور)من ريفلوشن","5057566392167",""
4614,1,"Revolution Matte Bomb Liquid Lipstick - Nude Charm","5057566392150",""
4614,2,"احمر شفاه روج سائل مات بومب (نيود تشارم)من ريفلوشن","5057566392150",""
4615,1,"Revolution Matte Bomb Liquid Lipstick (Burgundy Star, Matte Finish)","5057566511148",""
4615,2,"احمر شفاه روج سائل مات بومب (  بورغندي ستار، غير لامع)من ريفلوشن","5057566511148",""
4616,1,"Revolution Matte Bomb Liquid Lipstick - Clueless Fuchsia","5057566392181",""
4616,2,"احمر شفاه روج سائل مات بومب (كلوليس فوشي)من ريفلوشن","5057566392181",""
4617,1,"L'Oréal Paris Hydra Genius Ultra-Hydrating Gel for Normal to Dry Skin, 70ml","3600523363360",""
4617,2,"جل  هيدرا جينيوس لترطيب فائق للبشرة العادية إلى الجافة، من لوريال باريس٧٠ مل","3600523363360",""
4618,1,"CeraVe Hydrating Cream-to-Foam Cleanser for Normal to Dry Skin - 473ml","3337875597333",""
4618,2,"رغوة تنظيف البشرة العادية الى الجافه  من سيرافي 473مل","3337875597333",""
4619,1,"Carefree Unscented Pantyliners - 30 Pieces","3574660463965",""
4619,2,"فوط بدون عطر من كيرفري 30 قطعة","3574660463965",""
4620,1,"Dove Intensive Body Cream, 250 ml","6281006409583",""
4620,2,"كريم الجسم المركز من دوف، 250 مل","6281006409583",""
4621,1,"Vatika Olive, Almond and Henna Hot Oil Treatment - 500g","6291069201413",""
4621,2,"حمام زيت زيتون ولوز وحناء من فاتيكا 500 جم","6291069201413",""
4622,1,"Vatika Naturals Hot Oil Treatment with Egg and Honey - 500g","6291069704082",""
4622,2,"حمام زيت بخلاصة البيض والعسل من فاتيكا 1000 جم","6291069704082",""
4623,1,"Vatika Egg Enriched Hair Mask 500g","6291069744262",""
4623,2,"حمام زيت بخلاصة البيض من فاتيكا 500 جم","6291069744262",""
4624,1,"Vatika coconut oil bath with coconut extract, 500 g","6291069710205",""
4624,2,"حمام زيت بخلاصة جوز الهند من فاتيكا 500 جم","6291069710205",""
4625,1,"Vatika Black Seed Enriched Hair Oil Treatment 500g","6291069701180",""
4625,2,"حمام زيت بخلاصة الحبة السوداء من فاتيكا 500 جم","6291069701180",""
4626,1,"Fashkool Garlic Extract Hot Oil Conditioning Hair Mask - 1500 ml","8058032340009",""
4626,2,"ماسك كريم حمام الزيت بخلاصة الثوم من فاشكول  1500 مل","8058032340009",""
4627,1,"Brylcreem Anti-Dandruff Hair Cream, 140 ml","5000231023002",""
4627,2,"بريلكريم كريم شعر مضاد للقشرة، 140 مل","5000231023002",""
4628,1,"Brylcreem Anti-Dandruff Hair Cream, 210 ml","5000231023026",""
4628,2,"بريلكريم كريم شعر مضاد للقشرة، 210 مل","5000231023026",""
4629,1,"Brylcreem Hair Styling Cream Red 210ml","5000231022982",""
4629,2,"بريلكريم كريم تصفيف الشعر  احمر 210 مل","5000231022982",""
4630,1,"Brylcreem Hair Styling Cream Red 140ml","5000231022968",""
4630,2,"بريلكريم كريم تصفيف الشعر  احمر 140 مل","5000231022968",""
4631,1,"The Ordinary Alpha Arbutin 2% + HA Skin Brightening Serum - 30ml","769915190250",""
4631,2,"سيروم الفا اربوتين 2% + هايلورنيك لتبييض البشرة  من ذا اوردينري 30مل","769915190250",""
4632,1,"Aliver Hair Growth Essential Oil - 30ml","5307372071504",""
4632,2,"زيت عطري لنمو الشعر من أليفر 30 مل","5307372071504",""
4633,1,"Soskin whitening cream for the body and sensitive areas, 150 ml","3760019121642",""
4633,2,"لوشن سوسكن لتبييض الجسم و المناطق الحساسة، 150مل","3760019121642",""
4634,1,"Sarah Beauty Eyelash Volumizing and Lengthening Serum","6975481203124",""
4634,2,"سيروم تكثيف و تطويل الرموش من ساره بيوتي","6975481203124",""
4635,1,"NIVEA Clear Up Face Wash - 50ml","4005900916556",""
4635,2,"غسول الوجه كلير اب من نيفيا 50 مل","4005900916556",""
4637,1,"Glutathione and Honey Face Brightening & Freckle Removal Cream - 50g","6920162461080",""
4637,2,"كريم الجلوتاثيون والعسل  لتفتيح الوجه وازاله النمش 50جم","6920162461080",""
4639,1,"Milk Foot Peeling Masks","5307372076691",""
4639,2,"جوارب تقشير القدم بالحليب","5307372076691",""
4640,1,"Sunflower Leaf Foot Peeling Masks","5307372070033",""
4640,2,"جوارب تقشير القدم بورق عباد الشمس","5307372070033",""
4642,1,"Papaya Foot Peeling Mask Socks","5307372069860",""
4642,2,"جوارب تقشير القدم بالبابايا","5307372069860",""
4643,1,"MUM Aloe Vera Deodorant for Sensitive Skin - 75ml","7614700005468",""
4643,2,"مزيل عرق  بالصبار للبشرة الحساسة من مام 75مل","7614700005468",""
4644,1,"Sara Beauty Hair Growth and Strengthening Oil with Clove, Rosemary, and Biotin - 60ml","6973317005928",""
4644,2,"زيت انبات الشعر وتقويته بالقرنفل وإكليل الجبل بيوتين من سارة بيوتي 60مل","6973317005928",""
4645,1,"Axe Brand Universal Oil 3ml - Small","8888115000168",""
4645,2,"دهان ابو فاس 3 مل صغير","8888115000168",""
4646,1,"Vaseline Daily Care Strong UV Sunscreen Stick with Skin Hydration 15g","8801619048504",""
4646,2,"واقي شمس العناية اليومية للأشعة فوق البنفسجية القوية مع الحفاظ على رطوبة البشرة  من فازلين 15جم","8801619048504",""
4647,1,"Vichy 24-Hour Fruity Freshness Deodorant, 100ml","3337871310783",""
4647,2,"مزيل عرق يدوم 24 ساعة من انتعاش الفواكه،  من فيتشي 100 مل","3337871310783",""
4648,1,"Maybelline Fit Me Concealer - Shade 20","30096608",""
4648,2,"كونسيلر فيت مي من ميبلين رقم 20","30096608",""
4649,1,"Isis Pharma Uveblock Sunscreen Lotion 100ml","3401520129931",""
4649,2,"لوشن واقي شمس إيزيس فارما يو في بلوك 100مل","3401520129931",""
4650,1,"Johnson's Micellar Makeup Remover Wipes for Ultra-Sensitive Skin & All Skin Types - 25 Wipes","3574661558950",""
4650,2,"مناديل ميسيلار مزيل مكياج فائقة الحساسية لجميع انواع البشرة  من جونسون   25 منديل","3574661558950",""
4651,1,"Johnson's Micellar Makeup Remover Wipes for Normal and Combination Skin - 25 Wipes","3574661559155",""
4651,2,"مناديل ميسيلار مزيل مكياج للبشرة العادية والمختلطة من جونسون   25 منديل","3574661559155",""
4652,1,"Johnson's Micellar Makeup Remover Wipes for Combination Skin - 25 Wipes","3574661558943",""
4652,2,"مناديل ميسيلار مزيل مكياج للبشرة المختلطة  من جونسون   25 منديل","3574661558943",""
4653,1,"Maybelline New York Fit Me Matte + Poreless Powder, (130 Buff Beige)","7509552845631",""
4653,2,"بودرة فيت مي مات اند بورليس من ميبيلين نيويورك،( 130 بف بيج)","7509552845631",""
4654,1,"Maybelline New York Fit Me Matte + Poreless Powder, (120 Classic Ivory)","7509552845617",""
4654,2,"بودرة فيت مي مات اند بورليس من ميبيلين نيويورك،( 120 كلاسيك ايفوري)","7509552845617",""
4655,1,"Maybelline New York Fit Me Matte & Poreless Powder (128 Warm Nude)","7509552845624",""
4655,2,"بودرة فيت مي مات اند بورليس من ميبيلين نيويورك،( 128 وورم نود)","7509552845624",""
4656,1,"Maybelline New York Fit Me Matte & Poreless Powder (220 Natural Beige)","7509552845648",""
4656,2,"بودرة فيت مي مات اند بورليس من ميبيلين نيويورك،(  220 ناتشورال بيج)","7509552845648",""
4657,1,"Maybelline New York Fit Me Matte & Poreless Powder, (110 Porcelain)","7509552845587",""
4657,2,"بودرة فيت مي مات اند بورليس من ميبيلين نيويورك،( 110 بورسلين)","7509552845587",""
4658,1,"Organics Hair Mayonnaise with Olive Oil - 434ml","034285534165",""
4658,2,"مايونيز للشعر  زيت زيتون  من اورجانيكس434مل","034285534165",""
4659,1,"Al Tawoos Laurel Soap 140g","6287001581408",""
4659,2,"صابون غار الطاووس 140جم","6287001581408",""
4661,1,"Special Offer: Vatika Nourish & Protect Shampoo with Olive and Henna - 2 x 400ml","6666666619389",""
4661,2,"عرض خاص شامبو مغذي وحماية بالزيتون والحناء من فاتيكا 2في 400مل","6666666619389",""
4662,1,"Special offer: Vatika anti-dandruff shampoo with yogurt and honey 2 in 400 ml","6291069208023",""
4662,2,"عرض خاص شامبو للحماية من القشرة بالزبادي والعسل  من فاتيكا 2في 400مل","6291069208023",""
4663,1,"Parachute Gold Hair Cream with Coconut and Almond - 140ml","8901088022514",""
4663,2,"كريم بارشوت جولد  بجوز الهند واللوز  140مل","8901088022514",""
4666,1,"Parachute Gold Coconut & Garlic Hair Cream for Deep Root Nourishment and Anti-Hair Fall - 140ml","8901200200042",""
4666,2,"كريم بارشوت جولد  بجوز الهند والثوم  لتغذية الجذور العميقة ومضاد لتساقط الشعر140مل","8901200200042",""
4667,1,"Parachute cream for men to protect against hair loss, 140 ml","8901088074445",""
4667,2,"كريم بارشوت للرجال  للحماية من تساقط الشعر   140مل","8901088074445",""
4668,1,"Colgate ZigZag Charcoal Soft Bristle Toothbrush - 4 Pieces","8901314532022",""
4668,2,"كولجيت فرشاة اسنان بشعيرات ناعمة بالفحم من زيجزاج - 4 قطع","8901314532022",""
4669,1,"Garnier papaya conditioner for damaged hair, 350 ml","3600542416139",""
4669,2,"بلسم  البابايا للشعر التالف من جارنية 350مل","3600542416139",""
4670,1,"Garnier Cocoa Butter Conditioner for Dry, Frizzy Hair 350ml","3600542481595",""
4670,2,"بلسم  بزبدة الكاكاو  للشعر الجاف المجعد من جارنية 350مل","3600542481595",""
4671,1,"Clear shampoo + conditioner for men, hair loss protection, 200 ml","6281006438484",""
4671,2,"شامبو+بلسم  للرجال  حماية من تساقط الشعر، بخلاصة بن القهوه من كلير  200 مل","6281006438484",""
4672,1,"Clear Men Shower Fresh Shampoo with Green Tea & Lemon Extract - 200ml","6281006422148",""
4672,2,"شامبو انتعاش الاستحمام للرجال بمستخلص الشاي الاخضر والليمون من كلير  200 مل","6281006422148",""
4673,1,"Clear Men Deep Cleansing Charcoal Shampoo - 200ml","6281006439610",""
4673,2,"شامبوللتنظيف العميق للرجال بالفحم من كلير  200 مل","6281006439610",""
4674,1,"Long-Lasting Nail Polish (Happy Vibes N269)","6287029533113",""
4674,2,"طلاء أظافر لونج لاستينج( هابي فايبس N269)","6287029533113",""
4675,1,"Long Lasting Nail Polish (Coco N230)","6287029532727",""
4675,2,"طلاء أظافر لونج لاستينج( كوكو N230)","6287029532727",""
4676,1,"Long Lasting Nail Polish (Beloved N251)","6287029532932",""
4676,2,"طلاء أظافر لونج لاستينج( بيلوفد N251)","6287029532932",""
4677,1,"Long Lasting Nail Polish (Velvet N243)","6287029532857",""
4677,2,"طلاء أظافر لونج لاستينج( فيلفت  N243)","6287029532857",""
4678,1,"Long Lasting Nail Polish (Lady N245)","6287029532871",""
4678,2,"طلاء أظافر لونج لاستينج(ليدي N245)","6287029532871",""
4679,1,"Long Lasting Nail Polish (Vogue N247)","6287029532895",""
4679,2,"طلاء أظافر لونج لاستينج( فوج N247)","6287029532895",""
4680,1,"Long Lasting Nail Polish (Bag N250)","6287029532925",""
4680,2,"طلاء أظافر لونج لاستينج( كيس N250)","6287029532925",""
4681,1,"Long Lasting Nail Polish (Future N233)","6287029532758",""
4681,2,"طلاء أظافر لونج لاستينج( فيوتشر N233)","6287029532758",""
4682,1,"Long Lasting Nail Polish (Cream N221)","6287029532635",""
4682,2,"طلاء أظافر لونج لاستينج( كريم N221)","6287029532635",""
4683,1,"Long Lasting Nail Polish (Baby Pink N280)","6287029533229",""
4683,2,"طلاء أظافر لونج لاستينج(بيبي بينك N280)","6287029533229",""
4684,1,"Long Lasting Nail Polish (Midnight N244)","6287029532864",""
4684,2,"طلاء أظافر لونج لاستينج(ميد نايت N244)","6287029532864",""
4685,1,"Long Lasting Nail Polish (Confidence N229)","6287029532710",""
4685,2,"طلاء أظافر لونج لاستينج(كونفيدنس N229)","6287029532710",""
4686,1,"Long Lasting Nail Polish (Dream N209)","628702953224",""
4686,2,"طلاء أظافر لونج لاستينج( دريم N209)","628702953224",""
4687,1,"Long Lasting Nail Polish (Queen N212)","6287029532543",""
4687,2,"طلاء أظافر لونج لاستينج( كوين N212)","6287029532543",""
4688,1,"Long Lasting Nail Polish (Jazz N214)","6287029532567",""
4688,2,"طلاء أظافر لونج لاستينج(جاز N214)","6287029532567",""
4689,1,"Long-Lasting Nail Polish (Courage N265)","6287029533076",""
4689,2,"طلاء أظافر لونج لاستينج(  كوريج N265)","6287029533076",""
4690,1,"Long Lasting Nail Polish (Happy N237)","6287029532796",""
4690,2,"طلاء أظافر لونج لاستينج( هابي  N237)","6287029532796",""
4691,1,"Long Lasting Nail Polish (Secret N238)","6287029532802",""
4691,2,"طلاء أظافر لونج لاستينج( سيكرت  N238)","6287029532802",""
4692,1,"Long Lasting Nail Polish (Romantic N260)","6287029533021",""
4692,2,"طلاء أظافر لونج لاستينج(رومانتك N260)","6287029533021",""
4693,1,"Long Lasting Nail Polish (Aphrodite N264)","6287029533069",""
4693,2,"طلاء أظافر لونج لاستينج(افروردايتي N264)","6287029533069",""
4694,1,"Long-Lasting Nail Polish (Royal N227)","6287029532697",""
4694,2,"طلاء أظافر لونج لاستينج( رويال  N227)","6287029532697",""
4695,1,"Long Lasting Nail Polish (Lemon Pie N224)","6287029532666",""
4695,2,"طلاء أظافر لونج لاستينج( ليمون باي  N224)","6287029532666",""
4696,1,"Long Lasting Nail Polish (My Studio N240)","6287029532826",""
4696,2,"طلاء أظافر لونج لاستينج( ماي ستوديو N240)","6287029532826",""
4697,1,"Office Long Lasting Nail Polish (N218)","6287029532604",""
4697,2,"طلاء أظافر لونج لاستينج(اوفيس N218)","6287029532604",""
4698,1,"Long Lasting Nail Polish (Le Chocolate N213)","6287029532550",""
4698,2,"طلاء أظافر لونج لاستينج( لي تشوكلت N213)","6287029532550",""
4699,1,"Long Lasting Nail Polish (Stone N203)","6287029532451",""
4699,2,"طلاء أظافر لونج لاستينج( ستون N203)","6287029532451",""
4700,1,"Long-Lasting Nail Polish (Sahara N216)","6287029532581",""
4700,2,"طلاء أظافر لونج لاستينج(سحارا  N216)","6287029532581",""
4701,1,"Long Lasting Nail Polish (Ballerina N278)","6287029533205",""
4701,2,"طلاء أظافر لونج لاستينج( بالرينا N278)","6287029533205",""
4702,1,"Long Lasting Nail Polish (Cappuccino N215)","6287029532574",""
4702,2,"طلاء أظافر لونج لاستينج( كابو تشينو  N215)","6287029532574",""
4703,1,"Long Lasting Nail Polish (Black Pearl N235)","6287029532772",""
4703,2,"طلاء أظافر لونج لاستينج( بلاك بيرل N235)","6287029532772",""
4705,1,"Clear Men 2-in-1 Shampoo + Conditioner Rich in Herbs, Blue - 400ml","6281006422100",""
4705,2,"شامبو+بلسم  غني بالاعشاب للرجال  لون ازرق من كلير  400 مل","6281006422100",""
4708,1,"Clear Cool Sport Men's Refreshing Mint Shampoo 200 ml","6281006438460",""
4708,2,"شامبو شامبو كول سبورت للرجال بالنعناع المنعش من كلير  200 مل","6281006438460",""
4709,1,"Clear Men Cool Sport Menthol Refreshing Shampoo - 400ml","6281006438668",""
4709,2,"شامبو شامبو كول سبورت للرجال بالنعناع المنعش من كلير  400 مل","6281006438668",""
4710,1,"Clear hair styling and hair loss protection cream with coffee extract, 275 ml","6281006547308",""
4710,2,"كريم لتصفيف الشعر  وحمايته من التساقط بخلاصة القهوة  من كلير 275 مل","6281006547308",""
4711,1,"Parachute Men Anti-Dandruff Hair Cream 140ml","8901088074438",""
4711,2,"كريم بارشوت للرجال ضد القشرة   140مل","8901088074438",""
4712,1,"Garnier Hair Food Nourishing Banana & Coconut Shampoo 350ml","3600542416092",""
4712,2,"شامبو غذاء الشعر المغذي بالموز وجوز الهند من جارنية 350مل","3600542416092",""
4713,1,"Lotte Xylitol Berry Mint Gum 58g","8852008610888",""
4713,2,"علكة لوت زليتول توت ونعناع 58 جم","8852008610888",""
4714,1,"Lotte Xylitol Lemon Mint Gum 58g","8852008610703",""
4714,2,"علكة لوت زليتول ليمون ونعناع 58 جم","8852008610703",""
4715,1,"Lotte Xylitol Refreshing Mint Gum 58g","8852008610628",""
4715,2,"علكة لوت زليتول بنكهة النعناع المنعش 58 جم","8852008610628",""
4716,1,"Lotte Xylitol Strawberry & Mint Chewing Gum 58g","8852008000986",""
4716,2,"علكة لوت زليتول ببنكهة الفرولة والنعناع 58 جم","8852008000986",""
4717,1,"Lotte Xylitol Refreshing Mint Gum 29g","8852008000115",""
4717,2,"علكة لوت زليتول بنكهة النعناع المنعش 29 جم","8852008000115",""
4718,1,"Lotte Xylitol Lemon and Mint Gum 29g","8852008000030",""
4718,2,"علكة لوت زليتول ليمون ونعناع 29 جم","8852008000030",""
4719,1,"Lotte Xylitol Berry Mint Gum 29g","8852008941043",""
4719,2,"علكة لوت زليتول توت ونعناع 29 جم","8852008941043",""
4720,1,"Eagle Brand Cajeput Oil for Pain Relief - 60 ml","8993176817027",""
4720,2,"زيت كا جوبوت لتخفيف الالم من ماركة الصقر  60 مل","8993176817027",""
4721,1,"Cantu Shea Butter Conditioning Hair Softener & Detangler Spray - 237 ml","817513015342",""
4721,2,"بخاخ منعم ومزيل لتشابك الشعر بزبدة الشيا من كانتو - 237 مل","817513015342",""
4722,1,"Elica Acne Cream - Use as Directed by Physician - 30g","06285128000338",""
4722,2,"كريم اليكا لحب الشباب يستخدم وفقا لتعليمات الطبيب 30 جم","06285128000338",""
4723,1,"Long Lasting Nail Polish (Midnight N209)","6287029532512",""
4723,2,"طلاء أظافر لونج لاستينج(ميد نايت n209)","6287029532512",""
4724,1,"MD Deep Matte Lipstick (L021) - 4g","6287029531164",""
4724,2,"روج احمر شفاه ديب مات( L021) من ام دي   4 جم","6287029531164",""
4725,1,"MD Deep Matte Lipstick (L021) 4 gm","6287029531171",""
4725,2,"روج احمر شفاه ديب مات( L021) من ام دي   4 جم","6287029531171",""
4726,1,"MD Deep Matte Lipstick (L011) - 4g","6287029531065",""
4726,2,"روج احمر شفاه ديب مات( L011) من ام دي   4 جم","6287029531065",""
4727,1,"MD Deep Matte Lipstick (L019) - 4g","6287029531140",""
4727,2,"روج احمر شفاه ديب مات( L019) من ام دي   4 جم","6287029531140",""
4728,1,"MD Deep Matte Lipstick (L024) - 4g","6287029531195",""
4728,2,"روج احمر شفاه ديب مات( L024) من ام دي   4 جم","6287029531195",""
4729,1,"MD Deep Matte Lipstick (L023) - 4g","6287029531188",""
4729,2,"روج احمر شفاه ديب مات( L023) من ام دي   4 جم","6287029531188",""
4730,1,"MD Deep Matte Lipstick (L015) - 4g","6287029531102",""
4730,2,"روج احمر شفاه ديب مات( L015) من ام دي   4 جم","6287029531102",""
4731,1,"MD Deep Matte Lipstick (L006) - 4g","6287029531010",""
4731,2,"روج احمر شفاه ديب مات( L006) من ام دي   4 جم","6287029531010",""
4732,1,"MD Deep Matte Lipstick (L025) - 4g","6287029531201",""
4732,2,"روج احمر شفاه ديب مات( L025) من ام دي   4 جم","6287029531201",""
4733,1,"MD Deep Matte Lipstick (L027) - 4g","6287029531225",""
4733,2,"روج احمر شفاه ديب مات( L027) من ام دي   4 جم","6287029531225",""
4734,1,"MD Deep Matte Lipstick (L009) - 4g","6287029531041",""
4734,2,"روج احمر شفاه ديب مات( L009) من ام دي   4 جم","6287029531041",""
4735,1,"MD Deep Matte Lipstick (L002) 4 gm","6287029530976",""
4735,2,"روج احمر شفاه ديب مات( L002) من ام دي   4 جم","6287029530976",""
4736,1,"MD Deep Matte Lipstick (L003) - 4g","6287029530983",""
4736,2,"روج احمر شفاه ديب مات( L003) من ام دي   4 جم","6287029530983",""
4737,1,"MD Deep Matte Lipstick (L026) - 4g","6287029531218",""
4737,2,"روج احمر شفاه ديب مات( L026) من ام دي   4 جم","6287029531218",""
4738,1,"MD Deep Matte Lipstick (L007) - 4g","6287029531027",""
4738,2,"روج احمر شفاه ديب مات( L007) من ام دي   4 جم","6287029531027",""
4739,1,"MD Deep Matte Lipstick (L014) 4 gm","6287029531096",""
4739,2,"روج احمر شفاه ديب مات( L014) من ام دي   4 جم","6287029531096",""
4740,1,"MD Deep Matte Lipstick (L010) - 4g","6287029531058",""
4740,2,"روج احمر شفاه ديب مات( L010) من ام دي   4 جم","6287029531058",""
4741,1,"MD Deep Matte Lipstick (L029) - 4g","6287029531249",""
4741,2,"روج احمر شفاه ديب مات( L029) من ام دي   4 جم","6287029531249",""
4742,1,"MD Deep Matte Lipstick (L008) 4 gm","6287029531034",""
4742,2,"روج احمر شفاه ديب مات( L008) من ام دي   4 جم","6287029531034",""
4743,1,"MD Deep Matte Lipstick (L028) - 4g","6287029531232",""
4743,2,"روج احمر شفاه ديب مات( L028) من ام دي   4 جم","6287029531232",""
4744,1,"MD Deep Matte Lipstick (L020) 4 gm","6287029531157",""
4744,2,"روج احمر شفاه ديب مات( L020) من ام دي   4 جم","6287029531157",""
4745,1,"MD Deep Matte Lipstick (L005) - 4g","6287029531003",""
4745,2,"روج احمر شفاه ديب مات( L005) من ام دي   4 جم","6287029531003",""
4746,1,"MD Deep Matte Lipstick (L017) - 4g","6287029531126",""
4746,2,"روج احمر شفاه ديب مات( L017) من ام دي   4 جم","6287029531126",""
4747,1,"MD Deep Matte Lipstick (L013) - 4g","6287029531089",""
4747,2,"روج احمر شفاه ديب مات( L013) من ام دي   4 جم","6287029531089",""
4748,1,"MD Deep Matte Lipstick (L001) 4 gm","6287029530969",""
4748,2,"روج احمر شفاه ديب مات( L001) من ام دي   4 جم","6287029530969",""
4749,1,"MD Deep Matte Lipstick (L030) 4 gm","6287029531256",""
4749,2,"روج احمر شفاه ديب مات( L030) من ام دي   4 جم","6287029531256",""
4750,1,"MD Deep Matte Lipstick (L018) 4 gm","6287029531133",""
4750,2,"روج احمر شفاه ديب مات( L018) من ام دي   4 جم","6287029531133",""
4751,1,"MD Deep Matte Lipstick (L004) - 4g","6287029530990",""
4751,2,"روج احمر شفاه ديب مات( L004) من ام دي   4 جم","6287029530990",""
4752,1,"MD Ever Matte Liquid Lipstick (L017)","6287029530914",""
4752,2,"روج سائل  ايفر مات( L017) من ام دي","6287029530914",""
4753,1,"Ever Matte Liquid Lipstick (L016) from MD","6287029530907",""
4753,2,"روج سائل  ايفر مات( L016) من ام دي","6287029530907",""
4754,1,"MD Ever Matte Liquid Lipstick (L009)","6287029530846",""
4754,2,"روج سائل  ايفر مات( L009) من ام دي","6287029530846",""
4755,1,"Ever Matte Liquid Lipstick (L013) from MD","6287029530860",""
4755,2,"روج سائل  ايفر مات( L013) من ام دي","6287029530860",""
4756,1,"MD Ever Matte Liquid Lipstick (L004)","6287029530792",""
4756,2,"روج سائل  ايفر مات( L004) من ام دي","6287029530792",""
4757,1,"MD Ever Matte Liquid Lipstick (L005)","6287029530808",""
4757,2,"روج سائل  ايفر مات( L005) من ام دي","6287029530808",""
4758,1,"MD Ever Matte Liquid Lipstick (L019)","6287029530938",""
4758,2,"روج سائل  ايفر مات( L019) من ام دي","6287029530938",""
4759,1,"MD Ever Matte Liquid Lipstick (L011)","6287029530952",""
4759,2,"روج سائل  ايفر مات( L011) من ام دي","6287029530952",""
4760,1,"MD Ever Matte Liquid Lipstick (L001)","6287029530761",""
4760,2,"روج سائل  ايفر مات( L001) من ام دي","6287029530761",""
4761,1,"MD Ever Matte Liquid Lipstick (L018)","6287029530921",""
4761,2,"روج سائل  ايفر مات( L018) من ام دي","6287029530921",""
4762,1,"MD Ever Matte Liquid Lipstick (L010)","6287029530853",""
4762,2,"روج سائل  ايفر مات( L010) من ام دي","6287029530853",""
4763,1,"MD Ever Matte Liquid Lipstick (L006)","6287029530815",""
4763,2,"روج سائل  ايفر مات( L006) من ام دي","6287029530815",""
4764,1,"MD Ever Matte Liquid Lipstick (L015)","6287029530891",""
4764,2,"روج سائل  ايفر مات( L015) من ام دي","6287029530891",""
4765,1,"Ever Matte Liquid Lipstick (L012) from MD","6287029530877",""
4765,2,"روج سائل  ايفر مات( L012) من ام دي","6287029530877",""
4766,1,"MD Ever Matte Liquid Lipstick (L014)","6287029530884",""
4766,2,"روج سائل  ايفر مات( L014) من ام دي","6287029530884",""
4767,1,"MD Ever Matte Liquid Lipstick (L007)","6287029530822",""
4767,2,"روج سائل  ايفر مات( L007) من ام دي","6287029530822",""
4768,1,"MD Ever Matte Liquid Lipstick (L008)","6287029530839",""
4768,2,"روج سائل  ايفر مات( L008) من ام دي","6287029530839",""
4769,1,"MD Waterproof Lip Liner Pencil (No. 224)","6287029533243",""
4769,2,"قلم تحديد الشفاه ضد الماء( NO 224) من ام دي","6287029533243",""
4770,1,"MD Waterproof Lip Liner Pencil (No. 258)","6287029533328",""
4770,2,"قلم تحديد الشفاه ضد الماء( NO 258) من ام دي","6287029533328",""
4771,1,"MD Waterproof Lip Liner Pencil (No. 259)","6287029533335",""
4771,2,"قلم تحديد الشفاه ضد الماء( NO 259) من ام دي","6287029533335",""
4772,1,"MD Waterproof Lip Liner Pencil (No. 213)","6287029533236",""
4772,2,"قلم تحديد الشفاه ضد الماء( NO 213) من ام دي","6287029533236",""
4773,1,"MD Waterproof Lip Liner Pencil (No. 246)","6287029533250",""
4773,2,"قلم تحديد الشفاه ضد الماء( NO 246) من ام دي","6287029533250",""
4774,1,"MD Waterproof Lip Liner Pencil (No. 257)","6287029533311",""
4774,2,"قلم تحديد الشفاه ضد الماء( NO 257) من ام دي","6287029533311",""
4775,1,"Waterproof lip liner pencil (NO 254) from MD","6287029533281",""
4775,2,"قلم تحديد الشفاه ضد الماء( NO 254) من ام دي","6287029533281",""
4776,1,"MD Waterproof Lip Liner Pencil (No. 247)","6287029533267",""
4776,2,"قلم تحديد الشفاه ضد الماء( NO 247) من ام دي","6287029533267",""
4777,1,"Secret Eye waterproof eyeliner pencil","2710204179997",""
4777,2,"قلم كحل سيكرت اي مقاوم للماء 002","2710204179997",""
4778,1,"MD Eyebrow Pencil with Brush - No. 308","6287029533366",""
4778,2,"قلم تحديد حاجب بفرشاه رقم 308 من ام دي","6287029533366",""
4779,1,"MD Eyebrow Pencil with Brush - Shade 306","6287029533342",""
4779,2,"قلم حاجب بفرشاه رقم 306 من ام دي","6287029533342",""
4780,1,"MD Brow Pencil with Brush No. 307","6287029533359",""
4780,2,"قلم حاجب بفرشاه رقم 307 من ام دي","6287029533359",""
4781,1,"MD Matte Waterproof Eyeliner","6287029532406",""
4781,2,"ايلاينر سائل مطفي بروفيشنال من ام دي","6287029532406",""
4782,1,"MD Professional Liquid Eyeliner","4711400211038",""
4782,2,"ايلاينر سائل بروفيشنال من ام دي","4711400211038",""
4783,1,"Soft Matte Foundation SMF 01","6287029532031",""
4783,2,"كريم اساس سوفت مات SMF 01","6287029532031",""
4784,1,"Soft Matte Foundation SMF 02","6287029532048",""
4784,2,"كريم اساس سوفت مات SMF 02","6287029532048",""
4785,1,"MB Flawless Concealer Fc02","6287029532314",""
4785,2,"كونسيلر فلوليس Fc02 من ام بي","6287029532314",""
4786,1,"MB Flawless Concealer Fc04","6287029532338",""
4786,2,"كونسيلر فلوليس Fc04 من ام بي","6287029532338",""
4787,1,"MB Flawless Concealer Fc01","6287029532307",""
4787,2,"كونسيلر فلوليس Fc01 من ام بي","6287029532307",""
4788,1,"MB 16-Color Concealer Palette","6287029532383",""
4788,2,"طقم كونسيلر16 لون من ام بي","6287029532383",""
4789,1,"MB 8-Color Concealer + 8-Color Blush Palette","6287029532376",""
4789,2,"طقم 8 لون كونسيلر+ 8 لون احمر خدود من ام بي","6287029532376",""
4790,1,"Advanced Clinicals Vitamin C Serum for Skin - 52 ml","819265008016",""
4790,2,"ادفانسد كلينيكالز‏ - سيروم فيتامين سي مقاوم للشيخوخة، 52 مل","819265008016",""
4791,1,"Le Visage Plus Hyaluronic Acid Face Serum - 50ml","697794488390",""
4791,2,"سيروم الوجة لو فيزاج بلس  بحمض الهيالورونيك  50مل","697794488390",""
4792,1,"Keratin Smooth Shampoo for Dry and Frizzy Hair - 200ml","6281006535008",""
4792,2,"شامبو كيراتين سموث  للشعر الجاف والمتطاير 200 مل","6281006535008",""
4793,1,"Vaseline Original Pure Care Jelly, 50 ml","6281006408647",""
4793,2,"جيلي العناية العادي من فازلين، 50 مل","6281006408647",""
4794,1,"Carefree sanitary napkins, 34 pcs","3574661500386",""
4794,2,"فوط بدون عطر من كيرفري 34 قطعة","3574661500386",""
4795,1,"Pampers Baby-Dry Diapers, Size 5, 52 Count","4015400406754",""
4795,2,"حفاضات بامبرز بيبي دراي مقاس (5) عدد القطع 52","4015400406754",""
4796,1,"Pampers Baby-Dry Diapers, Size 3, 68 Count","4015400406211",""
4796,2,"حفاضات بامبرز بيبي دراي مقاس (3) عدد القطع( 68 )","4015400406211",""
4797,1,"Pampers Baby-Dry Diapers, Size 4, 60 Count","4015400406396",""
4797,2,"حفاضات بامبرز بيبي دراي مقاس (4) عدد القطع (60 )","4015400406396",""
4798,1,"La Roche-Posay Pigmentclar Eye Cream for Dark Circles and Eye Wrinkles - 15ml","3337872414152",""
4798,2,"كريم بيجمنتكلار لتفتيح الهالات السوداء وتجاعيد العين من لا روش بوزيه 15مل","3337872414152",""
4799,1,"La Roche-Posay sunscreen cream without perfume 50 ml","3612622364131",""
4799,2,"واقي شمس للبشرة الحساسة بلا عطر من  لاروش بوزيه 50 مل","3612622364131",""
4800,1,"Imperiolis Light Intensive Moisturizing Cream 30ml","3350900000394",""
4800,2,"كريم امبريوليس لايت للترطيب المركز وكريم اساس 30مل","3350900000394",""
4801,1,"Revolution Maxi Reloaded Eyeshadow Palette","5057566220842",""
4801,2,"مجموعة ظلال العيون ماكسي ريلاوديد من ريفلوشن","5057566220842",""
4802,1,"Revolution Take a Breather Cheek Set","5057566064958",""
4802,2,"مجموعة الخدود تيك ابريثر من ريفلوشن","5057566064958",""
4803,1,"Revolution Don't Hold Back Cheek Set","5057566064804",""
4803,2,"مجموعة الخدوددونت هولد باك من ريفلوشن","5057566064804",""
4804,1,"Loran's Inner Eye Eyeliner Pencil - EL black 51","1049200605041",""
4804,2,"قلم كحل داخل العين من لورنس - EL black 51","1049200605041",""
4805,1,"Start Makers Double-Sided Facial Cleansing Brush","6900358032163",""
4805,2,"فرشاه تنظيف للوجه ستارت مايكرز وجهين","6900358032163",""
4806,1,"Moisturizing and moisturizing styling conditioner for dry hair 60 ml","716237180445",""
4806,2,"بلسم متوازان مصفف ملطف ومرطب للشعر الجاف 60 مل","716237180445",""
4807,1,"Tea Tree Refreshing Balm Triple Action Treatment 60ml","716237180421",""
4807,2,"بلسم منعش بشجرة الشاي لعلاج ثلاثي التأثير 60 مل","716237180421",""
4808,1,"Balanced 50:50 Purifying Moisturizing Shampoo, for normal to dry hair, (60 ml)","716237180391",""
4808,2,"شامبو مرطب ومنقي 50:50 Balanced، للشعر العادي والجاف،(60 مل)","716237180391",""
4809,1,"Deep moisturizing conditioner for damaged hair","716237180414",""
4809,2,"بلسم الترطيب العميق للشعر التالف من  جيوفاني 60 مل","716237180414",""
4810,1,"Revolution Water-Activated Eyeliner 6.8g","5057566537780",""
4810,2,"محدد عيون مائي من ريفلوشن 6.8جم","5057566537780",""
4811,1,"Revolution Water-Based Eyeliner 6.8g","5057566537797",""
4811,2,"محدد عيون مائي من ريفلوشن 6.8جم","5057566537797",""
4812,1,"Revolution Liquid Conceal & Correct Concealer - Shade C12","5057566017176",""
4812,2,"كونسيلر تصحيح و اخفاء عيوب البشرة  رقم C12، سائل من ريفلوشن","5057566017176",""
4813,1,"Concealer to correct and hide skin blemishes, No. C5, liquid from Revolution","5057566016964",""
4813,2,"كونسيلر تصحيح و اخفاء عيوب البشرة  رقم C5، سائل من ريفلوشن","5057566016964",""
4815,1,"Concealer to correct and hide skin blemishes, No. C11, liquid from Revolution","5057566017145",""
4815,2,"كونسيلر تصحيح و اخفاء عيوب البشرة  رقم C11، سائل من ريفلوشن","5057566017145",""
4816,1,"Revolution Conceal & Define Liquid Concealer - Shade C7","5057566017022",""
4816,2,"كونسيلر تصحيح و اخفاء عيوب البشرة  رقم C7، سائل من ريفلوشن","5057566017022",""
4817,1,"Revolution Liquid Concealer & Corrector - Shade C2","5057566016872",""
4817,2,"كونسيلر تصحيح و اخفاء عيوب البشرة  رقم C2، سائل من ريفلوشن","5057566016872",""
4818,1,"Concealer to correct and hide skin blemishes, No. C10, liquid from Revolution","5057566017114",""
4818,2,"كونسيلر تصحيح و اخفاء عيوب البشرة  رقم C10، سائل من ريفلوشن","5057566017114",""
4819,1,"Revolution Conceal & Define Liquid Concealer - Shade C8","5057566017053",""
4819,2,"كونسيلر تصحيح و اخفاء عيوب البشرة  رقم C8، سائل من ريفلوشن","5057566017053",""
4822,1,"Highlighter for the cheeks (Strobe) from Makeup Revolution","5057566555869",""
4822,2,"هايلاينر للخدود ( ستروب)  من ميك اب ريفولوشن","5057566555869",""
4823,1,"Revolution Water-Based Eyeliner 6.8g","5057566537773",""
4823,2,"محدد عيون مائي من ريفلوشن 6.8جم","5057566537773",""
4824,1,"Revolution Water-Based Eyeliner 6.8g","5057566537803",""
4824,2,"محدد عيون مائي من ريفلوشن 6.8جم","5057566537803",""
4825,1,"Revolution Gold Super Highlighter","5057566479318",""
4825,2,"إضاءة وجه جولد سوبر من ريفوليوشن","5057566479318",""
4826,1,"Revolution Forever Flawless Birds of Paradise Eyeshadow Palette","5057566180351",""
4826,2,"باليت ظلال العيون (بيردز اوف برادايز) فوريفر فلوليس  من ريفوليوشن","5057566180351",""
4827,1,"Revolution Forever Flawless Decadent Eyeshadow Palette","5057566077118",""
4827,2,"باليت ظلال العيون (داكادنت )فوريفر فلوليس  من ريفوليوشن","5057566077118",""
4828,1,"Revolution Shimmer Bomb Lip Gloss - Starlight 4.5ml","5057566434782",""
4828,2,"ملمع شفاه  لمعة شيمر بومب - ستار لايت من ريفلوشن 4.5مل","5057566434782",""
4829,1,"Krem Kap Face and Body Scrub and Whitening Cream with Apricot Extract - 500g","6291105773331",""
4829,2,"كريم كاب سنفرة ومبيض للوجه والجسم بخلاصة المشمش 500 جم","6291105773331",""
4830,1,"Advanced White Mouthwash - 250 ml","3574661629353",""
4830,2,"غسول فم  ادفانسد وايت- 250 مل","3574661629353",""
4831,1,"Nivea Natural Fairness Face Wash - 100 ml","4005808836178",""
4831,2,"غسول الوجه للتفتيح الطبيعي من نيفيا - 100 مل","4005808836178",""
4832,1,"Cetaphil Gentle Skin Cleanser for Oily and Combination Skin - 236ml","5020465200970",""
4832,2,"غسول منظف لطيف لبشرة الوجه الدهنية والمختلطه من سيتافيل 236مل :","5020465200970",""
4833,1,"Revolution Eyebrow Gel Medium Brown 6ml","5057566174688",""
4833,2,"جل حواجب ميديم براون من ريفلوشن 6مل","5057566174688",""
4834,1,"Revolution Relove Kohl Eyeliner - Nude","5057566501361",""
4834,2,"كحل ومحدد عيون (نود) من ريفولوشن ريلوف","5057566501361",""
4835,1,"Revolution Relove Kohl Eyeliner (White)","5057566501354",""
4835,2,"كحل ومحدد عيون(ابيض) من ريفولوشن ريلوف","5057566501354",""
4836,1,"Revolution Waterproof Mascara, Black","5057566076647",""
4836,2,"ماسكارا ضد الماء، أسود من ريفلوشن","5057566076647",""
4837,1,"Revolution Kohl Eyeliner Pencil - White","5057566187930",""
4837,2,"قلم تحديد العين كحل من ريفلوشن - ابيض","5057566187930",""
4838,1,"Revolution Kohl Eyeliner Pencil - Nude","5057566187923",""
4838,2,"قلم تحديد العين كحل من ريفلوشن - نود","5057566187923",""
4839,1,"Revolution Eyeliner Kohl Pencil - Metallic Brown","5057566187916",""
4840,1,"Revolution Satin Kiss Lip Liner - Vampire","5057566180184",""
4840,2,"محدد شفاه ساتان كيس  (فامباير)من ريفولوشن","5057566180184",""
4841,1,"Revolution Satin Kiss Lipliner (Peach)","5057566180122",""
4841,2,"محدد شفاه ساتان كيس  (خوخي)من ريفولوشن","5057566180122",""
4842,1,"Revolution Satin Kiss Lip Liner (Pink)","5057566180146",""
4842,2,"محدد شفاه ساتان كيس  (زهري)من ريفولوشن","5057566180146",""
4843,1,"Revolution Satin Kiss Lip Liner (Brown)","5057566180115",""
4843,2,"محدد شفاه ساتان كيس  (لون بني)من ريفولوشن","5057566180115",""
4844,1,"Revolution Satin Kiss Lipliner - Chauffeur (Light Pink)","5057566180139",""
4844,2,"محدد شفاه ساتان كيس  (زهري فاتح)من ريفولوشن","5057566180139",""
4845,1,"Zinty White Eyelash Glue - 5g","6941248500157",""
4845,2,"غراء رموش ابيض من  زينتي 5جم","6941248500157",""
4846,1,"Pink Nail Glue - Gellys","8808335614235",""
4846,2,"غراء اظافر وردي - جيليز","8808335614235",""
4848,1,"Taharah Intimate Wash with Musk Scent and Aloe Vera Extract - 200ml","6287001780764",""
4848,2,"غسول الطهارة  برائحة المسك مع خلاصة الصبار للمناطق الحساسة 200مل","6287001780764",""
4849,1,"Vaseline Healthy Even Tone Hand Cream 75ml","6281006551152",""
4849,2,"كريم اليدين ايفين تون  اللون الموحد من فازلين 75 مل","6281006551152",""
4850,1,"Vaseline Essential Care Hand Cream - 75 ml","6281006551107",""
4850,2,"كريم اليدين العناية الاساسية من فازلين 75 مل","6281006551107",""
4851,1,"Vaseline Cocoa Butter Hand Cream 75ml","6281006551138",""
4851,2,"كريم اليدين بالكاكاو من فازلين 75 مل","6281006551138",""
4852,1,"Nivea Soft Cream for Face, Body, and Hands - 200 ml","4005900008442",""
4852,2,"كريم سوفت للوجه والجسم واليدين من نيفيا 200 مل","4005900008442",""
4853,1,"Labello Lip Care Balm with Cocoa Butter - 4.8g","4005900764911",""
4853,2,"بلسم العناية بالشفاه بزبدة الكاكو من لابيلو - 4,8جم","4005900764911",""
4854,1,"Labello Aloe Vera Lip Scrub - 4.8g","4005900853493",""
4854,2,"مقشر الشفاة بالصبار من لابيلو - 4,8جم","4005900853493",""
4855,1,"Kamill Classic Skin Cream - 250 ml","4000196920324",""
4855,2,"كريم للجسم من كاميل مضاد للالتهابات ومرطب ومنعش، مناسب للبشرة العادية، 250 مل","4000196920324",""
4857,1,"Casanova Liquid Gold Argan Hair Oil - 300 ml","6281056500759",""
4857,2,"زيت شعر الذهب السائل ارغان من كازانوفا - 300 مل","6281056500759",""
4859,1,"Sebamed Repair Shampoo - 200ml","4103040130228",""
4859,2,"شامبو لإصلاح الشعر من سيباميد  200مل","4103040130228",""
4860,1,"Lifebuoy Total 10 Liquid Hand Wash - 500ml","6281006484146",""
4860,2,"صابون سائل  لليدين العناية المتكاملة 10 من لايفبوي 500 مل","6281006484146",""
4861,1,"Red Cherry Lashes WSP#","019474007262",""
4861,2,"رموش ريد تشيري WSP #","019474007262",""
4862,1,"Essence I Love Punk Jumbo Eyeliner Pencil 2.5g","4250587735680",""
4862,2,"قلم تحديد العين  اي لوف بانك جامبو من ايسنس 2.5جم","4250587735680",""
4863,1,"Essence Lash & Brow Gel Mascara - Transparent 4ml","4059729350121",""
4863,2,"مسكرة شفافة للحواجب والرموش لمنتيشن ستايل  من ايسنس 4مل","4059729350121",""
4864,1,"Eau de Toilette Passion for women by Revolution","5057566547208",""
4864,2,"او دي تواليت باشن للنساء من ريفوليوشن","5057566547208",""
4865,1,"Revolutionary Eau de Toilette by Revolution - 100ml","5057566547178",""
4865,2,"او دي تواليت ريفوليوشنري من ريفوليوشن 100مل","5057566547178",""
4866,1,"Goddess Eau de Toilette by Revolution 100ml","5057566547246",""
4866,2,"عطر جوديس او دي تواليت من ريفوليوشن100مل","5057566547246",""
4867,1,"Revolution Floral Seduction Eau De Toilette - 100ml","5057566647694",""
4867,2,"عطر فلورال سيداكشن او دي تواليت من ريفوليوشن100مل","5057566647694",""
4868,1,"Man Limitless Noir perfume for men Eau de Toilette by Revolution 100ml","5057566695183",""
4868,2,"عطر مان ليمتلس نوير للرجال او دي تواليت من ريفوليوشن100مل","5057566695183",""
4869,1,"Carbon Souls perfume for men, Eau de Toilette from Revolution, 100 ml","5057566695152",""
4869,2,"عطر كاربون بيولز للرجال او دي تواليت من ريفوليوشن100مل","5057566695152",""
4870,1,"Man Intense perfume for men Eau de Toilette by Revolution 100ml","5057566695190",""
4870,2,"عطر مان انتينس للرجال او دي تواليت من ريفوليوشن100مل","5057566695190",""
4871,1,"Revolution Resurrection Eau de Toilette for Men - 100ml","5057566695206",""
4871,2,"عطر ريسوريكشن للرجال او دي تواليت من ريفوليوشن100مل","5057566695206",""
4872,1,"Pure Beauty Div Silky Whitening Deodorant - 60 ml","5285001270958",""
4872,2,"مزيل عرق المفتح ديف سيلكي من بيور بيوتي 60 مل","5285001270958",""
4873,1,"Pure Beauty Whitening Deodorant Fresh - 60ml","5285001270606",""
4873,2,"مزيل عرق المفتح فريش من بيور بيوتي 60 مل","5285001270606",""
4874,1,"Pure Beauty Whitening Deodorant Spring Blossom - 60ml","5285001270972",""
4874,2,"مزيل عرق المفتح سبرينغ بلوسوم من بيور بيوتي 60 مل","5285001270972",""
4875,1,"Pure Beauty Original Whitening Deodorant - 60 ml","5285001270613",""
4875,2,"مزيل عرق المفتح الاصلي من بيور بيوتي 60 مل","5285001270613",""
4876,1,"Pure Beauty Whitening Deodorant Berry Blossom for Unisex - 60 ml","5285001270965",""
4876,2,"مزيل عرق المفتح بيري بلوسوم للجنسين من بيور بيوتي 60 مل","5285001270965",""
4877,1,"Pure Beauty Whitening Deodorant - Light Scent - 60 ml","5285001270620",""
4877,2,"مزيل عرق المفتح عطر خفيف من بيور بيوتي 60 مل","5285001270620",""
4878,1,"Pure Beauty Sensitive Area Lightening Cream 50ml","5285001270842",""
4878,2,"كريم  تفتيح المنطقة الحساسة من بيور بيوتي 50 مل","5285001270842",""
4879,1,"La Roche-Posay Hyalu B5 Pure Hyaluronic Acid Face Serum with Vitamin B5, 30ml","3337875583626",""
4879,2,"سيروم  حمض الهيالورونك النقي للوجه  هيالو بي 5، مع فيتامين بي 5. من لاروش بوساي 30مل","3337875583626",""
4880,1,"Retinol Skin Lightening Cream 30ml","088634464146",""
4880,2,"كريم تفتيح البشرة من ريتينول 30مل","088634464146",""
4881,1,"Effaclar Anti-Shine Moisturizing Cream - New Formula for Oily Skin, by La Roche-Posay, 40 ml","3337872413025",""
4881,2,"كريم مرطب ايفاكلار لمنع لمعان البشرة  وتقليل المسام- تركيبة جديدة للبشرة الدهنية، من لا روش بوزاي، 40 مل","3337872413025",""
4882,1,"Vaseline Lip Therapy Cocoa Butter for Men, 20g","8718114642871",""
4882,2,"مرطب شفاه ثيرابي بزبدة الكاكو للرجال من فازلين 20 جم","8718114642871",""
4883,1,"Antalya Thailand Whitening and Brightening Cream for Underarms and Knees - 50 ml","8858854646071",""
4883,2,"كريم تبييض وتفتيح لمنطقة الابط- والركبة  من انتاليا تايلاند 50 مل","8858854646071",""
4884,1,"Moisturizing cream to moisturize and soften hands from Antalia Thailand 50 ml","8858854646088",""
4884,2,"كريم مرطب لترطيب وتنعيم اليدين  من انتاليا تايلاند 50 مل","8858854646088",""
4885,1,"Disaar natural collagen beauty soap 100 grams","6932511216868",""
4885,2,"صابون الجمال بالكولاجين الطبيعي من ديسار  100 جرام","6932511216868",""
4886,1,"A3 skin whitening soap with triple action, 100 g","8027881703600",""
4886,2,"صابون اى ثري  مبيض للبشرة بمفعول ثلاثي، 100 جم","8027881703600",""
4887,1,"Enamel Strengthening Toothpaste for Sensitive Teeth, 115 ml","5010724519783",""
4887,2,"معجون أسنان لتقوية مينا الأسنان المصابة بالتحسس، 115 مل","5010724519783",""
4888,1,"Arm & Hammer Charcoal White Toothpaste with Charcoal for Teeth Whitening, 115 ml","5010724532041",""
4888,2,"معجون أسنان تشاركول وايت معزز بالفحم لتبييض الاسنان، من ارم اند هامر  115 مل","5010724532041",""
4889,1,"Johnson's Glycerin Cream for Cracked Skin Moisturizing - 300ml","3574661727134",""
4889,2,"كريم  الجلسرين لترطيب البشرة المتشققة من جونسون 300مل","3574661727134",""
4890,1,"Labello Cherry Shine Lip Care Balm - 5.5ml","4005808368372",""
4890,2,"بلسم العناية بالشفاه شيري شاين من لابيلو - 5.5 مل","4005808368372",""
4891,1,"Labello Original Lip Care Balm - 5.5 ml","4005808366606",""
4891,2,"بلسم العناية بالشفاه اورجينال من لابيلو - 5.5 مل","4005808366606",""
4892,1,"Thayers Alcohol-Free Rose Petal Facial Toner 355ml","041507070035",""
4892,2,"تونر للوجه خالي من الكحول بتلات الورد من ثايرز 355 مل","041507070035",""
4893,1,"Palmer's skin lightening and whitening lotion and treatment of dark spots - 250 ml","010181077067",""
4893,2,"لوشن تفتيح وتبييض البشرة ومعالجة البقع الداكنه من بالمرز-250-مل","010181077067",""
4894,1,"Thayers Rose Petal Facial Mist Toner 89ml","041507070639",""
4894,2,"تونر بخاخ مست لترطيب  الوجه  بتلات الورد من ثايرز 89 مل","041507070639",""
4895,1,"Vaseline Even Tone Lotion for Radiant and Glowing Skin - 200ml","6281006606081",""
4895,2,"لوشن موحد البشرة لبشرة مشرقة ومتالقة من فازلين 200مل","6281006606081",""
4896,1,"Bourjois Healthy Mix Foundation - 53 Light Vanilla, 30ml","3616303397364",""
4896,2,"كريم اساس هيلثي ميكس  من بورجوا  فانيليا رقم 53 ، 30 مل","3616303397364",""
4897,1,"Argan Midas Hair Repair Oil - 100 ml","6971823049719",""
4897,2,"زيت ارغان ميداس لاصلاح الشعر - 100 مل","6971823049719",""
4898,1,"Al-Arayes Pure Water Wipes for Sensitive and Normal Skin - 30 Wipes","6287011273102",""
4898,2,"مناديل العرايس بالماء النقي للبشرة الحساسة والعادية 30منديل","6287011273102",""
4899,1,"St. Ives Soothing Oatmeal & Shea Butter Hand Cream 30ml","8801619048405",""
4899,2,"كريم اليدين بخلاصة الشوفان وزبدة الشيا من سانت ايفز 30مل","8801619048405",""
4900,1,"St. Ives Cocoa Butter & Vanilla Bean Hand Cream 30ml","8801619048429",""
4900,2,"كريم اليدين بخلاصة  زبدة الكاكاو وحبوب الفانيليا من سانت ايفز 30مل","8801619048429",""
4901,1,"St. Ives Vitamin E & Avocado Hand Cream 30ml","8801619048436",""
4901,2,"كريم اليدين بخلاصة فيتامين هـ والأفوكادو من سانت ايفز 30مل","8801619048436",""
4902,1,"St. Ives Hand Cream with Acai Extract and Chia Seed Oil - 30ml","8801619048399",""
4902,2,"كريم اليدين بخلاصة التوت وزيت بذور الشيا من سانت ايفز 30مل","8801619048399",""
4904,1,"Angel Paris Heat Protection Hair Spray with Argan Oil - 250ml","6932744923427",""
4904,2,"بخاخ لحماية الشعر من الحرارة بزيت الارجان من انجل باريس 250 مل","6932744923427",""
4905,1,"Albi Dream Lotion - For Body, Hand, and Sensitive Area Brightening","3760393330029",""
4905,2,"لوشن  ألبي - دريم لتفتيح الجسم واليدين والمناطق الحساسة","3760393330029",""
4906,1,"African Black Soap Paste 225g","6287018660219",""
4906,2,"معجون الصابون الاسود الافريقي  225 جم","6287018660219",""
4907,1,"Shea Moisture Leave-In Strengthening and Repairing Conditioner with Jamaican Black Castor Oil - 340 ml","8886467002564",""
4907,2,"بلسم ليف ان مقوي ومرمم الشعر بزيت الخروع الجامايكي الاسود من شيا مويستشر - 340مل","8886467002564",""
4908,1,"Shea Moisture Coconut & Hibiscus Curl Enhancing Smoothie - 340ml","8886467002236",""
4908,2,"كريم للشعر المجعد بجوز الهند والكركديه من شيا مويستشر - 340مل","8886467002236",""
4909,1,"Vaseline Even Tone Body Lotion - Reduces Dark Spots - 200ml","6281006606104",""
4909,2,"لوشن موحد البشرة  يقلل من البقع الداكنة من فازلين 200مل","6281006606104",""
4910,1,"Enjoy Precision Razor Set - 3 Pieces","6852306259453",""
4910,2,"طقم شفرات انجوي للتحديد 3 قطع","6852306259453",""
4911,1,"NIVEA Seaweed Face Wash for Combination Skin - 150ml","4005808669646",""
4911,2,"غسول للوجه  بالطحالب البحرية للبشرة المختلطة من نيفيا - 150مل","4005808669646",""
4912,1,"Dove Intensive Body Cream, 150 ml","6281006409569",""
4912,2,"كريم الجسم المركز من دوف، 150 مل","6281006409569",""
4913,1,"O'Keeffe's Deep Hydration Lip Balm - 4.2g","722510071010",""
4913,2,"بلسم الترطيب العميق  للشفاه من اوكيفس - 4.2 جم","722510071010",""
4914,1,"O'Keeffe's Unscented Lip Repair Balm - 4.2g","722510070013",""
4914,2,"بلسم الترطيب للشفاه  بدون عطرمن اوكيفس - 4.2 جم","722510070013",""
4915,1,"Mielle Hair Care Set (Oil + Shampoo + Conditioner + Gel + Mask + Cream)","11111",""
4915,2,"مجموعة ميلي للعناية بالشعر (زيت +شامبو+بلسم+جل+ماسك+كريم)","11111",""
4916,1,"Giovanni Hair Care Set (Cream + Shampoo + Conditioner + Gel + Serum)","22222",""
4916,2,"مجموعة جيوفاني للعناية بالشعر (كريم+شامبو+بلسم+جل+سيروم)","22222",""
4917,1,"Giovanni Ultra Luxury Smoothing Serum 81 ml","716237185068",""
4917,2,"سيروم تنعيم الشعر الفائق الفاخر من جيوفاني 81 مل","716237185068",""
4918,1,"Giovanni 2 Chic Ultra Luxurious Cherry Blossom &amp; Rose Petal Shampoo - 250ml","716237185006",""
4918,2,"الشامبو الفاخر 2 تشيك الترا لوكجوريوس بزهور الكرز وبتلات الورد من جيوفاني - 250مل","716237185006",""
4919,1,"Giovanni 2chic Frizz Be Gone Luxury Shampoo with Shea Butter and Sweet Almond Oil - 250ml","716237185570",""
4919,2,"الشامبو الفاخر 2 تشيك فريز بي جن  بزبدة الشيا وزيت اللوز الحلو من جيوفاني - 250مل","716237185570",""
4920,1,"Giovanni 2chic Ultra-Sleek Luxury Shampoo with Brazilian Keratin and Moroccan Argan Oil - 250ml","716237183590",""
4920,2,"الشامبو الفاخر 2 تشيك الترا سليك  بالكيراتين البرازيلي و الارغان المغربيمن جيوفاني - 250مل","716237183590",""
4921,1,"Giovanni 2 Chic Ultra Moist Luxury Conditioner for Dry Hair with Avocado and Olive Oil - 250ml","716237184016",""
4921,2,"البلسم الفاخر 2 تشيك الترا مويست للشعر الجاف بالافكادو وزيت الزيتون من جيوفاني - 250مل","716237184016",""
4922,1,"Giovanni 2chic Ultra-Repair Shampoo with Blackberry & Coconut Milk for Damaged Hair - 250ml","716237184801",""
4922,2,"الشامبو الفاخر 2 تشيك لأصلاح الشعر التالف بالتوت الاسود وحليب جوز الهند  من جيوفاني - 250مل","716237184801",""
4923,1,"Giovanni 2chic Ultra-Luxurious Conditioner with Cherry Blossom & Rose Petals - 250ml","716237185013",""
4923,2,"البلسم الفاخر 2 تشيك الترا لوكجوريوس بزهور الكرز وبتلات الورد من جيوفاني - 250مل","716237185013",""
4924,1,"Giovanni 2 Check Luxury Damage Repair Conditioner with Berries and Coconut Milk - 250ml","716237184818",""
4924,2,"البلسم الفاخر 2 تشيك لإصلاح الشعر التالف بالتوت وحليب جوز الهند  من جيوفاني - 250مل","716237184818",""
4926,1,"Giovanni 2chic Ultra-Repair Hair Mask with Blackberry & Coconut Milk for Damaged Hair - 150ml","716237184825",""
4926,2,"قناع الشعر الفاخر 2 تشيك لإصلاح الشعر التالف بالتوت وحليب جوز الهند  من جيوفاني - 150مل","716237184825",""
4927,1,"Giovanni 2chic Frizz Be Gone Luxury Hair Mask with Shea Butter and Sweet Almond Oil - 150ml","716237185594",""
4927,2,"قناع الشعر الفاخر 2 فريز بي جن بزبدة الشياء وزيت اللوز الحلو من جيوفاني - 150مل","716237185594",""
4928,1,"Giovanni 2 Chic Ultra Sleek Luxury Conditioner with Brazilian Keratin and Moroccan Argan - 250 ml","716237183606",""
4928,2,"البلسم  الفاخر 2 تشيك الترا سليك  بالكيراتين البرازيلي و الارغان المغربيمن جيوفاني - 250مل","716237183606",""
4929,1,"Giovanni Blackberry and Coconut Hair Repair Serum 81 ml","716237184856",""
4929,2,"سيروم لأصلاح الشعر بالتوت الاسود وجوز الهند من جيوفاني 81 مل","716237184856",""
4930,1,"Giovanni Ultra-Revive Serum for Curly Hair - 81 ml","716237185419",""
4930,2,"سيروم الترا ريفايف للشعر المجعد من جيوفاني 81 مل","716237185419",""
4931,1,"Giovanni 2chic Frizz Be Gone Anti-Frizz Hair Smoothing & Polishing Serum - 81ml","716237185624",""
4931,2,"سيروم2 تشيك فريز بي جون ضد التجعد لتنعيم الشعر وتلميعه من جيوفاني - 81مل","716237185624",""
4932,1,"Giovanni 2chic Ultra-Moist Super Potion Hair Serum with Avocado & Olive Oil - 81ml","716237184030",""
4932,2,"سيروم2 تشيك الترا مويست بالأفكادو وزيت الزيتون من جيوفاني - 81مل","716237184030",""
4933,1,"Giovanni Leave-In Protective & Moisturizing Hair Spray - 150 ml","716237090089",""
4933,2,"بخاخ ليف ان لحماية الشعر وترطيبة ومعالجته من جيوفاني - 150 مل","716237090089",""
4934,1,"Giovanni 2chic Ultra-Moist Dual Action Protective Leave-In Spray with Avocado & Olive Oil - 118 ml","716237184061",""
4934,2,"رذاذ 2 تشيك الترا مويست للترطيب الفائق للشعر بالأفكادو وزيت الزيتون من جيوفاني 118 مل","716237184061",""
4935,1,"Giovanni 2chic Ultra-Sleek Leave-In Conditioning & Styling Elixir with Brazilian Keratin and Argan Oil for All Hair Types - 118 ml","716237183668",""
4935,2,"رذاذ 2 تشيك الترا سليك بالكيراتين البرازيلي والارجان لجميع انواع الشعر من جيوفاني 118 مل","716237183668",""
4936,1,"Giovanni 2 Check Frizz Bee Conditioner with Shea Butter and Sweet Almond Oil - 118 ml","716237185600",""
4936,2,"بلسم  2 تشيك فريز بي  بزبدة الشيا و زيت اللوز الحلو من جيوفاني - 118 مل","716237185600",""
4937,1,"Giovanni 2 Check Ultra Sleek Conditioner for all hair types - 118 ml","716237183613",""
4937,2,"بلسم  2 تشيك الترا سليك لجميع انواع الشعر من جيوفاني - 118 مل","716237183613",""
4938,1,"Giovanni Hair Mousse Turbo-Charged Hair Styling and Moisturizing - 207 ml","716237120083",""
4938,2,"رغوة ه آير تربو تشارجد تصفيف الشعر وترطيب من جيوفاني - 207 مل","716237120083",""
4939,1,"Giovanni 2 Chic Ultra Volume Hair Density Mousse - 207 ml","716237184504",""
4939,2,"موس 2 شيك الترا فوليم  لزيادة كثافة الشعرمن جيوفاني - 207 مل","716237184504",""
4940,1,"Giovanni 2chic Ultra-Moist Hair Mask for Dry & Damaged Hair with Avocado and Olive Oil - 147ml","716237184023",""
4940,2,"قناع شعر 2 تشيك الترا مويست للشعر الجاف والتالف بالأفوكادو وزيت الزيتون  من جيوفاني 147مل","716237184023",""
4941,1,"Giovanni Smooth As Silk Extreme Hair Protein for Dry and Damaged Hair - 150 ml","716237182289",""
4941,2,"بروتين الشعر سموث آز سيلك إكستريم للشعر الجاف والتالف من جيوفاني - 150مل","716237182289",""
4942,1,"Giovanni Straight Fast Hair Straightener Elixir - 200 ml","716237180261",""
4942,2,"الكسير فرد الشعر ستريت فاست من جيوفاني - 200مل","716237180261",""
4943,1,"Chinese herbal shampoo for all hair types from Giovanni - 250 ml","716237182876",""
4943,2,"شامبو بالأعشاب الصينية لجميع انواع الشعر من جيوفاني - 250مل","716237182876",""
4944,1,"Giovanni Chic Ultra Lucarious Shampoo with Cherry Blossom Extract and Rose Petals - 710ml","716237185143",""
4944,2,"شامبو2 تشيك الترا لوكاريوس بمستخلص زهور الكرز وبتلات الورد من جيوفاني - 710مل","716237185143",""
4945,1,"Sebamed Olive Cleansing Bar for Dry and Sensitive Skin","4103040921536",""
4945,2,"صابون التنظيف بزيت الزيتون  للبشرة الجافة والحساسة من سيباميد","4103040921536",""
4946,1,"Yadah Be My Lip Tint Set - 4 Different Shades","8809340385905",""
4946,2,"مجموعة بي ماي تنت شفاه  4 درجات مختلفة من ياده","8809340385905",""
4947,1,"Cetaphil Moisturizing Cream for Very Dry and Sensitive Skin - 450g","3499320014137",""
4947,2,"كريم سيتافيل المرطب للبشرة شديدة الجفاف والحساسة450جم","3499320014137",""
4948,1,"Some By Mi AHA BHA PHA 30 Days Miracle Serum for Acne-Prone Skin Care & Hydration - 50ml","8809525242764",""
4948,2,"سيروم ( AHA BHA PHA)للعناية وترطيب البشرة المعرضة لحب الشباب من سوم باي مي - 50مل","8809525242764",""
4949,1,"Sensodyne toothbrush with cap","3094901410003",""
4949,2,"فرشاة أسنان سنسوداين مع غطاء","3094901410003",""
4950,1,"QV Moisturizing Lotion 500gm","9314839016202",""
4950,2,"لوشن مرطب للبشرة من كيو في 500 جم","9314839016202",""
4951,1,"Johnson's Body Wash with Berry Extract - 250 ml","3574661093680",""
4951,2,"سائل للإستحمام مع خلاصة التوت من جونسون  250 مل","3574661093680",""
4952,1,"Giovanni Smoothing Castor Oil Conditioner for all hair types, 340 ml","716237187871",""
4952,2,"بلسم زيت الخروع المنعم  لجميع انواع الشعر من جيوفاني 340 مل","716237187871",""
4953,1,"Giovanni Smoothing Castor Oil Conditioner for all hair types, 340 ml","716237184313",""
4953,2,"شامبو بالافوكادو وزيت الزيتون من جيوفاني710 مل","716237184313",""
4954,1,"Rolana Organic Yellow Shea Butter - 250 ml","6287001766614",""
4954,2,"زبدة الشيا الصفراء العضوية من رولانا 250 مل","6287001766614",""
4956,1,"Rolana Organic Yellow Shea Butter 100 ml","6287001766607",""
4956,2,"زبدة الشيا الصفراء العضوية من رولانا 100 مل","6287001766607",""
4957,1,"Rolana Organic White Shea Butter 100ml","6287001766591",""
4957,2,"زبدة الشيا البيضاء العضوية من رولانا 100 مل","6287001766591",""
4958,1,"Listerine Cool Mint Mouthwash 250ml","3574661177120",""
4958,2,"غسول الفم كول منت من ليسترين 250مل","3574661177120",""
4959,1,"Garnier Vitamin C Rapid Lightening Night Cream 50ml","3610340640544",""
4959,2,"كريم الليل بفيتامين سي للتفتيح السريع من جارنية 50مل","3610340640544",""
4960,1,"Goat Milk Sugar Scrub - 500g","6287035852482",""
4960,2,"مقشر السكر بخلاصة حليب الماعز  500جم","6287035852482",""
4961,1,"Cute Sugar Scrub with Aker Fassi Extract and Argan Oil - 500g","6287035850297",""
4961,2,"مقشر السكر بخلاصة العكر الفاسي وزيت الارجان من كيوت 500جم","6287035850297",""
4962,1,"Garnier Micellar Water to remove makeup for sensitive skin - 400ml","3600541729711",""
4962,2,"مزيل مكياج  للبشرة الحساسة من غارنيية 400 مل","3600541729711",""
4963,1,"Lotte Xylitol Strawberry & Mint Chewing Gum 29g","8852008000955",""
4963,2,"علكة لوت زليتول ببنكهة الفرولة والنعناع 29 جم","8852008000955",""
4964,1,"NOW Solutions Natural Coconut Oil - 207 ml","733739147882",""
4964,2,"زيت جوز الهند الطبيعي من ناو 207 مل","733739147882",""
4965,1,"Mandi Care Sidr Extract Shower Gel - 500 ml","6287020821578",""
4965,2,"جل استحمام بخلاصةالسدر  ماندي كير - 500 مل","6287020821578",""
4966,1,"Mandy Care Sidr Shampoo for all hair types - 400 ml","6287020821387",""
4966,2,"ماندي كير شامبو السدر  لجميع أنواع الشعر - 400 مل","6287020821387",""
4967,1,"Mandi Care Tar Shampoo for All Hair Types - 400 ml","6287020821431",""
4967,2,"ماندي كير شامبو القطران لجميع أنواع الشعر - 400 مل","6287020821431",""
4968,1,"Mandy Care Lavender Shampoo for All Hair Types - 400 ml","6287020821561",""
4968,2,"ماندي كير شامبو اللافندر لجميع أنواع الشعر - 400 مل","6287020821561",""
4969,1,"Mandi Care Rose Water for Healthy Skin - 250 ml","6287020821318",""
4969,2,"ماء الورد لبشرة صحية  من ماندي كير - 250 مل","6287020821318",""
4970,1,"Mandy Care Rosemary Extract - 50 ml","6287020821950",""
4970,2,"خلاصة إكليل الجبل من ماندي كير - 50 مل","6287020821950",""
4971,1,"Cosmetics Solution Body Lotion with Licorice Root and Papaya Extract - 500 ml","6921199125937",""
4971,2,"لوشن الجسم بخلاصة جذور العرقسوس والبابايا  من كوزمتكس سولوشن -500 مل","6921199125937",""
4972,1,"Mielle Organics Rosemary Mint Strengthening Edge Gel - 57g","854102006756",""
4972,2,"جل الشعر بإكليل الجبل والنعناع من ميلي اورجانيكس - 57 جم","854102006756",""
4973,1,"Parachute Extra Virgin Coconut Oil - 200 ml","8901088150620",""
4973,2,"زيت جوز الهند البكر الممتاز من باراشوت - 200 مل","8901088150620",""
4974,1,"QV Moisturizing Cream - 125g","9314839018848",""
4974,2,"كريم ترطيب البشره من كيوفي - 125جم","9314839018848",""
4975,1,"Emami 7 Oils in One Hair Oil with Black Seed for Premature Greying - 200ml","8901248451222",""
4975,2,"زيت شعر للشيب المبكر  مكونه من7 زيوت بحبة البركة من ايمامي 200 مل","8901248451222",""
4976,1,"Akino Skin Whitening Cream 50g","5019091500813",""
4976,2,"كريم تفتيح  البشرة اكينو 50 جم","5019091500813",""
4977,1,"Valerian Razors for Face and Body Hair Removal - 3 Pieces","6959794503454",""
4977,2,"امواسValerian لإزالة شعر الوجه والجسم 3 قطعة","6959794503454",""
4978,1,"Pinch Deli Scent Beach Bum Fragrance 125ml","4800417064840",""
4978,2,"بينش دلي سينت عطر بيتش بوم 125 مل","4800417064840",""
4979,1,"Carmex Classic Medicated Lip Balm - 10g","083078113131",""
4979,2,"مرطب شفاه كلاسيكي طبي من كارميكس - 10جم","083078113131",""
4981,1,"Kaab El Hawanem Cream with Aker Fassi - 170g","6287035850747",""
4981,2,"كريم كعب الهوانم بالعكر الفاسي 170جم","6287035850747",""
4982,1,"Beautin Titi Aker Fassi Body and Face Scrub - 300g","6287035851713",""
4982,2,"صنفرة  بالعكر الفاسي للجسم والبشرة من بيوتن تيتي 300جم","6287035851713",""
4983,1,"Beautin Titi Blue Nila Scrub for Body and Skin - 300g","6287035851645",""
4983,2,"صنفرة  بالنيلة الزرقاء للجسم والبشرة من بيوتن تيتي 300جم","6287035851645",""
4984,1,"Beautin Titi Licorice Body and Face Scrub - 300g","6287035851706",""
4984,2,"صنفرة  بعرق السوس للجسم والبشرة من بيوتن تيتي 300جم","6287035851706",""
4985,1,"Johnson's Anti-Bacterial Sea Salt Body Wash - 400ml","3574661465883",""
4985,2,"سائل للإستحمام مضاد للبكتيريا بملح البحر من جونسون  400 مل","3574661465883",""
4986,1,"Johnson's Vita-Rich Body Wash with Yogurt, Honey, and Oats - 250ml","3574661385631",""
4986,2,"سائل للإستحمام  فيتا ريتش مع خلاصة اللبن والعسل والشوفان من جونسون - 250مل","3574661385631",""
4987,1,"Sunsilk Soft & Smooth Hair Cream 275ml","6281006547353",""
4987,2,"كريم  لشعر ناعم وسلس من صنسيلك  275مل","6281006547353",""
4988,1,"Eucerin Hyaluron-Filler Anti-Age & Anti-Pigment Hand Cream, 75ml","4005800287510",""
4988,2,"كريم  يدين هيالورون فيلر مضاد للبقع وعلامات تقدم السن من يوسيرين 75 مل،","4005800287510",""
4989,1,"Povisional Korean Body Scrub Mitt","3667890045954",""
4989,2,"ليفة جسم كورية بوفيشنال","3667890045954",""
4990,1,"Cetaphil Gentle Cleansing Bar for Normal to Dry and Sensitive Skin - 127g","302993923275",""
4990,2,"صابونة لتنظيف البشرة العادية الى الجافة الى الحساسة  من سيتافيل 127 جم","302993923275",""
4991,1,"Revolution Color Play Empower Eyeshadow Palette - Multicolor","5057566479936",""
4991,2,"مجموعة ظلال العيون كولور بلاي امباور متعدد الالوان  من ريفلوشن","5057566479936",""
4992,1,"Olay Skin Care Set Consists of Cleansing Facial Wash 100ml + Brightening Day Cream SPF 24 50g + Brightening Night Cream 50g","4084500611795",""
4992,2,"مجموعة اولاي للعناية بالبشرة مكونة من غسول تنظيف الوجه 100مل + كريم النهار لتفتيح البشرة بدرجة حماية SPF 24 سعة 50 جم + كريم الليل لتفتيح البشرة سعة 50جم","4084500611795",""
4993,1,"Emami 7 Oils in One Hair Oil with Shea Butter for Dry and Weak Hair - 200 ml","8901248451185",""
4993,2,"زيت  للشعر الجاف والضعيف مكونه من7 زيوت بزبدة الشيا من ايمامي 200 مل","8901248451185",""
4994,1,"Emami 7-Oil Damage Control Hair Oil, 200 ml","8901248257374",""
4994,2,"زيت شعرللتحكم في التلف  مكونه من7 زيوت من ايمامي 200 مل","8901248257374",""
4995,1,"Prodigy hair dye, black (1.0), from L'Oreal Paris","3600522599388",""
4995,2,"صبغة شعر بروديجي  لون اسود ( 1.0)، من لوريال باريس","3600522599388",""
4996,1,"L'Oréal Paris Prodigy Hair Color - Light Golden Brown (5.30)","3600522599302",""
4996,2,"صبغة شعر بروديجي  لون بني ذهبي  فاتح ( 5.30)، من لوريال باريس","3600522599302",""
4997,1,"VapoRub Wipes with Black Seed - 10 Wipes","6286567002310",""
4997,2,"مناديل فابوراب بالحبة السوداء -10 منديل","6286567002310",""
4998,1,"Jola Anti-Dandruff Shampoo 500ml","6291107912448",""
4998,2,"شامبو جولا مضاد للقشرة 500مل","6291107912448",""
4999,1,"Licid Anti-Lice Shampoo for Treatment of Lice and Nits - 200 ml","6286567002365",""
4999,2,"شامبو ليسيد المضاد للقمل يستخدم لعلاج القمل وبيضه - 200 مل","6286567002365",""
5000,1,"G-Max Peach Scented Nail Polish Remover Wipes - 20 Wipes","6286567000088",""
5000,2,"مناديل مزيل لطلاء الأظافر بنكهة الخوخ من جي ماكس 20 منديل","6286567000088",""
5001,1,"G-Max Strawberry Scented Nail Polish Remover Wipes - 20 Wipes","6286567000095",""
5001,2,"مناديل مزيل لطلاء الأظافر بنكهة الفرولة من جي ماكس 20 منديل","6286567000095",""
5002,1,"Glesso Lady Lotion for Dry, Sensitive and Oily Skin with Aloe Vera 500g","6286567002259",""
5002,2,"لوشن جليسوو ليدي  للبشرة الجافةوالحساسة  والدهنية   بالصبار  500جم","6286567002259",""
5003,1,"G-Max Lemon Scented Nail Polish Remover Wipes - 20 Wipes","6286567000071",""
5003,2,"مناديل مزيل لطلاء الأظافر بنكهة الليمون من جي ماكس 20 منديل","6286567000071",""
5004,1,"White Musk Intimate Care Wash 240ml","6286567005809",""
5004,2,"غسول المسك الابيض للعناية الصحية بالمنطقة الحساسة 240مل","6286567005809",""
5005,1,"Sacovée Lotion for Normal to Dry Skin - Face & Body - 250g","6286567005335",""
5005,2,"لوشن ساكوفي  للبشرة العادية والجافة للوجه والجسم   250جم","6286567005335",""
5006,1,"ChloroCare Mouthwash for Adults and Children 12+ Years - 300ml","6287024280838",""
5006,2,"غسول الفم كلوروكير للبالغين والاطفال عمر 12 فما فوق 300مل","6287024280838",""
5008,1,"Garnier Makeup Remover for All Skin Types - 100ml","3600542109796",""
5008,2,"مزيل مكياج لجميع انواع البشرة من غارنييه - 100مل","3600542109796",""
5009,1,"QV Moisturizing Cream - 1kg","9314839018374",""
5009,2,"كريم ترطيب البشره من كيوفي - 1كيلو","9314839018374",""
5010,1,"Pepsodent Cavity Protection Toothpaste with Brush 150g","8901030023804",""
5010,2,"معجون اسنان بيبسودينت حماية من التسوس مع فرشاة 150 جم","8901030023804",""
5011,1,"Medline 3-Ply Medical Face Mask (50 Pieces)","6287016610001",""
5011,2,"كمامة طبية ثلاث طبقات من مدلاين (50 حبة)","6287016610001",""
5012,1,"Enchanteur Charming Perfumed Talc - 125g","6291107194196",""
5012,2,"بودرة معطرة  شارمنج من انشانتير 125جم","6291107194196",""
5013,1,"Enchanteur Alluring Perfumed Talc - 250g","8888202026422",""
5013,2,"بودرة معطرة  اللورنج  من انشانتير 250جم","8888202026422",""
5015,1,"Vaseline Body Lotion with Oat Extracts - 400ml","6281006506374",""
5015,2,"لوشن جسم بمستخلصات الشوفان من فازلين 400مل","6281006506374",""
5016,1,"Vaseline Intensive Care Soothing Hydration Body Lotion with Aloe Vera - 400ml","6281006506497",""
5016,2,"لوشن الجسم للعناية المركزة بالصبار الملطف من فازلين - 400مل","6281006506497",""
5017,1,"Vaseline Essential Care Body Lotion for Dry and Very Dry Skin - 725 ml","6281006506398",""
5017,2,"لوشن الجسم العناية الأساسية للبشرة الجافة والجافة جدا  من فازلين - 725 مل","6281006506398",""
5018,1,"Vaseline Cocoa Radiant Body Lotion 725ml","8901030667398",""
5018,2,"لوشن جسم بالكاكاو من فازلين 725مل","8901030667398",""
5019,1,"Vaseline Body Lotion To Even Skin Tone Pink 725ml","6281006539730",""
5019,2,"لوشن فازلين للجسم لتوحيد لون البشرة وردي 725مل","6281006539730",""
5020,1,"Vaseline Original Healing Jelly, 450 ml","6281006408869",""
5020,2,"جيلي العناية العادي من فازلين، 450 مل","6281006408869",""
5021,1,"St. Ives Oatmeal Mask & Scrub - 170g","077043355862",""
5021,2,"قناع ومقشر الشوفان من سانت ايفز - 170جم","077043355862",""
5022,1,"De La Cruz Vitamin E Cream - 12g","024286180423",""
5022,2,"كريم فيتامين هـ من دي لا كروز - 12جم للحد من تجاعيد البشررة","024286180423",""
5023,1,"Vaseline Essential Care Lotion 200ml","6281006506367",""
5023,2,"لوشن العناية الاساسية من فازلين 200مل","6281006506367",""
5024,1,"Garnier Waterproof Make-up Remover - 400 ml","3600541897694",""
5024,2,"مزيل المكياج المقاوم للماء غني بالزيت من غارنييه - 400مل","3600541897694",""
5025,1,"Differin Cream for Acne Treatment and Skin Tone Evening - 30g","03499320010832",""
5025,2,"كريم ديفرين لعلاج حب الشباب وتوحيد لون البشرة - 30جم","03499320010832",""
5026,1,"Natural Factors apple cider vinegar pills - 500 mg - 360 capsules","068958020549",""
5026,2,"حبوب خل التفاح من ناتشورال فاكتورز - 500 ملغم -360 كبسولة","068958020549",""
5027,1,"A-Derma Purifying Foaming Gel for Acne-Prone Skin, 400ml","3282770037029",""
5027,2,"جل رغوي منقي للبشرة  المعرضة لحب الشباب من أديرما، 400 مل","3282770037029",""
5028,1,"Nunu Baby Powder 200g","6281053210316",""
5028,2,"بودرة للاطفال من نونو 200 جم","6281053210316",""
5029,1,"Cofix Medical Petroleum Jelly 500ml","792625755235",""
5029,2,"جلي البشرة الطبي من كوفيكس 500مل","792625755235",""
5030,1,"Shifa Raspberry Scrub 300ml","8858854618818",""
5030,2,"شفا صنفرة بالتوت 300 مل","8858854618818",""
5031,1,"Pantene Anti-Dandruff Shampoo 190ml","8001841591070",""
5031,2,"شامبو بانتين ضد القشرة 190 مل","8001841591070",""
5032,1,"Pantene Sheer Volume Shampoo 190ml","8001841591018",""
5032,2,"شامبو بانتين اكثر كثافة 190 مل","8001841591018",""
5033,1,"NOW Solutions Rosehip Seed Oil - 30ml","733739149831",""
5033,2,"زيت بذور ثمر الورد من ناو 30مل","733739149831",""
5034,1,"NOW Ginger Oil - 30 ml","733739148148",""
5034,2,"زيت الزنجبيل من ناو 30 مل","733739148148",""
5035,1,"Intimate Care Set: Wash + Mask + Soap","33333",""
5035,2,"مجموعة العناية بالمنطقة الحساسة تتكون من غسول +قناع +صابون","33333",""
5037,1,"Abaya Cleaning Wipes - 25 Wipes","6939442610215",""
5037,2,"مناديل منظفة للعباية 25 منديل","6939442610215",""
5057,1,"Vatika Hair Gel with Aloe Vera and Olive - 250ml","6291069708066",""
5057,2,"جل للشعر بالصبار والزيتون من فاتيكا 250 مل","6291069708066",""
5061,1,"M-Beauty Ultra-Comfort Long Foot Care Socks","8809273164806",""
5061,2,"جوارب طويلة للعناية بالقدم فائق الراحة من ام بيوتي","8809273164806",""
5075,1,"Guerlain Lipstick (N 235 - Brown) 3.5g","3346470431980",""
5075,2,"روج احمر شفاه(N 235 -لون بني) من جيرلان  3.5جم","3346470431980",""
5076,1,"Guerlain Lipstick (N 25 S - Red) 3.5g","3346470432000",""
5076,2,"روج احمر شفاه(N 25 S -لون احمر) من جيرلان  3.5جم","3346470432000",""
5077,1,"Rouge Lipstick (N 525 - Dark Pink) by Guerlain, 3.5 gm","3346470434691",""
5077,2,"روج احمر شفاه(N 525 -لون وردي داكن) من جيرلان  3.5جم","3346470434691",""
5081,1,"Guerlain Lipstick (N 699 - Blossom Pink) 3.5g","3346470431973",""
5081,2,"روج احمر شفاه(N 699 -لون الزهر) من جيرلان  3.5جم","3346470431973",""
5082,1,"Guerlain Lipstick (N 940 - Brown) 3.5g","3346470434806",""
5082,2,"روج احمر شفاه(N 940 -لون بني ) من جيرلان  3.5جم","3346470434806",""
5086,1,"American medical earring","100483356417",""
5086,2,"حلق طبي امريكي","100483356417",""
5087,1,"Kuwait Shop Brightening Set - Scrub + Cream + Soap","44444",""
5087,2,"مجموعة التفتيح من كويت شوب  تتكون من سنفرة  +كريم+صابون","44444",""
5088,1,"TheBalm Moonshot Eyeshadow NO 0874","681619806445",""
5088,2,"اي شادو مون شوت NO 0874   ذا بالم","681619806445",""
5089,1,"theBalm Curveball Eyeshadow - No. 0722","681619806414",""
5089,2,"اي شادو كيرفبول NO 0722   ذا بالم","681619806414",""
5090,1,"Mielle Rosemary Mint Daily Styling & Moisturizing Hair Cream - 240 ml","854102006787",""
5090,2,"كريم اكليل الجبل لترطيب و تصفيف الشعر اليومي  من ميلي 240 مل","854102006787",""
5091,1,"Cetaphil Face & Body Lotion for Normal to Dry and Sensitive Skin - 59ml","302990241358",""
5091,2,"لوشن للوجه والجسم للبشرة العادية الى الجافة و الحساسة من سيتافيل 59مل","302990241358",""
5092,1,"Bioderma Cream Pump for Normal, Dry, and Sensitive Skin - 200 ml","3701129805336",""
5092,2,"كريم بيوديرما ضغاط  للبشره العاديه والجافه والحساسة 200 مل","3701129805336",""
5093,1,"Head & Shoulders Menthol Refresh Anti-Dandruff Shampoo 190ml","8001841591315",""
5093,2,"شامبو هيد اند شولدرز بالنعناع المنعش 190 مل","8001841591315",""
5094,1,"Pantene Anti-Hair Fall Shampoo - 400ml","5410076881840",""
5094,2,"شامبوضد تساقط الشعر   من بانتين 400 مل","5410076881840",""
5095,1,"Pantene anti hair loss conditioner 360 ml","4084500795297",""
5095,2,"بلسم ضد تساقط الشعر   من بانتين 360 مل","4084500795297",""
5096,1,"Pantene Anti-Dandruff 2-in-1 Shampoo + Conditioner - 400ml","5410076651627",""
5096,2,"شامبو+بلسم ضد القشرة   من بانتين 400 مل","5410076651627",""
5097,1,"Pantene Healthy Clean Shampoo + Conditioner 400 ml","5410076651788",""
5097,2,"شامبو + بلسم صحي ونظيف من بانتين 400 مل","5410076651788",""
5098,1,"Pantene shampoo for colored hair 400 ml","5410076881802",""
5098,2,"شامبو للشعر المصبوغ  من بانتين 400 مل","5410076881802",""
5099,1,"Pantene conditioner for colored hair 360 ml","4084500795860",""
5099,2,"بلسم للشعر المصبوغ  من بانتين 360 مل","4084500795860",""
5100,1,"Colgate Extra Whitening Toothbrush 1+1 Free - Medium","6281001819882",""
5100,2,"فرشاة كولجيت اكثر بياض 1+1 مجانا متوسط النعومة","6281001819882",""
5101,1,"Colgate Max Fresh Toothbrush 1+1 Free - Soft","8718951307933",""
5101,2,"فرشاة كولجيت ماكس فريش  1+1 مجانا ناعمة","8718951307933",""
5102,1,"Beautentty Rosemary Shampoo","0110237",""
5102,2,"شامبو اكليل الجبل من بيوتنتتي","0110237",""
5103,1,"Jardin Oleane Moroccan Black Soap with Argan Oil - 500g","745114422477",""
5103,2,"الصابون البلدي المغربي بزيت الاركان من جاردن اوليان 500جم","745114422477",""
5104,1,"Miswak F orange flavored toothpaste with free brush 50 gm for children","8992805010228",""
5104,2,"مسواك اف معجون بنكهة البرتقال مع فرشاة مجانية 50 جم اطفال","8992805010228",""
5105,1,"Vatika Henna Hair Color - Brown","6291069701739",""
5105,2,"صبغة شعر حناء - بني من فاتيكا","6291069701739",""
5106,1,"MUM Rose Fresh Deodorant - 75ml","7614700005307","7614700005307"
5106,2,"مزيل عرق عبير الورد من مام 75مل","7614700005307","7614700005307"
5107,1,"MUM Fragrance-Free Deodorant - 75ml","4013162034123",""
5107,2,"مزيل عرق  خال من العطر من مام 75مل","4013162034123",""
5108,1,"Treatment conditioner with ceramides and rose of Jericho extract from L'Oreal Paris, 400 ml","3610340667251",""
5108,2,"بلسم معالج من السيراميد وخلاصة  وردة اريحا  من لوريال باريس 400مل","3610340667251",""
5109,1,"Jardin Oleane Rosemary Essential Oil Hair Conditioner - 380 ml","745178721677",""
5109,2,"بلسم الشعر بزيت اكليل الجبل الاساسي من جاردن اوليان - 380 مل-تقوية الشعر","745178721677",""
5110,1,"Dove Nourishing Oil Care Shampoo, 200ml","6281006423282",""
5110,2,"شامبو دوڤ بالزيوت المغذية، 200مل","6281006423282",""
5111,1,"Palmer's Bust Firming Cream - 125g","010181040702",""
5111,2,"كريم شد الصدر من بالمرز - 125جم","010181040702",""
5112,1,"Palmer's Massage Cream for Stretch Marks - 125g","010181040351",""
5112,2,"كريم تدليك لعلامات تمدد الجلد من بالمرز - 125جم","010181040351",""
5113,1,"Nature's Bounty Venus Apricot Face and Body Scrub - 600g","6291100275526",""
5113,2,"سنفرة للوجه والجسم بالمشمش فينوس من نايتشرز باونتي - 600 جم","6291100275526",""
5115,1,"Dr. Davey Collagen Whitening Body Lotion - 438 gm","6921199122370",""
5115,2,"لوشن مبيض للجسم بالكولاجين من دكتور ديفي - 438 جم","6921199122370",""
5116,1,"Eskinol Lemon Facial Cleanser, 225 ml","8886467038099",""
5116,2,"منظف الوجه بالليمون من اسكينول، 225 مل","8886467038099",""
5117,1,"Nizoral Care Scalp Tonic for Dry Scalp 100 ml","4011548035436",""
5117,2,"نيزورال كير منشط تجميلي لفروة الرأس الجافه 100 مل","4011548035436",""
5120,1,"Head & Shoulders Lemon Fresh Shampoo - 400ml","5011321361089",""
5120,2,"شامبو  انتعاش الليمون  من هيد اند شولدرز 400 مل","5011321361089",""
5121,1,"Head &amp; Shoulders Charcoal Detox Shampoo 400 ml","8001841054940",""
5121,2,"شامبو ديتوكس الفحم من هيد اند شولدرز 400 مل","8001841054940",""
5122,1,"Head & Shoulders Clean & Stylish Daily Care Shampoo for Normal Hair - 400ml","5011321360945",""
5122,2,"شامبو نظيف وانيق عناية يومية للشعر العادي  من هيد اند شولدرز 400 مل","5011321360945",""
5123,1,"Head & Shoulders Refreshing Menthol Shampoo 400ml","5011321361058",""
5123,2,"شامبو النعناع المنعش من هيد اند شولدرز 400 مل","5011321361058",""
5124,1,"Johnson's Body Wash with Rose Water - 400 ml","3574661093925",""
5124,2,"سائل للإستحمام مع ماء الورد من جونسون  400 مل","3574661093925",""
5125,1,"Johnson's Body Lotion with Berry Extract - 400ml","3574661094007",""
5125,2,"لوشن الجسم مع خلاصة التوت من جونسون  400 مل","3574661094007",""
5126,1,"Cofix Daily Intimate Care Wash with White Musk, 215 ml","697794489106",""
5126,2,"غسول العناية اليومية للمناطق الحميمة بالمسك الابيض من كوفيكس 215مل","697794489106",""
5128,1,"Moroccan Bath Loofah (Kessa)","6291100270088",""
5128,2,"ليفة للحمام المغربي","6291100270088",""
5129,1,"TRESemmé Keratin Smooth &amp; Straight Conditioner 400 ml","6281006535053",""
5129,2,"بلسم نعومة وانسيابية الكيراتين من تريسمي  للتحكم في التطاير 400 مل","6281006535053",""
5130,1,"TRESemmé Salon Shampoo 400ml","6281006534872",""
5130,2,"شامبو صالون من تريسمي 400 مل","6281006534872",""
5131,1,"Now 100% pure castor oil, 473 ml","733739148100",""
5131,2,"زيت الخروع نقي 100%  من ناو 473مل","733739148100",""
5132,1,"De La Cruz Acne Treatment Ointment with 10% Sulfur, 73g","024286150426",""
5132,2,"مرهم علاج حب الشباب مع 10% كبريتات من دي لا كروز 73جم","024286150426",""
5134,1,"Nivea Black & White Original Deodorant Spray - 150ml","6223005991416",""
5134,2,"بخاخ مزيل عرق بلاك وايت  اورجينال من نيفيا 150مل","6223005991416",""
5135,1,"Nivea Natural Fairness Deodorant Spray for Women - 150ml","4006000055572",""
5135,2,"بخاخ مزيل عرق اتشرل فيرنس من نيفيا للنساء 150مل","4006000055572",""
5136,1,"Nivea Clean Protect Deodorant with Alum Extract, 50 ml","4005900861863",""
5136,2,"مزيل  عرق كلين بروتيكت خلاصة الشبة من نيڤيا،  50 مل","4005900861863",""
5137,1,"Nivea Dry Comfort Unscented Deodorant, 50 ml","4005900554529",""
5137,2,"مزيل عرق دراي كومفورت  بدون رائحة من نيڤيا،  50 مل","4005900554529",""
5138,1,"Nivea Dry &amp; Fresh Deodorant, 50 ml","4005900490124",""
5138,2,"مزيل عرق دراى اند فريش من نيڤيا،  50 مل","4005900490124",""
5139,1,"Nivea Black &amp; White Invisible Deodorant, 50 ml","4005900542571",""
5139,2,"مزيل عرق بلاك اند وايت انفيزيبل من نيڤيا،  50 مل","4005900542571",""
5140,1,"Nivea Silver Protect Deodorant, 50 ml","4005900554611",""
5140,2,"مزيل عرق سيلفر بروتيكت من نيڤيا،  50 مل","4005900554611",""
5141,1,"Nivea Deodorant with Fresh Cherry Scent, 50 ml","4005900728340",""
5141,2,"مزيل عرق  برائحة الكريز المنعشة من نيڤيا،  50 مل","4005900728340",""
5142,1,"Nivea Deep Black Espresso Carbon Deodorant for Men, 50 ml","6223005992062",""
5142,2,"مزيل عرق ديب بلاك اسبرسو بالكربون للرجال من نيڤيا،  50 مل","6223005992062",""
5143,1,"Dove Cucumber Fresh Deodorant 50 ml","4800888196408",""
5143,2,"مزيل عرق انتعاش الخيار من دوف 50 مل","4800888196408",""
5146,1,"Rexona Motion Activated Invisible Dry Deodorant 50 ml","8999999049461",""
5146,2,"مزيل عرق موشن اكتيفيتد جفاف غير مرئي من ريكسونا 50 مل","8999999049461",""
5147,1,"Ambriolis Veladerm Cream Natural Extracts for Dry Skin 75ml","3350900001759",""
5147,2,"كريم فيلاديرم مستخلص من المواد طبيعية للبشرة الجافة من امبريوليس 75مل","3350900001759",""
5148,1,"Cantu Extra Hold Edge Gel with Shea Butter, 64g","817513015694",""
5148,2,"جل لتثبيت الحواف اكسترا هولد بزبدة الشيا  من كانتو 64جم","817513015694",""
5149,1,"Shower gel with rose scent from Hobby, 500 ml","8690937003582",""
5149,2,"جل استحمام برائحة الورد من هوبي500 مل","8690937003582",""
5150,1,"Milk salt scrub 4 in 1 (exfoliator-softener-whitener-cleaner) 300g","8855140004089",""
5150,2,"صنفرة ملح الحليب 4في 1 (مقشر-منعم -مبيض-منظف)300جم","8855140004089",""
5151,1,"Salt scrub with the scent of papaya and carrots (exfoliant - softener - whitener - cleaner) 300 g","8855140004065",""
5151,2,"صنفرة ملح برائحة البابايا والجزر (مقشر-منعم -مبيض-منظف)300جم","8855140004065",""
5152,1,"Salt scrub with lemon and mint scent (exfoliant - softener - whitener - cleaner) 300 g","8855140004102",""
5152,2,"صنفرة ملح برائحة الليمون والنعناع  (مقشر-منعم -مبيض-منظف)300جم","8855140004102",""
5153,1,"Niacinamide 10% + Zinc 1% Serum from The Ordinary - 30ml","769915190311",""
5153,2,"سيروم نياسيناميد 10% + زنك 1% من ذا اورديناري - 30مل","769915190311",""
5154,1,"Enchanteur Perfumed Loring Powder, 125g","8888202026415",""
5154,2,"بودرة معطرة اللورينج من انشانتير 125جم","8888202026415",""
5155,1,"Enchanteur Romantic Perfumed Powder, 125g","88821184",""
5155,2,"بودرة معطرة  رومانتيك من انشانتير 125جم","88821184",""
5156,1,"Enchanteur Charming Perfumed Talc - 125g","88821184",""
5156,2,"بودرة معطرة  شارمنج من انشانتير 125جم","88821184",""
5157,1,"Natural Factors Apple Cider Vinegar - 500 mg - 180 Capsules","068958020563",""
5157,2,"حبوب خل التفاح من ناتشورال فاكتورز - 500 ملغم -180 كبسولة","068958020563",""
5158,1,"Garnier SkinActive Fast Bright 30x Serum - 15ml","3610340661075",""
5158,2,"سيروم سكين اكتيف فاست برايت من جارنيه 30×  15 مل","3610340661075",""
5159,1,"Garnier Skin Active Serum for acne-prone skin, 30 ml","3610340667336",""
5159,2,"سيروم سكين اكتيف للبشرة المعرضة للحبوب من جارنية 30 مل","3610340667336",""
5214,1,"Emper Violet Flower Body Mist - 250 ml","6291108524565",""
5214,2,"معطر الجسم زهرة البنفسج من امبر - 250 مل","6291108524565",""
5216,1,"Vicks Throat Hydrating and Cleansing Lozenges - Lemon & Menthol, 40g","5000174726046",""
5216,2,"اقراص فيكس لترطيب وتطهير الحنجرة - الليمون مع النعناع ، 40جم","5000174726046",""
5217,1,"Himalaya Charcoal & Tea Tree Mask - 150ml","6291107222288",""
5217,2,"قناع الفحم  والشاي من هيمالايا  150 مل","6291107222288",""
5218,1,"Amber Orchid Flower Body Mist - 250 ml","6291108524497",""
5218,2,"معطر الجسم زهرة الاوركيد من امبر - 250 مل","6291108524497",""
5219,1,"Emper Pink Flower Petals Body Mist - 250 ml","6291108524480",""
5219,2,"معطر الجسم بتلات الزهور الوردية  من امبر - 250 مل","6291108524480",""
5220,1,"Emper Isabella Body Mist - 200 ml","6291108521052",""
5220,2,"معطر الجسم ايزابيلا من امبر - 200 مل","6291108521052",""
5221,1,"Emper Body Spray for Men New Design - 200 ml","6291103660121",""
5221,2,"معطر الجسم للرجال تصميم جديد من امبر - 200 مل","6291103660121",""
5222,1,"Osool Body Mist by Ember - 200 ml","6291103660664",""
5222,2,"معطر الجسم اصول من امبر - 200 مل","6291103660664",""
5223,1,"Beautin Titi Turmeric 'Cute' Scrub - 300g","6287035851652",""
5223,2,"صنفرة  الكركم كيوت من بيوتن تيتي 300جم","6287035851652",""
5224,1,"Body loofah","6901279123459",""
5224,2,"ليفة جسم sasha","6901279123459",""
5225,1,"Rolana Fragrance-Free Baby Wipes - 100 ml","6291107912134",""
5225,2,"مناديل اطفال رولانا بدون عطر 100 مل","6291107912134",""
5226,1,"Emper Eden Night Body Mist - 250 ml","6291108524473",""
5226,2,"معطر الجسم ايدين نايت من امبر - 250 مل","6291108524473",""
5227,1,"Moroccan Indigo Powder for Skin Brightening","6287032710280",""
5227,2,"بودرة النيلة المغربية لتفتيح لون البشرة","6287032710280",""
5228,1,"Turmeric Powder for Face and Body","9780201379624",""
5228,2,"بودرة الكركم للوجه و الجسم","9780201379624",""
5229,1,"Dove Beauty Cream Bar 135g","6281006473669",""
5229,2,"قالب كريم الجمال من دوڤ  135 ج","6281006473669",""
5230,1,"Johnson's original American patch","8901012123515",""
5230,2,"اللصقة الامريكية الاصلية جونسون","8901012123515",""
5231,1,"Smart Therapy Patch for Muscle and Back Comfort","6224000132279",""
5231,2,"لصقة سمارت ثيرابي لراحة العضلات والظهر","6224000132279",""
5232,1,"Sanitaki Back Care Patch","6950562935682",""
5232,2,"لصقة العناية بالظهر سانيتاكي","6950562935682",""
5233,1,"Colgate Medium-Soft Toothbrush","6001067007289",""
5233,2,"فرشة أسنان  ناعمة متوسطة من كولوجيت","6001067007289",""
5234,1,"Koleston hair dye cream with oil replacement (attractive chocolate color 306/7) from Wella - 110 ml","4056800868605",""
5234,2,"كريم صبغة شعر كوليستون مع بديل الزيت ( لون شوكولا جذاب 306/7) من ويلا - 110 مل","4056800868605",""
5235,1,"Wella Koleston Hair Color Cream with Oil Replacement (Sparkling Hazelnut 307/3) - 110 ml","4056800868841",""
5235,2,"كريم صبغة شعر كوليستون مع بديل الزيت ( لون بندقي متألق 307/3) من ويلا - 110 مل","4056800868841",""
5236,1,"The Ordinary Retinol 0.2% Anti-Aging Serum - 30ml","769915193985",""
5236,2,"سيروم ريتينول 0.2.مضاد للشيخوخة  من ذا اوردينري 30 مل","769915193985",""
5237,1,"The Ordinary Lactic Acid 10% + HA Exfoliating Serum - 30ml","769915190373",""
5237,2,"مقشر لاكتيك اسيد 10%  من ذا اوردينري 30 مل","769915190373",""
5238,1,"Trichup Healthy, Long and Strong Hair Oil, 100 ml","8904023007539",""
5238,2,"زيت الشعرصحي طويل وقوي من تريشوب، 100 مل","8904023007539",""
5239,1,"Trichup Black Seed Hair Oil, 100 ml","8904023007997",""
5239,2,"زيت الشعرالحبة السوداء من تريشوب، 100 مل","8904023007997",""
5240,1,"Trichup Anti-Dandruff Hair Oil, 100 ml","8904023007911",""
5240,2,"زيت الشعر ضد القشرة من تريشوب، 100 مل","8904023007911",""
5242,1,"Cherry perfume for unisex by Sunset Cafe - Esprit de Parfum, 22 ml","788119001087",""
5242,2,"عطر بالكرز للجنسين من سن سيت كافه - اسبريت دى بارفان، 22 مل","788119001087",""
5243,1,"Avlon Powder Blue perfume from Sunset Cafe 50 ml","788119005054",""
5243,2,"عطر افلون   باودر بلو من سن سيت كافيه 50 مل","788119005054",""
5244,1,"Avalon Perfume by Sunset Cafe - 22 ml","788119003081",""
5244,2,"عطر افلون من سن سيت كافيه 22 مل","788119003081",""
5245,1,"Sunset Cafe Avalon Powder Blue Perfume - 22 ml","850048227071",""
5245,2,"عطر افلون   باودر بلو من سن سيت كافيه 22 مل","850048227071",""
5246,1,"Jolen Hair Bleach Cream - 28g","046688100250",""
5246,2,"كريم تشقير الشعر من جولين -28 جم","046688100250",""
5247,1,"Eskinol Nail Polish Remover Wipes - 10 Wipes","8680610013472",""
5247,2,"مناديل مبلله مزيل طلاء الاظافر من اسكينول 10 مناديل","8680610013472",""
5248,1,"Pigeon Baby Comb and Brush Set","4902508105781",""
5248,2,"طقم مشط وفرشة للاطفال من بيجن","4902508105781",""
5249,1,"Al Arayess Nail Polish Remover Wipes - 10 Wipes","6287011272860",""
5249,2,"مناديل مبلله مزيل طلاء الاظافر العرايس 10 مناديل","6287011272860",""
5250,1,"Pigeon Baby Comb and Brush Set","4902508105781",""
5250,2,"طقم مشط وفرشة للاطفال من بيجن","4902508105781",""
5251,1,"Carlotta Blooming Eau de Toilette for Women - 75ml","6936711837250",""
5251,2,"عطر للنساء بلومينج او دي تواليت من كارلوتا 75مل","6936711837250",""
5252,1,"Idol Eau de Toilette perfume for women by Carlotta, 80ml","6936711836482",""
5252,2,"عطر للنساء  ايدول  او دي تواليت من كارلوتا 80مل","6936711836482",""
5254,1,"Femfresh Re-Balance Powder for Intimate Areas - 200g","5000167014174",""
5254,2,"بودرة للمناطق الحميمية من فيم فريش200جم","5000167014174",""
5255,1,"Sondos Lavender Oil for Hair and Skin, 100 ml","62170000413610",""
5255,2,"زيت اللافندر للشعر والبشرة من سندس , 100 مل","62170000413610",""
5256,1,"Cetaphil Gentle Skin Cleanser for Dry and Sensitive Skin - 118ml","3499320007108",""
5256,2,"منظف لطيف للبشرة الجافة والحساسة من سيتافيل 118مل","3499320007108",""
5257,1,"Glycolic Serum 10% Advanced Clinicals 52ml","810400033412",""
5257,2,"سيروم  الجليكوليك 10% ادفانسد كلينيكالز‏ 52مل","810400033412",""
5258,1,"Enjoy pomegranate condoms, 12 packs","6934439710657",""
5258,2,"واقي ذكري بالرمان من انجوي 12عبوة","6934439710657",""
5259,1,"Enjoy condoms with coffee, 12 packs","6934439710589",""
5259,2,"واقي ذكري بالقهوة من انجوي 12عبوة","6934439710589",""
5260,1,"Enjoy Sensitive Condoms - 12 Pack","6934439710640",""
5260,2,"واقي ذكري حساس من انجوي 12عبوة","6934439710640",""
5261,1,"Enjoy Extra Safe Condoms - 12 Pack","6934439710626",""
5261,2,"واقي ذكري اكثر أمان من انجوي 12عبوة","6934439710626",""
5262,1,"Placenta Renew White Soap for Body, 135 gm","4809011884113",""
5262,2,"صابون ابيض رينيو من بلاسينتا للجسم، 135 جم","4809011884113",""
5263,1,"Nose and throat care tablets - menthol with lemon and honey - 36 tablets","8001841469829",""
5263,2,"اقراص للعناية  بالانف والحلق - منثول مع الليمون والعسل - 36 قرص","8001841469829",""
5264,1,"Clairol Shimmer Lights Violet Shampoo - 473 ml","3614226781741",""
5264,2,"شامبو شيمر لايتس البنفسجي من كلايرول - 473 مل","3614226781741",""
5265,1,"Kelan nose patches","8809089290515",""
5265,2,"لصقات الانف من كيلان","8809089290515",""
5266,1,"Enjoy Vitamin C Facial Serum - 50 ml","8682952796310",""
5266,2,"سيروم وجه فيتامين سي من انجوي - 50مل","8682952796310",""
5267,1,"Anti-Stretch Mark Essential Oil 30ml - GJ034","5060328892324",""
5267,2,"زيت اساسي مضاد لعلامات التمدد 30 مل - GJ034","5060328892324",""
5268,1,"Thai plastic baby bottle RT0252, capacity 250 ml","6294017204399",""
5268,2,"رضاعة اطفال تايلندي بلاستيك RT0252 سعة 250مل","6294017204399",""
5269,1,"Nose and throat care tablets - menthol with orange - 36 tablets","8001841469867",""
5269,2,"اقراص للعناية  بالانف والحلق - منثول مع برتقال - 36 قرص","8001841469867",""
5270,1,"Al Shifa pure cotton buds, 300 sticks","0731788735081",""
5270,2,"أعواد الشفا قطن نقية 300عود","0731788735081",""
5271,1,"Moroccan Oil Traditional Moroccan Bath Soap with Aker Fassi Extract - 1000ml","6291105773461",""
5271,2,"صابون حمام مغربي البلدي بخلاصة العكر الفاسي من موروكان اويل 1000مل","6291105773461",""
5272,1,"Moroccan bath soap with eucalyptus extract and original Moroccan loofah from Moroccan Oil 250 ml","6291105773430",""
5272,2,"صابون حمام مغربي البلدي بخلاصة الكينا مع ليفة مغربية اصلية من موروكان اويل 250مل","6291105773430",""
5273,1,"Hobby Protein Care Shampoo with Rose Extract 400ml","8690937011129",""
5273,2,"شامبو عناية البروتين بمستخلص الورد من هوبي 400مل","8690937011129",""
5274,1,"Fortifying hair oil with rosemary essential oil, 50 ml","745178723404",""
5274,2,"زيت الشعر المقوي بزيت اكليل الجبل الاساسي ، 50 مل","745178723404",""
5276,1,"driving gloves","014117",""
5276,2,"جوانتي قيادة  رمادي","014117",""
5277,1,"Pink Polka Dot Driving Gloves","014117",""
5277,2,"جوانتي قيادة وردي منقط","014117",""
5278,1,"driving gloves","014117",""
5278,2,"جوانتي قيادة اصفر منقط","014117",""
5279,1,"Brown Polka Dot Driving Gloves","014117",""
5279,2,"جوانتي قيادة بني منقط","014117",""
5280,1,"Jawaher Al Reem Hair Removal Sugar Paste with Beeswax - 500g","6281105760103",""
5280,2,"حلاوة جواهر الريم لإزالة الشعربشمع النحل  500 جم","6281105760103",""
5281,1,"Jawaher Al Reem Hair Removal Wax with Olive Oil - 500g","6281105760073",""
5281,2,"حلاوة جواهر الريم لإزالة الشعربزيت الزيتون 500 جم","6281105760073",""
5282,1,"Jawaher Al Reem Hair Removal Sugar Paste with Black Seed Oil - 500g","6281105760080",""
5282,2,"حلاوة جواهر الريم لإزالة الشعربزيت الحبة السوداء  500 جم","6281105760080",""
5284,1,"Jawaher Al Reem Hair Removal Halawa with Coconut 500 gm","6281105760097",""
5284,2,"حلاوة جواهر الريم لإزالة الشعر بجوز الهند  500 جم","6281105760097",""
5285,1,"J.Castal Artificial Nails B1","6978416360381",""
5285,2,"أظافر صناعية جي كاستال  B1","6978416360381",""
5286,1,"J.Castal Artificial Nails B26","6927102102156",""
5286,2,"أظافر صناعية جي كاستال  B26","6927102102156",""
5287,1,"J.Castal Artificial Nails - B7","6978416360428",""
5287,2,"أظافر صناعية جي كاستال  B7","6978416360428",""
5288,1,"J.Castal Artificial Nails B9","6927102102019",""
5288,2,"أظافر صناعية جي كاستال  B9","6927102102019",""
5289,1,"GE-Castal B8 artificial nails","6978416360435",""
5289,2,"أظافر صناعية جي كاستال  B8","6978416360435",""
5290,1,"J.Castal Artificial Nails B10","6927102102026",""
5290,2,"أظافر صناعية جي كاستال  B10","6927102102026",""
5291,1,"J.Castal Artificial Nails B15","6927102102071",""
5291,2,"أظافر صناعية جي كاستال  B15","6927102102071",""
5292,1,"GE-Castal B21 artificial nails","6978416360473",""
5292,2,"أظافر صناعية جي كاستال  B21","6978416360473",""
5293,1,"J.Castal Artificial Nails B20","6927102102101",""
5293,2,"أظافر صناعية جي كاستال  B20","6927102102101",""
5295,1,"jE-Castal B11 artificial nails","6927102102033",""
5295,2,"أظافر صناعية جي كاستال B11 - مظهر طبيعي وأنيق","6927102102033",""
5296,1,"J.Castal Artificial Nails B12","6927102102040",""
5296,2,"أظافر صناعية جي كاستال  B12","6927102102040",""
5297,1,"J.Castal Artificial Nails B25","6927102102149",""
5297,2,"أظافر صناعية جي كاستال  B25","6927102102149",""
5298,1,"J.Castal Artificial Nails B13","6927102102057",""
5298,2,"أظافر صناعية جي كاستال  B13","6927102102057",""
5299,1,"J.Castal Artificial Nails B14","6978416360442",""
5299,2,"أظافر صناعية جي كاستال  B14","6978416360442",""
5300,1,"J.Castal Artificial Nails - B27","6978416360480",""
5300,2,"أظافر صناعية جي كاستال  B27","6978416360480",""
5302,1,"J.Castal Artificial Nails B22","6927102102125",""
5302,2,"أظافر صناعية جي كاستال  B22","6927102102125",""
5303,1,"J.Castal Artificial Nails B24","6927102102132",""
5303,2,"أظافر صناعية جي كاستال  B24","6927102102132",""
5304,1,"J.Castal Artificial Nails B4","6978416360404",""
5304,2,"أظافر صناعية جي كاستال  B4","6978416360404",""
5307,1,"J.Castal Artificial Nails B6","6978416360411",""
5307,2,"أظافر صناعية جي كاستال  B6","6978416360411",""
5308,1,"J.Castal B2 Artificial Nails","6978416360398",""
5308,2,"أظافر صناعية جي كاستال  B2","6978416360398",""
5309,1,"J.Castal Artificial Nails B19","6978416360466",""
5309,2,"أظافر صناعية جي كاستال  B19","6978416360466",""
5310,1,"J.Castal Artificial Nails B9","6927102102019",""
5310,2,"أظافر صناعية جي كاستال  B9","6927102102019",""
5311,1,"G.Castal Clear Nails","6971977506380",""
5311,2,"أظافرشفاف جي كاستال","6971977506380",""
5312,1,"G.Castal Glass Nail File","6971977506373",""
5312,2,"مبرد اظافر زجاجي جي كاستال","6971977506373",""
5313,1,"G.Castal Nail Glue","6971977506397",""
5313,2,"لاصق اظافر جي كاستال","6971977506397",""
5314,1,"Argan Oil Hair Serum 30ml","5902026640893",""
5314,2,"سيروم شعر بزيت الارغان 30مل","5902026640893",""
5315,1,"J.Castal Nail Polish - No. 131","6971977509169",""
5315,2,"مناكير جي كاستال  رقم 131","6971977509169",""
5316,1,"JE.Castal nail polish no. 133","6971977509169",""
5316,2,"مناكير جي كاستال  رقم 133","6971977509169",""
5317,1,"G.Castal Nail Polish - No. 119","6971977509169",""
5317,2,"مناكير جي كاستال  رقم 119","6971977509169",""
5318,1,"G.Castal Nail Polish - Shade 132","6971977509169",""
5318,2,"مناكير جي كاستال  رقم 132","6971977509169",""
5319,1,"G.Castal Nail Polish - Shade 161-1","6971977509169",""
5319,2,"مناكير جي كاستال  رقم 161-1","6971977509169",""
5320,1,"G.Castal Nail Polish - No. 164","6971977509169",""
5320,2,"مناكير جي كاستال  رقم 164","6971977509169",""
5321,1,"G.Castal Nail Polish - No. 156","6971977509169",""
5321,2,"مناكير جي كاستال  رقم 156","6971977509169",""
5322,1,"G.Castal Nail Polish - Shade 159-1","6971977509169",""
5322,2,"مناكير جي كاستال  رقم 159-1","6971977509169",""
5323,1,"G.Castal Nail Polish - No. 141","6971977509169",""
5323,2,"مناكير جي كاستال  رقم 141","6971977509169",""
5324,1,"G.Castal Nail Polish - Shade 155","6971977509169",""
5324,2,"مناكير جي كاستال  رقم 155","6971977509169",""
5325,1,"G.Castal Nail Polish No. 154","6971977509169",""
5325,2,"مناكير جي كاستال  رقم 154","6971977509169",""
5326,1,"G.Castal Nail Polish - No. 151-2","6971977509169",""
5326,2,"مناكير جي كاستال  رقم 151-2","6971977509169",""
5327,1,"G.Castal Nail Polish - Shade 158-1","6971977509169",""
5327,2,"مناكير جي كاستال  رقم 158-1","6971977509169",""
5328,1,"J.Castal Nail Polish - Shade 157-1","6971977509169",""
5328,2,"مناكير جي كاستال  رقم 157-1","6971977509169",""
5329,1,"J.Castal Nail Polish - Shade 124","6971977509169",""
5329,2,"مناكير جي كاستال  رقم 124","6971977509169",""
5330,1,"G.Castal Nail Polish - Shade 160","6971977509169",""
5330,2,"مناكير جي كاستال  رقم 160","6971977509169",""
5331,1,"G.Castal Nail Polish - No. 113","6971977509169",""
5331,2,"مناكير جي كاستال  رقم 113","6971977509169",""
5332,1,"J.Castal Nail Polish - Shade 134","6971977509169",""
5332,2,"مناكير جي كاستال  رقم 134","6971977509169",""
5333,1,"J.Castal Nail Polish - Shade 128","6971977509169",""
5333,2,"مناكير جي كاستال  رقم 128","6971977509169",""
5334,1,"G.Castal Nail Polish - Shade 126","6971977509169",""
5334,2,"مناكير جي كاستال  رقم 126","6971977509169",""
5335,1,"G.Castel Nail Polish - Shade 130-1","6971977509169",""
5335,2,"مناكير جي كاستال  رقم 130-1","6971977509169",""
5336,1,"J.Castal Nail Polish - Shade 112","6971977509169",""
5336,2,"مناكير جي كاستال  رقم 112","6971977509169",""
5337,1,"G.Castal Nail Polish - Shade 165-1","6971977509169",""
5337,2,"مناكير جي كاستال  رقم 165-1","6971977509169",""
5338,1,"G.Castal Nail Polish - Shade 142","6971977509169",""
5338,2,"مناكير جي كاستال  رقم 142","6971977509169",""
5339,1,"G.Castal Nail Polish - Shade 120","6971977509169",""
5339,2,"مناكير جي كاستال  رقم 120","6971977509169",""
5340,1,"G.Castal Nail Polish - Shade 121-1","6971977509169",""
5340,2,"مناكير جي كاستال  رقم 121-1","6971977509169",""
5341,1,"J.Castal Nail Polish - Shade 152","6971977509169",""
5341,2,"مناكير جي كاستال  رقم 152","6971977509169",""
5342,1,"G.Castal Nail Polish - No. 153-1","6971977509169",""
5342,2,"مناكير جي كاستال  رقم 153-1","6971977509169",""
5343,1,"J.Castal Nail Polish No. 147-1","6971977509169",""
5343,2,"مناكير جي كاستال  رقم 147-1","6971977509169",""
5344,1,"G.Castal Nail Polish - Shade 149-1","6971977509169",""
5344,2,"مناكير جي كاستال  رقم 149-1","6971977509169",""
5345,1,"G.Castal Nail Polish - Shade 145","6971977509169",""
5345,2,"مناكير جي كاستال  رقم 145","6971977509169",""
5346,1,"J.Castal Nail Polish - Shade 150","6971977509169",""
5346,2,"مناكير جي كاستال  رقم 150","6971977509169",""
5348,1,"Pink Triple Blade Razors 4+1 Pieces","6924565927388",""
5348,2,"شفرات حلاقة وردية ثلاث شفرات 4+1 قطعة","6924565927388",""
5349,1,"Pink Triple-Blade Razors 16+8 Pieces","6924565927432",""
5349,2,"شفرات حلاقة وردية ثلاث شفرات 16+8 قطعة","6924565927432",""
5350,1,"Pink Triple Blade Razors 8+4 Pieces","6924565927395",""
5350,2,"شفرات حلاقة وردية ثلاث شفرات 8+4 قطعة","6924565927395",""
5351,1,"Pink Triple-Blade Razors 10+6 Pieces","6924565927418",""
5351,2,"شفرات حلاقة وردية ثلاث شفرات 10+6 قطعة","6924565927418",""
5352,1,"G.Castal Nail Polish - Shade 125-1","6971977509169",""
5352,2,"مناكير جي كاستال  رقم 125-1","6971977509169",""
5353,1,"G.Castal Nail Polish - Shade 116-1","6971977509169",""
5353,2,"مناكير جي كاستال  رقم 116-1","6971977509169",""
5354,1,"G.Castal Nail Polish - No. 111","6971977509169",""
5354,2,"مناكير جي كاستال  رقم 111","6971977509169",""
5355,1,"JE.Castal nail polish no. 117","6971977509169",""
5355,2,"مناكير جي كاستال  رقم 117","6971977509169",""
5356,1,"G.Castal Nail Polish - Shade 122","6971977509169",""
5356,2,"مناكير جي كاستال  رقم 122","6971977509169",""
5357,1,"J.Castal Nail Polish - Shade 123","6971977509169",""
5357,2,"مناكير جي كاستال  رقم 123","6971977509169",""
5358,1,"G.Castal Nail Polish - No. 127","6971977509169",""
5358,2,"مناكير جي كاستال  رقم 127","6971977509169",""
5359,1,"G.Castal Nail Polish - Shade 143","6971977509169",""
5359,2,"مناكير جي كاستال  رقم 143","6971977509169",""
5360,1,"G.Castal Nail Polish - Shade 148-1","6971977509169",""
5360,2,"مناكير جي كاستال  رقم 148-1","6971977509169",""
5361,1,"G.Castal Nail Polish No. 138","6971977509169",""
5361,2,"مناكير جي كاستال  رقم 138","6971977509169",""
5362,1,"G.Castal Nail Polish - Shade 101-1","6971977509169",""
5362,2,"مناكير جي كاستال  رقم 101-1","6971977509169",""
5369,1,"Sunsilk shampoo solution for hair loss - 700 ml","6281006424647",""
5369,2,"شامبو صانسيلك الحل لتساقط الشعر - 700مل","6281006424647",""
5370,1,"Yoko Cracked Heel Cream - 50 ml","8853976004327",""
5370,2,"كريم معالج لتشققات القدمين  من يوكو 50 مل","8853976004327",""
5371,1,"Cosmo soothing and soothing balm for cracked feet and elbows, 50 ml","6294015130805",""
5371,2,"بلسم  معالج لتشققات وتهدئة القدمين والمرفق من كوزمو 50 مل","6294015130805",""
5372,1,"Dr. Good Kids Toothbrush for Ages 3-12 Years","6948031111071",""
5372,2,"فرشاة اسنان اطفال الدكتور جود من 3 -12سنه","6948031111071",""
5373,1,"Junior Toothpaste Box - Mixed Fruit Flavor with Free Toothbrush from Sewak F","8992805011232",""
5373,2,"علبة جونيور  معجون اسنان بنكهة الفواكة المشكلة مع  فرشاة مجانيةمن سواك اف","8992805011232",""
5374,1,"Junior Strawberry Flavor Toothpaste Set with Free Brush from Sewak F","8992805011218",""
5374,2,"علبة جونيوربنكهة الفرولة  معجون اسنان مع  فرشاة مجانيةمن سواك اف","8992805011218",""
5375,1,"Lice and Nit Removal Brush","6971308130123",""
5375,2,"فرش  لمحاربة القمل وبيضه","6971308130123",""
5376,1,"Loreal Pure Clay Scrub Lotion - 150ml","3600523431182",""
5376,2,"غسول منظف بالطين النقي من لوريال - 150مل","3600523431182",""
5377,1,"NOW Foods Oregano Oil - 30 ml","733736111473",""
5377,2,"زيت الاوريجانو من ناو 30 مل","733736111473",""
5378,1,"The Original Tongue Brush for Kids","614373960504",""
5378,2,"فرشاة لسان ذا اوريجينال للاطفال","614373960504",""
5379,1,"The Original Tongue Cleaning Gel for Kids - Strawberry Flavor","614373547231",""
5379,2,"جل تنظيف لسان بنكهة الفرولة ذا اوريجينال للاطفال","614373547231",""
5380,1,"Wella New Wave Hair Styling Spray No. 3 - 200ml","4056800759194",""
5380,2,"بخاخ  نيو ويف لتصفيف الشعر  رقم 3 من ويلا 200مل","4056800759194",""
5381,1,"Cantu Care for Kids Styling Hair Cream 227g","817513015458",""
5381,2,"كريم كير فور كيدز مصفف شعر الاطفال من كانتو 227جم","817513015458",""
5382,1,"Evaclar Deumene La Roche-Posay Cream - 40 ml","3337875750042",""
5382,2,"كريم ترطيب وتصحيح البشرة  ايفاكلار ديومن لاروش بوزاي - 40مل","3337875750042",""
5383,1,"Honey and Collagen Mask - Spa System - Single Mask","6780201366641",""
5383,2,"قناع العسل والكولاجين -سبا سيستم  - قناع واحد","6780201366641",""
5384,1,"Aloe Vera and Collagen Face Mask - Spa System - 1 Sheet","6780201379689",""
5384,2,"قناع الصبار والكولاجين -سبا سيستم  - قناع واحد","6780201379689",""
5385,1,"Rose Petals and Collagen Mask - Spa System - 1 Mask","6780201377982",""
5385,2,"قناع بتلات الورد  والكولاجين -سبا سيستم  - قناع واحد","6780201377982",""
5386,1,"Pomegranate and Collagen Mask - Spa System - 1 Sheet","6157854687551",""
5386,2,"قناع الرمان والكولاجين -سبا سيستم  - قناع واحد","6157854687551",""
5387,1,"Charcoal and Collagen Mask - Spa System - 1 Mask","6780201379641",""
5387,2,"قناع الفحم والكولاجين -سبا سيستم  - قناع واحد","6780201379641",""
5388,1,"Green Tea and Collagen Face Mask - Spa System - 1 Mask","6780201378897",""
5388,2,"قناع الشاي الاخضر والكولاجين -سبا سيستم  - قناع واحد","6780201378897",""
5390,1,"Closeup Red Toothpaste 25ml","6221155081629",""
5390,2,"معجون أسنان كلوس أب احمر 25مل","6221155081629",""
5391,1,"QV Baby Moisturising Lotion 500g","9314839020285",""
5391,2,"لوشن مرطب للأطفال من كيوفي 500جم","9314839020285",""
5392,1,"Dove Pink Beauty Cream Bar 125g","6281006473584",""
5392,2,"قالب كريم الجمال زهري من دوڤ  125 جم","6281006473584",""
5393,1,"Lifebuoy Total 10 Bar Soap, 70g","6281006484245",""
5393,2,"صابون لايفبوي  المتكامل 10،  70 جم","6281006484245",""
5394,1,"Dettol Original Bar Soap for Hands 70g","50158973",""
5394,2,"صابون ديتول الاصلي لليدين 70جم","50158973",""
5395,1,"Max Fresh Mini Toothbrush Set - Pack of 24","035000680761",""
5395,2,"مجموعة مكونة من 24 فرشاة اسنان صغير ماكس فريش","035000680761",""
5396,1,"Peppermints Breath Freshener Strips - Mint Flavor 5g","4595643778011",""
5396,2,"شرائح لرائحة الفم بالنعناع من بيبرمينتس 5جم","4595643778011",""
5397,1,"Disaar Sunscreen Lotion - 50g","6932511226270",""
5397,2,"لوشن واقي من الشمس من ديسار- 50جرام","6932511226270",""
5398,1,"NanoBeauty Fruit Extract Moisturizing Hand Cream - 50g","6926919504719",""
5398,2,"كريم نانو  مرطب اليدين بخلاصة الفواكه من نانوبيوتي 50جم","6926919504719",""
5399,1,"Fine Baby Junior Diapers +16 Sleeves, Size (6), Number of Pieces (36)","6251001263534",""
5399,2,"حفاضات فاين بيبي  جونيور  +16كم  مقاس (6) عدد القطع( 36 )","6251001263534",""
5400,1,"Fine Baby Diapers Junior, Size 3 (Medium), 4-9 kg, 52 Pieces","6251001272178",""
5400,2,"حفاضات فاين بيبي  جونيور  من 4 الى 9 كم وسط  مقاس (3) عدد القطع( 52 )","6251001272178",""
5403,1,"Fine Baby Junior Diapers Box, Size 5 (Maxi), 11-18 kg, 80 Pieces","6294018806172",""
5403,2,"صندوق حفاضات فاين بيبي  جونيور من 11 الى 18 كم ماكسي مقاس (5) عدد القطع( 80 )","6294018806172",""
5404,1,"Fine Baby Junior Diapers Box, Size 4 Large (7-14 kg), 96 Pieces","6251001307344",""
5404,2,"صندوق حفاضات فاين بيبي  جونيورمن 7 الى 14كم مقاس (4) كبير عدد القطع( 96 )","6251001307344",""
5451,1,"J.Castal Liquid Lipstick No. 212 - LIP GLOSS","6978416361821",""
5451,2,"احمر شفاه سائل رقم212 من جي كاستال LIP GLOSS","6978416361821",""
5452,1,"J.Castal Liquid Lipstick No. 208 - LIP GLOSS","6971977502689",""
5452,2,"احمر شفاه سائل رقم208 من جي كاستال LIP GLOSS","6971977502689",""
5453,1,"J.Castal Liquid Lipstick No. 220 - LIP GLOSS","6971977500159",""
5453,2,"احمر شفاه سائل رقم220من جي كاستال LIP GLOSS","6971977500159",""
5454,1,"J.Castal Liquid Lipstick No. 206 - LIP GLOSS","6978416361791",""
5454,2,"احمر شفاه سائل رقم206 من جي كاستال LIP GLOSS","6978416361791",""
5455,1,"J.Castal Liquid Lipstick No. 221 - LIP GLOSS","6971977500159",""
5455,2,"احمر شفاه سائل رقم221 من جي كاستال LIP GLOSS","6971977500159",""
5456,1,"G.Castal Liquid Lipstick No. 218 - LIP GLOSS","6971977500159",""
5456,2,"احمر شفاه سائل رقم218 من جي كاستال LIP GLOSS","6971977500159",""
5457,1,"J.Castal Liquid Lipstick No. 219 - LIP GLOSS","6978416361876",""
5457,2,"احمر شفاه سائل رقم219 من جي كاستال LIP GLOSS","6978416361876",""
5458,1,"G.Castal Liquid Lipstick LIP GLOSS - Shade 209","6971977500159",""
5458,2,"احمر شفاه سائل رقم209من جي كاستال LIP GLOSS","6971977500159",""
5459,1,"G.Castal Liquid Lipstick No. 203 - LIP GLOSS","6978416361777",""
5459,2,"احمر شفاه سائل رقم203 من جي كاستال  LIP GLOSS","6978416361777",""
5460,1,"J.Castal Liquid Lipstick No. 211 LIP GLOSS","6978416361814",""
5460,2,"احمر شفاه سائل رقم211 من جي كاستال LIP GLOSS","6978416361814",""
5461,1,"G.Castal Liquid Lipstick No. 215 - LIP GLOSS","6971977500159",""
5461,2,"احمر شفاه سائل رقم215من جي كاستال LIP GLOSS","6971977500159",""
5462,1,"J.Castal Liquid Lipstick No. 207 - LIP GLOSS","6927102103290",""
5462,2,"احمر شفاه سائل رقم207 من جي كاستال LIP GLOSS","6927102103290",""
5465,1,"Eveline Liquid Lipstick - Shade No. 13","6927874812925",""
5465,2,"احمر شفاه سائل من  ايفيلين رقم (13)","6927874812925",""
5466,1,"Eveline Liquid Lipstick - Shade No. 12","6927874812925",""
5466,2,"احمر شفاه سائل من  ايفيلين رقم (12)","6927874812925",""
5467,1,"Eveline Liquid Lipstick - Shade No. 25","6927874812925",""
5467,2,"احمر شفاه سائل من  ايفيلين رقم (25)","6927874812925",""
5468,1,"Eveline Liquid Lipstick - Shade (24)","6927874812925",""
5468,2,"احمر شفاه سائل من  ايفيلين رقم (24)","6927874812925",""
5469,1,"Eveline Liquid Lipstick No. (33)","6927874812925",""
5469,2,"احمر شفاه سائل من  ايفيلين رقم (33)","6927874812925",""
5470,1,"Eveline Liquid Lipstick - Shade No. (32)","6927874812925",""
5470,2,"احمر شفاه سائل من  ايفيلين رقم (32)","6927874812925",""
5471,1,"Eveline Liquid Lipstick - Shade (01)","6927874812925",""
5471,2,"احمر شفاه سائل من  ايفيلين رقم (01)","6927874812925",""
5472,1,"Eveline Liquid Lipstick - Shade (02)","6927874812925",""
5472,2,"احمر شفاه سائل من  ايفيلين رقم (02)","6927874812925",""
5473,1,"Eveline Liquid Lipstick - Shade No. 20","6927874812925",""
5473,2,"احمر شفاه سائل من  ايفيلين رقم (20)","6927874812925",""
5474,1,"Eveline Liquid Lipstick - Shade No. 21","6927874812925",""
5474,2,"احمر شفاه سائل من  ايفيلين رقم (21)","6927874812925",""
5475,1,"Eveline Liquid Lipstick No. (27)","6927874812925",""
5475,2,"احمر شفاه سائل من  ايفيلين رقم (27)","6927874812925",""
5476,1,"Eveline Liquid Lipstick - Shade No. 26","6927874812925",""
5476,2,"احمر شفاه سائل من  ايفيلين رقم (26)","6927874812925",""
5477,1,"Eveline Lip Tint & Stain No. (03)","6927874817173",""
5477,2,"تنت مورد شفاه  ايفيلين رقم (03)","6927874817173",""
5478,1,"Eveline Liquid Lipstick - Shade No. 16","6927874812925",""
5478,2,"احمر شفاه سائل من  ايفيلين رقم (16)","6927874812925",""
5479,1,"Eveline Liquid Lipstick No. (17)","6927874812925",""
5479,2,"احمر شفاه سائل من  ايفيلين رقم (17)","6927874812925",""
5480,1,"Eveline Liquid Lipstick - Shade No. 28","6927874812925",""
5480,2,"احمر شفاه سائل من  ايفيلين رقم (28)","6927874812925",""
5481,1,"Eveline Liquid Lipstick - Shade No. 29","6927874812925",""
5481,2,"احمر شفاه سائل من  ايفيلين رقم (29)","6927874812925",""
5482,1,"Eveline Liquid Lipstick - Shade (34)","6927874812925",""
5482,2,"احمر شفاه سائل من  ايفيلين رقم (34)","6927874812925",""
5483,1,"Eveline Liquid Lipstick - Shade No. 35","6927874812925",""
5483,2,"احمر شفاه سائل من  ايفيلين رقم (35)","6927874812925",""
5484,1,"Eveline Liquid Lipstick - Shade (03)","6927874812925",""
5484,2,"احمر شفاه سائل من  ايفيلين رقم (03)","6927874812925",""
5485,1,"Eveline Liquid Lipstick - Shade No. 05","6927874812925",""
5485,2,"احمر شفاه سائل من  ايفيلين رقم (05)","6927874812925",""
5486,1,"Eveline Liquid Lipstick No. 18","6927874812925",""
5486,2,"احمر شفاه سائل من  ايفيلين رقم (18)","6927874812925",""
5487,1,"Eveline Liquid Lipstick - Shade No. 19","6927874812925",""
5487,2,"احمر شفاه سائل من  ايفيلين رقم (19)","6927874812925",""
5488,1,"Eveline Liquid Lipstick - Shade No. 10","6927874812925",""
5488,2,"احمر شفاه سائل من  ايفيلين رقم (10)","6927874812925",""
5489,1,"Eveline Liquid Lipstick - Shade No. 11","6927874812925",""
5489,2,"احمر شفاه سائل من  ايفيلين رقم (11)","6927874812925",""
5490,1,"Eveline Liquid Lipstick - Shade (06)","6927874812925",""
5490,2,"احمر شفاه سائل من  ايفيلين رقم (06)","6927874812925",""
5491,1,"Eveline Liquid Lipstick - Shade No. 22","6927874812925",""
5491,2,"احمر شفاه سائل من  ايفيلين رقم (22)","6927874812925",""
5492,1,"Eveline Liquid Lipstick - Shade No. 23","6927874812925",""
5492,2,"احمر شفاه سائل من  ايفيلين رقم (23)","6927874812925",""
5494,1,"Essence Gel Nail Colour - Shade 44, 8ml","4059729349194",""
5494,2,"طلاء أظافر  جل- درجة لون  44 من ايسنس 8مل","4059729349194",""
5495,1,"Essence Gel Nail Colour - Shade 37, 8ml","4059729349125",""
5495,2,"طلاء أظافر  جل- درجة لون  37 من ايسنس 8مل","4059729349125",""
5496,1,"Essence Gel Nail Colour - Shade 01, 8ml","4059729422439",""
5496,2,"طلاء أظافر  جل- درجة لون  01من ايسنس 8مل","4059729422439",""
5497,1,"Essence Gel Nail Colour - Shade 29, 8ml","4059729349002",""
5497,2,"طلاء أظافر  جل- درجة لون  29 من ايسنس 8مل","4059729349002",""
5498,1,"Nail polish - shade 58 from Essence, 8 ml","4059729409591",""
5498,2,"طلاء أظافر  جل- درجة لون  58 من ايسنس 8مل","4059729409591",""
5499,1,"Essence Gel Nail Colour - Shade 57, 8ml","4059729409553",""
5499,2,"طلاء أظافر  جل- درجة لون  57من ايسنس 8مل","4059729409553",""
5500,1,"Essence Gel Nail Colour - Shade 59, 8ml","4059729422262",""
5500,2,"طلاء أظافر  جل- درجة لون  59من ايسنس 8مل","4059729422262",""
5501,1,"Essence Gel Nail Colour - Shade 12, 8ml","4059729348838",""
5501,2,"طلاء أظافر  جل- درجة لون  12من ايسنس 8مل","4059729348838",""
5502,1,"Essence Gel Nail Colour - Shade 46, 8ml","4059729349217",""
5502,2,"طلاء أظافر  جل- درجة لون  46 من ايسنس 8مل","4059729349217",""
5503,1,"Essence Gel Nail Colour - Shade 40, 8ml","4059729349156",""
5503,2,"طلاء أظافر  جل- درجة لون  40من ايسنس 8مل","4059729349156",""
5504,1,"Essence Gel Nail Colour - Shade 39, 8ml","4059729349149",""
5504,2,"طلاء أظافر  جل- درجة لون  39 من ايسنس 8مل","4059729349149",""
5505,1,"Essence Gel Nail Colour - Shade 38, 8ml","4059729349132",""
5505,2,"طلاء أظافر  جل- درجة لون  38 من ايسنس 8مل","4059729349132",""
5506,1,"Essence Gel Nail Colour - Shade 47, 8ml","4059729349224",""
5506,2,"طلاء أظافر  جل- درجة لون  47من ايسنس 8مل","4059729349224",""
5507,1,"Essence Gel Nail Colour - Shade 08, 8ml","4059729348791",""
5507,2,"طلاء أظافر  جل- درجة لون  08 من ايسنس 8مل","4059729348791",""
5508,1,"Essence Gel Nail Colour - Shade 14, 8ml","4059729348852",""
5508,2,"طلاء أظافر  جل- درجة لون  14من ايسنس 8مل","4059729348852",""
5509,1,"Essence Gel Nail Colour - Shade 62, 8ml","4059729422194",""
5509,2,"طلاء أظافر  جل- درجة لون  62من ايسنس 8مل","4059729422194",""
5510,1,"Essence Gel Nail Colour - Shade 51, 8ml","4059729409027",""
5510,2,"طلاء أظافر  جل- درجة لون  51من ايسنس 8مل","4059729409027",""
5511,1,"Essence Gel Nail Colour - Shade 01, 8ml","4059729422439",""
5511,2,"طلاء أظافر  جل- درجة لون  01 من ايسنس 8مل","4059729422439",""
5512,1,"Essence Gel Nail Colour - Shade 001, 8ml","4059729422279",""
5512,2,"طلاء أظافر  جل- درجة لون  001 من ايسنس 8مل","4059729422279",""
5513,1,"Essence Gel Nail Colour - Shade 05, 8ml","4059729348760",""
5513,2,"طلاء أظافر  جل- درجة لون  05 من ايسنس 8مل","4059729348760",""
5514,1,"Essence Nail Strengthening Gel 8ml","4059729408860",""
5514,2,"جل مقوي اظافر من ايسنس 8مل","4059729408860",""
5515,1,"Essence Nail Gloss & Strengthener Gel - 8ml","4059729384584",""
5515,2,"جل ملمع و مقوي اظافر من ايسنس 8مل","4059729384584",""
5516,1,"Essence Gel Nail Colour - 8ml","4059729349279",""
5516,2,"طلاء أظافر  جل- درجة لون  من ايسنس 8مل","4059729349279",""
5517,1,"G.Castal Liquid Lipstick No. 221","6927874817173",""
5517,2,"احمر شفاه سائل رقم221 من جي كاستال","6927874817173",""
5518,1,"Eveline Lip Tint - Shade No. (04)","6927874817173",""
5518,2,"تنت مورد شفاه  ايفيلين رقم (04)","6927874817173",""
5519,1,"Eveline White Liquid Eyeliner","6927874817098",""
5519,2,"كحل سائل اببيض من ايفيلين","6927874817098",""
5520,1,"Eveline Black Liquid Eyeliner","6927874801967",""
5520,2,"كحل سائل اسود من ايفيلين","6927874801967",""
5521,1,"Foot Deodorant Powder 198g","4806021208410",""
5521,2,"بودرة للروائح الكريهة للقدم 198 جم","4806021208410",""
5522,1,"NWK Lip Tint & Stain","6975774344909",""
5522,2,"تنت مورد شفاه nwk","6975774344909",""
5548,1,"Essence Skin Glow Serum Primer 30ml","4059729360717",""
5548,2,"برايمر سيروم توهج البشره من ايسنس 30مل","4059729360717",""
5549,1,"Essence What The Fake! Plumping Lip Filler - Red","4059729323965",""
5549,2,"فيلر ملمع شفايف احمر  وات ذا فيك من ايسنس","4059729323965",""
5550,1,"Essence What The Fake! Extreme Plumping Lip Filler - 02","4059729422156",""
5550,2,"فلير منفخ شفاه 02 وات ذا فيك من ايسنس","4059729422156",""
5551,1,"Garnier Ultra Doux Hair Nutrition Mask with Olive Oil - 340ml","3600542543132",""
5551,2,"ماسك تغذية الشعر إلترا دوكس من جورنال بزيت الزيتون 340مل","3600542543132",""
5552,1,"Journal Baby Shampoo and Conditioner 2 in 1 Bulkers and Soft Almond Ultra Doux 400ml","3600542511988",""
5552,2,"شامبو وبلسم اطفال 2في 1 بالكرز والوز الناعم إلترا دوكس من جورنال 400مل","3600542511988",""
5553,1,"Energy Armada Blue Hair Styling and Setting Gel - 200ml","6291100278473",""
5553,2,"جل تسريح وتثبيت الشعر ازرق انرجي ارمادا 200مل","6291100278473",""
5554,1,"Energy Armada Hair Styling and Fixing Gel Red - 200 ml","6291100278480",""
5554,2,"جل تسريح وتثبيت الشعر احمر انرجي ارمادا 200 مل","6291100278480",""
5555,1,"Energy Armada Hair Styling and Setting Gel Green - 200ml","6291100278466",""
5555,2,"جل تسريح وتثبيت الشعر اخضر انرجي ارمادا 200مل","6291100278466",""
5556,1,"NIVEA Body Lotion for Extra Dry Skin - 400ml","4005808093021",""
5556,2,"لوشن الجسم للبشرة شديدة الجفاف من نيفيا 400مل","4005808093021",""
5557,1,"Garnier Ultra Doux Kids 2-in-1 Shampoo and Conditioner with Rice Cream and Oat Milk - 400ml","3600542512008",""
5557,2,"شامبو وبلسم للأطفال 2في1 بكريم الارز وحليب الشوفان الترا دوكس من جورنر 400مل","3600542512008",""
5558,1,"Johnson's Baby Cologne Morning Dew, Fresh and Gentle Fragrance, 200ml","6291100761616",""
5558,2,"كولونيا ندى الصباح للأطفال منعش ولطيف برائحة مورنينغ ديو من جونسون 200 مل","6291100761616",""
5560,1,"Mane 'n Tail Moisturizing Horse Conditioner for Hair and Scalp, 355 ml","071409543252",""
5560,2,"بلسم الحصان لترطيب الشعر وفروة الراس من ماني ان تيل، 355 مل","071409543252",""
5561,1,"Mane 'n Tail Deep Moisturizing Conditioner for Hair and Scalp, 355 ml","071409744222",""
5561,2,"بلسم الحصان لترطيب الشعر وفروة الراس من ماني ان تيل، 355 مل","071409744222",""
5562,1,"Skin Smoothing Cream 500ml","6291108194102",""
5562,2,"كريم تنعيم البشرة 500 مل","6291108194102",""
5563,1,"NOW Solutions European Clay Powder - Bentonite 312g","733739111029",""
5563,2,"مسحوق الطين الهندي البنتونيت  من ناو 312جم","733739111029",""
5564,1,"Frankincense cream to lighten, unify and tighten the skin, natural collagen from Kuwait Shop, 50 grams","2781214012710",""
5564,2,"كريم اللبان لتفتيح وتوحيد وشد البشره كولاجين طبيعي من كويت شوب 50جرام","2781214012710",""
5565,1,"Nitro Canada Pro-Collagen Oil Replacement for Frizzy Hair Treatment - 300ml","8052086407985",""
5565,2,"بديل الزيت بروكولاجين لمعالجة الشعر المجعد من نيترو كندا 300مل","8052086407985",""
5566,1,"Nitro Canada Pro-Collagen Oil Replacement for Hair Nourishment and Hydration with Protein - 300ml","8052086407978",""
5566,2,"بديل الزيت بروكولاجين لتغذية وترطيب الشعر بالبروتين من نيترو كندا 300مل","8052086407978",""
5567,1,"Advanced Italian Botox Collagen Hair Mask - 1000ml","8032825917982",""
5567,2,"ماسك الشعر المطور بوتكس كولاجين ايطالي 1000 مل","8032825917982",""
5568,1,"Nivea Pearl &amp; Beauty Deodorant Spray for Women, 150ml","4005808837311",""
5568,2,"بخاخ مزيل عرق بيرل اند بيوتي من نيفيا للنساء 150مل","4005808837311",""
5569,1,"Nivea Fresh Cherry Deodorant for Women with Floral and Fruity Scent - 150ml","4005900728241",""
5569,2,"مزيل العرق فريش شيري للنساء برائحة الزهرية والفواكة من نيفيا 150 مل","4005900728241",""
5570,1,"Giovanni Mousse Hair Spray 200ml","8692641048590",""
5570,2,"بخاخ شعر فوم ماليزي من جيوفاني 200 مل","8692641048590",""
5571,1,"Carmex Lip Balm with Sunscreen, Cherry Strawberry Flavor - 3 Pieces (4.25g * 3)","083078009588",""
5571,2,"مرطب شفاة مع واقي شمس بفرولة الكرز ثلاث قطع من كارميكس 4.25*3","083078009588",""
5572,1,"Global Star Herbal Extract Hot Oil Hair Mask - 1.5L","6253504701520",""
5572,2,"قناع حمام زيت ماسك للشعر بخلاصة الاعشاب من جلوبال ستار 1.5 لتر","6253504701520",""
5573,1,"Pro-Collagen Oil Replacement for Hair Loss Treatment with Coconut - 300ml","8052086407992",""
5573,2,"بديل الزيت برو كولاجين لمعالجة تساقط الشعر بجوز الهند 300 مل","8052086407992",""
5574,1,"Pro-Collagen Oil Replacement for Damaged Hair Treatment with Argan Oil - 300ml","8052086408005",""
5574,2,"بديل الزيت برو كولاجين لمعالجة الشعر التالف بزيت الأرغان 300 مل","8052086408005",""
5575,1,"Vagisil Daily Intimate Wash for Women - 354 ml","011509060334",""
5575,2,"غسول نساء يومي للمناطق الحساسه من فاجيسيل 354 مل","011509060334",""
5576,1,"Lipikar Fluid Body Cream for Normal to Dry Skin - 400ml","3337872420597",""
5576,2,"كريم الجسم السائل ليبيكار للبشره العادية والجافة 400 مل","3337872420597",""
5577,1,"Parodontax Complete Protection Toothpaste to Help Stop Bleeding Gums - 75ml","6805699957178",""
5577,2,"معجون اسنان بارودونتكس حمابة متكامل وتوقف نزيف اللثة 75 مل","6805699957178",""
5579,1,"Kuwait Shop Dehn Al Oudh Scented Soap 100g","2781214011843",""
5579,2,"صابون كويت شوب بعطر دهن العود 100 جرام","2781214011843",""
5580,1,"Kuwait Shop Musk Soap for Skin Brightening and Cleansing - 100g","2781214011805",""
5580,2,"صابون المسك كويت شوب لتفتيح البشرة وتنظيفها 100 جرام","2781214011805",""
5581,1,"Sensodyne Gentle Toothbrush","8681291000478",""
5581,2,"فرشاة أسنان هزلي سنسوداين","8681291000478",""
5582,1,"Sensodyne Toothbrush","8016825970611",""
5582,2,"فرشاة أسنان سنسوداين","8016825970611",""
5583,1,"Pure Soft Cotton Pads for Makeup Removal - 80 Pieces","6955050926845",""
5583,2,"اقراص قطنية نقية ناعمة لإزالة المكياج 80 قطعه","6955050926845",""
5584,1,"Kuwait Shop Moroccan Indigo Soap for Body Fat Removal and Skin Tone Evening - 450g","2781214025000",""
5584,2,"صابون النيله المغربيه ازلة دهون الجسم وتوحيد لون البشره من كويت شوب 450 جرام","2781214025000",""
5585,1,"Intimate Wash Deodorizing - 240 ml","6287024280807",""
5585,2,"غسول للمناطق الحميمة مزيل للرائحة 240 مل","6287024280807",""
5586,1,"Cute Sugar Scrub for Skin with Argan Oil and Prickly Pear Oil - 500g","6287035850433",""
5586,2,"مقشر السكر كيوت للبشرة بزيت الأرجان وزيت التين الشوكي 500 جرام","6287035850433",""
5587,1,"Nail Polish Remover Wet Wipes - 25 Wipes","8680610010044",""
5587,2,"مناديل مبلله مزيل طلاء الأظافر 25 منديل","8680610010044",""
5588,1,"Vaseline Lip Balm - 4.8g","6291105153263",""
5588,2,"مرطب الشفاة من فازلين 4.8 جرام","6291105153263",""
5590,1,"Max Elegance Lip Gloss 01","6972780215940",""
5590,2,"ملمع شفاه ماكس اليجانس 01","6972780215940",""
5591,1,"Max Elegance Lip Gloss 02","6972780215940",""
5591,2,"ملمع شفاه ماكس اليجانس 02","6972780215940",""
5592,1,"Max Elegance Lip Gloss 05","6972780215940",""
5592,2,"ملمع شفاه ماكس اليجانس 05","6972780215940",""
5593,1,"Max Elegance Lip Gloss 06","6972780215940",""
5593,2,"ملمع شفاه ماكس اليجانس 06","6972780215940",""
5594,1,"Max Elegance Lip Gloss 04","6972780215940",""
5594,2,"ملمع شفاه ماكس اليجانس 04","6972780215940",""
5595,1,"Max Elegance Lip Gloss 03","6972780215940",""
5595,2,"ملمع شفاه ماكس اليجانس 03","6972780215940",""
5596,1,"Carven C'est Paris for Women - Eau de Parfum, 100ml","3355991225138",""
5596,2,"عطر سي باريس للنساء أو دو بارفان  كارفن  100 مل","3355991225138",""
5599,1,"La Interdit Eau de Parfum by Givenchy 80ml","3274872372153",""
5599,2,"عطر لا انترديت او دو بارفيوم  من جيفنشي   80مل","3274872372153",""
5600,1,"Y perfume by Yves Saint Laurent - Eau de Parfum 90 ml","3614272050358",""
5600,2,"عطر واي من ايف سان لوران – أو دي بارفيوم  90 مل","3614272050358",""
5601,1,"Paradiso Azzurro - Eau de Parfum by Roberto Cavalli 75ml","3614220940991",""
5601,2,"عطر  باراديسو أزورو - او دو بارفيوم من روبرتو كافالي 75مل","3614220940991",""
5602,1,"Paradiso - Eau de Parfum by Roberto Cavalli 75ml","3607347733508",""
5602,2,"عطر  باراديسو  - او دو بارفيوم من روبرتو كافالي 75مل","3607347733508",""
5603,1,"Eau de Parfum by Roberto Cavalli 75ml","3607345730738",""
5603,2,"عطر او دو بارفيوم من روبرتو كافالي 75مل","3607345730738",""
5605,1,"Paradiso Assoluto Red - Eau de Parfum by Roberto Cavalli 75ml","3614222793496",""
5605,2,"عطر  باراديسو اسولوتو الاحمر- او دو بارفيوم من روبرتو كافالي 75مل","3614222793496",""
5606,1,"Dior Sauvage Eau de Toilette for Men - 100ml","3348901471534",""
5606,2,"عطر سوفاج  او دو تواليت من ديور للرجال 100مل","3348901471534",""
5607,1,"My Dynasty Princess Eau de Parfum by Princess Marina de Bourbon 100ml","3494802020033",""
5607,2,"عطر ماي داينستي برينسيس او دو بارفان من ‎برينسيس مارينا دي بوربون 100مل","3494802020033",""
5609,1,"Narciso Crystal Musk - Eau de Parfum by Narciso Rodriguez for Women, 90ml","3423222055639",""
5609,2,"عطر نارسيسو كريستال مسك - او دي بارفيوم من نارسيسو رودريغز للنساء  90مل","3423222055639",""
5610,1,"Narciso Ambre - Eau de Parfum by Narciso Rodriguez for Women 90ml","3423473053958",""
5610,2,"عطر نارسيسو عمبر - او دي بارفيوم من نارسيسو رودريغز للنساء  90مل","3423473053958",""
5611,1,"Narciso Rouge - Eau de Parfum by Narciso Rodriguez for Women 90ml","3423478844858",""
5611,2,"عطر نارسيسو روج- او دي بارفيوم من نارسيسو رودريغز للنساء  90مل","3423478844858",""
5613,1,"Scandal Jean Paul Gaultier Eau de Parfum 80 ml","8435415059060",""
5613,2,"عطر او دي بارفان سكاندال من جان بول غوتييه 80 مل","8435415059060",""
5614,1,"Scandal Night Eau de Parfum by Jean Paul Gaultier 80 ml","8435415070386",""
5614,2,"عطر او دي بارفان سكاندال نايت من جان بول غوتييه 80 مل","8435415070386",""
5615,1,"So Scandal Eau de Parfum by Jean Paul Gaultier 80 ml","8435415058346",""
5615,2,"عطر او دي بارفان سو سكاندال من جان بول غوتييه 80 مل","8435415058346",""
5616,1,"Carolina Herrera 212 VIP Rosé Eau de Parfum - 80ml","8411061777176",""
5616,2,"عطر  في اي بي روز او دي بارفان  من  كارولينا هيريرا 212   80 مل","8411061777176",""
5617,1,"VIP perfume for men Eau de Toilette by Carolina Herrera 212 100 ml","8411061723760",""
5617,2,"عطر في اي بي  للرجال او دي تواليت من  كارولينا هيريرا 212   100 مل","8411061723760",""
5619,1,"NYC perfume for men Eau de Toilette by Carolina Herrera 212 100 ml","8411061853160",""
5619,2,"عطر NYC للرجال او دي تواليت من  كارولينا هيريرا 212   100 مل","8411061853160",""
5620,1,"Sexy Eau de Parfum by Carolina Herrera 212 100 ml","8411061865439",""
5620,2,"عطر سكسي  او دي بارفان  من  كارولينا هيريرا 212   100 مل","8411061865439",""
5621,1,"VIP Eau de Parfum by Carolina Herrera 212 80 ml","8411061711767",""
5621,2,"عطر  في اي بي او دي بارفان  من  كارولينا هيريرا 212   80 مل","8411061711767",""
5622,1,"VIP Black Eau de Parfum by Carolina Herrera 212 100 ml","8411061043844",""
5622,2,"عطر  في اي بي بلاك او دي بارفان  من  كارولينا هيريرا 212   100 مل","8411061043844",""
5623,1,"Pasha de Cartier Edition Noir Eau de Toilette by Cartier 100 ml","3432240505125",""
5623,2,"عطر  باشا  الذهبي دي كارتير  ايديشن نوار  او دو تواليت  من  كارتير   100 مل","3432240505125",""
5624,1,"Guess Man Eau de Toilette, 75 ml","085715320711",""
5624,2,"عطر أو دو تواليت من  جيس مان، 75 مل","085715320711",""
5625,1,"Guess Seductive Homme Noir Eau de Toilette for Men, 100 ml","085715320377",""
5625,2,"عطر سيداكتيف هوم نوير أو دو تواليت من  جيس مان، 100 مل","085715320377",""
5626,1,"By Marciano Eau de Toilette by Guess Man, 100 ml","085715321305",""
5626,2,"عطر   باي مارسيانو أو دو تواليت من  جيس مان، 100 مل","085715321305",""
5627,1,"Guess Pink for Women Eau de Parfum, 75 ml","085715320513",""
5627,2,"العطر الوردي للنساء او دي بارفان من  جيس ، 75 مل","085715320513",""
5628,1,"Seductive perfume for women, Eau de Toilette by Guess, 75 ml","085715320117",""
5628,2,"عطر سدكتيف للنساء أو دو تواليت من  جيس ، 75 مل","085715320117",""
5629,1,"Pasha Black de Cartier Edition Noir Eau de Toilette by Cartier 100 ml","3432240506252",""
5629,2,"عطر  باشا  الاسود دي كارتير  ايديشن نوار  او دو تواليت  من  كارتير   100 مل","3432240506252",""
5630,1,"Cartier Baiser Vole for Women - Eau de Parfum, 100ml","3432240026750",""
5630,2,"عطر   بايسير فولي للنساء  او دو بارفيوم  من  كارتير   100 مل","3432240026750",""
5631,1,"La Panthere Edition for Women Eau de Parfum by Cartier 75 ml","3432240031921",""
5631,2,"العطر الزهري لا بانثر  أديشن للنساء  او دو بارفيوم  من  كارتير   75 مل","3432240031921",""
5632,1,"La Panthere Limited Edition for Women Eau de Parfum by Cartier 75 ml","3432240502605",""
5632,2,"العطر الذهبي لا بانثر ليمتد أديشن للنساء  او دو بارفيوم  من  كارتير   75 مل","3432240502605",""
5633,1,"Lady Eau de Parfum by Korloff Paris 88 ml","3392865441201",""
5633,2,"عطر ليدي  او دو بارفيوم  من  كورلوف باريس   88 مل","3392865441201",""
5634,1,"In White perfume for men Eau de Toilette by Korloff Paris 88 ml","3392865441249",""
5634,2,"عطر ان وايت للرجال  او دي تواليت من  كورلوف باريس   88 مل","3392865441249",""
5635,1,"Korloff Paris Royal Oud Unisex Eau de Parfum - 88 ml","3760251870179",""
5635,2,"عطر رويال عود للجنسين  او دو بارفيوم  من  كورلوف باريس   88 مل","3760251870179",""
5636,1,"Labelle Eau de Parfum by Jean Paul Gaultier 100 ml","8435415017244",""
5636,2,"عطر لابيل  او دو بارفيوم  من جين بول جوتييه  100 مل","8435415017244",""
5637,1,"La Belle Eau de Parfum, the new formula by Jean Paul Gaultier, 100 ml","8435415049542",""
5637,2,"عطر لابيل  او دو بارفيوم الصيغة الجديدة من جين بول جوتييه  100 مل","8435415049542",""
5638,1,"Symbol Lady Eau de Parfum by Princess Marina de Bourbon 100 ml","3494802120030",""
5638,2,"عطر سيمبول ليدي او دو بارفيوم  من برينسيس مارينا دي بوربون  100 مل","3494802120030",""
5639,1,"Monsieur Le Prince Elegant Eau de Parfum by Princess Marina de Bourbon 100 ml","3494800710035",""
5639,2,"عطر مونسيور لو برنس اليجانت او دو بارفيوم  من برينسيس مارينا دي بوربون  100 مل","3494800710035",""
5640,1,"Tendre Reference Eau de Parfum by Princess Marina de Bourbon 100 ml","3494800014034",""
5640,2,"عطر  تيندري ريفرينس او دو بارفيوم  من برينسيس مارينا دي بوربون  100 مل","3494800014034",""
5641,1,"Monsieur Le Prince Intense Eau de Parfum by Princesse Marina de Bourbon 100ml","3494800610038",""
5641,2,"عطر مونسيور لو برنس انتنس او دو بارفيوم  من برينسيس مارينا دي بوربون  100 مل","3494800610038",""
5642,1,"Sebionex Hydra Moisturizing Cream - 40 ml","3760095252315",""
5642,2,"كريم الإصلاح سيبيونيكس هايدرا خالي من العطور من اي سي ام , 40 مل","3760095252315",""
5643,1,"Glysolid Moisturizing Cream 175 ml","4000196910691",""
5643,2,"كريم مرطب جليسوليد 175 مل","4000196910691",""
5644,1,"Humana Infant Milk Formula Stage 1 (0-6 Months) - 600g","4031244751492",""
5644,2,"حليب للرضع من عمر الولادة إلى 6 أشهر من هيومانا 1600جم","4031244751492",""
5645,1,"Humana Follow-On Formula Milk for 6 to 12 Months - 1600g","4031244751508",""
5645,2,"حليب لمتابعة الرضاعة من عمر 6 الى 12شهر من هيومانا 1600جم","4031244751508",""
5646,1,"Nuralac Plus Growing-Up Milk Stage 3, 1 to 3 Years - 900g","6281007034180",""
5646,2,"حليب اطفال نيورالاك بلص في طور النمو من 1 الى 3 سنوات 900جم","6281007034180",""
5648,1,"Nuralac Plus Growing-Up Baby Milk Stage 3 (1 to 3 Years) - 1.7kg","6281007041874",""
5648,2,"حليب اطفال نيورالاك بلص في طور النمو من 1 الى 3 سنوات 1.7كم","6281007041874",""
5649,1,"Keratin protein shampoo for damaged and curly hair Concept 500 ml","8032825919191",""
5649,2,"شامبو بروتين كيراتين للشعر التالف والمجعد كونسبت 500مل","8032825919191",""
5650,1,"Zero Protein and Keratin Hair Mask - 1000g","8032825917999",""
5650,2,"ماسك الشعر بالبروتين والكيراتين من زيرو 1000جرام","8032825917999",""
5651,1,"Palma Pure Natural Petroleum Jelly for Skin Care - 1000 ml","6280445771008",""
5651,2,"جل فازلين طبيعي نقي للعناية بالبشرة من بالما 1000 مل","6280445771008",""
5652,1,"Palma Pure Natural Petroleum Jelly for Skin Care - 500ml","6280445777505",""
5652,2,"جل فازلين طبيعي نقي للعناية بالبشرة من بالما 500 مل","6280445777505",""
5653,1,"Rosemary shampoo, Kuwait Shop, to soften and thicken hair, 450 ml","2781214403990",""
5653,2,"شامبو إكليل الجبل كويت شوب لتنعيم وتكثيف الشعر 450مل","2781214403990",""
5654,1,"Al-Arousa Aker Fassi Soap Paste - 300g","6253333307634",""
5654,2,"صابونية العكر الفاسي العروسة 300 جرام","6253333307634",""
5655,1,"Rexona Women's Deodorant and Fragrance Spray 200ml","8714100019788",""
5655,2,"بخاخ مزيل العرق ومعطر ريكسونا نسائي 200مل","8714100019788",""
5656,1,"Parachute Coconut Enriched Hair Oil with Aloe Vera - 150ml","8901088080279",""
5656,2,"زيت جوز الهند بالصبار للشعر من باراشوت 150مل","8901088080279",""
5657,1,"Yoko Cracked Heel Cream with Coenzyme Q10 - 50g","8853976005232",""
5657,2,"كريم تشقق كعب القدم من يوكو لانزيم Q10 50 جرام","8853976005232",""
5658,1,"Spa System Magic Blue Gel Socks for Moisturizing and Softening Feet","6786454895334",""
5658,2,"جوارب جل سحرية ازرق لترطيب وتنعيم القدمين من سبا سيستم","6786454895334",""
5659,1,"Eucerin Lip Active Lip Balm 4.8g","4005800631702",""
5659,2,"مرطب شفاه لب اكتف من يويسرين 4.8 جم","4005800631702",""
5661,1,"L'Oréal Paris Hair Color Light Brown 5.0","3600522599319",""
5661,2,"صبغة الشعر لوريال باريس بني فاتح 5.0","3600522599319",""
5662,1,"Carefree daily pads with aloe vera scent, 30 pads","3574660535198",""
5662,2,"فوط يومية كير فري برائحة الصبار 30 فوطة","3574660535198",""
5663,1,"NIVEA Baby Shampoo & Bath for Full Body - 500ml","4005900634788",""
5663,2,"شامبو للاطفال وسائل استحمام لكامل الجسم من نيفيا 500 مل","4005900634788",""
5664,1,"NIVEA Cocoa Butter Body Cream 50ml","42300151",""
5664,2,"كريم الجسم بزبدة الكاكاو من نيفيا 50مل","42300151",""
5665,1,"Lady Speed Stick Satin Flower Deodorant for Men & Women - 65g","5996175232757",""
5665,2,"مزيل العرق ليد اسبيد استيك بزهرة الستان للجنسين 65 غم","5996175232757",""
5667,1,"Mielle Pomegranate & Honey Moisturizing and Detangling Shampoo - 355ml","854102006794",""
5667,2,"شامبو بالرمان والعسل لترطيب وفك التشابك من ميل 355مل","854102006794",""
5668,1,"Mielle Mongongo Oil Thermal & Curl Elixir Spray - 240ml","854102006350",""
5668,2,"بخاخ مونغونجو  يلمع ويثبت الشعر من ميل 240مل","854102006350",""
5669,1,"Pure Beauty Sunscreen Lotion SPF 50+ 200ml","5285001270897",""
5669,2,"لوشن واقي شمس بمعامل حماية 50+ من بيور بيوتي 200مل","5285001270897",""
5670,1,"Mielle Rice Water Moisturizing & Shine Hair Spray - 118ml","850001265263",""
5670,2,"رذاذ ماء الارز لترطيب ولمعان الشعر من ميلي 118مل","850001265263",""
5672,1,"Mielle Organics Rice Water Split End Therapy 59ml","850001265256",""
5672,2,"علاج تقصف الشعر بماء الارز من ميل اورجانيكس 59مل","850001265256",""
5673,1,"Miele Mint Nourishing Conditioner 52ml","850035582572",""
5673,2,"بلسم مغذي الشعر بالنعناع من ميلي 52مل","850035582572",""
5674,1,"Miele Mint Hair Strengthening Shampoo 52ml","850035582565",""
5674,2,"شامبو تقوية الشعر بالنعناع من ميلي 52مل","850035582565",""
5675,1,"De La Cruz Rosemary Oil for Hair Nourishment and Scalp Care - 236ml","024286153984",""
5675,2,"زيت روز ماري يغذي الشعر ويعالج الفروه  من دي لاكروز 236مل","024286153984",""
5676,1,"De La Cruz Vegetable Glycerin Liquid Oil for Hair and Skin - 236ml","324286156801",""
5676,2,"زيت الجلسرين النباتي سائل للشعر والبشرة  من دي لاكروز 236مل","324286156801",""
5677,1,"De La Cruz Natural Pressed Olive Oil for Hair and Skin - 236ml","324286154180",""
5677,2,"زيت الزيتون طبيعي مظغوط للشعر والبشرة من دي لاكروز 236مل","324286154180",""
5678,1,"De La Cruz Vegetable Glycerin Liquid Oil for Hair and Skin - 59ml","324286156009",""
5678,2,"زيت الجلسرين النباتي سائل للشعر والبشرة  من دي لاكروز 59مل","324286156009",""
5679,1,"De La Cruz Natural Pressed Olive Oil for Hair and Skin - 59ml","324286154111",""
5679,2,"زيت الزيتون طبيعي مظغوط للشعر والبشرة من دي لاكروز 59مل","324286154111",""
5680,1,"De La Cruz Grapeseed Oil for Hair and Skin - 59ml","024286157203",""
5680,2,"زيت بذور العنب المعصور للشعر والبشرة  من دي لاكروز 59مل","024286157203",""
5681,1,"De La Cruz Jojoba Oil for Hair and Skin - 59ml","024286157029",""
5681,2,"زيت جوجوبا للشعر والبشرة  من دي لاكروز 59مل","024286157029",""
5682,1,"De La Cruz Aceite Dul Hair Oil 118ml","324286154449",""
5682,2,"زيت الدب اسيت دول للشعر من دي لاكروز 118مل","324286154449",""
5683,1,"De La Cruz Vitamin E Oil for Hair and Skin - 30ml","024286155100",""
5683,2,"زيت فيتمين اي  للشعر والبشرة  من دي لاكروز 30مل","024286155100",""
5684,1,"De La Cruz Vitamin E Oil for Hair, Skin, and Face - 65ml","024286155308",""
5684,2,"زيت فيتمين اي  للشعر والبشرة والوجة من دي لاكروز 65مل","024286155308",""
5685,1,"Jardin Oleane Moroccan Bath Set with Rose Scent","745114421210",""
5685,2,"المجموعة المغربيه للحمام برائحة الورد من جاردن اوليان","745114421210",""
5686,1,"Moroccan Bath Set with Aker Fassi: Moroccan Soap, Ghassoul Mask, and Loofah by Jardin Oleane","745178721554",""
5686,2,"المجموعة المغربيه للحمام بالعكر الفاسي مكون من صابون مغربي وماسك لاغون وليفه من جاردن اوليان","745178721554",""
5687,1,"Jardin Oleane Moroccan Bath Set with Blue Nila - Includes Soap 80g, Two Masks 100g, and Loofah","745114421739",""
5687,2,"المجموعة المغربيه للحمام بالنيله الزرقاء مكون من صابون 80 جم ووقناعين100جم  وليفه من جاردن اوليان","745114421739",""
5688,1,"Jardin Oleane Rosemary Hair Volumizing Shampoo - 380ml","745178721660",""
5688,2,"شامبو روز ماري لعلاج تكثيف الشعر اكليل الجبل من جاردن اوليان 380مل","745178721660",""
5689,1,"Jardin Oleane Rosemary Oil Hair Strengthening Spray - 250ml","745178722780",""
5689,2,"بخاخ بزيت اكليل الجبل مقوي الشعر من جاردن اوليان 250مل","745178722780",""
5690,1,"Jardin d'Oleane Aloe Vera Water for Face and Body - 250ml","745178722063",""
5690,2,"ماء الألوفيرا للوجه والجسم  من جاردن دي اوليان 250ملش","745178722063",""
5691,1,"Jardin Oleane Coffee Scalp Scrub - 250g","745178721516",""
5691,2,"مقشر فروة الراس بالقهوه من جاردن اوليان 250جرام","745178721516",""
5692,1,"Jardin Oleane Blue Nila Face and Body Scrub Cream - 500ml","745178722988",""
5692,2,"كريم مقشر الوجة والجسم بالنيله الزرقاء من جاردن اوليان 500مل","745178722988",""
5693,1,"Jardin Oleane Coffee Face and Body Scrub Cream - 500ml","745178722995",""
5693,2,"كريم مقشر الوجة والجسم بالقهوه من جاردن اوليان 500مل","745178722995",""
5694,1,"Spa System Magic Purple Gel Socks for Moisturizing and Softening Feet","6786454862954",""
5694,2,"جوارب جل سحرية بنفسجي لترطيب وتنعيم القدمين من سبا سيستم","6786454862954",""
5695,1,"Sacoflex Massage Cream 100g","6286567003218",""
5695,2,"كريم مساج ساكوفليكس 100جرام","6286567003218",""
5696,1,"Beauty System Baby Wet Wipes, Unscented & Alcohol-Free, 100 Wipes","632138145775",""
5696,2,"مناديل اطفال بيوتي سيستم مبلله غير معطرة خالي من الكحول 100منديل","632138145775",""
5697,1,"Pure Water Baby Wipes for Sensitive and Normal Skin - 30 Wipes","6287011273102",""
5697,2,"مناديل اطفال مبلله بالماء النقي للبشرة الحساسه والعادية 30 منديل","6287011273102",""
5698,1,"Cosmo Heel Balm for Dry and Rough Feet - 50ml","6294015130805",""
5698,2,"بلسم كعب كوزمو للاقدام الجافة والخشنه 50مل","6294015130805",""
5699,1,"Heartleaf 77% Soothing Toner for Skin Hydration and Balance - 250ml","8809640731433",""
5699,2,"تونر هارتليف77% لتلطيف وترطيب البشرة وتوازنها 250مل","8809640731433",""
5700,1,"COSRX Lip Refresh Vitamin C Lip Plumper 20g","8809598453401",""
5700,2,"مرطب الشفاة بفيتمين سي من كوزركس 20جرام","8809598453401",""
5701,1,"COSRX Balancium Ceramide Lip Butter Sleeping Mask 20g","8809598453388",""
5701,2,"قناع زبدة الشفاة بالانيسيوم من كوزركس 20غرام","8809598453388",""
5702,1,"COSRX Full Fit Propolis Lip Sleeping Mask 20g","8809598453241",""
5702,2,"قناع للشفاة بالبروبوليس من كوزركس 20غرام","8809598453241",""
5703,1,"Bolver Nail Polish No. 640 - 11 ml","745760015399",""
5703,2,"طلاء أظافر رقم 640 من بوليفير 11 مل","745760015399",""
5704,1,"Bolver Nail Polish No. 710 - 11 ml","794712416999",""
5704,2,"طلاء أظافر رقم 710 من بوليفير 11 مل","794712416999",""
5705,1,"Bolver Nail Polish No. 627 - 11 ml","745760015269",""
5705,2,"طلاء أظافر رقم 627 من بوليفير 11 مل","745760015269",""
5706,1,"Bolver Nail Polish No. 647 - 11 ml","745760015467",""
5706,2,"طلاء أظافر رقم 647 من بوليفير 11 مل","745760015467",""
5707,1,"Boliver Nail Polish No. 602 - 11 ml","745760015016",""
5707,2,"طلاء أظافر رقم 602من بوليفير 11 مل","745760015016",""
5708,1,"Nuralac Follow-on Baby Formula, Stage 2, 6 to 12 Months, 900g","6281007034166",""
5708,2,"حليب اطفال نيورالاك  في طور متابعة النمو  من 6 الى 12 شهر 900جم","6281007034166",""
5709,1,"Fabimilk 2 Follow-on Milk Formula, Cow's Milk-Based, 6-12 Months, 900g","5060083090331",""
5709,2,"حليب اطفال فبي ميلك 2  مشتق من حليب الابقار من 6 الى12شهر 900جم","5060083090331",""
5711,1,"Bolver Nail Polish No. 15-656 - 11 ml","745760857920",""
5711,2,"طلاء أظافر رقم 15-656 من بوليفير 11 مل","745760857920",""
5712,1,"Bolver Nail Polish No. 739 - 11 ml","725765960443",""
5712,2,"طلاء أظافر رقم 739من بوليفير 11 مل","725765960443",""
5713,1,"Bolver Nail Polish No. 729 - 11 ml","725765960368",""
5713,2,"طلاء أظافر رقم 729من بوليفير 11 مل","725765960368",""
5714,1,"Bolver Nail Polish No. 709 - 11 ml","794712416982",""
5714,2,"طلاء أظافر رقم 709من بوليفير 11 مل","794712416982",""
5715,1,"Bolver Nail Polish No. 654 - 11 ml","745760015535",""
5715,2,"طلاء أظافر رقم 654من بوليفير 11 مل","745760015535",""
5716,1,"Bolver Nail Polish No. 619 - 11 ml","745760015184",""
5716,2,"طلاء أظافر رقم 619من بوليفير 11 مل","745760015184",""
5717,1,"Boliver Nail Polish No. 697 - 11 ml","794712416869",""
5717,2,"طلاء أظافر رقم 697من بوليفير 11 مل","794712416869",""
5718,1,"Boliver Nail Polish No. 14-652 - 11 ml","745760857913",""
5718,2,"طلاء أظافر رقم 14-652من بوليفير 11 مل","745760857913",""
5719,1,"Bolver Nail Polish No. 743 - 11 ml","725765960474",""
5719,2,"طلاء أظافر رقم 743من بوليفير 11 مل","725765960474",""
5720,1,"Bolver Nail Polish No. 618 - 11 ml","745760015177",""
5720,2,"طلاء أظافر رقم 618من بوليفير 11 مل","745760015177",""
5721,1,"Bolver Nail Polish No. 704 - 11 ml","794712416937",""
5721,2,"طلاء أظافر رقم 704 من بوليفير 11 مل","794712416937",""
5722,1,"Bolver Nail Polish No. 624 - 11 ml","745760015238",""
5722,2,"طلاء أظافر رقم 624من بوليفير 11 مل","745760015238",""
5723,1,"Bolver Nail Polish No. 768 - 11 ml","725765961365",""
5723,2,"طلاء أظافر رقم 768من بوليفير 11 مل","725765961365",""
5724,1,"Bolver Nail Polish No. 631 - 11 ml","745760015306",""
5724,2,"طلاء أظافر رقم 631 من بوليفير 11 مل","745760015306",""
5725,1,"Bolver Nail Polish No. 742 - 11 ml","725765960801",""
5725,2,"طلاء أظافر رقم 742من بوليفير 11 مل","725765960801",""
5726,1,"Fabimilk 3 Baby Milk, Cow's Milk-Based Formula for 1-3 Years - 900g","5060083090355",""
5726,2,"حليب اطفال فبي ميلك 3  مشتق من حليب الابقار من 1 الى3سنوات  900جم","5060083090355",""
5727,1,"Novalac 1 Infant Formula Derived from Cow's Milk, From Birth to 6 Months, 800g","3518070013433",""
5727,2,"حليب اطفال نوفالاك 1 مخصص للرضع مشتق من حليب الابقار من الولادة حتى 6 اشهر 800جم","3518070013433",""
5728,1,"Lovely Touch Eau de Parfum. From Brand G for men. 100 ml","3359374892733",""
5728,2,"عطر لأفلي تاتش  او دي بارفيوم. من برند جي رجالي. 100ملي","3359374892733",""
5729,1,"Lovely Touch Eau de Parfum. From Brand G. Women's 100 ml","3359374892740",""
5729,2,"عطر لأفلي تاتش  او دي بارفيوم. من برند جي . نسائي 100ملي","3359374892740",""
5730,1,"Beauty of Joseon Ginseng Cleansing Oil - 210 ml","8809738315866",""
5730,2,"غسول زيتي بخلاصة الجينسنغ من بيوتي أوف جوسون   210 مل","8809738315866",""
5731,1,"Beauty of Joseon Glow Deep Serum: Rice + Arbutin - 30ml","8809738312728",""
5731,2,"سيروم جلو ديب بخلاصة الأرز + الأربوتين من بيوتي اوف جوسون - 30مل","8809738312728",""
5732,1,"Bourjois Twist Up The Volume Mascara - Ultra Black","3616302737352",""
5732,2,"ماسكرا تويست اب ذا فوليوم من برجوا - الترا بلاك","3616302737352",""
5733,1,"Color Wow Anti-Frizz Spray - 200ml","5060150185274",""
5733,2,"بخاخمعالج  لمقاومة تجعد الشعر من كولور واو - 200مل","5060150185274",""
5734,1,"PFB Vanish Chromabrite Skin Whitening and Peeling Serum 93g","892717001162",""
5734,2,"سيروم تقشير وتفتيح البشرة كرومابرايت من بي اف بي فانش 93جم","892717001162",""
5735,1,"Eveline Lip Tint - Shade (02)","6927874817173",""
5735,2,"تنت مورد شفاه  ايفيلين رقم (02)","6927874817173",""
5736,1,"Eveline Lip Tint No. 01","6927874817173",""
5736,2,"تنت مورد شفاه  ايفيلين رقم (01)","6927874817173",""
5737,1,"Miss Jessie's Grow Strong Mafura Hair Oil 49g","859220001454",""
5737,2,"زيت شعرقرو سترونج مافورا من ميس جيسيس 49جم","859220001454",""
5740,1,"Real Beauty Lip Gloss (Pink Rock)","6975774347139",""
5740,2,"ملمع شفاه ( بينك روك)من ريل بيوتي","6975774347139",""
5741,1,"Sensodyne toothbrush","6805699955129",""
5741,2,"فرشاة أسنان مخصصة لذوي الاسنان الحساسة من سنسوداين","6805699955129",""
5742,1,"Schwarzkopf Got2b Glued Spiking Eyebrow Gel Waterproof - 35g","052336341456",""
5742,2,"جل حواجب جوت تو بي للشعر السبايكي ضد الماء من شوارزكوف - 35 جم","052336341456",""
5743,1,"J. Casanova Sandalwood Body Mist - 235ml","6281056500339",""
5743,2,"معطر جسم برائحة الصندل من جي.كازانوفا 235مل","6281056500339",""
5744,1,"Meet Girlac Fruit Scented Nail Polish Remover","6973926253383",""
5744,2,"مزيل طلاء الاظافر نكهات الفواكة ميت جرلك","6973926253383",""
5745,1,"Johnson's Micellar Makeup Remover Wipes for Dry Skin - 25 Wipes","3574661558912",""
5745,2,"مناديل ميسيلار مزيل مكياج للبشرة الجافة من جونسون   25 منديل","3574661558912",""
5746,1,"Mavala Nail Polish Remover 100ml","7618900911208",""
5746,2,"مزيل طلاء الاظافر مافالا 100مل","7618900911208",""
5747,1,"Professional Cosmetics Protein Shampoo for Hair Repair - 250ml","8435092222139",""
5747,2,"شامبو البروتين لاصلاح الشعر من بروفيشنال كوزماتيك – 250 مل","8435092222139",""
5748,1,"Keratin complex protein conditioner to repair and restore hair 250","8435092213731",""
5748,2,"بلسم الكيراتين المركب بالبروتين لإصلاح وترميم الشعر 250مل","8435092213731",""
5749,1,"La Roche-Posay Effaclar Serum for Acne-Prone Skin 30ml","3337875734837",""
5749,2,"لاروش بوزية سيروم إيفاكلار ألترا الأحماض المركزة لتقشير وإزالة الرؤوس السوداء والبثور وتقليل حجم المسام - 30مل","3337875734837",""
5750,1,"Vichy Liftactiv Supreme Vitamin C Serum for Skin Radiance - 20ml","3337875796583",""
5750,2,"سيروم ليفت أكتيف سوبريم بفيتامين سي لنضارة البشرة  من فيتشي - 20مل","3337875796583",""
5751,1,"La Roche-Posay Pure Niacinamide 10 Serum for Dark Spot Correction 30ml","3337875791885",""
5751,2,"سيروم بيور نياسيناميد 10 لتصحيح البقع الداكنة من لاروش بوساي 30مل","3337875791885",""
5752,1,"Crest 3D White Whitening Strips - 28 Strips","8006540958803",""
5752,2,"شرائط لاصقة 3D لتبيض الاسنان 28 شريط من كرست","8006540958803",""
5753,1,"Johnson's Gentle All-Over Baby Cleaning Wipes 2+1","3574661422381",""
5753,2,"مناديل لتنظيف لطيف لكامل بشرة الطفل من جونسون 2+1","3574661422381",""
5754,1,"L'Oréal Paris Casting Crème Gloss Hair Color - 535 Light Golden Mahogany Brown","3600521230329",""
5754,2,"صبغة شعر كاستينج كريم جلوس-535   لون بني ذهبي فاتح ارجواني من لوريال باريس","3600521230329",""
5755,1,"L'Oreal Paris Casting Crème Gloss Hair Color - 600 Dark Blonde","3600521230350",""
5755,2,"صبغة شعر كاستينج كريم جلوس-600  لون اشقر غامق من لوريال باريس","3600521230350",""
5756,1,"L'Oréal Paris Casting Crème Gloss Hair Color - 550 Light Mahogany Brown","3600521230336",""
5756,2,"صبغة شعر كاستينج كريم جلوس-550   لون بني فاتح ارجواني من لوريال باريس","3600521230336",""
5757,1,"L'Oreal Paris Casting Crème Gloss Hair Color - 630 Golden Light Blonde","3600521230367",""
5757,2,"صبغة شعر كاستينج كريم جلوس-630   لون اشقر فاتح ذهبي من لوريال باريس","3600521230367",""
5758,1,"L'Oréal Paris Casting Crème Gloss Hair Color - 300 Dark Brown","3600521230244",""
5758,2,"صبغة شعر كاستينج كريم جلوس-300  لون بني داكن  من لوريال باريس","3600521230244",""
5759,1,"Papaya and Avocado 8-in-1 Skin Care Soap - 135g","4809010760975",""
5759,2,"صابون الببايا بالافوكادو للبشرة 8قي 1  135جم","4809010760975",""
5760,1,"Papaya 4-in-1 Skin Soap - 135g","4809010760944",""
5760,2,"صابون بابايا  4في 1 للبشرة  135جم","4809010760944",""
5761,1,"Clove Oil for Dental Hygiene and Bad Breath Elimination - 9ml","6280221004702",""
5761,2,"زيت القرنفل لنظافة الأسنان والتخلص من الروائع الكريهة 9مل","6280221004702",""
5762,1,"Mandy Care Frankincense Skin Cream - 75g","6287020820038",""
5762,2,"كريم اللبان لشد لبشرة وتفتيحها من ماندي كير 75جم","6287020820038",""
5763,1,"Olaplex No. 0 Intensive Bond Building Hair Treatment 155ml","896364002923",""
5763,2,"علاج مكثف لبناء الشعر رقم 0 من اولابلكس 155مل","896364002923",""
5764,1,"Rose Berry Vitamin E Skin Oil - 75ml","6930236302651",""
5764,2,"زيت فيتامين E للبشرة  من روز بيري - 75مل","6930236302651",""
5765,1,"Yoko Milk Body Lotion for Moisturizing and Whitening - 400ml","8853976004709",""
5765,2,"لوشن الحليب للجسم للترطيب والتفتيح من يوكو 400مل","8853976004709",""
5767,1,"Ant Oil for Hair Growth Delay - 30ml","6382872746335",""
5767,2,"زيت النمل لتأخير نمو الشعر 30مل","6382872746335",""
5768,1,"Omani Frankincense Face and Body Oil with Dehn El Oud - 30ml","6111742344255",""
5768,2,"زيت لبان الذكر العماني للوجه والبشره بدهن العود 30 مل","6111742344255",""
5769,1,"Peacock Moroccan Soap Protection and Softness Anti-Bacterial 125g","6111024004876",""
5769,2,"صابون الطاووس المغربي حمايه ونعومه مضاد الجراثيم 125غم","6111024004876",""
5771,1,"Taous Moroccan Aloe Vera Soap 125g","6111024008164",""
5771,2,"صابون الطاووس المغربي بالاألوفيرا 125غم","6111024008164",""
5772,1,"Taous Lavender Soap - Natural Freshness and Softness 125g","6111024000052",""
5772,2,"صابون الطاووس بالخزامي انتعاش ونعومه طبيعيه 125غم","6111024000052",""
5773,1,"Authentic Moroccan Taous Moisturizing Soap 125g","6111024004913",""
5773,2,"صابون الطاووس المغربي اصيل المرطب 125غم","6111024004913",""
5775,1,"Snail Extract Skin Whitening Cream 80g","6111742344295",""
5775,2,"كريم مببيض للبشره مستخلص الحلزون 80جم","6111742344295",""
5776,1,"3D White Luxe Dental Floss - 35 Meters","4015600802769",""
5776,2,"خيط تنظيف الاسنان وايت لوكس من ثريدي 35 متر","4015600802769",""
5777,1,"Makeup Brush and Sponge Set","6905958888882",""
5777,2,"فرشاة واسفنج ماكياج","6905958888882",""
5778,1,"Hair Dye Bowl and Brush Set","6956540149736",""
5778,2,"اناء وفرش للصبغه","6956540149736",""
5779,1,"2-Piece Hair Dye Bowl and Brush Set","6900182288880",""
5779,2,"إناء وفرشة صبغه شعر قطعتين","6900182288880",""
5780,1,"Makeup sponge box No. 0596","6905968888889",""
5780,2,"علبة اسفنج مكياج رقم 0596 من ريل بيوتي","6905968888889",""
5782,1,"Kanza Beauty Soap for Skin Whitening with Herbal Extracts - 85g","639072226751",""
5782,2,"صابون الجمال كنزه لتفتيح البشره مع مستخرجات العشبية 85جم","639072226751",""
5783,1,"Saada Beauty Baby Oil Gel - Refreshing Floral Scent 150ml","6932511229844",""
5783,2,"زيت جل للأطفال سعادة بيوتي  برائحة الزهور المنعشه 150مل","6932511229844",""
5784,1,"NIVEA Shea Smooth Body Lotion with Shea Butter for Dry Skin, 250ml","4005808282456",""
5784,2,"لوشن الجسم، شيا سموث ، زبدة الشيا، للبشرة الجافة،من نيڤيا 250 مل","4005808282456",""
5785,1,"Saada Beauty Baby Oil Gel with Shea and Cocoa Butter - 150ml","6932511229868",""
5785,2,"زيت جل للأطفال سعادة بيوتي بزبدة الشياء والكاكو 150مل","6932511229868",""
5786,1,"Nivea Black Carbon Beat Deodorant Spray - 150 ml","4006000053622",""
5786,2,"مزيل عرق بلاك كربون بيت سبراى من نيفيا  150 مل","4006000053622",""
5787,1,"Nivea Deep Black Carbon Espresso Deodorant Spray 150ml","6223005992055",""
5787,2,"مزيل عرق ديب بلاك كربون اسبريسو من نيفيا 150 مل","6223005992055",""
5788,1,"Shea Moisture Jamaican Black Castor Oil Strengthen & Restore Conditioner 444ml","8886467002212",""
5788,2,"بلسم الشعر شيا مويستشر  لأستعادة القوة واللمعان بزيت الخروع الأسود الجمايكي 444مل","8886467002212",""
5789,1,"Dove Men+Care Cool Fresh Roll-On Deodorant - 50ml","93830430",""
5789,2,"مزيل عرق رول اون كول فريش رجالي من دوف 50 مل","93830430",""
5790,1,"Essence Be Fitting Blusher - Shade No. 10","4059729232823",""
5790,2,"بودرة خدود بي فيتينغ من ايسنس رقم 10","4059729232823",""
5791,1,"Essence The Blush - 30 Breathtaking, 5g","4059729232847",""
5791,2,"احمر الخدود ذا بلش وردي من ايسنس، رقم 30   5 غرام","4059729232847",""
5792,1,"Tinted Kiss Essence Lip Tint & Moisturizer with Refreshing Flavors - 107","4059729427441",""
5792,2,"تنت مورد و مرطب للشفايف بنكهات منعشة  من تينتيد كيس ايسنس  107","4059729427441",""
5793,1,"Essence Tinted Kiss Hydrating Lip Tint - 106 Berry Blast","4059729427434",""
5793,2,"ملون شفاه بنكهة التوت مرطب من تينتيد كيس ايسنس  106","4059729427434",""
5794,1,"Essence I Love Flawless Skin Foundation for All Skin Types - Shade 50, 30ml","4059729421784",""
5794,2,"كريم اساس  لكل انواع البشرة اي لوف فلوليس سكين ايسنس رقم 50  30مل","4059729421784",""
5795,1,"Essence Keep It Up! Fixing Spray Transparent - 50ml","4250947564189",""
5795,2,"بخاخ مثبت للمكياج كيب ات اب! شفاف من ايسنس 50مل","4250947564189",""
5796,1,"Pumpkins Essence Pretty Please! Creamy Shadow Eyeliner - 01","4059729388636",""
5796,2,"قلم تحديد عيون بريتي بليز! كريمي شادو من بامبكينز ايسنس  01","4059729388636",""
5797,1,"Essence Eyeliner Pencil - 34 Light Black","4059729337191",""
5797,2,"قلم كحل العيون   اسود لايت من  ايسنس 34","4059729337191",""
5798,1,"Bitter Almond Body Oil - 185ml","6287016070102",""
5798,2,"زيت اللوز المر للجسم 185مل","6287016070102",""
5799,1,"Queen Line Foldable Steam Sauna Machine","6971977507806",""
5799,2,"جهاز ساونا بخار قابل للصفط كوين لاين","6971977507806",""
5802,1,"Shifa Pure Cotton Buds - 200 Pieces","731122735074",""
5802,2,"أعواد أذان قطنية نقية شفا 200 قطعة","731122735074",""
5803,1,"Foot Peeling Mask: Moisturizing and Whitening from RDI - 40g","6932511230017","8809273160143"
5803,2,"قناع تقشير القدمين. ترطيب وتبييض القدمين من ار دي اي 40 جرام","6932511230017","8809273160143"
5804,1,"Sondos Black Seed Oil for Skin and Hair - 100 ml","6217000041369",""
5804,2,"زيت الحبة السوداء للبشرة و الشعر سندس 100 مل","6217000041369",""
5805,1,"Sondos Sweet Almond Oil for Hair - 120ml","62170000413611",""
5805,2,"زيت اللوز الحلو للشعر  سندس -120مل","62170000413611",""
5806,1,"QV Moisturizing and Revitalizing Cream for Dry Skin, 250g","9314839017766",""
5806,2,"كريم لترطيب واستعادة الحيوية للبشرة الجافة من كيوفي، 250 غرام","9314839017766",""
5807,1,"Labello Blackberry Shine Lip Balm - 24h Moisture - 4.8g","4006000005348",""
5807,2,"مرطب شفاه لابيلو بنكهة التوت الاسود ترطيب لمدة 24 ساعة - 4.8 جرام","4006000005348",""
5808,1,"Labello Watermelon Shine Lip Balm - 24h Moisture - 4.8g","4006000005324",""
5808,2,"مرطب شفاه لابيلو بنكهة البطيخ ترطيب لمدة 24 ساعة - 4.8 جرام","4006000005324",""
5809,1,"Labello Strawberry Shine Lip Balm 24h Moisture - 4.8g","4006000005270",""
5809,2,"مرطب شفاه لابيلو بنكهة الفروله ترطيب لمدة 24 ساعة - 4.8 جرام","4006000005270",""
5810,1,"Labello Soft Pink Lip Balm - 24h Moisture - 4.8g","4006000005157",""
5810,2,"مرطب شفاه لابيلو بلون زهري خفيف  ترطيب لمدة 24 ساعة - 4.8 جرام","4006000005157",""
5811,1,"Eveline Liquid Eyeliner - Brown","6927874817081",""
5811,2,"كحل سائل بني من ايفيلين","6927874817081",""
5812,1,"4-in-1 Derma Roller Skin Care Set","6902520170901",""
5812,2,"مجموعة ديرما رولر 4 في 1 للعناية بالبشرة","6902520170901",""
5815,1,"Beauty of Joseon Hydrating Sheet Mask - 25ml","8809525246014",""
5815,2,"قناع مرطب للبشرة  بيوتي اوف جوسون - 25مل","8809525246014",""
5816,1,"Stainless Steel Nail Clipper with Metal Case 4807","1005170048073",""
5816,2,"مقص اضافر مع حافظة معدني مقاوم للصدا  4807","1005170048073",""
5817,1,"Stainless Steel Nail Scissors 4804","1005170048042",""
5817,2,"مقص اضافر معدني مقاوم للصدا 4804","1005170048042",""
5818,1,"Stainless steel nail scissors 4803","1005170048035",""
5818,2,"مقص اضافر معدني مقاوم للصدا 4803","1005170048035",""
5819,1,"Stainless steel nail scissors 4805","1005170048059",""
5819,2,"مقص اضافر معدني مقاوم للصدا 4805","1005170048059",""
5820,1,"J.Castal Long-Wear Waterproof Black Eyeliner Pencil","6978416360046",""
5820,2,"قلم تحديد العيون اسود ثابت ضد الماء من جي كاستال","6978416360046",""
5821,1,"J.Castal Nail Glue - 10g","6971977503136",""
5821,2,"غراء الأظافر من جي كاستال 10 جم","6971977503136",""
5822,1,"Gab Castal White Eyelash Glue - 5g","6971977503150",""
5822,2,"غراء رموش ابيض من جب كاستال 5 جم","6971977503150",""
5823,1,"G.Castal Nail Polish Remover - 70ml","6971977503143",""
5823,2,"مزيل طلاء الاظافر من جي كاستال 70مل","6971977503143",""
5825,1,"Moroccan bath loofah from J. Castale","6971977507783",""
5825,2,"ليفةالاستحمام المغربية من جي كاستال","6971977507783",""
5826,1,"G.Castal Bath Loofah Glove","6978416361333",""
5826,2,"ليفة استحمام قفاز من جي كاستال","6978416361333",""
5827,1,"G.Castal Mesh Bath Loofah - 80g","6978416361340",""
5827,2,"ليفة استحمام شبكية من جي كاستال 80جرام","6978416361340",""
5828,1,"Garnier Color Naturals Cream Ammonia-Free Hair Dye (Deep Black 1.0) - 112 ml","3610340641152",""
5828,2,"صبغة شعر كولور ناتشرلز كريم بدون امونيا ( لون اسود غامق1.0 من جارنير- 112 مل","3610340641152",""
5829,1,"Garnier Color Naturals Crème Ammonia-Free Hair Dye (9.1 Light Ash Blonde) - 112 ml","3610340641930",""
5829,2,"صبغة شعر كولور ناتشرلز كريم بدون امونيا ( لون اشقر فاتح رمادي9.1 من جارنير- 112 مل","3610340641930",""
5830,1,"Garnier Color Naturals Crème Ammonia-Free Hair Color (Intense Red 6.60) - 112 ml","3610340641985",""
5830,2,"صبغة شعر كولور ناتشرلز كريم بدون امونيا ( لون احمر حاد6.60 من جارنير- 112 مل","3610340641985",""
5831,1,"Garnier Color Naturals Crème Hair Dye Without Ammonia (Dark Brown 4.0 - 112 ml)","3610340641183",""
5831,2,"صبغة شعر كولور ناتشرلز كريم بدون امونيا ( لون بني غامق 4.0 من جارنير- 112 مل","3610340641183",""
5832,1,"Garnier Color Naturals Crème Ammonia-Free Hair Color (5.3 Golden Brown) - 112ml","3610340641381",""
5832,2,"صبغة شعر كولور ناتشرلز كريم بدون امونيا ( لون بني ذهبي5.3 من جارنير- 112 مل","3610340641381",""
5833,1,"Garnier Color Naturals Cream Ammonia-Free Hair Dye - 9.0 Very Light Blonde (112ml)","3610340641923",""
5833,2,"صبغة شعر كولور ناتشرلز كريم بدون امونيا ( لوناشقر فاتح 9.0 من جارنير- 112 مل","3610340641923",""
5834,1,"Garnier Color Naturals Cream Ammonia-Free Hair Dye (5.35 Chocolate Brown) - 112 ml","3610340641398",""
5834,2,"صبغة شعر كولور ناتشرلز كريم بدون امونيا ( لون بني شوكولاته 5.35من جارنير- 112 مل","3610340641398",""
5835,1,"Garnier Color Naturals Crème Ammonia-Free Hair Color - 5.0 Radiant Brown (112ml)","3610340641374",""
5835,2,"صبغة شعر كولور ناتشرلز كريم بدون امونيا ( لون بني لامع 5.0 من جارنير- 112 مل","3610340641374",""
5836,1,"Garnier Color Naturals Crème Ammonia-Free Hair Color - 2.0 Black (112ml)","3610340641169",""
5836,2,"صبغة شعر كولور ناتشرلز كريم بدون امونيا ( لون اسود 2.0 من جارنير- 112 مل","3610340641169",""
5837,1,"Garnier Color Naturals Cream Ammonia-Free Hair Dye (4.26 Violet Red) - 112 ml","3610340641961",""
5837,2,"صبغة شعر كولور ناتشرلز كريم بدون امونيا ( احمر بنفسجي 4.26 من جارنير- 112 مل","3610340641961",""
5838,1,"Garnier Color Naturals Crème Ammonia-Free Hair Color - 7.0 Dark Blonde (112ml)","3610340641435",""
5838,2,"صبغة شعر كولور ناتشرلز كريم بدون امونيا ( لون اشقر غامق 7.0 من جارنير- 112 مل","3610340641435",""
5839,1,"Garnier Color Naturals Cream Ammonia-Free Hair Color (7.31 Almond - 112ml)","3610340641817",""
5839,2,"صبغة شعر كولور ناتشرلز كريم بدون امونيا ( لون لوز 7.31 من جارنير- 112 مل","3610340641817",""
5840,1,"Garnier Color Naturals Cream Ammonia-Free Hair Color - 7.1 Dark Ash Blonde, 112ml","3610340641800",""
5840,2,"صبغة شعر كولور ناتشرلز كريم بدون امونيا ( لون اشقر رمادي غامق 7.1 من جارنير- 112 مل","3610340641800",""
5841,1,"Batiste Hint of Color Dry Shampoo for Dark Hair - 200ml","5010724527443",""
5841,2,"شامبو جاف  منعش الشعر مع لمحة من اللون الداكن من باتيست 200مل","5010724527443",""
5842,1,"Private Sanitary Pads with Natural Cotton Softness, Normal Size - 8 Pads","6222022100382",""
5842,2,"فوط صحية بنعومة القطن الطبيعي حجم عادي برايفت  8فوطة","6222022100382",""
5843,1,"ARS electric mosquito killer device","8808394310017",""
5843,2,"جهاز قاتل الناموس الكهربائي ارس","8808394310017",""
5844,1,"Shifa Bud Beauty Cotton Set - 42g","8850014980094",""
5844,2,"مجموعة قطن بود بيوتي من شفاء  42 غرام","8850014980094",""
5845,1,"Shifa Instant Whitening Spray for Face and Body with Collagen - 180 ml","5280270136677",""
5845,2,"بخاخ تفتيح فوري للوجة والجسم بالكولاجين من شفا 180 مل","5280270136677",""
5846,1,"Wadi Al-Nahl Glycerin Oil - 125 ml","6281112009196",""
5846,2,"زيت الجلسرين من وادي النحل 125 مل","6281112009196",""
5847,1,"Mandi Care Moringa Oil - 125 ml","6287020821820",""
5847,2,"زيت المورينجا من  ماندي كير 125 مل","6287020821820",""
5848,1,"Mandi Care Mahlab Shampoo - 400 ml","6287020821424",""
5848,2,"شامبو المحلب من  ماندي كير 400 مل","6287020821424",""
5849,1,"Mandi Care Sidr Water - 250 ml","6287020821882",""
5849,2,"ماء السدر  من ماندي كير - 250 مل","6287020821882",""
5850,1,"Mandy Care Rose Water with Frankincense - 250 ml","6287020821905",""
5850,2,"ماء الورد باللبان الذكر  من ماندي كير - 250 مل","6287020821905",""
5851,1,"Rosemary water from Mandy Care - 250 ml","6287020821967",""
5851,2,"ماء اكليل الجبل من ماندي كير - 250 مل","6287020821967",""
5852,1,"Wax Warmer for Hair Removal","6971072790219",""
5852,2,"جهاز تسخين الشمع لإزالة الشعر","6971072790219",""
5853,1,"Shifa Pure Cotton Swabs - 100 Pieces","731788735067",""
5853,2,"Shifa pure cotton release swabs 100 pieces","731788735067",""
5854,1,"The Ordinary Retinol 0.5% in Squalane - 30ml","769915194012",""
5854,2,"سيروم ريتينول  نقي 0.5.  من ذا اوردينري 30 مل","769915194012",""
5855,1,"Yoko Milk and Yogurt Body Lotion, 400 ml","8853976004969",""
5855,2,"لوشن الجسم بالحليب والزبادي من يوكو، 400 مل","8853976004969",""
5856,1,"RDL Papaya Whitening Hand and Body Lotion, 600 ml","8992803658439",""
5856,2,"لوشن بابايا ار دي ال مبيض لليدين والجسم , 600 مل","8992803658439",""
5857,1,"Beesline Whitening Roll-On Deodorant Cotton Candy 2 x 50ml","5281018567913",""
5857,2,"مزيل الرائحة بيزلاين رول اون غزل البنات للتبييض البشره 2 × 50 مل","5281018567913",""
5858,1,"Deep Hydration Mask for Curly and Coily Hair, High Porosity Deep Conditioner for Hair Strengthening, 11 oz 312g","764302020745",""
5858,2,"قناع ترطيب عميق للشعر المجعد والملتف، بلسم عميق المسامية لتقوية الشعر، 11 اونصة 312جم","764302020745",""
5859,1,"SheaMoisture Coconut & Hibiscus Kids Styling Gel, 12 oz (340 g)","764302017172",""
5859,2,"جل تصفيف الشعر للاطفال بجوز الهند والكركديه من شيا مويستشر، 12 اونصة (340 غرام)","764302017172",""
5860,1,"Eucerin Advanced Repair Leg and Foot Moisturizing Spray, 5 oz (141g)","072140030292",""
5860,2,"بخاخ ترطيب الساق والقدم من ادفانسد ريبير  من يوسرين 5 اونصة 141جم","072140030292",""
5861,1,"Acure Foaming Cleanser & Moisturizer for Dry Skin - 118ml","813424022486",""
5861,2,"غسول اكيور رغوي منظف ومرطب للبشرة الجافة 118مل","813424022486",""
5862,1,"Acure Clear Glow Liquid Moisturizer for Oily, Normal and Acne-Prone Skin 1.75 fl oz, 50 ml","854049002118",""
5862,2,"مرطب سائل  لامع شفاف للبشرة الدهنية والعادية والمعرضة لحب الشباب 1.75 أونصة سائلة، من اكيور 50مل","854049002118",""
5863,1,"Acure Radical Rejuvenating Eye Cream - 30ml","854049002156",""
5863,2,"كريم العين لإعادة النضارة بشكل جذري من اكيور 30 مل","854049002156",""
5864,1,"Yoko Spa Milk Salt Body Scrub with Lavender - 300g","8853976004594",""
5864,2,"ملح يوكو  حمام مقشر الجسم  الحليب باللافندر 300جم","8853976004594",""
5865,1,"Papaya Spa Salt Body Scrub - 300g","8853976004181",""
5865,2,"ملح سبا بالببايا مقشر للجسم - 300 جم","8853976004181",""
5866,1,"CeraVe Micellar Cleansing Water & Eye Makeup Remover - 295ml","3337875597203",""
5866,2,"ماء ميسيلار منظف للبشرة مزيل مكياج العيون  من سيرافي 295مل","3337875597203",""
5867,1,"Yoko Lemon Spa Salt Scrub 300g","8853976005478",""
5867,2,"مقشر ملح سبا بالليمون من يوكو 300جم","8853976005478",""
5868,1,"Yoko Whitening and Moisturizing Knee and Elbow Cream - 50g","8853976004464",""
5868,2,"كريم يوكو مبيض ومرطب للركبة والمرفق 50 جم","8853976004464",""
5869,1,"Cetaphil Daily Facial Cleanser - 8 fl oz (237 ml)","302993927358",""
5869,2,"غسول يومي للوجه بسعة 8 اونصة سائلة من سيتافيل  (237 مل)","302993927358",""
5870,1,"Surrati Rose Water - 270 ml","6281085000015",""
5870,2,"ماء الورد من سوراتي بسعة 270 مل","6281085000015",""
5872,1,"Yoko Whitening and Anti-Wrinkle Day & Night Cream | 50g","8853976004419",""
5872,2,"كريم يوكو تفتيح البشرة المضاد للتجاعيد النهار والليل | 50 جم","8853976004419",""
5873,1,"Nunu Baby Powder, 200g","6281053210880",""
5873,2,"بودرة نونو للأطفال ، 200 جرام","6281053210880",""
5874,1,"Dove Pomegranate and Lemon Verbena Deodorant Stick 40g","079400068354",""
5874,2,"مزيل عرق دوف برائحة الرمان والليمون 40 جم","079400068354",""
5876,1,"Enjoy Nose Cleansing Strips - 6 Strips","6286511000034",""
5876,2,"لصقات لتنظيف الانف من انجوي 6 حبات","6286511000034",""
5877,1,"Scented Feminine Wipes - Cleanses and Deodorizes, 20 Wipes","6939442610055",""
5877,2,"مناديل نسائيه معطرة ينظف ويزيل الروائح 20منديل","6939442610055",""
5879,1,"Hair Removal Wax Beans 100g","1234587675477",""
5879,2,"حبيبات الشمع لازالة الشعر 100جم","1234587675477",""
5880,1,"Elegance Large Hair Mashat","6937619321643",""
5880,2,"مشاط شعر ايلجنس كبير","6937619321643",""
5881,1,"Elegance Blue Razors 5+3","6923033030278",""
5881,2,"شفرات حلاقة ازرق ايلجنس 5+3","6923033030278",""
5882,1,"Elegance Pink Razors 5+3","6923033030285",""
5882,2,"شفرات حلاقة وردي ايلجنس 5+3","6923033030285",""
5883,1,"Elegance Moroccan Bath Loofah","6923033030544",""
5883,2,"ليفة حمام مغربي من ايلجنس","6923033030544",""
5884,1,"Professional Women's Body and Face Razors - Set of 3","1005170029119",""
5884,2,"أمواس نسائية للجسم والوجة من بروفيشنال طقم 3","1005170029119",""
5885,1,"Acne Patches XL - 10 Pieces","8809598453807",""
5885,2,"لصقات حب الشباب اكس لارج - 10 قطع","8809598453807",""
5886,1,"Moisturizing Face Mask - Vitamin E","6973566820617",""
5886,2,"قناع مرطب للوجه - فيتامين E","6973566820617",""
5887,1,"COSRX Advanced Snail Mucin Power Sheet Mask 25ml","8809598452442",""
5887,2,"قناع ورقي بخلاصة الحلزون موسين المطور من كوسركس 25مل","8809598452442",""
5888,1,"Cosrx Acne Clear Vet Master 18 Patches 10ml","8809416471396",""
5888,2,"رقعات كوسركس حب الشباب كلير فيت ماستر 18 لصقات 10 مل","8809416471396",""
5889,1,"Cosrx acne clearing patches 24 patches","8809416470245",""
5889,2,"لاصقات لإزالة حب الشباب من كوسركس 24 رقعة","8809416470245",""
5890,1,"Himalaya Purifying Sheet Mask with Neem and Tea Tree for All Skin Types - 1 Piece","4895175201231",""
5890,2,"قناع ورقي لتنقية جمبع انواع البشرة بخلاصة النيم وشجرة الشاي من هيمالايا - قطعة واحدة","4895175201231",""
5891,1,"COSRX Cica Calming True Sheet Mask - Single Mask","8809598451407",""
5891,2,"قناع نبتة السيكا من كوسركس - قناع واحد","8809598451407",""
5892,1,"Nacific Natural Herb Acne and Blemish Clearing Patches - 18 Patches","8809517461364",""
5892,2,"لصقات الأعشاب الطبيعية لازالة الحبوب والآثار من ناسيفيك 18 لصقة","8809517461364",""
5893,1,"Max Liquid Lip Gloss - 8.5ml","6953100415820",""
5893,2,"ملمع الشفاه روج سائلمن ماكس 8.5مل","6953100415820",""
5894,1,"Max Bath Loofah","6923033030537",""
5894,2,"ليقة استحمام من ماكس","6923033030537",""
5895,1,"Max Elegance Shower Hair Towel Wrap","6900000030776",""
5895,2,"منشفة راس للأستحمام من ماكس ايلجنس","6900000030776",""
5896,1,"Max Elegance Mesh Bath Loofah with Handle","8201909104555",""
5896,2,"ليفة استحمام شبكية مع اليد من ماكس ايليجنس","8201909104555",""
5897,1,"Yolande Beauty Natural Hair Eyelashes - No. 20","6911497820207",""
5897,2,"رموش شعر طبيعي من يولاندبيوتي رقم 20","6911497820207",""
5898,1,"Yolande Beauty Natural Hair Eyelashes - No. 22","6911497820221",""
5898,2,"رموش شعر طبيعي من يولاندبيوتي رقم 22","6911497820221",""
5899,1,"Yolande Beauty Natural Hair Eyelashes - No. 12","6911497820122",""
5899,2,"رموش شعر طبيعي من يولاندبيوتي رقم 12","6911497820122",""
5900,1,"False eyelash formula No. 005","6970600165574",""
5900,2,"تركيبة رموش صناعي رقم 005","6970600165574",""
5901,1,"Max Elegance Natural Black Outer Corner Eyelashes","6901980165403",""
5901,2,"تركيبة رموش طرفية طبيعية اسود من ماكس ايليجنس","6901980165403",""
5902,1,"False Eyelashes No. 02","6970608885603",""
5902,2,"رموش صناعية رقم 02","6970608885603",""
5903,1,"Max Original Eyebrow Care Set - Includes Definers, Brush, and Soap","6925365016531",""
5903,2,"طقم العناية بالحواجب يتكون من محددات وفرشاة وصابون الاصلي من ماكس","6925365016531",""
5904,1,"Frankincense Lamy combs from Wadi Al-Nahil, 40 grams","6281112000704",""
5904,2,"لبان لامي أمشاط  من وادي النحل40 جرام","6281112000704",""
5905,1,"Wadi Al-Nahl Lami Resin (Amshat) - 28g","900100200037",""
5905,2,"لبان لامي أمشاط  من وادي النحل28 جرام","900100200037",""
5906,1,"A set of makeup sponges of various sizes, 12 pieces, from Max Elegance","6923000030690",""
5906,2,"مجموعة اسفنج مكياج متعدد الاحجام 12 قطعه من ماكس ايليجنس","6923000030690",""
5907,1,"Max Elegance 5-piece makeup sponge set","6905838002032",""
5907,2,"مجموعة اسفنج مكياج  5 قطع من ماكس ايليجنس","6905838002032",""
5908,1,"Max Elegance 4-piece makeup sponge set","6923033007096",""
5908,2,"مجموعة اسفنج مكياج  4 قطع من ماكس ايليجنس","6923033007096",""
5909,1,"Max Magic Hair Removal Tool - Safe and Painless","6985413545246",""
5909,2,"الة نزع الشعر السحرية امنة وغير مؤلمة من ماكس","6985413545246",""
5910,1,"Max Soft Makeup Remover Wipes - 80 Wipes","6939442610222",""
5910,2,"مناديل ناعمه لإزالة المكياج من ماكس 80 منديل","6939442610222",""
5911,1,"Max Scented Wet Wipes - Cleansing and Sanitizing Aloe Vera Scent, 20 Wipes","6939442610093",""
5911,2,"مناديل مبلله معطرة تطهر وتنظف برائحة الصبار من ماكس20منديل","6939442610093",""
5912,1,"Vaseline Deep Moisture Foot and Heel Cream - 55g","8801619048276",""
5912,2,"كريم فازلين  الترطيب العميق للقدمين و الكعبين 55 غرام","8801619048276",""
5913,1,"Q-Beauty Makeup Cotton Pads - 120 Pieces","6976477270502",""
5913,2,"قطن مكياج من كيو بيوتي 120 قطعه","6976477270502",""
5914,1,"Green Forzan freshener and deodorizer for bathrooms 125 ml","8414716502024",""
5914,2,"معطر فورزان الاخضر ومزيل الروائح الكريهة لدورات المياه 125 مل","8414716502024",""
5915,1,"Forzan White Rose Freshener and deodorizer for bathrooms 125 ml","8414716502321",""
5915,2,"معطر فورزان الابيض ورد ومزيل الروائح الكريهة لدورات المياه 125 مل","8414716502321",""
5917,1,"Makeup sponge 8 pieces from Real Beauty","6904503123454",""
5917,2,"اسفنج مكياج 8 قطع من ريل بيوتي","6904503123454",""
5919,1,"Licorice Eye Cream 25g","6932511227291",""
5919,2,"كريم العين بالعرقسوس 25جم","6932511227291",""
5920,1,"Armpit whitening cream and sensitive areas, vitamin C, 50 g","6932511227826",""
5920,2,"كريم تبيض الابط و المناطق الحساسه فيتامين سي 50جم","6932511227826",""
5921,1,"Cosmetic Vitamin C Face Serum - 30ml","6932511227321",""
5921,2,"مصل سيروم فيتامين سي للوجه من كوزمتك 30مل","6932511227321",""
5922,1,"Gillys Clear Eyelash Glue - 5g","8808335614358",""
5922,2,"غراء رموش شفاف من جيليز 5جم","8808335614358",""
5923,1,"Plover M4 Lighting Brush","6971977506540",""
5923,2,"فرشاة إضاءة من بلوفيرM4","6971977506540",""
5924,1,"Bluefair M11 Eyeliner Brush","6971977506632",""
5924,2,"فرشاة تحديد ايلاينر من بلوفير M11","6971977506632",""
5925,1,"Bluefair M6 Makeup Blending Brush","6971977501750",""
5925,2,"فرشاة دمج المكياج من بلوفير M6","6971977501750",""
5926,1,"Belovier M1 Foundation Brush","6971977506519",""
5926,2,"فرشاة كريم اساس  من بلوفير M1","6971977506519",""
5927,1,"Boliver Concealer Brush M7","6971977501774",""
5927,2,"فرشاة خافي عيوب من بوليفر  M7","6971977501774",""
5928,1,"Polyver brush set, 12 pieces","6971977506670",""
5928,2,"طقم فرش من بوليفر 12 قطعه","6971977506670",""
5929,1,"GNR-1829 Makeup Brush Set","6941366601217",""
5929,2,"طقم فرش مكياج GNR-1829","6941366601217",""
5930,1,"Max Elegance Women's Razors - 3 Pieces","6924566449995",""
5930,2,"شفرات حلاقة نسائية من ماكس إليجانس 3 قطع","6924566449995",""
5931,1,"Medium Self-Grip Hair Rollers for Salon-Quality Curls (Pack of 20)","6912368413245",""
5931,2,"بكرات شعر متوسطة الحجم وذاتية الامساك لتجعيد الشعر بجودة الصالونات (عبوة من 20قطعة)","6912368413245",""
5932,1,"Nitro Canada Argan Oil Hair Dye Shampoo - Dark Brown, 420ml","799439318847",""
5932,2,"شامبو صبغة للشعر بزيت الارجان بني غامق من نيترو سينما 420مل","799439318847",""
5933,1,"Argan Oil Hair Care Set: Conditioner 500ml + Shampoo 500ml + Serum 60ml","6921199125944",""
5933,2,"مجموعة العناية بالشعر بزيت الأرجان بلسم 500مل +شامبو 500مل+سيروم 60مل","6921199125944",""
5936,1,"Eyebrow Razor Set with Blade Guards for Skin Protection - 5 Pieces","6984564659970",""
5936,2,"طقم امواس حواجب بواقي للشفرات لحماية البشره 5 قطع","6984564659970",""
5937,1,"Gleam Glam Double Action Anti-Hair Loss Shampoo 500ml","8809638307213",""
5937,2,"شامبو جليم جلام بمفعول مزدوج لتساقط الشعر 500مل","8809638307213",""
5939,1,"Glem Glam Double Action Anti-Hair Loss Balm 500ml","8809638305431",""
5939,2,"بلسم جليم جلام بمفعول مزدوج لتساقط الشعر 500مل","8809638305431",""
5941,1,"Coconut Gel for Skin Softening and Hydration - 300ml","6281136113787",""
5941,2,"جل جوز الهند لتنعيم وترطيب البشرة 300 مل","6281136113787",""
5942,1,"Vitamin C Smoothing and Moisturizing Gel - 300ml","6281136111066",""
5942,2,"جل فيتامين سي لتنعيم وترطيب البشرة 300 مل","6281136111066",""
5943,1,"Lavender Soothing Gel for Dry Skin Radiance - 300ml","6281136111059",""
5943,2,"جل الخزامي ملطف لنضارة البشرة الجافة 300 مل","6281136111059",""
5944,1,"Photoprotector Sunscreen","8429420187948",""
5944,2,"فوتوبروتيكتر للحماية من أشعة الشمس","8429420187948",""
5945,1,"Oily Skin Care Body Spray","8470001806475",""
5948,1,"ISDIN Anti-Hair Loss Shampoo","8429420174849",""
5949,1,"Ronalac Milk-Based Formula 400g","3575410727344",""
5950,1,"Banafa For Oud Mabsous Bakhoor - 30g","6285022005194",""
5950,2,"بخور مبسوس بانافع للعود 30 جرام","6285022005194",""
5951,1,"Enhanced Scented Oud Bakhoor - 60g","6285022018705",""
5951,2,"بخور عود معطر محسنك 60 جرام","6285022018705",""
5952,1,"Banafa Emirati Bakhoor 40g","6285022003138",""
5952,2,"بخور اماراتي بانافع 40 جرام","6285022003138",""
5953,1,"Banafa Socotra Frankincense Bakhoor","6285022006092",""
5953,2,"بخور اللبان السقطري بانافع","6285022006092",""
5954,1,"Banafa Al Khanjar Bakhoor 50g","6285022001011",""
5954,2,"بخور الخنجر بانافع 50 جرام","6285022001011",""
5955,1,"Banafa Monica Bakhoor 50g","6285022004104",""
5955,2,"بخور مونيكا بانافع 50 جرام","6285022004104",""
5956,1,"Banafa Sodfa Bakhoor 40g","6285022006368",""
5956,2,"بخور صدفة بانافع 40 جرام","6285022006368",""
5957,1,"Banafa Rawat Oud Scented Bakhoor - 50g","6285022003268",""
5957,2,"بخور روعة عود معطر بانافع 50 جرام","6285022003268",""
5958,1,"Banafa Goldy Scented Oud Bakhoor - 60g","6285022018590",""
5958,2,"بخور عود معطر جولدي بانافع 60 جرام","6285022018590",""
5959,1,"Banafa Oud Mushallaf Bakhoor 50g","6084014010273",""
5959,2,"بخور عود مشلف بانافع 50 جرام","6084014010273",""
5960,1,"Banafa Oud Black Bakhoor - 50g","6084014010297",""
5960,2,"بخور عود بلاك بانافع 50 جرام","6084014010297",""
5962,1,"Cofix Care Rosemary Hair Conditioner 400ml","697794489380",""
5962,2,"كوفيكس كير بلسم الشعر باكليل الجبل 400مل","697794489380",""
5963,1,"Cofix Care Hair Shampoo with Rosemary and Argan Oil - 400ml","697794489410",""
5963,2,"شامبو الشعر من كوفيكس كير بزيت اكليل الجبل والارغان 400مل","697794489410",""
5964,1,"Cofix Care Rosemary Hair Serum 100ml","697794489267",""
5964,2,"كوفيكس كير سيروم الشعر باكليل الجبل 100مل","697794489267",""
5965,1,"Rosemary and Mint Scalp & Hair Oil 50ml","697794489397",""
5965,2,"زيت فروة الراس والشعر باكليل الجبل والنعناع 50مل","697794489397",""
5966,1,"Anti-Dark Spot Face Serum 50ml","697794488413",""
5966,2,"سيروم الوجه مضاد للبقع الداكنة 50مل","697794488413",""
5967,1,"Face Serum for Radiance and Skin Brightening 50ml","697794487393",""
5967,2,"سيروم الوجه لنضارة واشراقة البشرة 50مل","697794487393",""
5968,1,"Vitamin C Face Serum for Instant Radiance - 50ml","697794488437",""
5968,2,"سيروم الوجه بفتامين سي لاشراقة سريعة 50مل","697794488437",""
5969,1,"Facial Serum for Restoring Skin Elasticity and Youthfulness 50ml","697794488390",""
5969,2,"سيروم الوجه يعيد مرونة البشرة وشبابها 50مل","697794488390",""
5970,1,"Signal Cavity Fighter Toothpaste 75ml 3+1 Free","6221155159250",""
5970,2,"معجون سيجنال مكافح التسوس 75 مل 3+1 مجانا","6221155159250",""
5971,1,"Franck Olivier Perfumed Body Powder 200g","3516642201721",""
5971,2,"بودرة فرنك اوليفر معطرة للجسم 200جم","3516642201721",""
5972,1,"Leno Water Wipes - 100 Wipes","8683161671191",""
5972,2,"لينو مناديل مائية 100 منديل","8683161671191",""
5973,1,"Eucerin Sun Protection Cream for Sensitive Skin - 50ml","4005900485533",""
5973,2,"كريم يوسيرين لحماية البشرة الحساسة من أشعة الشمس50مل","4005900485533",""
5974,1,"Bioderma Anti-Pigmentation Sunscreen - 40ml","3701129803714",""
5974,2,"بيوديرما واقي شمسي لمنع التصبغات 40 مل","3701129803714",""
5975,1,"Bioderma Sunscreen 40ml","3701129803523",""
5975,2,"بيوديرما واقي شمسي 40مل","3701129803523",""
5976,1,"Bioderma Photoderm Aquafluide SPF 50+ New - 40ml","3701129807385",""
5976,2,"بيوديرما اكوا فلويد 50+40مل الجديد","3701129807385",""
5977,1,"AXIS-Y Dark Spot Correcting Glow Serum 50ml","8809634610034",""
5977,2,"سيروم تفتيح البقع الداكنة أكسيس واي 50مل","8809634610034",""
5978,1,"Oscar de la Renta perfume 100ml","085715566027",""
5978,2,"عطر اوسكار دي لارنتا  100مل","085715566027",""
5979,1,"Oscar de la Renta Bella Bouquet Eau de Parfum - 3.4 oz","085715566300",""
5979,2,"عطر أوسكار دي لا رنتا بيلا بوكيه 3.4 أوقية","085715566300",""
5980,1,"Montana Collection Edition 4 Eau de Parfum 100ml","3700573800034",""
5980,2,"عطر مونتانا كولكشن إيدشن 4 أو دو برفيوم100مل","3700573800034",""
5981,1,"Oscar de la Renta Bella Tropical Eau de Parfum 100ml","085715569103",""
5981,2,"عطر أوسكار دي لا رنتا بيلا تروبيكال أو دي بارفان 100 مل","085715569103",""
5982,1,"CoSTUME NATIONAL I Eau de Parfum 100ml","8034041522728",""
5982,2,"عطر كوستوم ناشونال اي او دو بارفيوم 100مل","8034041522728",""
5983,1,"Oscar de la Renta Bella Rosa Eau de Parfum - 100ml","085715564207",""
5983,2,"عطر اوسكار دي لارينتا بيلا روزا او دو بارفيوم- 100مل","085715564207",""
5984,1,"Van City Varcis Perfume 100ml","6287036890599",""
5984,2,"فان سيتي فارسيس عطر 100مل","6287036890599",""
5985,1,"Narciso Rouge Perfume 100ml","6282717215531",""
5985,2,"عطر نرسيس روج 100 مل","6282717215531",""
5986,1,"Van City Sauvage Perfume 100ml","6287036890612",""
5986,2,"فان سيتي سافواج عطر 100مل","6287036890612",""
5987,1,"Van City Y Life Perfume 100ml","6287036890582",""
5987,2,"فان سيتي واي لايف عطر 100مل","6287036890582",""
5988,1,"Scandal Gold Eau de Parfum - 100ml","6285873003691",""
5988,2,"عطر اسكاندل قولد 100مل","6285873003691",""
5989,1,"Van City Alien Perfume 100ml","6287036891381",""
5989,2,"فان سيتي اليان عطر 100مل","6287036891381",""
5990,1,"Fun City Jokle Bloom EDP 100ml","6287036890575",""
5990,2,"فان سيتي جوكل بلوم عطر 100مل","6287036890575",""
5991,1,"Van City Coco Perfume 100ml","6287036890667",""
5991,2,"فان سيتي كوكو عطر 100مل","6287036890667",""
5992,1,"Concentrated Nourishing Facial Serum for Skin Care - 30ml","5012251013628",""
5992,2,"سيروم الوجه بعناصر مركزة ومغذية للعناية بالبشرة 30مل","5012251013628",""
5993,1,"Concentrated Nourishing Skin Serum for Instant Care - 30ml","5012251013642",""
5993,2,"سيروم البشرة بعناصر مركزة ومغذية للعناية بالبشرة بمفعول فوري 30مل","5012251013642",""
5994,1,"Hyaluronic Acid Hydrating Face Serum for Skin Care - 30ml","5012251013635",""
5994,2,"سيروم الوجه المرطب بحمض الهايلورنيك للعناية بالبشرة 30مل","5012251013635",""
5995,1,"Vitamin C Radiance Boosting Serum 30ml","5012251013611",""
5995,2,"سيروم بنضارة البشرة بفايتمين سي 30مل","5012251013611",""
5996,1,"Vitamin C Facial Radiance Serum for Smooth Skin - 30ml","5012251013383",""
5996,2,"سيروم نضارة الوجه بفيتامين سي للحصول على بشرة ناعمة 30مل","5012251013383",""
5997,1,"Facial Serum Designed for Skin Hydration and Refreshment - 50ml","5012251013673",""
5997,2,"سيروم الوجه مصمم لترطيب وانتعاش البشرة 50 مل","5012251013673",""
5998,1,"Hydrating and Refreshing Face Serum 50ml","5012251013680",""
5998,2,"سيروم الوجه لترطيب وانتعاش البشرة 50 مل","5012251013680",""
5999,1,"Vitamin E Face Serum for Skin Hydration and Refreshment - 50ml","5012251013659",""
5999,2,"سيروم الوجه بفيتامين اي لترطيب وانتعاش البشرة 50 مل","5012251013659",""
6000,1,"Aloe Vera Face Serum with Hyaluronic Acid for Skin Care - 50ml","5012251013666",""
6000,2,"سيروم الوجه بالصبار مع حمض الهايلورنيك للعناية بالبشرة 50مل","5012251013666",""
6001,1,"Eucerin Intensive Repair Lotion 150ml","072140012090",""
6001,2,"لوشن إصلاح البشرة المكثف من يوسيرين 150مل","072140012090",""
6002,1,"BabyJoy Diapers Giant Box Size 5","2000",""
6002,2,"حفاظات بيبي جوي الصندوق الضخم مقاس 5","2000",""
6003,1,"BabyJoy Diapers Giant Box Size 4","2000",""
6003,2,"حفاظات بيبي جوي الصندوق الضخم مقاس 4","2000",""
6004,1,"BabyJoy Diapers Giant Box Size 6","2000",""
6004,2,"حفاظات بيبي جوي الصندوق الضخم مقاس 6","2000",""
6005,1,"BabyJoy Diapers Giant Box Size 3","2000",""
6005,2,"حفاظات بيبي جوي الصندوق الضخم مقاس 3","2000",""
6006,1,"BabyJoy Diapers Giant Box Size 4+","2000",""
6006,2,"حفاظات بيبي جوي الصندوق الضخم مقاس 4بلص","2000",""
6007,1,"ISDINCEUTICS Antioxidant Skin Rejuvenating Ampoules - 10 Ampoules","8429420138346",""
6007,2,"ازدن سوتكس امبولات مضادة للأكسدة لتجديد البشرة 10 امبولة","8429420138346",""
6008,1,"L'Oréal Night Cream 50ml","3600523823604",""
6008,2,"لوريال باريس - كريم قناع الليل بحمض الهيالورونيك الميكرو ، 50 مل","3600523823604",""
6009,1,"Face and body scrub with strawberry 500 ml","8858854618535",""
6009,2,"صنفرة للوجه والجسم بالفروله 500 مل","8858854618535",""
6010,1,"Apricot Scrub 500ml","8690131109745",""
6010,2,"صنفرة مشمش 500مل","8690131109745",""
6011,1,"Cocoa Butter Body Scrub","8690131109738",""
6011,2,"صنفرة زبدة الكاكو","8690131109738",""
6013,1,"Shea Butter Body Scrub","8690131109769",""
6013,2,"صنفرة بزبدة الشيا","8690131109769",""
6014,1,"Charcoal Scrub 500ml","8858854618511",""
6014,2,"صنفرة بالفحم 500 مل","8858854618511",""
6015,1,"Pomegranate Face and Body Scrub - 500 ml","8858854618528",""
6015,2,"صنفرة الوجه والجسم بالرمان 500 مل","8858854618528",""
6016,1,"Frankincense Soap","2781214012406",""
6016,2,"صابون اللبان","2781214012406",""
6017,1,"Cococare Rich Formula Cocoa Butter Cream for Dry and Rough Skin - 425g","075707090159",""
6017,2,"كريم زبدة الكاكاو لليد والجسم بتركيبته الغنية من كوكوكير للبشرة الجافة والخشنة 425جم","075707090159",""
6018,1,"Garnier Nourishing Almond Milk Leave-In Styling Cream 200ml","3600542231848",""
6018,2,"كريم مصفف بحليب اللوز المغذي من جيرني 200مل","3600542231848",""
6019,1,"Hismile V34 Colour Corrector Serum 30ml","0744109218965",""
6019,2,"هاي سمايل سيروم مصصح لون الاسنان البنفسجي 30ml - V34","0744109218965",""
6020,1,"Hair Dye Tool Kit","6971977505673",""
6020,2,"مجموعة ادوات صبغه الشعر","6971977505673",""
6022,1,"Coconut Hair Oil Enriched with Natural Biotin - 170 ml","8901088212588",""
6022,2,"زيت جوز الهند للشعر غني بالبيوتين الطبيعي 170 مل","8901088212588",""
6023,1,"Korean Body Scrub Mitt","8809788850010",""
6023,2,"ليفة جسم كورية","8809788850010",""
6024,1,"Women's Disposable Period and Travel Panties - Size L, 7 Count","6286511000065",""
6024,2,"كلوتات نسائية للدورة الشهرية والسفر مقاس L حبات 7","6286511000065",""
6025,1,"Original Glycerin Oil 200ml","4000196400727",""
6025,2,"زيت جليسرين الاصلي 200مل","4000196400727",""
6026,1,"ISDIN Hyaluronic Acid Serum 30ml - Brightening for All Skin Types","8429420200678",""
6026,2,"هاليورنيك اسيد من اسدن  30 مل تفتيح جميع انواع البشرة","8429420200678",""
6027,1,"ISDIN Acniben Cleansing Foaming Gel for Acne-Prone Skin - 150ml","8470003245913",""
6027,2,"غسول رغوي للبشرة المعرضه لحب الشباب 150 مل من اسدن","8470003245913",""
6028,1,"Lux Body Wash 600ml - Magical Orchid","88864670008986",""
6028,2,"جل استحمام لوكس 600 مل. الأوركيد السحرية","88864670008986",""
6029,1,"Lux Secret Poppy Body Wash with Bergamot Oil - 600ml","8886467000904",""
6029,2,"لوكس غسول الجسم بوبي بزيت البرغموت من سيكريت 600 مل","8886467000904",""
6030,1,"Lux Body Wash with Enchanting Peony Scent 600ml","8886467000881",""
6030,2,"جسول لوكس برائحة الفاوانيا الساحرة 600","8886467000881",""
6033,1,"United Professional Automatic Rotating Hair Curler","6281136113527",""
6033,2,"يونايتد جهاز الكيرلي السريع الأوتوماتيكي قابل للدوران","6281136113527",""
6034,1,"United 2 in 1 Hair Straightener and Brush - Green UN-208G","6281136113473",""
6034,2,"مكواة شعر وفرشاة 2 في 1 من يونايتد - اخضر UN-208G","6281136113473",""
6035,1,"Blue Nila Foaming Sugar Scrub 600g","6253504709809",""
6035,2,"مقشر سكر رغوي بالنيله الزرقاء 600ج","6253504709809",""
6036,1,"Rose and Coconut Oil Sugar Scrub 600g","6253364301069",""
6036,2,"مقشر السكر بالورد وزيت جوز الهند 600 ج","6253364301069",""
6037,1,"Frankincense Foaming Sugar Scrub 600g","6254000696013",""
6037,2,"مقشر سكر رغوي بالبان الذكر 600ج","6254000696013",""
6038,1,"Foaming Sugar and Salt Scrub with French Fragrances - 700g","6253364300635",""
6038,2,"مقشر ررغوي بالسكر والملح بالعطور الفرنسيه 700ج","6253364300635",""
6039,1,"Aker Fassi Foaming Sugar Scrub 600g","6253364304312",""
6039,2,"مقشر سكر رغوي بالعكر الفاسي 600ج","6253364304312",""
6040,1,"Movy Plus Ultra Night Daily Pads - 8 Pads","6971155844754",""
6040,2,"فوط يومية موفى بلس الترا ليلية 8 فوط","6971155844754",""
6041,1,"Movy Ultra Slim Pantyliners - 10 Pads","6971155844730",""
6041,2,"فوط يومية موفى الترا رشيقة 10 فوط","6971155844730",""
6042,1,"Movy Plus Ultra Thin Daily Liners - 10 Pads","6971155844723",""
6042,2,"فوط يومية موفى بلس الترا نحيفة 10 فوط","6971155844723",""
6043,1,"Closeup Menthol Fresh Toothpaste 120ml","6221155039620",""
6043,2,"معجون كلوس اب انتعاش النعناع 120 مل","6221155039620",""
6044,1,"Garnier Nourishing Almond Milk Daily Moisturizing Conditioner 400 ml","3610340634383",""
6044,2,"بلسم مرطب يومي بالحليب اللوز المغذي من جارنيه 400 مل","3610340634383",""
6049,1,"Siro Vanilla Shower Gel - 750 ml","8433295049362",""
6049,2,"جل استحمام فانيلا من سيرو 750 مل","8433295049362",""
6050,1,"Plastic Toothpicks - 200 Picks","1005160028054",""
6050,2,"عود اسنان بلاستيكي 200 عود","1005160028054",""
6051,1,"Signal Charcoal Toothpaste 75ml","6221155127754",""
6051,2,"معجون اسنان بالفحم من سجنل 75 مل","6221155127754",""
6052,1,"Beautentity Licorice Soap 700g","6287035852963",""
6052,2,"صابونيه عرق السوس من بيوتنتتي 700جم","6287035852963",""
6053,1,"Stevia Sugar-Free Gum with Natural Cherry and Plum Flavor - 30g","4250424159419",""
6053,2,"علكه ستيفيا خالي من السكر بنكهه الكرز والبرقوق الطبيعي 30 جم","4250424159419",""
6054,1,"Okema Wax Heater - 442","5648714426669",""
6054,2,"جهاز تسخين الشمع من اوكيما -442","5648714426669",""
6055,1,"iColors lens solution 100 ml","8054242231267",""
6055,2,"محلول عدسات اي كلرز 100 مل","8054242231267",""
6056,1,"Aptamil Advance Cesear 1, Infant Formula Milk 0-6 Months, 800g","5391522476011",""
6056,2,"أبتاميل أدفانس سيزار 1، تركيبة حليب الرضع 0-6 أشهر، 800 جرام","5391522476011",""
6057,1,"Makeup Remover Cotton Pads - 165 Pieces","6976477270885",""
6057,2,"قطن تنظيف المكاج 165 قطعه","6976477270885",""
6058,1,"Beauty Formulas Odour Control Foot Powder 100g","5012251008105",""
6058,2,"بودرة قدم لازاله الرواح من بيوتي فورميولاز 100 جم","5012251008105",""
6059,1,"BF3 Bikini Razors","5012251011617",""
6059,2,"شفرات حلاقه بكيني من بي اف 3","5012251011617",""
6060,1,"Sada Beauty Vitamin C Cream - 50g","6932511220469",""
6060,2,"كريم فيتمين سي من سادا بيوتي 50 جم","6932511220469",""
6061,1,"Fam, Sanitary Pads, Folded & Compressed, Large with Wings, 30 Pads","6281017222270",""
6061,2,"فام، فوط نسائية، مطوية ومضغوطة، كبير بأجنحة، 30 فوطة","6281017222270",""
6062,1,"Il Salone Protein Shampoo for Normal to Dry Hair - 500ml","8022297067384",""
6062,2,"شامبو بروتين للشعر العادي الى الجاف 500مل من السالون","8022297067384",""
6063,1,"Charisma Collection Therapy Less Protein Whey - 150g","7898719943038",""
6063,2,"كريزما كوليكشن ثيرابي ليس بروتين للشعر - 150جرام","7898719943038",""
6065,1,"Shifa Intensive Nourishing & Anti-Frizz Hair Serum - 100ml","8858854618924",""
6065,2,"سيروم مغذي قوي للشعر ومضاد للتجعد الشعر 100مل  من شفا","8858854618924",""
6066,1,"Sunsilk Anti-Breakage Shampoo with Almond Oil and Honey - 400ml","6281006425002",""
6066,2,"شامبو بزيت اللوز والعسل ضد التقصف 400مل  من sunslik","6281006425002",""
6067,1,"Sunsilk Keratin, Almond Oil & Vitamin C Shampoo - 400ml","6281006424326",""
6067,2,"شامبو الكيراتين و بزيت اللوز و فيتامين سي 400مل  من sunslik","6281006424326",""
6068,1,"Lens Me Contact Lenses - Marble","8800039426107",""
6068,2,"عدسات لاصقه لون ماربل من لينس مي","8800039426107",""
6069,1,"Olive color contact lenses from Lens Me","8809426813940",""
6069,2,"عدسات لاصقه لون اولفين من لينس مي","8809426813940",""
6070,1,"Mist color contact lenses from Lens Me","8809426813957",""
6070,2,"عدسات لاصقه لون ميست من لينس مي","8809426813957",""
6071,1,"Smokey color contact lenses from Lens Me","8800039426480",""
6071,2,"عدسات لاصقه لون سموكي من لينس مي","8800039426480",""
6072,1,"Lens Me Colored Contact Lenses - Stone","8809979177834",""
6072,2,"عدسات ملونة من لنس مي - ستون","8809979177834",""
6073,1,"Lens Me Contact Lenses - Honey","8809426813971",""
6073,2,"عدسات لاصقه لون هوني من لينس مي","8809426813971",""
6074,1,"Lens Me Colored Contact Lenses - Arabia Eye","8809877195626",""
6074,2,"عدسات ملونة من لنس مي - أريبيا آي","8809877195626",""
6075,1,"Lens Me La Bella Colored Contact Lenses - Cosmetic - Pack of 2 Lenses","8809979143778",""
6075,2,"عدسات لنس مي لابيلا - ملونة زينة - عبوة تحتوي على عدستين","8809979143778",""
6076,1,"Lens Me Date Lenses","180005403999",""
6076,2,"عدسات لنس مي ديت","180005403999",""
6077,1,"Lens Me Color Contact Lenses - Latte","8800039426862",""
6077,2,"عدسات لاصقه لون لاتيه من لينس مي","8800039426862",""
6078,1,"L'Oreal Paris Casting Crème Gloss Ammonia-Free Hair Color with Honey - 810 Pearl Blonde","3600521230435",""
6078,2,"صبغة كريم ملطفة خاليه من الامونيا لرائحه امتع بالعسل 810 اشقر رمادي من لوريال باريس","3600521230435",""
6079,1,"Palette Naturals Medium Brown Hair Dye 4-0 with Cocoa and Oat Milk","6281031246214",""
6079,2,"صبغة رقم 0-4 بني متوسط باليت ناتشورالز بالكاكاو وحليب الشوفان","6281031246214",""
6080,1,"YONA Korean 24-Hour Care Set","8809085108388",""
6080,2,"مجموعة يونا الكورية 24 ساعة YONA","8809085108388",""
6081,1,"Mint Extract Teeth Wipes - 12 Individually Wrapped Wipes","8683723540682",""
6081,2,"مناديل اسنان بخلاصه النعناع 12 مفلف","8683723540682",""
6082,1,"Embryolisse Lait-Crème Concentré for Sensitive Skin - 100ml","3350900001681",""
6082,2,"كريم لايت للبشرة الحساسة للوجة والجسم من امبريوليس - 100 مل","3350900001681",""
6083,1,"Nano Rose Kojic Body Lotion 500ml","6921199129546",""
6083,2,"نانو روز كوجيك لوشن للجسم 500مل","6921199129546",""
6085,1,"Kamill Classic Skin Care Cream 100ml","4000196926906",""
6085,2,"كاميل كريم العناية بالبشرة كلاسيك 100مل","4000196926906",""
6086,1,"Kamill Soft & Dry Moisturizing Hand and Nail Cream - 75ml","4000196933188",""
6086,2,"كريم مرطب ناعم وجاف لليدين والأظافر 75 مل مرطب من كاميل","4000196933188",""
6087,1,"Eva Skin Care Evazeline Intensive Moisturizing Hand Cream - 60ml","6223004374395",""
6087,2,"كريم اليدين للترطيب الفعال سكين كير ايفازلين من ايفا - 60 مل","6223004374395",""
6088,1,"Dove Nourishing Hand Cream - 75ml","8710522386491",""
6088,2,"دوف كريم مغذي لليدين 75 مل","8710522386491",""
6089,1,"كريم التبييض المركز لليدين من فولير 75 مل","5902026647434",""
6089,2,"Fuller Concentrated Whitening Hand Cream 75 ml","5902026647434",""
6090,1,"Revolution Relove Lip & Cheek Tint - Fuchsia 1.4","5057566550307",""
6090,2,"ريفوليوشن ريلوف تنت للشفاه والخدود بلون فوشيا 1.4","5057566550307",""
6091,1,"Cantu Shea Butter & Coconut Curling Cream 709g","817513019081",""
6091,2,"كريم لتجعيد الشعر بزبدة الشيا وجوز الهند من كانتو 709ج","817513019081",""
6092,1,"Cetaphil Moisturizing Cream 550g for sensitive and dry skin","9318637391714",""
6092,2,"سيتافيل كريم مرطب جرام 550 للبشرة الحساسه والجافه","9318637391714",""
6093,1,"Vichy Roll On 72 Hour Antiperspirant Deodorant for Men - 50 ml","3337871320362",""
6093,2,"مزيل عرق رول ان 72 ساعة مضاد للتعرق للرجال من فيتشي - 50 مل","3337871320362",""
6094,1,"Femfresh Deodorant Spray for Women 50ml","5010724527177",""
6094,2,"فيم فريش بخاخ مزيل عرق للنساء 50مل","5010724527177",""
6095,1,"Koleston Hair Color 304/0 (Medium Brown)","4056800868001",""
6095,2,"صبغة كولستون 304/0 (بني وسط)","4056800868001",""
6096,1,"Koleston Maxi Hair Dye 50ml - 305/66 Eggplant Violet","4056800868285",""
6096,2,"كوليستون صبغه شعر ماكسي 50 مل 305/66 بنفسجي باذنجاني","4056800868285",""
6097,1,"Koleston Hair Color (Medium Blonde 307/0)","4056800868681",""
6097,2,"صبغة كوليستون ( أشقر متوسط 307/0)","4056800868681",""
6098,1,"Wella Koleston Intense Hair Color Cream - Attractive Chestnut 4/305","4056800868209",""
6098,2,"كريم ويلا كوليستون انتنس صبغة شعر كستنائي جذاب 305/4","4056800868209",""
6100,1,"Koleston Color Cream (Burgundy 6/304)","4056800868087",""
6100,2,"كريمات صبغة كوليستون ( خمري 304/6)","4056800868087",""
6101,1,"Femfresh Feminine Soothing and Refreshing Intimate Wipes - 10 Wipes","5010724526132",""
6101,2,"مناديل نسائية ملطفة ومنعشة للمناطق الحميمة من فيم فريش - 10 مناديل","5010724526132",""
6102,1,"Fair Lady Daily Hand and Nail Care Cream with Milk - 100 ml","8850609900261",""
6102,2,"كريم العنايه اليوميه لليدين والاظافر بالحليب من فير ليدي - 100 مل","8850609900261",""
6103,1,"Pearl Mix Medium Soft Toothbrush","6925002050386",""
6103,2,"فرشاة اسنان متوسطة النعومه من بيرال مكس","6925002050386",""
6104,1,"Kunuz Natural Laurel Soap 150g","6253810860638",""
6104,2,"صابون الغار الطبيعي 150 جم من كنوز","6253810860638",""
6105,1,"Diego Dalla Palma Hair Sensitivity and Anti-Dandruff Spray 150ml","8017834881400",""
6105,2,"دييجو دالا بالما بخاخ لحساسيه الشعر والقشره 150 مل","8017834881400",""
6106,1,"Garnier Micellar Cleansing Water for Sensitive Skin 200 ml","3600542402347",""
6106,2,"غارنييه ماء ميسيلار منظف للبشرة الحساسة 200 مل","3600542402347",""
6107,1,"Makuku Daily Care Baby Diapers Size (4) Box of 96 Count","6976551750456",""
6107,2,"ماكوكو حفاضات اطفال العناية اليومية مقاس (4) صندوق 96 حبة","6976551750456",""
6108,1,"Makuku Jumbo Box Diapers Size (3) 108 Diapers","6976551750432",""
6108,2,"ماكوكو حفايض جامبو بوكس مقاس (3) 108 حفاض","6976551750432",""
6109,1,"Makuku Ultra Care Diapers Box Size 4, 88 Pieces","6974180099915",""
6109,2,"ماكوكو حفاض عنايه فائقه بوكس رقم 4 88 حبه","6974180099915",""
6110,1,"Condal shampoo to care for damaged proteins - iris skin","8809809429768",""
6110,2,"شامبو كوندال للعنايه بالبروتينات المتضررة-جلد السوسن","8809809429768",""
6111,1,"Thermal Spa Body Wash - Iris Leather 500ml","8809809428679",""
6111,2,"غسول الجسم اوثيرمال سبا غسول الجسم -جلد السوسن 500 مل","8809809428679",""
6112,1,"Revolution Fast Base Blush Stick - Rose - Creamy","5057566521161",""
6112,2,"ستيك احمر الخدود فاست بيس من ريفلوشن - روز-كريمي","5057566521161",""
6113,1,"Mada Hayat Fragrance-Free Wipes 3 * 80 Pieces","8683161670941",""
6113,2,"مناديل مدي حياه خالي من العطر 3 * 80 حبه","8683161670941",""
6114,1,"Schick Intuition Lemon Berry Breeze Razors","4891228312442",""
6114,2,"أمواس حلاقة بنسيم الليمون والتوت من شيك إنتويشن Schick Intuition","4891228312442",""
6115,1,"Dr. Brush Orthodontic and Interdental Cleaning Brushes - 4 Pieces","8809265354871",""
6115,2,"دكتور بروش فرشاة التنظيف للتقويم وبين الأسنان - 4 قطع","8809265354871",""
6116,1,"Beauty Formulas Retinol Anti-Aging Serum - 30ml","5012251013451",""
6116,2,"بيوتي فورمولا سيروم الريتنول المضاد للشيخوخه - 30 مل","5012251013451",""
6117,1,"Dove, Advanced Care, Invisible Antiperspirant Deodorant, Sheer Finish, 2.6 oz (74 g)","079400593016",""
6117,2,"دوف، العناية المتقدمة، مزيل عرق مضاد للتعرق غير مرئي","079400593016",""
6118,1,"Get to Be Eyebrow Gel Glue-Duty Waterproof Gel 170ml","052336331457",""
6118,2,"جل حواجب جات تو بي جل لاصق للحواجب مقاوم للماء 170 مل","052336331457",""
6119,1,"Litchee Teeth Cleaning Wipes with Clove Extract - 12 Pieces","8683723540699",""
6119,2,"مناديل تنظيف الاسنان بخلاصه القرنفل 12 قطعه من ليتشي","8683723540699",""
6120,1,"La Roche-Posay Cicaplast Gel Skin Care 40ml","3337875586269",""
6120,2,"لاروش بوزيه - جل سيكابلاست بي 5 عناية علاجية بالبشرة ، 40 مل","3337875586269",""
6121,1,"Sairo Coconut Extract Shower Gel - 750ml","8433295049379",""
6121,2,"جل استحمام بخلاصة جوز الهند من سايرو 750مل","8433295049379",""
6122,1,"Agrado Aqua Blue Bath and Shower Gel - 750ml","8433295060503",""
6122,2,"جل استحمام اكوا بلو من اجرادو 750مل","8433295060503",""
6123,1,"Sairo Marine Shower Gel 750ml","8433295049348",""
6123,2,"جل استحمام بحري من سايرو 750مل","8433295049348",""
6124,1,"Sairo Strawberry Scented Shower Gel, 750 ml","8433295051365",""
6124,2,"سايرو جل استحمام برائحة الفراولة , 750 مل","8433295051365",""
6125,1,"ACM Cleansing Bar for Oily Skin 100g","3760095253282",""
6125,2,"ايه سى ام صابون منظف للبشرة الدهنية 100 جرام","3760095253282",""
6126,1,"Kundal Macadamia Ultra Hair Serum - Blackberry Bay - 100ml","8809568740883",""
6126,2,"كوندال مكاداميا مصل الشعر الفائق - بلاك بيري باي - 100 مل","8809568740883",""
6127,1,"Celia Pomegranate and Vanilla Foaming Sugar Scrub - 600g","6253504709786",""
6127,2,"مقشر سكر رغوي بالرمان والفانيلا من سيليا - 600 جم","6253504709786",""
6128,1,"ISDIN Intimate Hygiene Wash for Sensitive Areas - 200ml","8470001569745",""
6128,2,"غسول نسائي للمنطقة الحساسة من ايسدين - 200مل","8470001569745",""
6129,1,"Fucidin Post-Laser Cream 2% 30g","123605",""
6129,2,"فيوسيدين كريم  2% 30 جم","123605",""
6130,1,"Sondos Cyperus Rotundus Oil - 100ml","6217000041363",""
6130,2,"زيت السعد من سندس - 100مل","6217000041363",""
6131,1,"Focallure Glossy Tint 201","6974908117990",""
6131,2,"تنت لامع 201 فوكالور","6974908117990",""
6132,1,"COSRX Snail Mucin Set - 4 Pieces","8809598452800",""
6132,2,"مجموعة الحلزون من كوسركس - 4 قطع","8809598452800",""
6133,1,"L'Oréal Paris Eye Serum for Dark Circles - 20ml","3610340669460",""
6133,2,"لوريال باريس سيروم العينين للهالات السوداء 20 مل","3610340669460",""
6134,1,"ISDIN Isdinceutics K-Ox Eyes Eye Cream 15ml","8470001769183",""
6134,2,"سيروم حول العين كي اوكس اسدن سيتيكس من ايزدن 15 مل","8470001769183",""
6135,1,"Hairgain Minoxidil 5% Topical Solution for Men","115560",""
6135,2,"هيرجين مينوكسيديل 5% محلول موضعي للرجال","115560",""
6136,1,"Casa Aker Fassi Powder - 8g","6111263817978",""
6136,2,"بودرة العكر فاسي من كازا - 8ج","6111263817978",""
6137,1,"Hawaful Sidr Baladi Ground Powder 250g","6287018660684",""
6137,2,"حوافل مسحوق سدر البلدي مطحون 250 جم","6287018660684",""
6138,1,"Givma Portable Facial Steamer","6939313600055",""
6138,2,"جهاز البخار المتنقل من جيڤما","6939313600055",""
6139,1,"Rebune Hair Styling Brush - 2 Pieces W1200","8201072202527",""
6139,2,"فرشاة تصفيف الشعر من ريبون - قطعتين W1200","8201072202527",""
6140,1,"Enjoy Aloe Vera Flavored Cooling Lubricant 100 ml","6286511000270",""
6140,2,"انجوي مزلق شعور البرودة بنكهة الصبار 100 مللي","6286511000270",""
6141,1,"Enjoy heat feeling lubricant strawberry flavor 50 ml","6286511000324",""
6141,2,"انجوي مزلق شعور الحرارة بنكهة الفراولة 50 مللي","6286511000324",""
6142,1,"Femfresh Daily Intimate Wash 50ml - NEW","5010724526835",""
6142,2,"فيم فريش غسول يومى للمناطق الحميميه 50مل - NEW","5010724526835",""
6143,1,"Chia Seed and Almond Oil Shampoo for Voluminous Hair","6294015163339",""
6143,2,"شامبو بذور الشيا وزيت اللوز لشعر اكثر غزارة","6294015163339",""
6144,1,"Cornel's Brazilian Keratin Conditioner 500ml","6294015163377",""
6144,2,"كورنلز بلسم الكراتين البرازيلي 500مل","6294015163377",""
6145,1,"Cosmo - Baby Shampoo, 500 ml","6294015121278",""
6145,2,"كوزمو - شامبو للأطفال ، 500 مل","6294015121278",""
6146,1,"Cornells Hair Mask with Caffeine and Coconut Oil - 475ml","6294015164725",""
6146,2,"ماسك للشعر بخلاصة الكافيين وزيت جوز الهند-كورنيلز 475 مل","6294015164725",""
6147,1,"Arm & Hammer Ultra Max Antiperspirant Deodorant Cool Blast 73g","033200197645",""
6147,2,"مزيل عرق الترا ماكس مضاد للتعرق كول بلاست من ارم اند هامر 73ج","033200197645",""
6148,1,"بانتين شامبو برو-في ضد القشرة 2 في 1 - 390 مل","8700216392785",""
6148,2,"بانتين شامبو برو-في ضد القشرة 2 في 1 - 390 مل","8700216392785",""
6149,1,"Nunu offer baby care set of oil, shampoo and cologne 300 ml","6281053221510",""
6149,2,"عرض نونو طقم العناية بالطفل زيت وشامبو وكولونيا 300 مل","6281053221510",""
6150,1,"Carsil collagen hair treatment mask 500 ml","4897110030180",""
6150,2,"كارسيل ماسك علاج الشعر بالكولاجين 500 مل","4897110030180",""
6151,1,"Hawafel Henna, Wasma herb for hair - 250 grams","6287018660677",""
6151,2,"حوافل حنة عشبة الوسمة للشعر - 250 جرام","6287018660677",""
6152,1,"QV antiperspirant for sensitive skin 80 g","93553827",""
6152,2,"كيوفي مضاد التعرق للبشرة الحساسة 80 جم","93553827",""
6153,1,"Chia seeds for a healthy body and healthy skin - 250 grams","6287018660141",""
6153,2,"حوافل بذور الشيا لصحة الجسم ونظارة البشرة - 250 جرام","6287018660141",""
6154,1,"Turmeric powder for the body from Hawafel 250g","6287018661346",""
6154,2,"مسحوق الكركم للجسم من حوافل 250ج","6287018661346",""
6155,1,"Kuwait Shop Aker Al Fassi soap for body and skin 500 g","8721214011881",""
6155,2,"كويت شوب صابونية العكر الفاسي للجسم والبشرة 500 جم","8721214011881",""
6156,1,"Similac Gold Infant Formula (1) 400g","5099864015850",""
6156,2,"سيميلاك جولد حليب الرضع (1) 400 جم","5099864015850",""
6157,1,"Myrrh and Turmeric Soap Mix from Cute Shop - 500g","2781214011317",""
6157,2,"خلطة صابونيه المر والكركم من كيوت شوب500ج","2781214011317",""
6158,1,"Palma For You Pure Jelly with Nectar 500ml","6280445777819",""
6158,2,"بالما فور يو جيلي بيور مع نكتار 500 مل","6280445777819",""
6159,1,"Rexona Workout Deodorant Spray for Women - 150ml","8717163859773",""
6159,2,"بخاخ مزيل العرق للسيدات ورك اوت من ريكسونا 150 مل","8717163859773",""
6160,1,"Isis Fenugreek Tea - 25 Tea Bags","6223000476468",""
6160,2,"ايزيس شاي بالحلبة 25 ظرف","6223000476468",""
6161,1,"Diet-Tea-for-Weight-Loss-with-Cinnamon-Extract-50-Bags","6223000477243",""
6161,2,"شاي-الرجيم-للتخلص-من-الوزن-الزائد-بخلاصة-القرفة-50-كيس","6223000477243",""
6162,1,"Isis Natural Thyme Drink - 25 Tea Bags","6223000474525",""
6162,2,"مشروب الزعتر طبيعي 25حبة من ايزيس","6223000474525",""
6163,1,"Isis Diet Tea with Lemon - 50 Tea Bags","6223000477250",""
6163,2,"شاي ريجيم بالليمون ايزيس - 50 فتلة","6223000477250",""
6164,1,"Cosmo - Soft & Shine Twist & Lock Styling and Moisturizing Hair Gel, 325g","6294015169102",""
6164,2,"كوزمو - سوفت آند شاين تويست اند لوك جل تصفيف وترطيب الشعر ، 325 جم","6294015169102",""
6165,1,"Shifa Wet Look Hair Styling Gel - 300 ml","8858854618702",""
6165,2,"شفا جل للتصفيف للشعر المبلل - 300 مل","8858854618702",""
6166,1,"The One Touch Advanced Mouthwash Capsules - Mint Flavor, 20 Capsules, 15 ml","6970048646611",""
6166,2,"غسول الفم بالكبسولات المتطورة بنكهة النعناع من ذا ون تاتش 20 كبسولة 15 مل","6970048646611",""
6167,1,"Cetaphil Moisturizing Cream - 453g","3499320011914",""
6167,2,"كريم مرطب من سيتافيل للبشرة الجافة جدا الئ الحساسة - 453جرام","3499320011914",""
6168,1,"Private Cotton Sanitary Pads with Wings, Large Size - 26 Pads","6222022108807",""
6168,2,"برايفت فوط صحية قطنية بالأجنحة حجم كبير -26 فوطة","6222022108807",""
6169,1,"Private Night Sanitary Pads 16+8 Free","6222022102102",""
6169,2,"برايفت فوط صحية ليلي 16+8 مجانا","6222022102102",""
6170,1,"Cosmo - Glycerin Cream, 100 ml","6294015175905",""
6170,2,"كوزمو - كريم الجلسرين ، 100 مل","6294015175905",""
6171,1,"Montana Collection Edition 1 for men, Eau de Parfum - 100 ml","3700573800003",""
6171,2,"مونتانا عطر كولكشن اديشين 1 للرجال أو دو برفان – 100 مل","3700573800003",""
6172,1,"عطر غوتشي جيلتي بور فيم او دي بارفيوم للنساء 90 مل","3614227758162",""
6172,2,"عطر غوتشي جيلتي بور فيم او دي بارفيوم للنساء 90 مل","3614227758162",""
6173,1,"Gucci Gaulty Absolute Parfum Eau de Parfum 90ml","8005610524177",""
6173,2,"عطر قوتشي جولتي ابسولوت بورفيم او دو بارفيوم 90مل","8005610524177",""
6174,1,"Lea Pure Water Wet Wipes for All Skin Types - 56 Wipes","632138145768",""
6174,2,"مناديل مبللة بالماء النقي لجميع انواع البشرة من ليا 56 منديل","632138145768",""
6175,1,"Pure Licorice Face and Body Scrub - 300ml","6287043770907",""
6175,2,"مقشر للوجه والجسم عرق سوس نقي 300مل","6287043770907",""
6176,1,"Fino Premium Touch Hair Mask 230g","4550516493583",""
6176,2,"قناع الشعر فينو بريميوم تاتش 230 جرام","4550516493583",""
6177,1,"Sun Down Naturals Vitamin E Oil for Skin and Face, 70,000 IU, 75 ml","030768027933",""
6177,2,"زيت فيتامين اي E للبشرة والوجه من سن داون ناتشورالز ٧٠٠٠٠ اي يو ٧٥ مل","030768027933",""
6178,1,"Beauty Formulas Illuminating Facial Serum 10% Niacinamide - 30ml (3628) (88697) BF/105","5012251013628",""
6178,2,"سيروم الوجه المضيء من بيوتي فورميولاز 10% نياسيناميد - 30 مل (3628) (88697) BF/105","5012251013628",""
6180,1,"Skin Peeling and Renewal Serum 10% AHA & 2% BHA 30ml","5012251013642",""
6180,2,"سيروم تقشير وتجديد البشرة 10% حمض الفاهيدروكسي و 2% حمض بيتا هيدروكسي 30مل","5012251013642",""
6181,1,"Johnson's Baby Shampoo No More Tears - 300ml","3574669907842",""
6181,2,"شامبو للأطفال لا دموع بعد اليوم من جونسون - 300 مل","3574669907842",""
6182,1,"Cosmo Exfoliating Shower Gel with Sea Minerals Extract, Family Size - 1000ml","6294015187359",""
6182,2,"كوزمو جل الاستحمام مقشر بخلاصة معادن البحر حجم عائلي - 1000 مل","6294015187359",""
6183,1,"Cosmo British Rose Exfoliating Shower Gel, 1000 ml","6294015187328",""
6183,2,"جل استحمام مقشر بالورد البريطاني من كوزمو ، 1000 مل","6294015187328",""
6184,1,"Cosmo Lavender Exfoliating Shower Gel, 1000 ml","6294015187342",""
6184,2,"جل استحمام مقشر باللافندر من كوزمو, 1000 مل","6294015187342",""
6185,1,"Cosmo Papaya Exfoliating Shower Gel, 1000 ml","6294015173109",""
6185,2,"جل استحمام مقشر بالبابايا من كوزمو ، 1000 مل","6294015173109",""
6186,1,"Biorepair Mouthwash and Tooth Rinse 500ml","8017331029657",""
6186,2,"بيوريبير غسول للفم والأسنان 500 مل","8017331029657",""
6187,1,"Pure Beauty Forever Love Scented Body Spray for Women - 250ml","5285001271023",""
6187,2,"سبراي الجسم المعطر فور ايفر لوف للنساء من بيور بيوتي 250مل","5285001271023",""
6188,1,"Pure Beauty Passionate Love Scented Body Spray for Women - 250ml","5285001271849",""
6188,2,"سبراي الجسم المعطر باشنت لوف للنساء من بيور بيوتي - 250مل","5285001271849",""
6189,1,"Givma Electric Toothbrush","6983565325259",""
6189,2,"فرشاة الأسنان الكهربائية من جيڤما","6983565325259",""
6190,1,"Tinted Sunscreen Cream for Face and Eye Contour - Panthenol Plus","5205507010643",""
6190,2,"كريم واقي شمس للوجه وحول العينين ملون - بانثينول بلس","5205507010643",""
6191,1,"Lino Alcohol-Free Wet Wipes with Lemon - 100 Wipes","8683161670972",""
6191,2,"لينو مناديل مبللة خالية من الكحول بالليمون - 100 منديل","8683161670972",""
6192,1,"Dettol Wet Wipes for Sensitive Skin - 10 Pieces","6295120012468",""
6192,2,"مناديل ديتول مبللة للبشرة الحساسة 10 قطع","6295120012468",""
6193,1,"Dettol Anti-Bacterial Refreshing Skin Wipes - 10 Wipes","6295120012451",""
6193,2,"مناديل مبللة منعشة للبشرة مضادة للبكتيريا مكونة من 10 منديل من ديتول","6295120012451",""
6194,1,"RDL Papaya Whitening Body Lotion + Vitamin E - Small Size 210 ml","8992803994094",""
6194,2,"لوشن البابايا لتبييض اليدين والجسم من ار دي ال - 210 مل","8992803994094",""
6195,1,"Krem Kap Whitening Scrub for Face and Body - 75 ml","6291105770705",""
6195,2,"كريم كاب سنفرة مبيض للوجه والجسم - 75 مل","6291105770705",""
6196,1,"Beauty Formulas Face & Bikini Wax Strips Set - 36 Pieces","5012251006729",""
6196,2,"مجموعة شرائح الشمع لازاله شعر الوجه والبكيني  من بيوتي فورميولا 36 قطعه","5012251006729",""
6197,1,"Beauty Formulas Body & Leg Wax Strips with Vitamin E - Travel Pack 20 Pieces","5012251009355",""
6197,2,"شرائح شمع الجسم والساقين بفيتامين E من بيوتي فورميولا - عبوة للسفر 20 قطعه","5012251009355",""
6198,1,"Beauty Formulas Vitamin E Hair Remover Wax Strips Legs &amp; Body 20pcs","5012251006712",""
6198,2,"شرائح الشمع لإزالة شعر الساقين والجسم بفيتامين E من بيوتي فورميولا، 20 قطعة","5012251006712",""
6199,1,"Beauty Formulas Vitamin E Hair Remover Wax Strips Legs &amp; Body40pcs","5012251009003",""
6199,2,"شرائح الشمع لإزالة شعر الساقين والجسم بفيتامين E من بيوتي فورميولا، 40 قطعة","5012251009003",""
6200,1,"Beauty Formulas Feminine Intimate Cleansing Wash with Lavender 250ml","5012251007955",""
6200,2,"بيوتي فورميلاز غسول نسائي منظف للمنطقة الحميمية باللافندر 250ml","5012251007955",""
6201,1,"Beauty Formulas Feminine Wash Moisturizing & Soothing with Aloe Vera 250ml","5012251009928",""
6201,2,"بيوتي فورميلاز غسول نسائي مرطب ومهدئ للمنطقة الحميمية بالصبار 250ml","5012251009928",""
6202,1,"Look Korean 3-in-1 Facial Peeling Mask: Peeling Mitt, Mask, and Hydrating Serum","8809089290676",""
6202,2,"ماسك تقشير الوجه لوك الكوري ثلاث خطوات قفاز تقشير وماسك وسيروم ترطيب 3*1","8809089290676",""
6203,1,"Max Care Clear Vinyl Hand Gloves - Large Size, Box of 100 Gloves","6970245755956",""
6203,2,"قفازات يد ماكس كير فنيل شفافه مقاس لارج علبه 100قفاز","6970245755956",""
6204,1,"Tongue Cleaning Brush","6953886600434",""
6204,2,"فرشاه تنظيف اللسان","6953886600434",""
6205,1,"Trisa Tongue Cleaner","7610196004480",""
6205,2,"أداة تنظيف اللسان من تريسا","7610196004480",""
6206,1,"Back Scratcher with Massager","6905324123456",""
6206,2,"محك ظهر مع مساج","6905324123456",""
6207,1,"Bio Garden Rosemary Oil Hair Shampoo - 500 ml","6291106784138",""
6207,2,"شامبو للشعر بزيت اكليل الجبل من بيو جاردن 500 مل","6291106784138",""
6208,1,"Cosmo - Happy Feet Refreshing Foot Gel with Mint, 150 ml","6294015169898",""
6208,2,"كوزمو - هابي فيت جل منعش للقدمين بالنعناع ، 150 مل","6294015169898",""
6209,1,"ACM Dépiwhite Advanced Intensive Anti-Brown Spot Cream 40ml","3760095250441",""
6209,2,"&quot;اي سي ام يبيوايت كريم مكثف مضاد للبقع 40مل &quot;","3760095250441",""
6210,1,"ACM Sebionex Cleansing Gel for Oily Skin - 200 ml","3760095250274",""
6210,2,"جل منظف للبشرة الدهنية من ايه سي ام سيبيونيكس - 200 مل","3760095250274",""
6211,1,"Enjoy delay lubricant 50 ml","6286511000317",""
6211,2,"انجوي مزلق للتاخير 50 مللي","6286511000317",""
6212,1,"Garnier Naturelle Hair Dye Cream Blue Black 3 Oils","3061375781021",""
6212,2,"غارنيية ناتشر لز كريم صبغة أسود مزرق 3 زيوت","3061375781021",""
6213,1,"Garnier Color Naturals 10.1 Ash Beige Blonde Hair Dye","3610340647468",""
6213,2,"صبغة شعر غارنييه 10.1 أشقر بيج رمادي","3610340647468",""
6214,1,"Kuwait Shop Rose Oil - 30 ml","2781214403655",""
6214,2,"زيت الورد من كويت شوب 30 مل","2781214403655",""
6215,1,"Wella Styling Steel Gel with Strong Hold Effect - 200ml","3614226807298",""
6215,2,"جل ستايلينج ستيل بتأثير تثبيت قوي من ويلا - 200مل","3614226807298",""
6218,1,"Beauty Formulas Peppermint Foot Peeling Mask - 1 Pair","5012251013734",""
6218,2,"قناع النعناع لتقشير القدمين من بيوتي فورميولا زوج واحد","5012251013734",""
6219,1,"Christine Blush Powder NO 02","6972081893816",""
6219,2,"بلشر أحمر خدود NO 02 من كرستين","6972081893816",""
6220,1,"Christine Blush Powder NO 01","6972081893809",""
6220,2,"بلشر أحمر خدود NO 01 من كرستين","6972081893809",""
6221,1,"Christine Blush Powder NO 05","6972081893847",""
6221,2,"بلشر أحمر خدود NO 05 من كرستين","6972081893847",""
6222,1,"Christine Blush Powder NO 10","6972081893892",""
6222,2,"بلشر أحمر خدود NO 10 من كرستين","6972081893892",""
6223,1,"Christine Blush 03","6972081893823",""
6223,2,"كرستين أحمر خدود 03","6972081893823",""
6224,1,"DAX Vegetable Oil Compound Hair Pomade 213g","077315002012",""
6224,2,"دهان داكس كومبوند بالزيوت النباتية 213 ج","077315002012",""
6225,1,"Mila Detangling Hair Brush - Pink","1105852392950",""
6225,2,"ميلا فرشاةلتشابك لشعر /زهري","1105852392950",""
6226,1,"Herbal Essences Repairing Moroccan Argan Oil Shampoo 400ml","8001090662057",""
6226,2,"ترميم زيت الارغان المغربي شامبو هيربل اسينسيس 400مل","8001090662057",""
6227,1,"NOW Solutions Grapeseed Oil for Skin Care - 473 ml","733739148131",""
6227,2,"زيت بذور العنب للعناية بالبشرة من ناو سولوشنز 473 مل","733739148131",""
6228,1,"Gigot Collagen Sunscreen for Skin Brightening and Protection","8809541283024",""
6228,2,"واقي شمس جيجوت  كولاجين لتفتيح وحماية البشرة","8809541283024",""
6229,1,"Daily Care Soothing & Exfoliating Toner - Brightening & Anti-Wrinkle - 210ml","8809576261141",""
6229,2,"تونر العنايه اليوميه مهدئ ومقشر يفتح البشرة ومضاد للتجاعيد 210 مل","8809576261141",""
6230,1,"Gigot Collagen Eye Cream Anti-Wrinkle and Intensive Hydration","8809541282294",""
6230,2,"جيغوت كريم العين بالكولاجين المضاد للتجاعيد والترطيب المكثف","8809541282294",""
6231,1,"SKIN1004 Madagascar Centella Light Cleansing Oil - 200ml","8809576261110",""
6231,2,"منظف زيتي لايت مدغشقر سينتيلا من سكين1004 - 200مل","8809576261110",""
6232,1,"L'Oréal Elvive Hyaluron Pure Shampoo 400ml - Add Review","3610340670978",""
6232,2,"لوريال شامبو شعر ايلفيف هيالورون نقي 400 مل      أضف تقييم","3610340670978",""
6233,1,"Kuwait Shop Turmeric Soap for Acne Control and Skin Brightening for Face and Body - 500ml","2781214011331",""
6233,2,"كويت شوب صابونية الكركم لمكافحة حب الشباب وتفتيح البشرة للوجه والجسم - 500 مل","2781214011331",""
6234,1,"Jigott Natural Retinol Serum - Skin Rejuvenating & Anti-Aging Serum 50ml","8809541282416",""
6234,2,"مصل الريتنول الطبيعي من جيجوت مصل تجديد البشرة مضاد للشيخوخه 50 مل","8809541282416",""
6235,1,"Shark Moss Disposable Razors","2005147200007",""
6235,2,"شفرات حلاقه استعمال مره واحده من شارك موس","2005147200007",""
6236,1,"Banana Boat Vitamin C Body Lotion - 450ml","8851929020233",""
6236,2,"لوشن جسم بفيتامين سي من بانانا بوت - 450مل","8851929020233",""
6237,1,"Votmala Tongue Scraper","6931428210082",""
6237,2,"فرشة اللسان فوتمالا","6931428210082",""
6238,1,"Youshen Tongue Scraper for Plaque and Bacteria Removal","6922896080123",""
6238,2,"يوشن فرشة لسان لازاله الرواسب والبكتريا","6922896080123",""
6239,1,"Vollare Nourishing and Strengthening Eyelash and Eyebrow Serum 9ml","5902026642866",""
6239,2,"فولاري سيروم مغذي ومقوي للرموش والحواجب 9 مل","5902026642866",""
6241,1,"Skin System Titanium Rose Wax Roll-On - 100 ml","8051407571831",""
6241,2,"شمع رول تيتانيوم روز من سكن سستم 100 مل","8051407571831",""
6242,1,"Hair Removal Wax Strips","6125334484563",""
6242,2,"شرائح واكس لنزع الشعر","6125334484563",""
6243,1,"Cosmo Beauty Moisturizing Hand Wash with Oud Scent, 750 ml","6294015148961",""
6243,2,"غسول لليدين مرطب برائحة العود من كوزمو بيوتي , 750 مل","6294015148961",""
6244,1,"Cosmo - Moisturizing Romantic Rose Hand Wash 750ml","6294015148633",""
6244,2,"كوزمو - غسول يدين مرطب برائحة الورد الرومنسي 750 مل","6294015148633",""
6245,1,"Disinfectant and sterilizer 250 ml x 2 tablets from Dettol","6295120050606",""
6245,2,"مطهر ومعقم 250 مل × 2 حبة من ديتول","6295120050606",""
6246,1,"Radix Clean Unisex Razors 6*3","6924565931453",""
6246,2,"شفرات  حلاقه راديكس كلين للجنسين6*3","6924565931453",""
6247,1,"Geleez Rose Scented Makeup Remover Wipes - 100 Wipes","6281136093133",""
6247,2,"جيليز مناديل إزالة المكياج بنكهة الورد 100 منديل","6281136093133",""
6248,1,"Dettol Skincare Body Wash 500ml","6001106298524",""
6248,2,"غسول الجسم للعناية بالبشرة من ديتول 500 ملليلتر","6001106298524",""
6249,1,"Dettol Antibacterial Liquid Body Wash Skin Care 500ml with Loofah","6295120030677",""
6249,2,"غسول الجسم السائل للعناية بالبشرة المضاد للبكتيريا من ديتول 500مل مع ليفة","6295120030677",""
6250,1,"Jardin Oleane Underarm Detox Scrub - 250g","745178722377",""
6250,2,"ديتوكس مقشر تحت الابط من جاردن اوليان 250 جرام","745178722377",""
6251,1,"B-Trust Clove Oil for Teeth - 10ml","5280270014210",""
6251,2,"زيت القرنفل للاسنان من بي-ترست 10مل","5280270014210",""
6253,1,"Cerelac wheat and dates with milk / 400g / from 6 months old","7613034981165",""
6253,2,"سيريلاك قمح و تمر بالحليب /400غ / من عمر 6 شهر","7613034981165",""
6254,1,"Cerelac Wheat & Fruits with Milk / 1kg / From 6 Months","8445290341334",""
6254,2,"سيريلاك قمح و فواكه بالحليب / 1كجم / من عمر 6 شهور","8445290341334",""
6255,1,"Nestle Cerelac wheat and dates from 6 months - 1 kilo","8445290341280",""
6255,2,"نستلة سيريلاك قمح وتمر من 6 شهور - 1 كيلو","8445290341280",""
6256,1,"Nestlé Cerelac Mixed Fruits Wheat with Milk - 400g","8410100181509",""
6256,2,"نستلة سيريلاك فواكه مشكلة قمح مع حليب - 400 جم","8410100181509",""
6257,1,"Cerelac wheat and honey with milk / 400g / from 12 months old","7616100756865",""
6257,2,"سيريلاك قمح و عسل بالحليب / 400غ / من عم12شهور","7616100756865",""
6258,1,"Double-Sided Wooden Foot File for Dead Skin Removal with Ergonomic Handle for Pedicure","117027",""
6258,2,"مبرد قدم خشبي ذو وجهين لإزالة الجلد الميت مع مقبض خشبي لتنظيف الباديكير","117027",""
6259,1,"Himalaya Blackhead Clearing Walnut Face Wash 150ml","6291107220154",""
6259,2,"غسول الوجه بالجوز لازالة الرؤوس السوداء من هيمالايا 150مل","6291107220154",""
6260,1,"Cerelac Rice with Milk / 400g / From 6 Months","7616100046539",""
6260,2,"سيريلاك ارز بالحليب/ 400غ / من عمر 6 شهور","7616100046539",""
6261,1,"Avent Natural - Glass Baby Bottle 240ml","8710103876236",""
6261,2,"أفنت ناتشرال - رضاعة زجاجية 240مل","8710103876236",""
6262,1,"Baby Dar plastic baby bottle with handle, 257 ml","6949350806822",""
6262,2,"رضاعة للأطفال بلاستيك بمقبض من بيبي دار 257 مل","6949350806822",""
6263,1,"Vital Baby NURTURE Feeding Bottle Brush","5060702872041",""
6263,2,"فيتال بيبي نورتشر فرشاة تنظيف الرضاعة","5060702872041",""
6264,1,"MD Makeup Design Arabic Kohl Eyeliner Pencil KA001","6287029530006",""
6264,2,"قلم كحل عربي لتحديد العيون KA001 ميكاب ديزاين من إم دي","6287029530006",""
6265,1,"MD Liquid Eyeliner","6287029533656",""
6265,2,"محدد عيون سائل من ام دي","6287029533656",""
6266,1,"Soft Eyeliner Pencil Beige 22 - Makeup Design MD","6287029533564",""
6266,2,"قلم كحل محدد ناعم للعين لون بيج 22 - ميكاب ديزاين ام دي","6287029533564",""
6267,1,"Casanova Hair Removal Spray Lemon Scent 175 ml","6281056587866",""
6267,2,"بخاخ مزيل الشعر كازانوفا بعطر الليمون 175 مل","6281056587866",""
6268,1,"MD Medical Eyeliner No. 01 Black","2710204188753",""
6268,2,"ام دي كحل طبي رقم 01 اسود","2710204188753",""
6269,1,"Cerelac Wheat & Honey 1kg","8445290342126",""
6269,2,"سيريلاك قمح و عسل 1كيلو","8445290342126",""
6270,1,"S-26 Gold Stage 3 Baby Milk Formula - 1800g","6294017107508",""
6270,2,"إس-26 حليب اطفال جولد المرحلة (3) 1800 جم","6294017107508",""
6271,1,"M&amp;K Arol Hair Repair Shampoo 400ml","8436012783150",""
6271,2,"شامبو لاصلاح الشعر من ام اند كي ارول 400مل","8436012783150",""
6272,1,"Got2b Glued Eyebrow Gel Mascara - 72-Hour Hold, 16ml","5012583210900",""
6272,2,"مسكرة جل حواجب جات تو بي تثبيت لمدة 72 ساعة 16 مل","5012583210900",""
6273,1,"Lifebuoy Charcoal and Mint Body Wash 700ml","6281006590137",""
6273,2,"سائل استحمام الفحم والنعناع من لايف بوي 700مل","6281006590137",""
6274,1,"Lifebuoy Antibacterial Body Wash Blue 700ml","6281006564923",""
6274,2,"لايف بوي غسول الجسم المضاد للبكتيريا أزرق 700 مل","6281006564923",""
6275,1,"Garnier shampoo for damaged and weak hair, acacia honey and beeswax, 1000 ml","3600542499194",""
6275,2,"شامبو للشعر التالف والضعيف عسل الاكاسيا وشمع العسل غارنييه 1000مل","3600542499194",""
6276,1,"Garnier Ultra Doux Avocado Oil Shampoo for Very Dry and Frizzy Hair, Silicone-Free - 1000ml","3600542499149",""
6276,2,"غارنيه الترا دوكس شامبو بزيت الأفوكادو للشعر شديد الجفاف ,والمجعد خالي من السليكون 1000 مل","3600542499149",""
6277,1,"Pantene PRO-V Smooth & Silky Shampoo for Coarse Hair - Pump Bottle, 1 Liter","4084500943827",""
6277,2,"شامبو PRO-V من بانتين إنسيابي و حرير ينعم الشعر الاشد خشونه عبوة ضاغطه حجم 1 لتر","4084500943827",""
6278,1,"Radix Comfortable Razors - Smooth Glide for Soft Skin 2+1","9552518493221",""
6278,2,"رادكس شفرات حلاقه مريحه انزلاق سلس لبشرة ناعمه 2+1","9552518493221",""
6279,1,"L'Oréal Hyaluronic Acid Hydrating Shampoo for Dehydrated Hair - 600ml","3610340655289",""
6279,2,"لوريال شامبو حمض الهيالورنيك المرطب للشعر الفاقد الترطيب 600مل","3610340655289",""
6280,1,"Depend Super Fast Nail Polish Remover 35ml","7391715028612",""
6280,2,"مزيل مناكير بسرعة فائقة من ديبند 35مل","7391715028612",""
6281,1,"Depend Nail Polish Remover for Artificial Nails - 100ml","7391715028780",""
6281,2,"مزيل طلاء الأظافر للأظافر الاصطناعية من ديبند 100مل","7391715028780",""
6282,1,"Global Star Cuticle Sanitizer & Protective Spray - 80 ml","6291101686413",""
6282,2,"بخاخ مطهر حول الأظافر وواقي من جلوبال ستار - 80 مل","6291101686413",""
6283,1,"Garnier Nourishing Almond Milk Shampoo 200ml","3610340634239",""
6283,2,"شامبو غارنية حليب ولوز مغذي 200 مل","3610340634239",""
6284,1,"Marvis Ginger Mint Toothpaste 75ml","8004395110124",""
6284,2,"معجون اسنان بالنعناع والزنجبيل من مارفيس 75مل","8004395110124",""
6285,1,"Herbal Essences White Strawberry & Sweet Mint Cleansing Shampoo - 400ml","8001090662293",""
6285,2,"شامبو الفراولة البيضاء والنعناع لتنظيف الشعر من من هيربل ايسينسيز - 400 مل","8001090662293",""
6286,1,"Sensodyne Gentle Care Soft Toothbrush","6805699958182",""
6286,2,"فرشاة أسنان عناية لطيفة ناعمة من سنسوداين","6805699958182",""
6287,1,"Scherrer 2 perfume for women, Eau de Toilette by Jean-Louis Scherrer, 100ml","5050456007806",""
6287,2,"عطر شيرير 2 للنساء او دي تواليت من جان لويس شيرير 100مل","5050456007806",""
6288,1,"Ginseng Hair Growth Serum Ampoules - Anti-Hair Loss 10ml x 12 Ampoules","8008423400485",""
6288,2,"امبولات سيروم من جنسنج لتعزيز نمو الشعر مضاد للتساقط 10 مل × 12 امبولة","8008423400485",""
6289,1,"X-White Hair Dye Shampoo with Argan Oil - Black, 420 ml","799439321632",""
6289,2,"اكس وايت شامبو صبغة الشعر بزيت الأرغان اسود 420 مل","799439321632",""
6290,1,"X-White hair dye shampoo with argan oil, dark brown, 420 ml","799439321649",""
6290,2,"اكس وايت شامبو صبغة شعر بزيت الارغان بني غامق 420 مل","799439321649",""
6291,1,"Johnson's Baby Shampoo Promotional Pack 750ml + 200ml","3574661531748",""
6291,2,"شامبو اطفال عبوه ترويجيه من جونسون 750مل + 200مل","3574661531748",""
6292,1,"Maybelline Lash Sensational Sky High Waterproof Mascara 01 Very Black","30167223",""
6292,2,"مايبيلين ماسكارا لاش سينسيشنال سكاي هاي مقاومة للماء 01 فيري بلاك","30167223",""
6293,1,"MAKUKU Baby Wipes, 99% Water Wipes for Infants and Babies, Unscented and Hypoallergenic for Sensitive Skin, pH Balanced, 180 Wipes (Pack of 3)","6976551750562",""
6293,2,"مناديل مبللة للأطفال من ماكوكو، مناديل مائية بنسبة 99%، مناديل مبللة للأطفال والرضع، غير معطرة ولا تسبب الحساسية للبشرة الحساسة، قريبة من درجة حموضة الجلد، 180 منديلًا (عبوة من 3 قطع)","6976551750562",""
6295,1,"Jardin Oleane Sunscreen Cream for Face and Body - 50 ml","745178721202",""
6295,2,"كريم واقي شمس للوجه والجسم من جاردن اوليان - 50 مل","745178721202",""
6296,1,"Estelle Vendome Infinite Just Girl Eau de Parfum for Women - 100ml","3700134402233",""
6296,2,"عطر انفينيت جست جيرل او دي برفيوم للنساء من استل فيندوم 100مل","3700134402233",""
6297,1,"Makuku Air Slim Diapers with Adhesive Tape, Large Size - 34 Pieces","6974180093890",""
6297,2,"حفاضات ماكوكو الهوائية الرفيعه شريط لاصق مقاس كبير- 34 قطعه","6974180093890",""
6298,1,"Makuku Comfort Fit Baby Diapers Size (2) - 30 Diapers","6974180098901",""
6298,2,"ماكوكو كمفورت فيت حفايض للاطفال مقاس (2) - 30 حفاض","6974180098901",""
6299,1,"Makuku Slim Air Diapers for Babies Size 3 - 36 Diapers","6974180093647",""
6299,2,"ماكوكو حفاضات هوائية رفيعة للاطفال مقاس 3 - 36 حفاضة","6974180093647",""
6300,1,"Soft Velvet Nail Polish Remover Wipes, 12 Wipes","6939442610154",""
6300,2,"مناديل لإزالة طلاء الأظافر من سوفت فيلفيت 12 منديل","6939442610154",""
6301,1,"Mento Fresh Charcoal Gum - Fruit & Mint, 15 Pieces","8026365730866",""
6301,2,"علك الفحم منتو فريش فواكة ونعناع 15 قطعه","8026365730866",""
6302,1,"Celia Pomegranate and Vanilla Body Mist - 250 ml","6253364302141",""
6302,2,"معطر الجسم بالرمان والفانيلا من سيليا - 250 مل","6253364302141",""
6303,1,"Skil Sweet Temptation Shimmering Hair & Body Mist - 250 ml","3430750213837",""
6303,2,"بخاخ معطر لامع سويت تيمبتيشيون للجسم والشعر من سكيل 250 مل","3430750213837",""
6305,1,"Modern sonic toothbrush from YOUTU","6945898880034",""
6305,2,"فرشاة الاسنان الكهربائية الحديثة  من YOUTU","6945898880034",""
6306,1,"Vital Baby - Fresh Food Feeder for Infants +6 Months Red - 2 Pieces","5060702871938",""
6306,2,"فيتال بيبي - أداة الطعام الطازج للرضع +6 أشهر أحمر - عدد 2","5060702871938",""
6307,1,"Similac Advance Baby Milk Stage 2 / 800g / From 6 - 12 Months","5099864015935",""
6307,2,"سيميلاك ادفانس حليب الاطفال رقم 2/ 800 غ / من عمر 6 - 12 شهر","5099864015935",""
6308,1,"Jamzing Gummies Kids Vitamin C Zinc 60 Candy","5060748880062",""
6308,2,"جاميزينج جاميز اطفال فيتامين سي وزنك 60 حلوى","5060748880062",""
6309,1,"Castal Long-Lasting Liquid Lipstick - 236","6927102100053",""
6309,2,"روج شفاه سائل ثابت من كاستال- 236","6927102100053",""
6310,1,"Eucerin UreaRepair PLUS 10% Urea Intensive Lotion 250ml","4005800162329",""
6310,2,"مستحلب يوريا ريبير بلس 10% يوريا المكثف يوسيرين 250 مل","4005800162329",""
6311,1,"Eucerin 5% Urea Skin Replenishing Body Wash 400ml","4005800164477",""
6311,2,"غسول الجسم 5% يوريا لتجديد البشرة من يوسيرين 400 مل","4005800164477",""
6312,1,"Castal Long-Lasting Liquid Lipstick - Shade 226","6971977502986",""
6312,2,"روج سائل ثابت شفاه من كاستال 226","6971977502986",""
6313,1,"Herbal Essences Coconut Moisturizing Conditioner 400 ml","8001090662200",""
6313,2,"بلسم ترطيب بخلاصة جوز الهند من هيربال ايسنز 400 مل","8001090662200",""
6314,1,"Zayn & Myza (ZM) Charcoal Face Scrub with Niacinamide & Aloe Vera Extract - 150ml","8904390206467",""
6314,2,"مقشر وجه بالفحم مع خلاصة النياسيناميد و الصبار 150 مل  من  زين اند ميزا (ZM) -","8904390206467",""
6315,1,"Exotic green tea facial mask and serum 100 ml","5280270140070",""
6315,2,"قناع وسيروم للوجه الشاي الاخضر100مل من ايكزوتك","5280270140070",""
6316,1,"Exotic Aker Fassi Face Mask & Serum - 100ml","5280270141411",""
6316,2,"قناع وسيروم الوجه بالعكر الفاسي 100مل  من اكزوتك","5280270141411",""
6317,1,"Marnys Anti-Stress Face Ampoules - 7 Ampoules x 2 ml","8410885092601",""
6317,2,"مارنيز امبولات مضاد للتوتر للوجه 7 امبولات 2 مل","8410885092601",""
6318,1,"Vatika Naturals Therapeutic Moisturizing Shampoo - Enriched with Almonds and Honey - for Dry and Frizzy Hair - 1000 ml","6291069749076",""
6318,2,"شامبو مرطب علاجي من فاتيكا ناتشورالز - غني باللوز والعسل - للشعر الجاف والمتطاير - 1000 مل","6291069749076",""
6319,1,"Marvis Whitening Mint Toothpaste 85ml","8004395111718",""
6319,2,"معجون اسنان بالنعناع للتبييض من مارفيس 85مل","8004395111718",""
6320,1,"Now Foods Cinnamon Cassia Essential Oil - 30ml","733739147967",""
6320,2,"زيت عطري بالقرفه من ناو - 30مل","733739147967",""
6321,1,"Gellies Clear Nail Glue - 10g","8808335614211",""
6321,2,"جيليز غراء اظافر شفاف - 10 جم","8808335614211",""
6322,1,"Shine Skin Care Bundle: Cleanser + Toner + Cotton Pads","6288002403317",""
6322,2,"بكج شاين للعنايه بالبشرة غسول +تونر +مسحه قطنيه","6288002403317",""
6323,1,"Blue Ginger Conditioner Renewing Energizing Micellar Water by Herbal Essences Bio - 400 ml","8001090944665",""
6323,2,"بلسم الزنجبيل الازرق تجديد ماء ميسيلر منشط من هيربال إسنسز بيو - 400 مل","8001090944665",""
6324,1,"Herbal Essences Bio Smoothing and Renewing Conditioner with Golden Moringa Oil, 400 ml","8001090661968",""
6324,2,"بلسم تنعيم الشعر وتجديده بزيت المورينغا الذهبي من هيربل ايسنسز بايو ، بحجم 400 مل","8001090661968",""
6325,1,"Nair hair removal cream for sensitive skin with aloe vera extract, 110 grams","5010724506776",""
6325,2,"كريم ازالة الشعر للبشرة الحساسة بخلاصة الصبار من نير 110 غرام","5010724506776",""
6326,1,"Karseell Maca Essence Hair Oil for Damaged Hair - 50 ml","4897110030548",""
6326,2,"كارسيل زيت الماكا للشعر التالف - 50 مل","4897110030548",""
6327,1,"Casa Prickly Pear Seed Oil - 30ml","6111263817916",""
6327,2,"زيت التين الشوكي من كازا - 30مل","6111263817916",""
6328,1,"Bizon Perfume 100ml - Unisex","6281005033055",""
6328,2,"عطر بيزون 100 مل رجالي-نسائي","6281005033055",""
6329,1,"Al-Arayes Moroccan Bath Soap with Olive Oil - 1000ml","6287011270019",""
6329,2,"صابون الحمام المغربي بزيت الزيتون من العرايس 1000مل","6287011270019",""
6330,1,"Dove Powder Soft Antiperspirant Deodorant Spray 150ml","6281006601581",""
6330,2,"دوف مزيل عرق بخاخ باودر سوفت 150 مل","6281006601581",""
6331,1,"Dove Go Fresh Apple & White Tea 150ml","8717163676714",""
6331,2,"جو فريش تفاح وشاي أبيض دوف150 مل","8717163676714",""
6332,1,"Dove Antiperspirant Deodorant Spray Coconut & Jasmine - 150ml","8717163714843",""
6332,2,"دوف مزيل عرق بخاخ بجوز الهند والياسمين - 150 مل","8717163714843",""
6333,1,"Carbon Theory Superfood Facial Cleansing Bar 100g","604565836434",""
6333,2,"صابونة تنظيف الوجه سوبر فود من كاربون ثيوري 100 جم","604565836434",""
6334,1,"Carbon Theory Vitamin C & Caffeine Facial Cleansing Bar 100g","604565817136",""
6334,2,"صابونة تنظيف الوجه بفيتامين سي والكافيين من كاربون ثيوري 100 جم","604565817136",""
6335,1,"Revolution Reloaded Wild Nights Eyeshadow Palette","5057566717854",""
6335,2,"ريفلوشن باليت ظل عيون ريلوديد وايلد نايتس","5057566717854",""
6336,1,"Revolution Lip Contour Kit - Chauffeur (Cookie)","5057566856973",""
6336,2,"رفليوشن قلم تحديد الشفاة كوكي","5057566856973",""
6337,1,"Revolution Lip Contour Liner - Abam","5057566857048",""
6337,2,"رفليوشن قلم تحديد الشفاة ابام","5057566857048",""
6338,1,"Revolution Espresso Lip Liner","5057566856966",""
6338,2,"رفليوشن قلم تحديد الشفاة اسبرسو","5057566856966",""
6339,1,"Revolution Hair Stroke Brow Pen - Dark Brown 0.5ml","5057566555920",""
6339,2,"قلم حواجب ريفولوشن سترايك بني داكن من ريفولوشن 0.5مل","5057566555920",""
6346,1,"Jigott Peptide Eye Cream for Brightening, Nourishing, and Anti-Wrinkle Care - 50ml","8809541282270",""
6346,2,"كريم الببتيد للعين لتفتيح وتغذيه البشرة حول العين والمضاد للتنجاعيد 50 مل من jigott","8809541282270",""
6353,1,"Nail clippers set","2023032900825",""
6353,2,"طقم مقص أظافر","2023032900825",""
6354,1,"Pantene Smooth & Silky Shampoo - 390 ml","8700216392778",""
6354,2,"بانتين شامبو انسيابي وحريري  390 مل","8700216392778",""
6355,1,"Himalaya Aloe Vera Face Wash Gel 165ml","6291107222400",""
6355,2,"غسول جل الصبار لتنظيف الوجه من هيمالايا 165مل","6291107222400",""
6356,1,"Global White Teeth Whitening Gel - 5 ml","4605370032765",""
6356,2,"جل مبيض للأسنان من جلوبال وايت - 5مل","4605370032765",""
6358,1,"A set of plastic travel packing boxes - seven pieces from Attention Care","2023032900108",""
6358,2,"محموعة علب بلاستيك للتعبئة للسفر -سبع قطع من اتنشن كير","2023032900108",""
6359,1,"Georgina Waterproof Lip Liner - Shade 115","8697581982393",""
6359,2,"محدد شفاة ضد الماء رقم  115 من جيورجينا","8697581982393",""
6360,1,"Georgina Waterproof Lip Liner - Shade 101","8697581982256",""
6360,2,"محدد شفاة ضد الماء رقم  101 من جيورجينا","8697581982256",""
6361,1,"Georgina Waterproof Lip Liner - Shade 112","8697581982362",""
6361,2,"محدد شفاة ضد الماء رقم  112 من جيورجينا","8697581982362",""
6362,1,"Nano Rose Watermelon Lip Balm 03 - 6.5g","6972598194826",""
6362,2,"مرطب شفاه بالبطيخ 03 من نانو روز 6.5غ","6972598194826",""
6363,1,"L'Oréal Paris Studio Line Special FX 150ml","5011408053814",""
6363,2,"لو﷼ باريس ستوديو لاين سبيشيال اف اكس ١٥٠ مل","5011408053814",""
6364,1,"Labella White Musk Intimate Wash - 250ml","6291107913032",""
6364,2,"غسول المسك الأبيض للمنطقة الحميمية من لابيلا - 250مل","6291107913032",""
6365,1,"Taif Rose Intimate Care Wipes - 12 Wipes","6291107913087",""
6365,2,"مناديل الورد الطائفي للعنايه بالمناطق الحميمه 12 منديل","6291107913087",""
6366,1,"Alfaparf Revolution temporary hair dye, pink, 90 ml","8022297304342",""
6366,2,"صبغة شعر مؤقته ريفولوشن زهري من الفابارف 90مل","8022297304342",""
6367,1,"Exa whitening cream for sensitive areas, 360 grams","745604460118",""
6367,2,"كريم مبيض ومورد للمناطق الحساسة من إكسا 360 جرام","745604460118",""
6368,1,"Rebune Deep Cleansing Facial Steamer","6280120030611",""
6368,2,"ريبون جهاز بخار الوجه للتنظيف العميق","6280120030611",""
6369,1,"Rebune is a small, portable muscle massage device with 6 speeds","6281072221621",""
6369,2,"ريبون جهاز مساج وتدليك العضلات بحجم صغير محمول بـ 6 سرعات","6281072221621",""
6370,1,"Passionate Massage Oil for All Skin Types - 200 ml","8435440300779",""
6370,2,"زيت التدليك عاطفي  لجميع انواع البشرة  200 مل","8435440300779",""
6371,1,"Organic Aloe Vera After-Sun Cream 250ml","8435438600409",""
6371,2,"كريم بعد الشمس العضوي بالصبار 250 مل","8435438600409",""
6372,1,"Organic Face Toner for All Skin Types - 250ml","8435440300687",""
6372,2,"تونر عضوي للوجه  لجميع انواع  البشرة 250 مل","8435440300687",""
6373,1,"Organic Relaxing Massage Oil for All Skin Types - 100% Natural Origin - 250ml","8435440300755",""
6373,2,"زيت التدليك العضوي للاسترخاء لجميع انواع البشرة 100% من اصل طبيعي 250 مل","8435440300755",""
6374,1,"Arganour Natural Sweet Almond Oil 250ml","8435438600072",""
6374,2,"زيت اللوز الحلو الطبيعي من أرغانور 250 مل","8435438600072",""
6375,1,"Arganour Organic Aloe Vera Gel 97% Triple Action - 250ml","8435440300694",""
6375,2,"جل الصبار العضوي 97% ثلاثي من ارجينيور  250مل","8435440300694",""
6376,1,"Arganier Organic Refreshing Massage Oil for All Skin Types - 200ml","8435440300762",""
6376,2,"زيت التدليك العضوي منعش لجميع انواع البشرة من ارجينيور 200 مل","8435440300762",""
6377,1,"Argenior Tanning Gel - 100 ml","8435438600898",""
6377,2,"جل لاسمرار البشرة من ارجينيور 100 مل","8435438600898",""
6378,1,"Arganour 100% Pure Argan Oil 50ml","8470001756183",""
6378,2,"أرجانور زيت أرغان نقي 100% 50 مل","8470001756183",""
6379,1,"Argenior Hyaluronic Acid & Centella Asiatica Face Serum for Hydration and Nourishment for Radiant and Glowing Skin - 30ml","8435438600782",""
6379,2,"سيروم الوجه حمض الهيالورونيك  كينتيللا اسياتيكا من ارجينيور يرطب ويغذي لبشرة مشرقه ومتالقه 30 مل","8435438600782",""
6380,1,"Organic Micellar Cleansing Water - 250ml","8435440300700",""
6380,2,"ماء منظف للوجه ميسيلار العضوي  250 مل","8435440300700",""
6381,1,"Sofy Anti-Bacterial Sanitary Pads - Slim - Large with Wings, 52 Pads","6281008553321",""
6381,2,"سوفي حفائض نسائية مقاومة للبكتيريا - رقيقة - كبيرة بالأجنحة 52 حفاضة","6281008553321",""
6382,1,"Sofy Moisturizing Olive Oil Sanitary Pads, Large - 30 Pads","6281008352429",""
6382,2,"فوط نسائية بزيت الزيتون المرطب من سوفي كبير 30 فوط","6281008352429",""
6383,1,"Sofy Gentle to Skin Sanitary Pads - Slim - Large with Wings - 30 Pads","6281008585124",""
6383,2,"سوفي حفائض نسائية لطيفة على البشرة - رقيقة - كبير بالاجنحة - 30 حفاضة","6281008585124",""
6384,1,"Sofy Maxi Compressed Sanitary Pads Large with Wings - 30 Pads","6281008527124",""
6384,2,"سوفي حفائض نسائية ماكسي مضغوطة كبير بالاجنحة 30 حفاضة","6281008527124",""
6386,1,"Cosmo - Retinol Foaming Face Wash with Face Brush, 175 ml","6294015174359",""
6386,2,"كوزمو - غسول الوجه الرغوي بالريتينول مع فرشاة وجه ، 175 مل","6294015174359",""
6387,1,"Cosmo Vitamin C Foaming Face Wash with Built-in Brush, 175ml","6294015164244",""
6387,2,"غسول الوجه الرغوي بخلاصة فيتامين سي مع فرشاة من كوزمو , 175 مل","6294015164244",""
6388,1,"Florence Korean Rice Exfoliating and Whitening Face Wash Gel - 150ml","5280270131290",""
6388,2,"غسول جل مقشر ومبيض للوجه بالأرز الكوري من فلورنس 150مل","5280270131290",""
6389,1,"Salon System Moisturizing Shaving Gel - 1200 ml","2000056850206",""
6389,2,"صالون سيستم جل حلاقة مرطب للبشرة - 1200 مل","2000056850206",""
6390,1,"Cosmo - Cleansing Lemon Toner, 250 ml","6294015133486",""
6390,2,"كوزمو - تونر منظف بالليمون ،250 مل","6294015133486",""
6391,1,"Cosmo - Papaya Skin Cleansing and Whitening Toner, 250 ml","6294015133462",""
6391,2,"كوزمو - تونر لتنظيف البشرة وتبييضها بالبابايا ,250 مل","6294015133462",""
6392,1,"Cosmo Rose Skin Cleansing Toner - 250ml","6294015133493",""
6392,2,"تونر لتنظيف البشرة بالورد من كوزمو 250 مل","6294015133493",""
6393,1,"St. Dalfour Philippines Skin Whitening Cream - 50g","0760851637861",""
6393,2,"دالفور كريم تفتيح وتبييض البشرة - 50 جرام","0760851637861",""
6394,1,"Osha Beauty Antiperspirant Wipes - 10 Pieces","62913412445637",""
6394,2,"اوشا بيوتي مناديل مضادة للتعرق - 10 قطع","62913412445637",""
6395,1,"Sensation Roll-On Deodorant to lighten and tighten the skin with Q10 serum from Pure Beauty - two pieces","6281104653567",""
6395,2,"مزيل عرق رول سنسايشن لتفتيح البشرة وشدها بسيروم Q10 من بيور بيوتي - حبتين","6281104653567",""
6396,1,"Anua Heartleaf Pore Control Cleansing Oil - 200ml","8809640732829",""
6396,2,"غسول زيتي هارتليف للتحكم في المسام من أنوا - 200مل","8809640732829",""
6397,1,"Kler Strawberry and Raspberry Body Lotion - 400 ml","6001374037061",""
6397,2,"لوشن للجسم فراولة وتوت 400 مل من كلير","6001374037061",""
6398,1,"Klar Musk Body Lotion - 400 ml","6001374033032",""
6398,2,"لوشن للجسم بالمسك 400 مل من كلير","6001374033032",""
6399,1,"Hair Styling Wax Stick by Lefami Beauty","6971606216482",""
6399,2,"رول شمع لتثبيت الشعر من لافمي بيوتي.","6971606216482",""
8957,1,"Anastasia Beverly Hills DIPBROW Pomade - Chocolate","689304051071",""
8957,2,"اناستازيا بيفرلي هيلز جل حواجب ديب برو بوميد - تشوكلت","689304051071",""
9400,1,"Coli-Urinal Effervescent Granules 60g - For Relief of Urinary Tract Infection Symptoms","06221035401059",""
9400,2,"كولي يورينال حبيبات فوارة 60 جم لتخفيف أعراض التهابات المسالك البولية","06221035401059",""
9401,1,"Herox 5 mg 30 Tablets for Erectile Dysfunction","06285147001538",""
9401,2,"هيروكس 5 مجم 30 قرص للذين يعانون من ضعف الإنتصاب","06285147001538",""
9402,1,"Omnic Ocas 0.4 mg, for Prostate Health Maintenance - 30 Tablets","06285094000295",""
9402,2,"اومنيك اوكاس 0.4 مجم، للحفاظ على صحة البروستاتا - 30 قرص","06285094000295",""
9404,1,"Spasmex 30 mg - 50 Tablets for the Treatment of Bladder Instability","04028305001719",""
9404,2,"سبازمكس 30 ملغ - 50 قرص یستعمل لعلاج عدم استقرار المثانة","04028305001719",""
9406,1,"Jamieson Evening Primrose Oil 90 Capsules for Women's Care","064642073921",""
9406,2,"جاميسون زيت زهرة الربيع المسائية 90 كبسولة للعناية بالمرأة","064642073921",""
9407,1,"Dahab Daily Contact Lenses - Cappuccino #35","8800030880120",""
9407,2,"ذهب عدسات يومية لون كابتشينو #35","8800030880120",""
9411,1,"City Baby Diapers Size 5 – 40 Pieces","745178385053",""
9411,2,"سيتي بيبي حفاضات أطفال مقاس 5 – 40 قطعة","745178385053",""
9412,1,"City Baby Diapers Size 6 – 40 Pieces","745178385060",""
9412,2,"سيتي بيبي حفاضات أطفال مقاس 6 – 40 قطعة","745178385060",""
9413,1,"Lamsa Baby Diapers Size 2 - 112 Diapers","6253005866995",""
9413,2,"لمسة حفايض اطفال 112 حفاض رقم 2","6253005866995",""
9414,1,"Lamsa Baby Diapers - Size 3, 96 Diapers","6253005867008",""
9414,2,"لمسة حفايض اطفال 96 حفاض رقم 3","6253005867008",""
9415,1,"Lamsa Baby Diapers Size 4 - 88 Diapers","6253005867015",""
9415,2,"لمسة حفايض اطفال 88 حفاض رقم 4","6253005867015",""
9416,1,"Lamsa Baby Diapers - 80 Diapers - Size 4+","6253005867022",""
9416,2,"لمسة حفايض اطفال 80 حفاض رقم 4+","6253005867022",""
9417,1,"Lamsa Baby Diapers Size 5 - 72 Diapers","6253005867039",""
9417,2,"لمسة حفايض اطفال 72 حفاض رقم 5","6253005867039",""
9418,1,"Lamsa Baby Diapers - Size 6, 64 Diapers","6253005867046",""
9418,2,"لمسة حفايض اطفال 64 حفاض رقم 6","6253005867046",""
9419,1,"Makuku - Premium Ultra Care Tape Diapers - Size 1 - Newborn 66 Diapers","6974180099731",""
9419,2,"ماكوكو - حفاضات بريميوم رعاية فائقة بشريط - حجم 1 - مولود جديد 66 حفاض","6974180099731",""
9420,1,"Makuku Ultra Care Baby Diapers Size (2) 62 Count","6974180099755",""
9420,2,"ماكوكو حفاضات اطفال رعاية فائقة مقاس (2) 62 حبة","6974180099755",""
9421,1,"Makuku Ultra Care Baby Diaper Pants Size (4) 42 Count","6974180099830",""
9421,2,"ماكوكو كلوت اطفال رعاية فائقة مقاس (4) 42 حبة","6974180099830",""
9422,1,"Makuku Baby Diaper Pants Ultra Care Size (3) 48 Count","6974180099816",""
9422,2,"ماكوكو كلوت اطفال رعاية فائقة مقاس (3) 48 حبة","6974180099816",""
9423,1,"Color Hair Spray Temporary Dye - Blue","8822513548938",""
9423,2,"كولير بخاخ شعر صبغة مؤقتة لون ازرق","8822513548938",""
9424,1,"Kolier Temporary Hair Color Spray - Purple","8822513549034",""
9424,2,"كولير بخاخ صبغة شعر مؤقته لون ارجواني","8822513549034",""
9425,1,"Kolor Hair Color Spray Orange Red 138ml","8822513549003",""
9425,2,"بخاخ تلوين الشعر برتقالي أحمر من كولير 138 مل","8822513549003",""
9426,1,"Colier Temporary White Hair Color Spray - 138 ml","8822513548914",""
9426,2,"بخاخ صبغة شعر أبيض مؤقتة من كولير 138 مل","8822513548914",""
9427,1,"Temporary Hair Color Spray - 138ml","8822513548907",""
9427,2,"بخاخ صبغ الشعر المؤقتة - 138مل","8822513548907",""
9428,1,"Temporary Hair Color Spray - 138ml","8822513548983",""
9428,2,"بخاخ صبغ الشعر المؤقتة -138مل","8822513548983",""
9429,1,"Cosmo Non-Permanent Root Touch-Up Spray Black - 75ml","6294015180206",""
9429,2,"بخاخ خافي الجذور غير دائم أسود من كوزمو - 75 مل","6294015180206",""
9430,1,"Cosmo Soft & Shine Shea Magic Kids Detangling Spray, 250ml","6294015193930",""
9430,2,"بخاخ سوفت آند شاين شيا ماجيك لفك تشابك الشعر للأطفال من كوزمو , 250 مل","6294015193930",""
9431,1,"Niz Dry Shampoo for Oily Hair - 250ml","7898378620578",""
9431,2,"شامبو جاف نيز للشعر الدهني 250مل","7898378620578",""
9432,1,"Niz Dry Shampoo for Dry Hair 250ml","7898378620561",""
9432,2,"شامبو جاف نيز للشعر الجاف 250مل","7898378620561",""
9433,1,"Niz Dry Shampoo for Normal Hair - 250ml","7898378620585",""
9433,2,"شامبو جاف نيز للشعر العادي 250مل","7898378620585",""
9434,1,"Thermo Diary Forehead Thermometer","8058090009214",""
9434,2,"ثيرمو دياري ترمو متر جهاز قياس الحراره من خلال الراس","8058090009214",""
9435,1,"Clear Rapid Digital Blood Pressure Monitor","8058090005650",""
9435,2,"كلير رابيد جهاز جهاز رقمي لقياس ضغط الدم","8058090005650",""
9436,1,"Smart Infrared Ear Thermometer with App Synchronization","8058090009191",""
9436,2,"مقياس حرارة الأذن – يعمل بالأشعة تحت الحمراء الذكية مع مزامنة التطبيق","8058090009191",""
9437,1,"Portable Air Compressor Nebulizer - Easy to Operate","8058090043447",""
9437,2,"محمول جهاز البخار بخاخات هوائية سهلة التشغيل","8058090043447",""
9438,1,"Lite Rapid Upper Arm Blood Pressure Monitor","8058090027928",""
9438,2,"لايت رابيد جهاز قياس ضغط الدم عن طريق الذراع","8058090027928",""
9439,1,"Pic Solution Digital Thermometer","8058090004271",""
9439,2,"مقياس الحرارة الرقمي من بيك سوليوشن","8058090004271",""
9440,1,"Fatloss 120 mg 80 Capsules for Weight Loss Support","06285147001187",""
9440,2,"فاتلوس 120 مجم 80 كبسولة لمساعدة في إنقاص الوزن","06285147001187",""
9441,1,"Bragg Organic Raw Unfiltered Apple Cider Vinegar - 473 ml","074305001161",""
9441,2,"خل التفاح الخام العضوي غير المصفى من براج - 473 مل","074305001161",""
9442,1,"Fine Care Adult Diapers Unisex - Medium Waist","6251001216509",""
9442,2,"فاين كير حفاضات للكبار للجنسين متوسط للخصر","6251001216509",""
9443,1,"Fine Care Incontinence Pull-Ups, Extra Large, Pack of 14 Diapers","6251001309140",""
9443,2,"فاين كير كلوت كبير جدا عبوة 14 حفاض","6251001309140",""
9444,1,"SoffiSof Medical Adult Diapers - Size Medium","8007300009445",""
9444,2,"سوفي سوف حفائض طبية لكبار السن مقاس ميديم","8007300009445",""
9445,1,"SoffiSof Medical Adult Diapers - Large Size","8007300009452",""
9445,2,"سوفي سوف حفائض طبية لكبار السن مقاس كبير","8007300009452",""
9446,1,"SoffiSof Medical Adult Diapers - XXL","8007300011080",""
9446,2,"سوفي سوف حفائض طبية لكبار السن كبير جداً جداً","8007300011080",""
9447,1,"SoffiSof Medical Protective Underwear for Seniors - Large Size","8007300028613",""
9447,2,"سوفي سوف حفائض كلوت طبية لكبار السن مقاس كبير","8007300028613",""
9448,1,"SoffiSof Classic Pads - Size XL","8007300011059",""
9448,2,"حفائض سوفي سوف كلاسيك مقاس كبير XL","8007300011059",""
9471,1,"Samuran SM-0004 Hair Dryer with 3 Heat Settings","6283025000413",""
9471,2,"مصفف ومجفف شعر SM-0004 تجكم 3 درجات من ساموران","6283025000413",""
9473,1,"Sibo 200 mg 20 Capsules – Analgesic, Antipyretic, and Anti-inflammatory","06285312000359",""
9473,2,"سيبو 200 ملجم 20 كبسولة مسكن، خافض للحرارة ومضاد للالتهاب","06285312000359",""
9475,1,"Arcoxia 60 mg 28 Tablets for Pain and Swelling (Inflammation) Relief","00840164512618",""
9475,2,"أركوكسيا 60 مجم28قرص لتقليل الألم والتورم (الالتهاب)","00840164512618",""
9476,1,"Leroxo 8mg | 20 Coated Tablets - Antipyretic and Pain Reliever for Adults","06251910000695",""
9476,2,"ليروكسو 8مجم | 20 قرص مغلف خافضات الحرارة ومسكنات الكبار","06251910000695",""
9477,1,"Proxen 500 mg, Analgesic, Antipyretic, and Anti-inflammatory - 20 Tablets","04011548028681",""
9477,2,"بروكسين 500 مجم، مسكن، خافض للحرارة ومضاد لالتهاب - 20 قرص","04011548028681",""
9478,1,"Baclon 25 mg 50 Tablets for Reducing and Relieving Excessive Tension","06286059000299",""
9478,2,"باكلون 25 مجم 50 قرص لتقليل وتخفيف التوتر المفرط","06286059000299",""
9479,1,"Fevadol Extra 20 Tablets for Pain Relief and Fever Reduction","06281086010921",""
9479,2,"فيفادول اكسترا 20 قرص لتخفيف الألم وخفض الحرارة","06281086010921",""
9480,1,"Etoria 60 mg 28 Tablets - Pain Reliever and Anti-Inflammatory","06281086002865",""
9480,2,"ايتوريا 60 مجم 28 قرص مسكن للآلام ومضاد للالتهابات","06281086002865",""
9481,1,"Etoria 90 mg - 28 Tablets for Pain and Swelling Relief","06281086002872",""
9481,2,"ايتوريا 90 مجم 28 قرص لتخفيف الآلام والتورم","06281086002872",""
9482,1,"Prof Ibuprofen 400 mg Pain Reliever - 30 Tablets","06285147003365",""
9482,2,"بروف ايبوبروفين 400 ملجم مسكن للألام - 30 قرص","06285147003365",""
9483,1,"Panadol Actifast 500 mg – 20 Tablets for Headache Relief","06286740000249",""
9483,2,"بانادول أكتيفاست 500 مجم – 20 قرص يساعد في تخفيف آلام الصداع","06286740000249",""
9485,1,"Diclomax 50 mg - 20 Tablets | Pain Reliever and Antipyretic","06285101000041",""
9485,2,"ديكلوماكس 50 مجم أقراص 20 حبة مُسكن للآلام وخافض للحرارة","06285101000041",""
9486,1,"Olfen 50 mg 20 Tablets for Pain Relief and Anti-Inflammatory Support","07640153088079",""
9486,2,"اولفين 50 مجم 20 قرص يستخدم لتخفيف الألم والالتهابات","07640153088079",""
9487,1,"Votrex 50 mg Pain Reliever - 20 Tablets","06251065012062",""
9487,2,"فوتريكس 50 مجم مسكن للآلام 20 قرص","06251065012062",""
9488,1,"Samoran 25W Electric Massage Gun with 4 Massage Heads","6282023218011",""
9488,2,"مسدس مساج كهربائي من ساموران بقوة 25 واط مع 4 رؤوس تدليك","6282023218011",""
9489,1,"Fevadol Plus 20 Tablets - Powerful Analgesic for Headaches and Body Aches","06281086010532",""
9489,2,"فيفادول بلص 20 قرص مسكن قوي للصداع وآلام الجسم","06281086010532",""
9490,1,"Coxicam 15 mg Tablets - Analgesic and Anti-inflammatory","06281080011009",""
9490,2,"كوكسيكام 15 مجم أقراص مسكن ومضاد التهاب","06281080011009",""
9492,1,"Etoria 120 mg 7 Tablets - Relieves Pain and Inflammation","06281086002889",""
9492,2,"ايتوريا 120 مجم 7 أقراص يخفف الألم والالتهاب","06281086002889",""
9493,1,"Brufen, Anti-Inflammatory 400 mg - 30 Tablets","08002660016492",""
9493,2,"بروفين، مضاد للالتهابات 400 ملجم - 30 قرص","08002660016492",""
9495,1,"Brufen 600 mg, Analgesic, Antipyretic and Anti-inflammatory - 30 Tablets","08002660016508",""
9495,2,"بروفين 600 مجم، مسكن، خافض للحرارة ومضاد لالتهاب - 30 قرص","08002660016508",""
9496,1,"Prof 600 mg, Pain Reliever, Antipyretic, and Anti-Rheumatic - 30 Tablets","06285147003396",""
9496,2,"بروف 600 مجم، مسكن للآلام، خافض للحرارة، ومضاد للروماتيزم - 30 قرص","06285147003396",""
9497,1,"Oximel 15 mg, 30 Tablets/Box – Targeted Pain Relief Treatment","06251154072021",""
9497,2,"أوكسيمل 15 ملغ، 30 قرص/علبة علاج بعض أنواع الآلام","06251154072021",""
9498,1,"Omol Extra 20 Tablets for Common and Recurrent Pain Relief","06285105001488",""
9498,2,"اومول اكسترا 20 قرص لتسكين الآلام الشائعة والمتكررة","06285105001488",""
9500,1,"Omol 500 mg 20 Tablets for Pain Relief and Fever Reduction","06285105001518",""
9500,2,"اومول 500 مجم 20 قرص لتخفيف الألم والحد من ارتفاع درجة الحرارة والحمى.","06285105001518",""
9501,1,"Panadrex | 24 Tablets for Relief of: Headaches, Menstrual Pain, and Back Pain","06285085001003",""
9501,2,"بانادريكس | 24قرص يستخدم لتخفيف: الصداع ، آلام الدورة الشهرية ، آلام الظهر","06285085001003",""
9502,1,"Limitless Elzyme Original for Relief of Minor Pain, Swelling, and Inflammation - 30 Tablets","6223012480811",""
9502,2,"ليمتلس الزايم اوريجينال لتخفيف الألم البسيط والتورم والإلتهاب 30 قرص","6223012480811",""
9503,1,"Solpadeine Capsules - 20 Capsules Strong Painkiller and Antipyretic","06091403219971",""
9503,2,"سولبادين كبسول 20 كبسولة مسكن قوي للألم وخافض للحرارة","06091403219971",""
9504,1,"Ketofan 25 mg 20 Tablets - Fast and Powerful Pain Reliever","06221075011836",""
9504,2,"كيتوفان 25 مجم 20 قرص مسكن قوي وسريع للألم","06221075011836",""
9505,1,"Select 200 mg for Relief of Arthritis Symptoms - 20 Capsules","06285101002977",""
9505,2,"سيليكت 200 مجم  للتخفيف من أعراض التهاب المفاصل 20 كبسولة","06285101002977",""
9506,1,"Panadol Cold and Flu, 24 Tablets for Fast and Effective Pain Relief","06285096002853",""
9506,2,"بانادول كولد اند فلو، 24 قرص لتخفيف الألم بشكلٍ سريعٍ وفعال","06285096002853",""
9507,1,"Panadol Cold & Flu Sinus – 24 Tablets for Relief of Sinus Congestion, Headache, and Body Aches","06285096002860",""
9507,2,"بانادول كولد آند فلو سينس – 24 قرص يخفف احتقان الجيوب الأنفية والصداع وآلام الجسم","06285096002860",""
9508,1,"Oflam 50 mg Sachets for Pain and Inflammation Relief - 10 Sachets","06285101000911",""
9508,2,"اوفلام 50 مجم أكياس لعلاج الآلام والإلتهابات 10 كيس","06285101000911",""
9509,1,"Adol Extra - 24 Capsules for Relief of Headache and Migraine","06291100080557",""
9509,2,"أدول إكسترا - 24 كبسولة  للتخفيف من الصداع والصداع النصفي","06291100080557",""
9510,1,"Fast-Flam 50 mg 20 Tablets - Fast-Acting Analgesic and Anti-Inflammatory","06285128000376",""
9510,2,"فاست فلام 50 مجم 20 قرص مسكن سريع المفعول ومضاد التهاب","06285128000376",""
9511,1,"Profinal XP, Analgesic, Antipyretic, and Anti-inflammatory - 20 Tablets","06291100084166",""
9511,2,"بروفينال اكس بى، مسكن، خافض للحرارة ومضاد للالتهاب - 20 قرص","06291100084166",""
9512,1,"Adol 500 mg 24 Tablets for Fast Relief of Pain and Fever","06291100080069",""
9512,2,"أدول 500 مجم 24 قرص تُخفف الألم والحمى بسرعة","06291100080069",""
9513,1,"Coxicam 7.5 mg - 30 Capsules for Joint Pain and Inflammation Relief","06281080011023",""
9513,2,"كوكسيكام 7.5 ملغ - 30 كبسولة خفيف آلام المفاصل والتهابها","06281080011023",""
9514,1,"Reparil 20 mg 40 Tablets for Localized Swelling and Congestion Resulting from Injuries","04030041001816",""
9514,2,"ريباريل 20 مجم 40 قرص لعلاج التورم الموضعي والاحتقان الناتج عن الإصابات","04030041001816",""
9515,1,"Diclogesic Retard 100 mg 10 Tablets for Joint, Muscle, or Tendon Pain","06251107014016",""
9515,2,"ديكلوجيسيك ريتارد 100 مجم 10 قرص آلام المفاصل أو العضلات أو الأوتار","06251107014016",""
9516,1,"Xefo 8 mg 20 Tablets for Pain and Inflammation Relief","06285101001734",""
9516,2,"زيفو 8 مجم 20 قرص تُستخدم لتقليل الألم والالتهابات","06285101001734",""
9517,1,"Apo-Diclo 50 mg 20 Tablets for Pain Relief","00771313143110",""
9517,2,"أبو-ديكلو 50 مجم 20 قرص لتخفيف الالم","00771313143110",""
9518,1,"Catafast 50 mg 9 Sachets for Bone and Joint Inflammation","07612797011409",""
9518,2,"كتافاست 50 مجم 9 اكياس لعلاج التهاب المفاصل والعظام","07612797011409",""
9519,1,"Solpadeine Effervescent - 20 Tablets for Relief of Mild to Moderate Pain","6091403219964",""
9519,2,"سولبادين فوار - 20 قرص يستخدم لتخفيف الألم الخفيف إلى المعتدل","6091403219964",""
9520,1,"Ezepan Cough Relief for Respiratory Diseases - 100 ml","06285147800247",""
9520,2,"إيزيبان يخفف الكحة لأمراض الجهاز التنفسي - 100 مل","06285147800247",""
9521,1,"Panadol Baby & Infant Paracetamol 120mg/5ml for Pain Relief and Fever Reduction","06286740000393",""
9521,2,"بانادول بيبي & إنفانت باراسيتامول 120 مجم/5 مل لتخفيف الألم وخفض الحرارة","06286740000393",""
9522,1,"Tempo Cool Infant Fever Cooling Gel Patches for Children - 4 Patches","6224007240489",""
9522,2,"تمبو كوول إنفانت كمادات جل خافضة للحرارة للأطفال- 4 كمادات","6224007240489",""
9523,1,"Tempo Cool Fever Cooling Patches for Children - 4 Pieces","6224007240281",""
9523,2,"تمبو كول كمادات لخفض الحرارة للأطفال-4قطع","6224007240281",""
9524,1,"Panadrex Children's Syrup 100ml - Paracetamol Antipyretic","06285085007999",""
9524,2,"بانادركس شراب للأطفال 100 مل - باراسيتامول خافض حرارة","06285085007999",""
9525,1,"Panadrex Syrup, 100 ml – Fever and Pain Relief for Children","06285085000037",""
9525,2,"شراب بانادريكس، 100 مل – علاج الحمى وآلام الأطفال","06285085000037",""
9526,1,"Sapofen Junior Suspension - 145 ml Antipyretic and Pain Reliever for Children","06281086011058",""
9526,2,"شراب سابوفين جونيور المعلق - 145 مل خافض للحرارة ومسكن للآلام مخصص للأطفال","06281086011058",""
9527,1,"Fevadol S-F Syrup 145ml Analgesic and Antipyretic for Children","06281086010938",""
9527,2,"فيفادول إس-إف شراب 145 مل مسكن وخافض حرارة للأطفال","06281086010938",""
9528,1,"Nurofen Children's Pain Relief and Fever Reducer Syrup - Orange Flavor, 150 ml","06295120005385",""
9528,2,"نيوروفين شراب مسكن وخافض للحرارة للاطفال بطعم البرتقال 150 مل","06295120005385",""
9529,1,"Dol 100 mg/ml Oral Drops 15 ml - Safe Fever Reducer and Pain Reliever for Infants from Birth","06291100081394",""
9529,2,"دول 100 مجم/مل نقط للفم 15 مل لخفض الحرارة وتسكين الآلام بأمان للرضع منذ الولادة","06291100081394",""
9530,1,"Profinal Syrup 110ml - Analgesic and Antipyretic for Children","06291100080427",""
9530,2,"بروفينال شراب 110مل - مسكن وخافض للحرارة للأطفال","06291100080427",""
9531,1,"Pediamol Paracetamol 100 mg/ml – 15 ml Oral Drops | Effective Pain Reliever and Fever Reducer for Children","06285105001624",""
9531,2,"بيديامول باراسيتامول 100 مجم/مل – 15 مل قطرات فموية مسكن فعال للآلام وخافض للحرارة للاطفال","06285105001624",""
9532,1,"Prof Ibuprofen 100mg/5ml Oral Suspension 100ml for Fever and Flu Symptom Relief","06285147800599",""
9532,2,"بروف ايبوبروفين 100 ملغ/5 مل عن طريق الفم 100 مل لتخفيف الحمى أعراض الأنفلونزا","06285147800599",""
9533,1,"Mucosolvan Forte 30 mg Syrup 250 ml - Cough Relief Syrup","06285088002311",""
9533,2,"ميكوسولفان فورت 30 مجم شراب 250 مل شراب لعلاج الكحّة","06285088002311",""
9534,1,"Jospan Natural Cough Syrup 100 ml","6251649000232",""
9534,2,"جوسبان شراب طبيعى مضاد للسعال 100 مل","6251649000232",""
9535,1,"Safi Syrup 100ml - Effective Expectorant for Children","06281086240311",""
9535,2,"صافى شراب 100 مل يتم استخدامه كطارد للبلغم وطارد للبلغم للأطفال","06281086240311",""
9536,1,"Exylin Syrup for Cold and Allergy Symptoms - 100 ml","06281086010174",""
9536,2,"إكسيلين شراب لأعراض البرد والحساسية - 100 مل","06281086010174",""
9537,1,"Triprolidine DM Syrup 100ml for Cough and Cold Relief","06285085000280",""
9537,2,"تريبوفيد دي إم شراب 100 مل لعلاج السعال وأعراض البرد","06285085000280",""
9538,1,"Ezolvin 100 ml Mucolytic for Cough Symptoms - 100 ml","06285085000327",""
9538,2,"إزولفين 100 مل مذيب للبلغم، لأعراض الكحة - 100 مل","06285085000327",""
9540,1,"Histofen Syrup for Allergy and Cold Symptom Relief - 100 ml","6281080001512",""
9540,2,"هستوفين شراب لعلاج اعراض الحساسية والزكام 100 مل","6281080001512",""
9541,1,"Dextrocough Cough Syrup 100 ml","06285085000273",""
9541,2,"ديكستروكف شراب السعال 100 مل","06285085000273",""
9542,1,"Solfex Syrup 4mg/5ml 100ml - Formulated to Help Relieve Cough","06285101000348",""
9542,2,"شراب سولفكس 4 ملجم/5 مل 100 مل. شراب مُصمم للمساعدة في تخفيف السعال","06285101000348",""
9543,1,"Avilop Syrup 100ml for Chest Cough Relief","6251107425768",""
9543,2,"أفيلوب شراب 100 مل لتخفيف السعال الصدري","6251107425768",""
9544,1,"Bronchicare, for Cough Symptoms - 100 ml","6281147006061",""
9544,2,"برونشيكير، لأعراض الكحة - 100 مل","6281147006061",""
9545,1,"Flumed DM Syrup 100ml for Relief of Cold Symptoms and Dry Cough in Children","06281080011238",""
9545,2,"فلوميد دي ام شراب 100مل لعلاج أعراض البرد والسعال الجاف لدى الأطفال","06281080011238",""
9546,1,"Ivy-Calm 120ml Syrup for Cough Relief and Phlegm Dissolution","06291100087372",""
9546,2,"ايفي-كالم 120مل شراب يستخدم لتخفيف السعال، إذابة البلغم","06291100087372",""
9547,1,"Bronchicare® Plus Cough Syrup & Natural Expectorant for Children","6281147006078",""
9547,2,"برونشيكير® بلس شراب الكحّة والأطفال وطارد طبيعي للبلغم","6281147006078",""
9548,1,"Rhinathiol Infant Syrup for Cough Symptoms - 125 ml","03582910038139",""
9548,2,"ريناثايول للرضع شراب لأعراض الكحة - 125 مل","03582910038139",""
9549,1,"Amydramine Expectorant Syrup 120 ml","06291100082285",""
9549,2,"شراب أميدرامين طارد للبلغم 120 مل","06291100082285",""
9550,1,"Mentex Cough Syrup - 125 ml","06285147800490",""
9550,2,"منتكس شراب لأعراض الكحة - 125 مل","06285147800490",""
9551,1,"Rhinofed Syrup 100ml Orange Flavor - For Relief of Fever, Cold, Flu, and Allergy Symptoms","06285101000010",""
9551,2,"راينوفد شراب 100 مل بطعم البرتقال يستخدم لتخفيف الحمى وأعراض البرد والانفلونزا والحساسية","06285101000010",""
9552,1,"Rhinathiol 5% Syrup 125 ml for Adults - Respiratory Support","03582910020912",""
9552,2,"ريناتيول 5%شراب 125 مل للكبار لعلاج مشاكل الجهاز التنفسي","03582910020912",""
9553,1,"Rhinathiol Promethazine Syrup 0.5 mg 125 ml - Relieves Allergies, Asthma, and Pulmonary Obstruction","03582910038146",""
9553,2,"شراب ريناثيول بروميثازين 0.5 ملغ 125 مل يعالج الحساسية، للربو والانسداد الرئوي","03582910038146",""
9554,1,"Exylin Children's Syrup 100 ml - Expectorant and Cough Suppressant for Kids","06281086010563",""
9554,2,"اكسيلين شراب للأطفال 100 مل شراب طارد للبلغم ومسكن للسعال للأطفال","06281086010563",""
9555,1,"Dramylin Cough Syrup for Children 120 ml","06285085000167",""
9555,2,"دراميلين شراب للأطفال للسعال 120 مل","06285085000167",""
9556,1,"Rhinofed Expectorant Syrup 100ml for Fever, Cold, and Flu Symptom Relief","06285101000003",""
9556,2,"راينوفد مزيل البلغم شراب 100 مل لتخفيف الحمى وأعراض نزلات البرد والإنفلونزا","06285101000003",""
9557,1,"Neo Healar Ointment 30g for Internal and External Hemorrhoids Treatment","06251159028504",""
9557,2,"نيوهيلار مرهم 30 جم لعلاج البواسير الداخلية والبواسير الخارجية","06251159028504",""
9558,1,"Rectacare Cream 30g - Effective Pain Relief for Hemorrhoid Symptoms","06285101000898",""
9558,2,"ريكتاكير كريم 30 جم مسكن ألم فعّال لأعراض البواسير","06285101000898",""
9559,1,"Neo Healar 10 Suppositories for Hemorrhoid Symptom Relief","06251159028450",""
9559,2,"نيوهيلار 10 تحاميل علاج للتخفيف من أعراض البواسير","06251159028450",""
9560,1,"Loxonin 50 mg Pain Relief Patches - 7 Pieces","06285094000769",""
9560,2,"روكسونين 50 مجم لصقات مسكنة للألم 7 قطع","06285094000769",""
9561,1,"Olfen 140 mg 5 Patches for Arthritis, Bone, and Back Pain Relief","07640153082824",""
9561,2,"اولفين 140 مجم 5 لصقات لعلاج إلتهاب المفاصل والعظام وآلام الظهر","07640153082824",""
9562,1,"Airfast 10 mg 30 Tablets | For Asthma and Allergic Rhinitis Treatment","06285147000029",""
9562,2,"ايرفاست 10 مجلم 30 قرص | لعلاج الربو وحساسية الأنف","06285147000029",""
9563,1,"Bufomix Inhaler for Asthma and Respiratory Diseases - 160/4.5 mcg - 120 Doses","06285101004056",""
9563,2,"جهاز بوفوميكس لعلاج الربو وأمراض الجهاز التنفسي - 160/4.5 ميكروجرام - 120 جرعة","06285101004056",""
9564,1,"Clarinase Cold and Allergy Relief - 14 Tablets","06285074004176",""
9564,2,"كلارينيز يخفف أعراض البرد والحساسية - 14 قرص","06285074004176",""
9565,1,"Avalon Broncast 10 mg, for Asthma and Respiratory Symptoms - 28 Tablets","06285095006227",""
9565,2,"أفالون برونكاست 10 مجم، لأعراض الأزمة التنفسية والربو - 28 قرص","06285095006227",""
9566,1,"Vexodin 120 mg - 14 Antiallergic Tablets","06285147001194",""
9566,2,"فيكسودين 120 مجم 14 قرص مضاد للحساسية","06285147001194",""
9567,1,"Neorin 5 mg 20 Tablets - Effective Antihistamine for Itching, Sneezing, and Runny Nose Relief","06281086002513",""
9567,2,"نيورين 5 مجم 20 قرص مضاد حساسية فعّال يخفف الحكة والعطس وسيلان الأنف","06281086002513",""
9568,1,"Loradad 10 mg 10 Tablets - Relieves Symptoms Associated with Allergic Rhinitis","06251107290014",""
9568,2,"لوراداد 10 مجم 10 أقراص يخفف من الأعراض المصاحبة لإلتهاب الانف التحسسي","06251107290014",""
9569,1,"Lorahist 10 mg 10 Tablets for Allergy Symptom Relief","06281080010088",""
9569,2,"لوراهست 10 مجم 10 قرص لعلاج أعراض الحساسية","06281080010088",""
9570,1,"Clara 10 mg – 10 Tablets | Effective Antihistamine for Allergy Relief","06285128000260",""
9570,2,"كلارا 10 مجم – 10 أقراص مضاد حساسية فعّال يخفف أعراض الحساسية","06285128000260",""
9571,1,"Broncast 5 mg 28 Chewable Tablets for Allergy Prevention in Children","06285095006234",""
9571,2,"برونكاست 5 مجم 28 قرص أقراص قابلة للمضغ  للوقاية من الحساسية لدى الأطفال","06285095006234",""
9573,1,"Fludrex 24 Tablets for Cold and Flu Symptoms","06285085001560",""
9573,2,"فلودريكس 24 قرص لأعراض الإنفلونزا والزكام","06285085001560",""
9574,1,"ACC Long 600 mg 10 Effervescent Tablets for Bronchial Health","04030855452781",""
9574,2,"اي سي سي لونغ فوار 600 مجم 10 اقراص علاج أمراض الشعب الهوائية","04030855452781",""
9575,1,"Famodar 20 mg 30 Tablets - Antacid for Gastric Ulcer Treatment","06251107021021",""
9575,2,"فامودار 20 مجم 30 قرص مضاد للحموضة يستخدم في قرحة المعدة","06251107021021",""
9576,1,"Lorinase - D 2.5/120 mg 20 Tablets Relief for Allergy Symptoms","06281086104484",""
9576,2,"لورينيز - د 2.5\120 مجم 20 حبه خفف أعراض الحساسية","06281086104484",""
9577,1,"Glora 10 mg 10 Tablets - Effectively Eliminates Seasonal Allergy Symptoms","6291103731272",""
9577,2,"جلورا 10 مجم 10 أقراص يقضي على أعراض الحساسية الموسمية بفاعلية","6291103731272",""
9578,1,"Butalin Solution for Bronchodilation in Asthma Cases - 0.5% - 20 ml","06291100083282",""
9578,2,"محلول بيوتالين لتوسيع الشعب الهوائية في حالات الربو - 0.5% - 20 مل","06291100083282",""
9579,1,"Lorin 10 mg 10 Tablets - Relieves Allergy Symptoms","06281086010655",""
9579,2,"لورين 10 مجم 10 قرص خفف أعراض الحساسية","06281086010655",""
9580,1,"Xyzal 5 mg Antiallergic - 20 Tablets","06285096000743",""
9580,2,"زيزال 5 مجم مضاد للحساسية - 20 قرص","06285096000743",""
9581,1,"Telfast 180 mg 15 Tablets for Severe Allergy Symptoms","06285088001277",""
9581,2,"تلفاست 180 مجم 15 قرص لأعراض الحساسية الشديدة","06285088001277",""
9582,1,"Deslor 5 mg 20 Tablets - Antiallergic Medication","06285128000987",""
9582,2,"ديسلور 5 مجم 20 قرص دواء مضاد للحساسية","06285128000987",""
9583,1,"Zestan 40mg 20 Tablets for Allergy Symptom Relief","06285085008071",""
9583,2,"زستان 40مجم 20قرص علاج أعراض الحساسية","06285085008071",""
9584,1,"Zyrtec 10 mg 10 Tablets for Allergy Symptom Relief","06285096000750",""
9584,2,"زيرتيك 10 مجم 10 اقراص لتخفيف أعراض الحساسية","06285096000750",""
9585,1,"Artiz 10 mg 30 Tablets for Allergy Relief, Runny Nose, and Skin Itching","06285147000234",""
9585,2,"ارتيز 10 مجم 30 قرص لعلاج أعراض الحساسية والرشح وحكة الجلد","06285147000234",""
9586,1,"Claritin 10 mg 10 Tablets for Seasonal or Year-Round Allergy Relief","06285074005616",""
9586,2,"كلاريتين 10 مجم 10قرص لتخفيف أعراض الحساسية الموسمية أو الدائمة","06285074005616",""
9587,1,"Deslan 5 mg Antihistamine Tablets - 20 Tablets","06285312000014",""
9587,2,"ديسلن 5 ملجم أقراص مضادة للحساسية 20 قرص","06285312000014",""
9588,1,"Artiz 10 mg - 10 Tablets for Relief of Allergy Symptoms","06285147000074",""
9588,2,"ارتيز 10 ملجم - 10 أقراص للتخفيف من أعراض الحساسية","06285147000074",""
9589,1,"Ventolin 0.05% Inhalation Solution 20ml for Respiratory Relief","06285097002135",""
9589,2,"فنتولين 0.05 محلول مستنشق 20 مل لعلاج مشاكل التنفس","06285097002135",""
9590,1,"Butalin 100 mcg Inhaler 200 Doses for Relief of Asthma and COPD Symptoms","06291100083879",""
9590,2,"بيوتالين 100 ميكروجرام بخاخ 200 جرعة لتخفيف أعراض الربو ومرض الانسداد الرئوي المزمن","06291100083879",""
9592,1,"Airfast for Children for Asthma and Allergic Rhinitis 4 mg - 30 Chewable Tablets/Pack","06285147000036",""
9592,2,"إيرفاست للأطفال لعلاج الربو وحساسية الأنف 4 ملغ - 30 قرص قابل للمضغ/علبة","06285147000036",""
9593,1,"Airfast for Children for Asthma and Allergic Rhinitis 5 mg - 30 Chewable Tablets/Pack","06285147000043",""
9593,2,"إيرفاست للأطفال لعلاج الربو وحساسية الأنف 5 ملغ - 30 قرص قابل للمضغ/علبة","06285147000043",""
9595,1,"Pantol 40 mg Tablets – 14 Tablets for Various Gastrointestinal Conditions","06281086310069",""
9595,2,"بانتول 40 مجم أقراص – 14 قرص لعلاج أمراض المعدة والأمعاء المختلفة","06281086310069",""
9596,1,"Proton 20 mg 14 Tablets - Gastric Ulcer Treatment","06281086011874",""
9596,2,"بروتون 20 مجم 14 قرص. علاج القرحة المعدية","06281086011874",""
9597,1,"Peptazol 30 mg 14 Capsules - Reduces Gastric Acid Secretion","06281086011232",""
9597,2,"بيبتازول 30 مجم 14 كبسوله تقليل إفراز حمض المعدة","06281086011232",""
9598,1,"Oprazole 40 mg 30 Tablets - For Heartburn and Acid Reflux Relief","06285147004898",""
9598,2,"وبرازول 40 مجم 30 قرص - لعلاج حموضة المعدة وارتجاع المريء","06285147004898",""
9599,1,"Gasec 40 mg - 14 Capsules for the Treatment of Excess Stomach Acidity","06286001000452",""
9599,2,"جازيك 40 مجم - 14 كبسولة يستخدم لعلاج حالات زيادة حموضة المعدة","06286001000452",""
9600,1,"Proton 40 mg 14 Tablets for Gastric Ulcers and Heartburn Relief","06281086011348",""
9600,2,"بروتون 40 مجم 14 قرص يستخدم لعلاج القرحة المعدية والحموضة المعوية","06281086011348",""
9601,1,"Omez Plus, 1100/40 mg - 28 Capsules Used to Treat Gastric and Duodenal Ulcers, and GERD","06285147003020",""
9601,2,"اوميز، بلس، 1100/40 مجم - 28 كبسولة يُستخدم لعلاج قرحة المعدة والاثني عشر، ارتجاع المريء","06285147003020",""
9602,1,"Takepron 15 mg for Heartburn and Reflux - 14 Capsules","06251159028627",""
9602,2,"تاكيبرون 15 مجم للحموضة والارتجاع 14 كبسولة","06251159028627",""
9603,1,"Omeprex, Omeprazole, 20 mg Capsules - 28 Capsules to Reduce Stomach Acidity and Support Digestive Health","06285094000363",""
9603,2,"أوميبريكس، أوميبرازول، كبسولة، 20 ملجم - 28 كبسولة تقلل من حموضة المعدة وتدعم صحة الجهاز الهضمي","06285094000363",""
9604,1,"Takepron 30 mg Capsules - 14 Capsules for Hyperacidity Treatment","06251159028634",""
9604,2,"كبسولات تاكيبرون 30 مجم - 14 كبسولة لعلاج حالات زيادة حموضة المعدة","06251159028634",""
9605,1,"Aciloc 40 mg 14 Capsules - Reduces Stomach Acidity and Relieves Heartburn Symptoms","06285128017541",""
9605,2,"اسيلوك 40 مجم 14 كبسولة يقلل من حموضة المعدة، ويخفف أعراض حرقة المعدة","06285128017541",""
9607,1,"Nexium 20 mg 28 Tablets - Reduces Stomach Acid Secretion","05000456082433",""
9607,2,"نيكسيوم 20 مل 28 قرص يعمل على تقليل إفراز الحمض في المعدة","05000456082433",""
9608,1,"Peptazol 15 mg 14 Capsules - Reduces Stomach Acidity and Relieves Heartburn Symptoms","06281086011973",""
9608,2,"بيبتازول 15 مجم 14 كبسوله يقلل من حموضة المعدة، ويخفف أعراض حرقة المعدة","06281086011973",""
9609,1,"Peptazol 15 mg 28 Capsules - Reduces Stomach Acidity and Relieves Heartburn Symptoms","06281086011966",""
9609,2,"بيبتازول 15 مجم 28 كبسوله يقلل من حموضة المعدة، ويخفف أعراض حرقة المعدة","06281086011966",""
9610,1,"Instigar 30 mg 28 Tablets for the Treatment of Gastric Hyperacidity","06285101000690",""
9610,2,"انستيجار 30 مجم 28 قرص يستخدم لعلاج حالات زيادة حموضة المعدة","06285101000690",""
9611,1,"Dexilant 30 mg 28 Capsules for Heartburn and GERD Treatment","07640153088765",""
9611,2,"ديكسيلانت 30 ملغ 28 كبسولة لعلاج حرقة المعدة والارتجاع المريئي","07640153088765",""
9612,1,"Toprazole 20 mg - 15 Tablets | Reduces Stomach Acidity and Relieves Heartburn Symptoms","06285147004867",""
9612,2,"توبرازول 20 مجم - 15 قرص  يقلل من حموضة المعدة، ويخفف أعراض حرقة المعدة","06285147004867",""
9613,1,"Gasec 20 mg - 14 Capsules for Reducing Stomach Acidity","06286001000001",""
9613,2,"جازيك 20 مجم - 14 كبسولة يقلل من حموضة المعدة","06286001000001",""
9614,1,"Gasec 20 mg - 28 Capsules for Reducing Stomach Acidity and Relieving Heartburn Symptoms","06286001000445",""
9614,2,"جازيك 20 مجم - 28 كبسولة يقلل من حموضة المعدة، ويخفف أعراض حرقة المعدة","06286001000445",""
9615,1,"Gasec 40 mg - 28 Capsules | Reduces Stomach Acidity and Relieves Heartburn Symptoms","06286001000513",""
9615,2,"جازيك 40 مجم - 28 كبسولة يقلل من حموضة المعدة، ويخفف أعراض حرقة المعدة","06286001000513",""
9616,1,"Pantomax 40 mg 15 Tablets for Gastric and Duodenal Ulcer Treatment","06285094000110",""
9616,2,"بانتوماكس 40 مجم 15 قرص لعلاج قرحة المعدة والاثني عشر","06285094000110",""
9617,1,"Toprazole 40 mg 15 Tablets for the Treatment of Intestinal and Peptic Ulcers","06285147004881",""
9617,2,"توبرازول 40 مجم 15 قرص يُستخدم لعلاج القرحة المعوية والقرحة الهضمية","06285147004881",""
9618,1,"Gaviscon Double Action | 32 Tablets for Gastroesophageal Reflux Symptoms","6295120040218",""
9618,2,"جافيسكون قوة مضاعفه | 32 قرص لعلاج أعراض الارتجاع المعدي المريئي","6295120040218",""
9619,1,"Pantozol 40 mg, Reduces Stomach Acid and Relieves Heartburn Symptoms - 30 Tablets","07640153082688",""
9619,2,"بانتوزول 40 مجم، يقلل من حموضة المعدة، ويخفف أعراض حرقة المعدة - 30 قرص","07640153082688",""
9620,1,"Ezora 40 mg 28 Capsules for Heartburn and GERD Treatment","06281086005231",""
9620,2,"ايزورا 40 مجم 28 كبسول لعلاج ارتجاع المريء","06281086005231",""
9621,1,"Ezora 20 mg - 28 Capsules for Heartburn Relief and Chest Pain Symptoms","06281086005224",""
9621,2,"ايزورا 20 مجم - 28 كبسولة علاج أعراض حرقة المعدة وألم الصدر","06281086005224",""
9622,1,"Gaviscon Peppermint Flavor Tablets - 16 Tablets","5000158066960",""
9622,2,"جافيسكون أقراص بنكهة النعناع - 16 قرص","5000158066960",""
9623,1,"Hyposec 20 mg 14 Capsules for GERD and Heartburn Relief","06251148140125",""
9623,2,"هايبوسيك 20 مجم 14 كبسولة علاج ارتجاع المريء وحرقة المعدة","06251148140125",""
9624,1,"Pantozol 40 mg 15 Tablets - Treatment and Relief of Esophagitis Symptoms","07640153082619",""
9624,2,"بانتوزول 40 مجم 15 قرص - علاج وتخفيف أعراض التهاب المريء","07640153082619",""
9625,1,"Pantozol 20 mg 30 Tablets - Treats GERD & Acid Reflux","07640153082589",""
9625,2,"بانتوزول 20 مجم 30 قرص - يعالج ارتجاع المريء","07640153082589",""
9626,1,"Nexium 40 mg 28 Tablets - Reduces Stomach Acid Secretion","05000456082457",""
9626,2,"نيكسيوم 40 مجم 28 قرص - يعمل على تقليل إفراز الحمض في المعدة","05000456082457",""
9627,1,"Nexium 40 mg 14 Tablets for the Treatment of Gastric and Esophageal Conditions","05000456082440",""
9627,2,"نيكسيوم 40 مجم 14 قرص لعلاج بعض مشاكل المعدة والمريء","05000456082440",""
9628,1,"Pantover 40 mg – For Heartburn, Gastric Ulcers, and GERD Treatment","6251144101212",""
9628,2,"بانتوفير 40 مجم – لعلاج الحموضة وقرحة المعدة وارتجاع المريء","6251144101212",""
9629,1,"Omez 20 mg, Reduces Stomach Acidity and Relieves Heartburn Symptoms - 14 Capsules","06285147002986",""
9629,2,"أوميز 20 مجم، يقلل من حموضة المعدة، ويخفف أعراض حرقة المعدة - 14 كبسولة","06285147002986",""
9630,1,"Instigar 60 mg 28 Tablets for Hyperacidity Relief","06285101000980",""
9630,2,"انستيجار 60 مجم 28 قرص لعلاج حالات زيادة حموضة المعدة","06285101000980",""
9631,1,"Rennie Fast-Acting Antacid Tablets - 48 Tablets","06285074000765",""
9631,2,"ريني أقراص سريعة المفعول لعلاج الحموضة 48 قرص","06285074000765",""
9633,1,"Gaviscon Liquid Peppermint Flavor 200ml Indigestion Relief","05000158065734",""
9633,2,"جافيسكون سائل شراب النعناع 200 مل علاج سوء الهضم","05000158065734",""
9634,1,"Lumify Eye Drops 7.5 ml - For Redness Relief","06297000720364",""
9634,2,"لوميفاى محلول للعين 7.5 مل - لعلاج احمرار العين","06297000720364",""
9635,1,"Strepsils Lemon Sugar-Free Lozenges - 16 Tablets","5000167023978",""
9635,2,"ستربسلز أقراص استحلاب ليمون بدون سكر 16 قرص","5000167023978",""
9636,1,"Strepsils Honey & Lemon Lozenges for Throat Relief - 24 Lozenges","5000167019377",""
9636,2,"ستربسلز بالعسل والليمون اقراص استحلاب للحلق 24 قرص","5000167019377",""
9638,1,"Strepsils Cool Mint Lozenges - 24 Lozenges","5000167019391",""
9638,2,"ستربسلز بالنعناع اقراص استحلاب للحلق 24 قرص","5000167019391",""
9639,1,"Strepsils Original 24 Lozenges","5000167019360",""
9639,2,"ستربسلز الاصلى 24 قرص استحلاب","5000167019360",""
9640,1,"Streps Strawberry Lozenges - 24 Pieces","6221039000661",""
9640,2,"ستربس حلوى استحلاب فراولة 24 قطعة","6221039000661",""
9641,1,"Strepsils Honey & Lemon - 36 Lozenges","5000158106772",""
9641,2,"ستربسلز بالعسل والليمون 36 قرص استحلاب","5000158106772",""
9643,1,"Rhinocort Nasal Spray 120 Doses for Reducing Nasal Passage Inflammation","03574661497655",""
9643,2,"رينوكورت بخاخ للأنف 120 جرعة لتقليل التهاب الممرات الأنفية","03574661497655",""
9644,1,"Vicks VapoDrops Menthol with Orange 16 Lozenges","18001841460212",""
9644,2,"فيكس فابودربس منثول مع البرتقال 16 قرص","18001841460212",""
9645,1,"Vicks BabyRub Soothing Ointment for Babies 50g","8001090181602",""
9645,2,"فيكس بيبي روب كريم للأطفال 50 جم","8001090181602",""
9646,1,"Decozal Nasal Spray for Children 15 ml","06251151002557",""
9646,2,"ديكوزال بخاخ أنفي للأطفال 15 مل","06251151002557",""
9647,1,"Postinor 2 Tablets for Contraception","05997001365960",""
9647,2,"بوستينور 2 قرص لمنع الحمل","05997001365960",""
9648,1,"Flutab, Cold Symptom Relief - 20 Tablets","06281086011003",""
9648,2,"فلوتاب، يخفف أعراض البرد - 20 قرص","06281086011003",""
9649,1,"Panadol Cold & Flu Sinus Day - Non-Drowsy 24 Caplets","06286740000454",""
9649,2,"بنادول كولد اند فلو ساينس نهاري - لا يسبب النعاس 24 كابلت","06286740000454",""
9650,1,"Strepsils Extra Blackcurrant - 24 Lozenges","5000158102903",""
9650,2,"ستربسلز اكسترا بالكشمش الاسود 24 قرص","5000158102903",""
9651,1,"JP Vita C Zinc Dietary Supplement - 60 Softgel Capsules","06285128005364",""
9651,2,"جي بي فيتا سي زنك مكمل غذائي 60 كبسولة جيلاتينية","06285128005364",""
9652,1,"Vermox, Deworming Syrup for the Treatment of Worm Infections - 30 ml","05413868100686",""
9652,2,"فيرموكس، شراب طارد للديدان لعلاج العدوى الناتجة عن الديدان - 30 مل","05413868100686",""
9654,1,"Bendazole 100 mg 6 Tablets - Used to treat various types of intestinal parasitic infections","06251154024013",""
9654,2,"بندازول 100 مجم  6 أقراص - يستخدم لعلاج أنواع مختلفة من العدوى الطفيلية المعوية","06251154024013",""
9656,1,"Scopinal 10 mg - 20 Tablets | Anti-Spasmodic for Digestive Pain Relief","06291100080953",""
9656,2,"سكوبينال 10 مجم 20 قرص مضاد للتقلصات، ويخفف آلام الجهاز الهضمي","06291100080953",""
9657,1,"Mebagen SR 200 mg 30 Capsules - Helps Relieve Irritable Bowel Syndrome (IBS) Symptoms","06281080015502",""
9657,2,"ميباجن اس ار 200 مجم 30 كبسولة يساعد في تخفيف أعراض القولون العصبي","06281080015502",""
9659,1,"Hyospan 5 mg Syrup 100 ml - For Relief of Colic and Intestinal Spasms","06285085000129",""
9659,2,"هيوبان 5 مجم شراب 100 مل  يستخدم لتخفيف آلام المغص والتقلصات المعوية","06285085000129",""
9660,1,"Meva 135 mg Coated Tablets - 30 Tablets for Digestive Spasms and Irritable Bowel Syndrome (IBS)","06285128000611",""
9660,2,"ميفا 135 ملغ مغلفة بالفم-30 قرصًا لعلاج تشنجات الجهاز الهضمي والقولون العصبي","06285128000611",""
9661,1,"Scopinal Anti-Spasmodic Syrup 100 ml","06291100081080",""
9661,2,"سكوبينال شراب مضاد للتقلصات 100 مل","06291100081080",""
9662,1,"Duspamin 200mg 30 Capsules for Digestive Disorders","06285101004384",""
9662,2,"دوسبامين 200مجم 30 كبسول لعلاج اضطرابات الجهاز الهضمي","06285101004384",""
9663,1,"Dicetel 50 mg 20 Tablets - Antispasmodic for Digestive Pain Relief","08002660016331",""
9663,2,"ديستيل 50 مجم 20 قرص مضاد للتقلصات، يخفف آلام الجهاز الهضمي","08002660016331",""
9664,1,"Epicogel - 125 ml Suspension for Relief of Indigestion and Discomfort","06221032220868",""
9664,2,"إبيكوجيل - 125 مل معلق لتخفيف أعراض عسر الهضم وعدم الراحة","06221032220868",""
9665,1,"Eucarbon Herbal - 30 Tablets for Relief of Occasional Constipation","9120005550483",""
9665,2,"ايوكاربون هيربيل - 30قرص للتخفيف من الإمساك العرضي","9120005550483",""
9666,1,"Arkopharma Carbon Dietary Supplement for Gas and Bloating - 45 Capsules","3578830110444",""
9666,2,"أركوفارما مكمل غذائي كاربون للغازات والانتفاخات - 45 كبسولة","3578830110444",""
9667,1,"Neocarbon 30 Capsules for Irritable Bowel Syndrome (IBS) Symptom Relief","8410885080233",""
9667,2,"نيوكاربون 30 كبسوله لعلاج أعراض متلازمة القولون العصبي","8410885080233",""
9668,1,"Enterogermina Probiotic 2 Billion 20 Vials for Diarrhea and Intestinal Disorders","03582910032373",""
9668,2,"انتروجرمينا بروبيوتيك 2 مليار 20 فيال لعلاج الإسهال، اضطرابات الأمعاء","03582910032373",""
9669,1,"Dicoflor 60 mg, Dietary Supplement, Probiotic - 10 Capsules to Help Relieve Various Digestive Disorder Symptoms","8033300190951",""
9669,2,"ديكوفلور 60 مجم، مكمل غذائي، بروبيوتك - 10 كبسولات للمساعدة في علاج أعراض مختلفة لاضطرابات الجهاز الهضمي.","8033300190951",""
9670,1,"Kapect Suspension 120ml Anti-Diarrheal","06221032221308",""
9670,2,"كابيكت معلق 120 مل مضاد للإسهال","06221032221308",""
9671,1,"Baby Lite Oral Rehydration Solution 240 ml","06285111000505",""
9671,2,"بيبي لايت محلول لمعالجة الجفاف 240 مل","06285111000505",""
9672,1,"Imodium 2mg Diarrhea Relief - 6 Capsules","03574661382470",""
9672,2,"إيموديوم 2 ملجم لعلاج الإسهال 6 كبسولات","03574661382470",""
9673,1,"ORS Oral Rehydration Salts, Orange Flavor - 10 Sachets, Used to Replenish Fluids and Electrolytes Lost Due to Dehydration","06285105001570",""
9673,2,"او ار اس، حبيبات محلول الجفاف، بنكهة البرتقال - 10 أكياس يُستخدم لتعويض السوائل والأملاح المفقودة بسبب الجفاف","06285105001570",""
9674,1,"Movicol Laxative for Children - 30 Sachets","07640153082039",""
9674,2,"موفيكول ملين للاطفال 30 كيس","07640153082039",""
9675,1,"Colax Syrup 65g/300ml for Constipation Relief","06285085000143",""
9675,2,"كولاكس شراب 65 جم/300 مل للمساعدة في تخفيف الإمساك","06285085000143",""
9676,1,"Movicol 20 Sachets for Chronic Constipation Treatment and Bowel Movement Regulation","07640153086129",""
9676,2,"موفيكول أكياس 20 كيس لعلاج الإمساك المزمن وتنظيم حركة الأمعاء","07640153086129",""
9677,1,"Ezylax Syrup 300ml for Constipation Relief","06285147800230",""
9677,2,"ايزيلاكس شراب 300 مل للمساعدة في تخفيف الإمساك","06285147800230",""
9678,1,"Duphalac Laxative Syrup for Constipation Relief - 300 ml","08002660034281",""
9678,2,"دوفالاك شراب ملين لعلاج الإمساك - 300 مل","08002660034281",""
9679,1,"Pico Oral Drops 30 ml for Constipation Relief","06281147000373",""
9679,2,"بيكو نقط للفم 30 مل لعلاج الإمساك","06281147000373",""
9680,1,"Lax Natura Vigor Laxative - 30 Tablets - For Constipation Relief","766961000038",""
9680,2,"ملين الاكس ناتشورا فيجور - 30 قرص - لعلاج الامساك","766961000038",""
9681,1,"Biolys Digest 24 Capsules for Bloating and Digestive Cramps Relief","5420024610019",""
9681,2,"كبسولات بايوليس دايجست 24 لعلاج الانتفاخ والتقلصات في الجهاز الهضمي.","5420024610019",""
9682,1,"Agiolax Granules 250g - Treats Constipation and Restores Digestive Balance","04030041001793",""
9682,2,"حبيبات أجيولاكس 250 جرام يعالج الإمساك ويعيد التوازن للجهاز الهضمي","04030041001793",""
9683,1,"Glissylax 1400 mg Suppositories for Relief of Constipation in Children","06287002330944",""
9683,2,"جليسلاكس 1400 مج تحاميل لعلاج الإمساك لدى الأطفال","06287002330944",""
9684,1,"Dulcolax 5 mg, 40 Tablets - Powerful Constipation Relief and Treatment","3582910090328",""
9684,2,"دولكولاكس 5 ملغ، 40 قرصًا - علاج قوى للامساك والتخلص منه","3582910090328",""
9685,1,"Laxcodil Suppositories 5 mg - 10 Pieces Laxative Suppositories for Children","06291100081370",""
9685,2,"لاكسكوديل تحاميل 5 مجم 10 قطع تحاميل ملينة للأطفال","06291100081370",""
9686,1,"Glycerilax, Glycerin Laxative Suppositories for Adults, 2800 mg - 12 Suppositories","06287002331040",""
9686,2,"جليسيلاكس، تحاميل جلسرين ملينة للكبار, 2800 ملجم - 12 تحميلة","06287002331040",""
9687,1,"Jamieson Laxaco Senna and Cascara Extract - 60 Capsules","064642025883",""
9687,2,"جاميسون لاكساكو مستخلص السنا و الكاسكارا 60 كبسولة","064642025883",""
9688,1,"Parodontix Gum + Breath & Sensitivity Original Toothpaste - 75 ml","5054563993847",""
9688,2,"بارودونتكس معجون أسنان اللثة + النفس والحساسية الأصلي - 75 مل","5054563993847",""
9689,1,"Sensodyne Toothpaste 80g for Sensitive Teeth","8991991855965",""
9689,2,"معجون اسنان سنسوداين 80 غم ضد حساسية الاسنان","8991991855965",""
9690,1,"Ora Lujain Mouthwash for Children 300ml","6287002339022",""
9690,2,"اورا لجين غسول فم للاطفال 300مل","6287002339022",""
9692,1,"Avalon Avohex Mouthwash - 300 ml","6285095000294",""
9692,2,"غسول الفم أفالون أفوهيكس - 300 مل","6285095000294",""
9693,1,"Dentinox Teething Gel 15g","5011784000341",""
9693,2,"دينتينوكس جل التسنين 15 جم","5011784000341",""
9694,1,"Gengigel Adult Oral Gel 20ml, Gum and Mouth Ulcer Care for Adults","8033087660012",""
9694,2,"جينجي جل​ للكبار 20 مل, جنجي جل للثة وتقرحات الفم للكبار","8033087660012",""
9695,1,"Oralgen Natural Herbal Oral Gel with Myrrh Extract - 30 ml for Soothing Mouth Discomfort","6287002334119",""
9695,2,"اورالجين، جل للفم عشبي طبيعي، بخلاصة المرة - 30 مل لتهدئة انزعاج الفم","6287002334119",""
9696,1,"Moxal Suspension - 200 ml for Excess Stomach Acidity Relief","06291100081431",""
9696,2,"معلق موكسال - 200 مل لعلاج الحموضة الزائدة في المعدة","06291100081431",""
9697,1,"Motilium 10mg 30 Tablets for Nausea and Vomiting Relief","03574661763446",""
9697,2,"موتيليوم 10مجم 30 قرص يستخدم لعلاج الغثيان والقيء","03574661763446",""
9698,1,"Vominore 25/50 mg - 20 Tablets Anti-Nausea and Vomiting Medication","06251154154017",""
9698,2,"فومينور 25/50 مجم - 20 قرص دواء مضاد للغثيان والقيء","06251154154017",""
9699,1,"Dompy 10 mg Film-Coated Tablets - 30 Tablets for the Treatment of Nausea and Vomiting in Adults and Adolescents","06285128000307",""
9699,2,"دومبي 10 ملجم أقراص مغلفة - 30 قرص لعلاج الغثيان والقيء لدى البالغين والمراهقين","06285128000307",""
9701,1,"Sartan 50 mg 30 Tablets - Treatment for Hypertension Patients","06291103730145",""
9701,2,"سارتان 50 مجم 30 قرص علاج مرضى ارتفاع ضغط الدم.","06291103730145",""
9702,1,"Clogrel 75 mg 30 Tablets - Antiplatelet to Prevent Blood Clots","06285312000052",""
9702,2,"كلوقريل 75 مجم 30 قرص لمنع تجلط الدم","06285312000052",""
9703,1,"Raveldo 12.5 mg Tablets - 30 Tablets for Hypertension Treatment","06286219000121",""
9703,2,"رافيلدو 12.5 جرام حبوب 30 حبة لعلاج ارتفاع ضغط الدم","06286219000121",""
9704,1,"Raveldo 6.25 mg 30 Tablets for Hypertension Treatment","06286219000114",""
9704,2,"رافيلدو 6.25 مجم 30 قرص لعلاج ارتفاع ضغط الدم","06286219000114",""
9705,1,"Aspicard 81mg 120 Tablets for Blood Thinning and Arterial Protection","06285147014590",""
9705,2,"اسبيكارد 81ملجم 120قرص لسيولة الدم وحماية الشرايين","06285147014590",""
9706,1,"Aspirin Protect 100 mg, Reduces Risk of Blood Clots - 60 Tablets","06285074001113",""
9706,2,"أسبرين بروتكت 100 مجم، يخفف من مخاطر تجلط الدم - 60 قرص","06285074001113",""
9707,1,"Normalex SR 1.5 mg 30 Tablets for Hypertension Treatment","06285101002700",""
9707,2,"نورمالكس اس ار 1.5 مجم 30 قرص لعلاج ارتفاع ضغط الدم","06285101002700",""
9708,1,"Normoten 50 mg, for Hypertension - 28 Tablets","06285101000089",""
9708,2,"نورموتن 50 مجم، في حالات الضغط المرتفع - 28 قرص","06285101000089",""
9709,1,"Olmetec 40 mg Tablets - 28 Tablets for Lowering Blood Pressure","06285094000219",""
9709,2,"أولميتك 40 مجم أقراص 28 قرص تخفض ضغط الدم","06285094000219",""
9710,1,"Zinopril 10 mg 28 Tablets for High Blood Pressure Treatment","06285101000638",""
9710,2,"زينوبريل 10 مجم 28 قرص لعلاج ضغط الدم المرتفع","06285101000638",""
9711,1,"Diovan 80 mg, for Hypertension - 28 Tablets","07612791445804",""
9711,2,"ديوفان 80 مجم، لحالات ضغط الدم المرتفع - 28 قرص","07612791445804",""
9712,1,"Entresto 50 mg 28 Tablets for Long-Term Treatment of Heart Failure in Adults","07612797600535",""
9712,2,"انتريستو 50 مجم 28 قرص علاج نوع من قصور القلب على المدى الطويل لدى البالغين","07612797600535",""
9713,1,"Isobide 20 mg 20 Capsules Vasodilator","06281080002496",""
9713,2,"ايزوبايد 20 مجم 20 كبسولة موسع للأوعية الدموية","06281080002496",""
9714,1,"Tabuvan 80 mg 30 Tablets for Hypertension Treatment","06285147004706",""
9714,2,"تابوفان 80 مجم 30 اقراص لعلاج ارتفاع ضغط الدم","06285147004706",""
9715,1,"Co-Tabovan 320 mg/25 mg - 30 Film-Coated Tablets for Hypertension Treatment","06285147000777",""
9715,2,"كو-تابوفان 320 مجم/25 مجم - 30 قرص مغلف لعلاج ارتفاع ضغط الدم","06285147000777",""
9716,1,"Isobide 40 mg 20 Capsules Vasodilator","06281080002519",""
9716,2,"ايزوبايد 40 مجم 20 كبسولة موسع للأوعية الدموية","06281080002519",""
9717,1,"Tabuvan 160 mg 30 Tablets for Hypertension Treatment","06285147004683",""
9717,2,"تابوفان 160 مجم 30 قرص لعلاج ارتفاع ضغط الدم.","06285147004683",""
9718,1,"Co-Tabuvan 80 mg/12.5 mg 30 Film-Coated Tablets - For Hypertension Treatment","06285147000784",""
9718,2,"كو-تابوفان 80 مجم/12.5 مجم 30 قرص مغلف - لعلاج ارتفاع ضغط الدم","06285147000784",""
9719,1,"Co-Tabuvan 160/12.5 mg 30 Tablets for Hypertension Treatment.","06285147000791",""
9719,2,"كو تابوفان 160/12.5 مجم 30 قرص لعلاج ارتفاع ضغط الدم.","06285147000791",""
9720,1,"Lizino 10 mg, for Hypertension - 30 Tablets","06285128000550",""
9720,2,"ليزينو 10 مجم، لحالات ضغط الدم المرتفع - 30 قرص","06285128000550",""
9721,1,"Lizino 5 mg 30 Tablets for Hypertension Treatment","06285128000574",""
9721,2,"ليزينو 5 مجم 30 قرص لعلاج ارتفاع ضغط الدم","06285128000574",""
9722,1,"Micardis 80 mg 28 Tablets for Hypertension Treatment","06285079002092",""
9722,2,"ميكارديس 80 مجم 28 قرص لعلاج ارتفاع ضغط الدم","06285079002092",""
9723,1,"Exforge HCT 5/160/12.5 mg - 28 Tablets for Hypertension Treatment","07612797253779",""
9723,2,"اكسفورج اتش سى تى 5/160/12.5 مجم 28 قرص لعلاج ارتفاع ضغط الدم","07612797253779",""
9724,1,"Vascodipine 10 mg 30 Tablets for Hypertension Treatment","06281080003271",""
9724,2,"فاسكودبين 10 مجم 30 قرص لعلاج ارتفاع ضغط الدم","06281080003271",""
9725,1,"Exforge 10/160 mg 28 Tablets for Hypertension Control","07612797136980",""
9725,2,"اكسفورج 10/160 مجم 28 قرص السيطرة على ارتفاع ضغط الدم.","07612797136980",""
9726,1,"Vascodipine 5 mg 30 Tablets for Hypertension Treatment","06281080003264",""
9726,2,"فاسكودبين 5 مجم 30 قرص لعلاج ارتفاع ضغط الدم","06281080003264",""
9727,1,"Micardis Plus 80/12.5 mg 28 Tablets for Hypertension Treatment","06285079002078",""
9727,2,"ميكارديس بلاس 80/12.5 مجم 28 قرص لعلاج ارتفاع ضغط الدم","06285079002078",""
9728,1,"Diovan 40 mg 28 Tablets for the Treatment of Hypertension in Children and Adolescents","07612797126257",""
9728,2,"ديوفان 40 مجم 28 قرص لعلاج ارتفاع ضغط الدم لدى الأطفال والمراهقين","07612797126257",""
9729,1,"Concor Plus 5/12.5 mg 20 Tablets for Hypertension Treatment","04027269913526",""
9729,2,"كونكور بلص 5/12.5 مجم 20 قرص لعلاج ارتفاع ضغط الدم","04027269913526",""
9730,1,"Co-Diovan 160/12.5 mg 28 Tablets for Hypertension Treatment","07612791388842",""
9730,2,"كو ديوفان 160/12.5 مجم 28 قرص لعلاج ارتفاع ضغط الدم","07612791388842",""
9731,1,"Diovan 160 mg 28 Tablets for Hypertension Treatment","07612791445828",""
9731,2,"ديوفان 160 مجم 28 قرص لعلاج ارتفاع ضغط الدم","07612791445828",""
9732,1,"Nebilet 5 mg 28 Tablets for Hypertension Treatment","08058773460042",""
9732,2,"نيبيليت 5 مجم 28 قرص لعلاج ارتفاع ضغط الدم","08058773460042",""
9733,1,"Exforge HCT 10/160/12.5 mg 28 Tablets for Hypertension Treatment","07612797253793",""
9733,2,"اكسفورج اتش سى تى 10/160/12.5 مجم 28 قرص لعلاج ارتفاع ضغط الدم","07612797253793",""
9735,1,"Zinopril 20 mg 28 Tablets for Hypertension Treatment","06285101000645",""
9735,2,"زينوبريل 20 مجم 28 قرص لعلاج ارتفاع ضغط الدم","06285101000645",""
9736,1,"Epilat 10 mg 30 Tablets for Hypertension and Angina Pectoris Treatment","06221032141163",""
9736,2,"ابيلات 10 ملجم 30 قرص لعلاج ارتفاع ضغط الدم أو الذبحة الصدرية.","06221032141163",""
9737,1,"Atacand 16 mg 28 Tablets for Hypertension Treatment","04260747723365",""
9737,2,"اتاكاند 16 مجم 28 قرص لعلاج ارتفاع ضغط الدم","04260747723365",""
9738,1,"Amlopin 5 mg 30 Capsules for Hypertension Treatment","06281086011997",""
9738,2,"املوبين 5 مجم 30 كبسولة لعلاج ارتفاع ضغط الدم","06281086011997",""
9739,1,"Lodipam 10 mg 30 Tablets - Helps Maintain Blood Pressure Levels","06288030000137",""
9739,2,"لوديبام 10 ملج 30 حبة يساعد في الحفاظ على مستويات ضغط الدم","06288030000137",""
9740,1,"Selecta Plus 5mg / 12.5mg - 20 Tablets for Blood Pressure Control","06285128000819",""
9740,2,"سيلكتا بلاس 5مجم /12.5 مجم 20 قرص يساعد على التحكم في ضغط الدم","06285128000819",""
9741,1,"Concor Cor 2.5 mg 30 Tablets for Hypertension Treatment","04027269913465",""
9741,2,"كونكور كور 2.5 مجم 30 قرص لعلاج ارتفاع ضغط الدم","04027269913465",""
9742,1,"Blopress Plus 16/12.5mg 28 Tablets for Hypertension Treatment","06251159023868",""
9742,2,"بلوبرس بلس 16/12.5مجم 28 قرص لعلاج ارتفاع ضغط الدم","06251159023868",""
9743,1,"Amlor 10 mg 30 Capsules for Hypertension Treatment","00840149652766",""
9743,2,"املور10مجم 30 كبسولة لعلاج ارتفاع ضغط الدم","00840149652766",""
9744,1,"Capocard 25 mg 20 Tablets for Hypertension Treatment","06251107005014",""
9744,2,"كابوكارد 25 مجم 20 قرص لعلاج ارتفاع ضغط الدم","06251107005014",""
9745,1,"Acetab 25 mg 30 Tablets for Hypertension Treatment","06285085001119",""
9745,2,"اسيتاب 25 مجم 30 قرص لعلاج ارتفاع ضغط الدم","06285085001119",""
9746,1,"Amlo Card 5 mg 30 Tablets for Hypertension Treatment","06285104000062",""
9746,2,"املو كارد 5 مجم 30 قرص لعلاج ارتفاع ضغط الدم","06285104000062",""
9747,1,"Concor 10 mg 30 Tablets for Hypertension Treatment","04027269913403",""
9747,2,"كونكور 10 مجم 30 قرص لعلاج ارتفاع ضغط الدم","04027269913403",""
9748,1,"Amlor 5mg 30 Capsules for Hypertension Treatment","00840149652759",""
9748,2,"املور 5مجم 30 كبسولة لعلاج ارتفاع ضغط الدم","00840149652759",""
9749,1,"Adalat LA 30mg 30 Tablets for the Treatment of Hypertension or Angina Pectoris.","06285074001205",""
9749,2,"ادالات ال ايه 30مجم 30 قرص لعلاج ارتفاع ضغط الدم أو الذبحة الصدرية.","06285074001205",""
9750,1,"Blopress 8mg 28 Tablets for Hypertension Treatment","06251159026937",""
9750,2,"بلوبرس8مجم 28 قرص لعلاج ارتفاع ضغط الدم","06251159026937",""
9751,1,"Lodipam 5 mg 30 Tablets - Blood Pressure Reducer","06288030000144",""
9751,2,"لوديبام 5 ملجم 30 قرص يقلل من ضغط الدم","06288030000144",""
9752,1,"Gliptamet 50/1000 mg 56 Tablets for Blood Sugar Control","06281086002797",""
9752,2,"جليبتامت 50/1000 مجم 56 قرص للتحكم في مستويات السكر في الدم","06281086002797",""
9754,1,"Galvus Met 50/850 mg 60 Tablets for the Treatment of Adult Patients with Type 2 Diabetes","07612797526446",""
9754,2,"جالفس مت 50/850 مجم 60 قرص لعلاج المرضى البالغين المصابين بداء السكري من النوع 2","07612797526446",""
9755,1,"Actos Met 850/15 mg 56 Tablets for the Treatment of Adult Patients with Type 2 Diabetes","06285101003820",""
9755,2,"أكتوس مت 850/15 مجم 56 قرص لعلاج المرضى البالغين المصابين بداء السكري من النوع 2","06285101003820",""
9756,1,"Synjardy 850/5 mg 60 Tablets for Type 2 Diabetes Treatment.","06285079001996",""
9756,2,"سينجاردى 850/5 مجم 60 قرص لعلاج مرض السكري من النوع الثاني.","06285079001996",""
9757,1,"Synjardy 12.5/1000 mg 60 Tablets for Type 2 Diabetes Treatment","06285079002023",""
9757,2,"سينجاردى 1000/12.5 مجم 60 قرص لعلاج مرض السكري من النوع الثاني.","06285079002023",""
9758,1,"Glyxambi 25/5 mg 30 Tablets for Type 2 Diabetes Treatment","06285079001552",""
9758,2,"جليكسامبي 5/25 مجم 30 قرص لعلاج مرض السكري من النوع 2.","06285079001552",""
9760,1,"Rybelsus 3 mg 30 Tablets for Adults (18 years or older) with Type 2 Diabetes","05712249113834",""
9760,2,"ريبلسس 3 ملجم 30 قرص لعلاج البالغين (18 عامًا أو أكبر) المصابين بداء السكري من النوع 2","05712249113834",""
9761,1,"Jardiance 25 mg 30 Tablets for Type 2 Diabetes Treatment","06285079001873",""
9761,2,"جارديانس 25 مجم 30 قرص لعلاج مرض السكري من النوع 2","06285079001873",""
9762,1,"Daonil M 2.5/500 mg 30 Tablets for Lowering Blood Sugar Levels in Type 2 Diabetes","06281086610022",""
9762,2,"داونيل ام 2.5/500 مجم 30 قرص لخفض مستويات السكر في الدم لدى داء السكري من النوع 2","06281086610022",""
9763,1,"Metfor 850 mg 60 Tablets for Type 2 Diabetes Management","06285147002467",""
9763,2,"متفور 850 مجم 60 قرص لعلاج مرضى السكري من نوع 2","06285147002467",""
9764,1,"Actos 30mg 30 Tablets for the Treatment of Adult Patients with Type 2 Diabetes","06251159024605",""
9764,2,"اكتوس 30مجم 30 قرص لعلاج المرضى البالغين المصابين بداء السكري من النوع 2","06251159024605",""
9774,1,"Glucophage 500 mg 50 Tablets for Diabetes Management","04065270495013",""
9774,2,"جلوكوفاج 500 مجم 50 قرص لعلاج مرضى السكري","04065270495013",""
9775,1,"Formit XR 750 mg 30 Tablets - Blood Sugar Control","06281086013670",""
9775,2,"فورميت اكس أر 750 مجم 30 قرص يتحكم في نسبة السكر في الدم","06281086013670",""
9776,1,"Gleem 4 mg 30 Tablets for Lowering Blood Sugar Levels","06281086012352",""
9776,2,"جليم 4 مجم 30 قرص لخفض مستويات السكر في الدم","06281086012352",""
9777,1,"Glucare XR 750 mg 30 Tablets - Blood Sugar Control","06285101003714",""
9777,2,"جلوكير اكس ار 750 مجم 30 قرص يتحكم في نسبة السكر في الدم","06285101003714",""
9778,1,"Omformin 500 mg, Reduces Blood Sugar Levels and Protects Against Diabetes Complications - 20 Tablets","06285105001440",""
9778,2,"اومفورمين 500 مجم، يقلل مستوى السكر في الدم ويحمي من مضاعفات السكري - 20 قرص","06285105001440",""
9779,1,"Amaryl 2 mg 30 Tablets for Lowering Blood Sugar Levels","06285088000027",""
9779,2,"اماريل 2 مجم 30 قرص لخفض مستويات السكر في الدم","06285088000027",""
9780,1,"Amaglime 1 mg 30 Tablets - Used for Type 2 Diabetes Treatment","06285095006814",""
9780,2,"اماجلايم 1 ملجم 30 قرص يستخدم لعلاج مرض السكري من النوع الثاني","06285095006814",""
9781,1,"Gleem 1 mg 30 Tablets for Lowering Blood Sugar Levels","06281086012321",""
9781,2,"جليم 1 مجم 30 قرص لخفض مستويات السكر في الدم","06281086012321",""
9782,1,"Gleem 3 mg 30 Tablets for Lowering Blood Sugar Levels","06281086012345",""
9782,2,"جليم 3 مجم 30 قرص لخفض مستويات السكر في الدم","06281086012345",""
9783,1,"Gleem 2 mg 30 Tablets for Lowering Blood Sugar Levels","06281086012338",""
9783,2,"جليم 2 مجم 30 قرص لخفض مستويات السكر في الدم","06281086012338",""
9784,1,"Glim 6 mg 30 Tablets for Lowering Blood Sugar Levels","06281086012819",""
9784,2,"جليم أقراص 6 مجم 30 حبة لخفض مستويات السكر في الدم","06281086012819",""
9785,1,"Nizoral Cream 30g - Topical Treatment for Fungal Skin Infections","04011548048559",""
9785,2,"نيزورال كريم 30 جم علاج موضعي يستخدم لالتهابات الفطرية الجلدية.","04011548048559",""
9786,1,"Daktarin Antifungal Cream - 30g","03574661766126",""
9786,2,"داكتارين كريم مضاد للفطريات - 30 جم","03574661766126",""
9787,1,"Lamifen Cream 15g Antifungal Cream","06285128000529",""
9787,2,"لاميفين كريم 15 جرام كريم مضاد للفطريات","06285128000529",""
9788,1,"Dermatin Antifungal Solution 20 ml","06223000011386",""
9788,2,"ديرماتين محلول 20 مل المضاد للفطريات","06223000011386",""
9789,1,"Vavo 2% Shampoo 100ml - Treatment for Dandruff, Psoriasis, and Yeast Infections","06285147005260",""
9789,2,"فافو2% شامبو 100 مل علاج للتخلص من قشرة الرأس والصدفية والتهابات الخميرة","06285147005260",""
9790,1,"Crestor 20 mg 28 Tablets for Correcting Blood Lipid Levels","05000456006392",""
9790,2,"كريستور 20 مجم 28 قرص لتصحيح مستويات المواد الدهنية في الدم","05000456006392",""
9791,1,"Simva 20 mg 30 Tablets - Used to Lower Total Cholesterol Levels","06285128000833",""
9791,2,"سيمفا 20 مجم 30 قرص يستخدم لخفض مستويات الكوليسترول الكلي","06285128000833",""
9907,1,"Lipanthyl 200 mg 30 Capsules for Lowering Triglycerides and LDL Cholesterol Levels","08002660016355",""
9907,2,"ليبنثيل 200 مجم 30 كبسوله لخفض مستويات ثلاثي الجليسريد و الكوليسترول الضار","08002660016355",""
9908,1,"Evarin 40 mg 30 Tablets - Used to Reduce Bad Cholesterol Levels","06285147001811",""
9908,2,"ايفارين 40 مجم 30 قرص يستخدم لتقليل كمية الكولسترول السيئ","06285147001811",""
9909,1,"Atorva 40 mg 30 Tablets for Lowering Lipids Known as Cholesterol and Triglycerides","06285101001024",""
9909,2,"اتورفا40 مجم 30 قرص لخفض الدهون المعروفة باسم الكوليسترول والدهون الثلاثية","06285101001024",""
9911,1,"Magnacef Syrup - 60 ml for Treatment of Various Bacterial Infections","06251148010671",""
9911,2,"ماجناسيف شراب - 60 مل علاج مجموعة متنوعة من الالتهابات البكتيرية","06251148010671",""
9913,1,"Zitron Syrup 300 mg – 22.5 ml for the Treatment of Inflammations and Bacterial Infections","06285147005772",""
9913,2,"زيترون شراب 300 مجم – 22.5 مل  لعلاج الالتهابات والعدوى البكتيرية","06285147005772",""
9915,1,"Ceclor 125 mg, Antibiotic, Suspension - 75 ml","06281086001158",""
9915,2,"سيكلور 125 مجم، مضاد حيوي، شراب - 75 مل","06281086001158",""
9916,1,"Ceclor 250mg Suspension 75ml Antibiotic","06281086001165",""
9916,2,"سيكلور 250مجم معلق 75مل مضاد حيوي","06281086001165",""
9918,1,"Winex 100 mg Suspension 60 ml Antibiotic","06285147005598",""
9918,2,"وينكس 100 مجم معلق 60 مل مضاد حيوي","06285147005598",""
9919,1,"Cefim 100 mg 60 ml Antibiotic Syrup","09501100940872",""
9919,2,"سيفيم 100 مج 60 مل شراب مضاد حيوي","09501100940872",""
9920,1,"Suprax 100 mg Suspension 60 ml Antibiotic","06251065019849",""
9920,2,"سوبراكس 100 مجم معلق 60 مل مضاد حيوي","06251065019849",""
9922,1,"Hymox 250 mg Suspension 100 ml Antibiotic","06281086010891",""
9922,2,"هايموكس 250 مجم معلق 100 مل مضاد حيوي","06281086010891",""
9923,1,"Anazol 200 mg Suspension 120 ml for Bacterial Infections","06285101000461",""
9923,2,"انازول 200 مجم معلق 120 مل لعلاج الالتهابات البكتيرية","06285101000461",""
9924,1,"Azi-Once 200mg Suspension 15ml Antibacterial","06285128000185",""
9924,2,"ازي ونس 200مجم معلق 15 مل مضاد للبكتيريا","06285128000185",""
9925,1,"Clavodar Forte Suspension 400mg/57mg 70ml Antibiotic for Children","06251107268013",""
9925,2,"شراب كلافودار فورت 400 ملغم /57 ملغم 70 مل مضاد حيوي للأطفال","06251107268013",""
9926,1,"Megamox 228 mg Suspension 70 ml","06285101000249",""
9926,2,"ميجاموكس 228 مجم معلق 70 مل","06285101000249",""
9927,1,"Remox 125 mg, Antibiotic Syrup - 100 ml","06285101000119",""
9927,2,"ريموكس 125 مجم، شراب مضاد حيوي - 100 مل","06285101000119",""
9928,1,"Emox 125 mg Suspension 100 ml Antibiotic","06221032150660",""
9928,2,"إيموكس 125 مجم معلق 100 مل مضاد حيوي","06221032150660",""
9929,1,"Klavox 457 mg Suspension 70 ml Antibiotic","06281086011751",""
9929,2,"كلافوكس 457 مجم معلق 70 مل مضاد حيوي","06281086011751",""
9930,1,"Hymox 125 mg Suspension 100 ml Antibiotic","06281086010884",""
9930,2,"هايموكس 125 مجم معلق 100 مل مضاد حيوي","06281086010884",""
9931,1,"Emonx 250 mg 100 ml Oral Suspension Antibiotic","06221032150684",""
9931,2,"ايموكس 250 مجم 100 مل معلق مضاد حيوي","06221032150684",""
9932,1,"Remox 250 mg Suspension 100 ml Antibiotic","06285101000126",""
9932,2,"ريموكس 250 مجم معلق 100 مل مضاد حيوي","06285101000126",""
9934,1,"Megamox 312 mg Suspension 100 ml Antibiotic","06285101000232",""
9934,2,"ميجاموكس 312 مجم معلق 100 مل مضاد حيوي","06285101000232",""
9935,1,"Flazol 125 mg Suspension 120 ml - Antibiotic","06285147800285",""
9935,2,"فلازول 125 مجم معلق 120 مل مضاد حيوي","06285147800285",""
9936,1,"Megamox 156 mg Suspension 100 ml Antibiotic","06285101000225",""
9936,2,"ميجاموكس 156 مجم معلق 100 مل مضاد حيوي","06285101000225",""
9937,1,"Augmentin 457 mg Suspension 70 ml Antibiotic","06285097000087",""
9937,2,"اوجمنتين 457 مجم معلق 70 مل مضاد حيوي","06285097000087",""
9938,1,"Anazol 125 mg Suspension 120 ml Antibiotic","06285101000454",""
9938,2,"انازول 125 مجم معلق 120 مل مضاد حيوي","06285101000454",""
9939,1,"Curam 156 mg, Antibiotic Syrup - 100 ml","09002260023875",""
9939,2,"كيورام 156 مجم، شراب مضاد حيوي - 100 مل","09002260023875",""
9941,1,"Megamox ES 600 mg 100 ml Antibiotic","06285101003752",""
9941,2,"ميجاموكس اي اس 600 مجم 100 مل مضاد حيوي","06285101003752",""
9942,1,"Bactrim 200/40 mg Syrup 100 ml Antibiotic","06281086000724",""
9942,2,"باكتريم 200/40 مجم شراب 100 مل مضاد حيوي","06281086000724",""
10031,1,"Herpetrex 500 mg 10 Tablets for Viral Infections Treatment","06286434000401",""
10031,2,"هيربتريكس 500 مجم 10 قرص لعلاج الالتهابات الفيروسية","06286434000401",""
10032,1,"Omaceph 500 mg Antibiotic - 10 Tablets","06285105001198",""
10032,2,"أوماسيب 500 مجم مضاد حيوي 10 أقراص","06285105001198",""
10033,1,"Uvamin Retard 100 mg 20 Capsules Antibiotic","07640153088062",""
10033,2,"يوفامين ريتارد 100 مجم 20 كبسولة مضاد حيوي","07640153088062",""
10034,1,"Ciproxin 250 mg 10 Tablets for Treatment or Prevention of Infections","06285128000239",""
10034,2,"سيبروكسين 250 مجم 10 قرص لعلاج أو منع حالات العدوى","06285128000239",""
10036,1,"Ciprodar 500 mg, Antibiotic - 10 Tablets","06251107013026",""
10036,2,"سيبرودار 500 مجم، مضاد حيوي - 10 أقراص","06251107013026",""
10037,1,"Ciproxin 750 mg Tablets - Antibacterial - 10 Tablets","06285128000253",""
10037,2,"سيبروكسين أقراص 750 مجم - مضاد للبكتيريا - 10 أقراص","06285128000253",""
10038,1,"Klacid 500 mg 14 Tablets for Treatment or Prevention of Infections","08002660016423",""
10038,2,"كلاسيد 500 مجم 14 قرص لعلاج أو منع حالات العدوى","08002660016423",""
10039,1,"Zinoximor 500 mg - 14 Tablets Antibiotic","06285147005901",""
10039,2,"زينوكسيمور 500 مجم 14 اقراص  مضاد حيوي","06285147005901",""
10040,1,"Volga XR 55 mg 30 Tablets Antibiotic","06285101004087",""
10040,2,"فولجا اكس ار 55 مجم 30 قرص مضاد حيوي","06285101004087",""
10042,1,"Antinal, 200 mg - 24 Capsules | Antibacterial and Antiseptic","06221025042637",""
10042,2,"أنتينال، 200 ملجم - 24 كبسولة  مضاد للجراثيم ومضاد للبكتيريا","06221025042637",""
10043,1,"Ceclor 500mg 15 Capsules Antibiotic","06281086001325",""
10043,2,"سيكلور 500مجم 15 كبسولة مضاد حيوي","06281086001325",""
10044,1,"Nevotic 500 mg 7 Tablets/Pack - Antifungal for the Treatment of Fungal Infections","06251106803178",""
10044,2,"نيفوتيك 500 ملغ 7 أقراص/علبة مضاد للفطريات يُستخدم لعلاج عدوى الفطريات","06251106803178",""
10045,1,"Lindacyl 300 mg 16 Capsules Antibiotic","06286059000121",""
10045,2,"لينداسيل 300 مجم 16 كبسولة مضاد حيوي","06286059000121",""
10046,1,"Furazol 250/200 mg 20 Tablets Antibiotic","06221032112750",""
10046,2,"فيورازول 250/200 مجم 20 قرص مضاد حيوي","06221032112750",""
10047,1,"Clarimac, Clarithromycin 500 mg, Antibiotic - 14 Tablets","06281080001710",""
10047,2,"كلاريماك، كلاريثرومايسين 500 مجم، مضاد حيوي - 14 قرص","06281080001710",""
10048,1,"Apo-Doxy 100mg 10 Tablets for the Treatment of Various Infections","00771313143691",""
10048,2,"ابو - دوكسي 100مجم 10 اقراص لعلاج أنواع مختلفة من حالات العدوى","00771313143691",""
10049,1,"Volga XR 105 mg - 30 Anti-Acne Tablets","06285101004100",""
10049,2,"فولجا اكس أر 105 مجم - 30 قرص مضاد لحب الشباب","06285101004100",""
10050,1,"Cipropharm 500 mg 10 Tablets for Treatment or Prevention of Infections","26285157000112",""
10050,2,"سيبروفارم 500 مجم 10 قرص لعلاج أو منع حالات العدوى","26285157000112",""
10051,1,"Tabocin 100 mg Antibiotic for Bacterial Infections - 10 Capsules","06285147004577",""
10051,2,"تابوسين 100 مجم مضاد حيوي يخفف من العدوى البكتيرية _ 10 كبسولة","06285147004577",""
10052,1,"Winex 200 mg, Antibiotic - 8 Capsules","06285147005574",""
10052,2,"وينكس 200 مجم، مضاد حيوي - 8 كبسولات","06285147005574",""
10053,1,"Cefadar, Cephalexin 250 mg, Antibiotic - 20 Capsules","06251107052025",""
10053,2,"سيفادار، سيفالكسين 250 مجم، مضاد حيوي - 20 كبسولة","06251107052025",""
10054,1,"Cefix 400mg 6 Capsules Antibiotic","06251106401664",""
10054,2,"سيفكس400مجم 6 كبسولة مضاد حيوي","06251106401664",""
10055,1,"Bactrim Forte 800/160 mg 10 Tablets Antibiotic","06281086000823",""
10055,2,"باكتريم فورت 800/160 مجم 10 اقراص مضاد حيوي","06281086000823",""
10056,1,"Cefuzime 500 mg Antibiotic for Bacterial Infections - 10 Tablets","06291100081769",""
10056,2,"سيفوزيم 500 مجم مضاد حيوي لعلاج الالتهابات البكتيرية 10 أقراص","06291100081769",""
10057,1,"Levox 750 mg 5 Tablets Antibiotic","06281086012741",""
10057,2,"ليفوكس 750 مجم 5 اقراص مضاد حيوي","06281086012741",""
10058,1,"Winex 400 mg 6 Capsules - Antibiotic","06285147005581",""
10058,2,"وينكس 400 مجم 6 كبسولات - مضاد حيوي","06285147005581",""
10059,1,"Monurol 3g 1 Sachet for Urinary Tract Infection Treatment","08031609001275",""
10059,2,"مونورول 3 جم 1 كيس لعلاج التهاب المسالك البولية","08031609001275",""
10060,1,"Volga XR 80 mg 30 Tablets Antibiotic","06285101004094",""
10060,2,"فولجا اكس ار 80 مجم 30 قرص مضاد حيوي","06285101004094",""
10061,1,"Magnacef 400 mg 6 Capsules Antibiotic","06251148010633",""
10061,2,"ماجناسيف 400 مجم 6 كبسولات مضاد حيوي","06251148010633",""
10062,1,"Cipromax 750 mg 10 Tablets for Treatment or Prevention of Infections","06281086011607",""
10062,2,"سيبروماكس 750 مجم 10 قرص لعلاج أو منع حالات العدوى","06281086011607",""
10063,1,"Cefutil 500 mg 10 Tablets Antibiotic","06251106401893",""
10063,2,"سيفوتيل 500 مجم 10 قرص مضاد حيوي","06251106401893",""
10064,1,"Ciprogram 500 mg 10 Tablets Antibiotic","06285095006791",""
10064,2,"سيبروغرام 500 مجم 10 اقراص مضاد حيوي","06285095006791",""
10065,1,"Cyprogen 500 mg 10 Tablets for Treatment or Prevention of Infections","06281080010903",""
10065,2,"سيبروجين 500 مجم 10 قرص لعلاج أو منع حالات العدوى","06281080010903",""
10066,1,"Omnicef 300 mg 10 Capsules Antibiotic","06285101000409",""
10066,2,"اومنيسف 300 مجم 10 كبسوله مضاد حيوي","06285101000409",""
10067,1,"Suprax 400 mg 6 Capsules Antibiotic","06251065019900",""
10067,2,"سوبراكس 400 مجم 6 كبسولات مضاد حيوي","06251065019900",""
10068,1,"Ciflox 500 mg 10 Tablets for Bacterial Infections","06285085001744",""
10068,2,"سيفلوكس 500 مجم 10 قرص لعلاج الالتهابات البكتيرية","06285085001744",""
10069,1,"Maxim 400 mg 5 Tablets for the Treatment of Various Bacterial Infections","06285128000598",""
10069,2,"ماكسيم 400 مجم 5 قرص لعلاج مجموعة متنوعة من الالتهابات البكتيرية","06285128000598",""
10070,1,"Levox 500 mg 5 Tablets Antibiotic","06281086012734",""
10070,2,"ليفوكس 500 مجم 5 اقراص مضاد حيوي","06281086012734",""
10071,1,"Daroxime 500 mg 10 Tablets Antibiotic","06251107321015",""
10071,2,"داروكسيم 500 ملجم 10 أقراص مضاد حيوي","06251107321015",""
10072,1,"Hymox 500 mg 20 Capsules for Treatment of Infections","06281086010792",""
10072,2,"هايموكس 500 مجم 20 كبسولة لعلاج الالتهابات","06281086010792",""
10073,1,"Glomox 500 mg 20 Capsules Antibiotic","06291103730121",""
10073,2,"جلوموكس 500 مجم 20 كبسولة مضاد حيوي","06291103730121",""
10074,1,"Zincin 500 mg 3 Film-Coated Tablets for the Treatment of Various Bacterial Infections","06285095010774",""
10074,2,"زينسين 500 مجم 3 قرص مغلف لعلاج الالتهابات البكتيرية المختلفة","06285095010774",""
10075,1,"Azimac 500mg - 3 Antibiotic Tablets","06281080010552",""
10075,2,"ازيماك 500مجم 3 قرص مضاد حيوي","06281080010552",""
10076,1,"Emox 500 mg 16 Capsules Antibiotic","06221032131492",""
10076,2,"ايموكس 500 مجم 16كبسولة مضاد حيوي","06221032131492",""
10077,1,"Hymox 875 mg 14 Capsules for the Treatment of Bacterial Infections","06281086002551",""
10077,2,"هايموكس 875 مجم 14 كبسولة علاج الالتهابات التي تسببها البكتيريا","06281086002551",""
10078,1,"Moxidad Forte 500 mg 20 Capsules Antibiotic","06251107426949",""
10078,2,"موكسيداد فورت 500 ملغم 20 كبسولة مضاد حيوي","06251107426949",""
10079,1,"Curam 1g 14 Tablets Antibiotic","07613421167950",""
10079,2,"كيورام 1 جم 14 قرص مضاد حيوي","07613421167950",""
10080,1,"Gloclav 1g, Antibiotic - 14 Tablets","06291103730053",""
10080,2,"جلوكلاف 1 جرام، مضاد حيوي - 14 قرص","06291103730053",""
10082,1,"Megamox 625 mg 20 Antibiotic Tablets","06285101000683",""
10082,2,"ميجاموكس 625 ملجم 20 قرص دواء مضاد حيوي","06285101000683",""
10084,1,"Klavox 1g Antibiotic Tablets","06281086011508",""
10084,2,"كلافوكس 1 جرام اقراص دواء مضاد حيوي","06281086011508",""
10085,1,"Anazol 500 mg 20 Tablets for the Treatment of Bacterial and Parasitic Infections","06285101000072",""
10085,2,"انازول 500 ملجم 20 قرص يستخدم لعلاج الالتهابات الناتجة عن البكتيريا والطفيليات","06285101000072",""
10086,1,"Herpetrex 500 mg 10 Tablets Anti-Inflammatory","06286434000418",""
10086,2,"هيربتركس 500 مجم 10 قرص مضاد الالتهابات","06286434000418",""
10087,1,"Flazol 500 mg 20 Tablets - Used to Treat a Range of Bacterial Infections","06285147001255",""
10087,2,"فلازول 500 ملجم 20 قرصيستخدم لعلاج مجموعة من الالتهابات البكتيرية","06285147001255",""
10088,1,"Klavox 625 mg 20 Tablets Antibiotic Medication","06281086010754",""
10088,2,"كلافوكس 625 ملجم 20 قرص دواء مضاد حيوي","06281086010754",""
10092,1,"Hyfresh 2 mg Eye Drops 10 ml","06285128000499",""
10092,2,"هاي فريش 2 مجم قطرة للعين 10 مل","06285128000499",""
10093,1,"Hylo-Comod Eye Drops 10 ml","04031626000521",""
10093,2,"هايلو كومود نقط للعين 10 مل","04031626000521",""
10094,1,"Vislub 0.18 mg/ml Eye Drops - 20 Single-Dose Units","07649994448028",""
10094,2,"فيزلوب 0.18 مجم /مل نقط للعين 20 حبة","07649994448028",""
10095,1,"I-Cross 0.2% Eye Drops - 30 Single Doses","8056420810004",""
10095,2,"اى كروس 0.2 % قطرة للعين 30 جرعة","8056420810004",""
10096,1,"I-Cross Gel Eye Drops 0.4% - 30 Single-Dose Units","8056420810011",""
10096,2,"اي كروس جل قطرة العين 0.4% 30 جرعة احادية","8056420810011",""
10097,1,"Hyfresh Gel 0.3% Eye Drops 20 Single Doses","06285128003377",""
10097,2,"هاي فريش جل 0.3% قطرة للعين 20 جرعة مفردة","06285128003377",""
10099,1,"Artelac Advance Eye Drops 0.2% - 30 Single-Dose Units","4030571004066",""
10099,2,"ارتيلاك ادفانس نقط عين 0.2% 30 حبة","4030571004066",""
10102,1,"Biosoft Eye Drops, Eye Lubricant, Relieves Dry Eyes - 10 ml","8056284780062",""
10102,2,"بيوسوفت، نقط للعين مرطب للعين، يخفف من جفاف العين - 10 مل","8056284780062",""
10104,1,"Apillerg Eye Drops 10 ml","06251151000300",""
10104,2,"ابيليرج نقط للعين 10 مل","06251151000300",""
10105,1,"Riazolin Eye Drops 15 ml","06281080011832",""
10105,2,"ريازولين قطره عين 15 مل","06281080011832",""
10106,1,"Livostin 0.5 mg Eye Drops 4 ml","400001171615",""
10106,2,"ليفوستين 0.5 مجم نقط للعين 4 مل","400001171615",""
10107,1,"Croma Eye Drops 10 ml","40000116318",""
10107,2,"كروما قطرة عين 10 مل","40000116318",""
10109,1,"Sensilab Ashwagandha Plus 60 Gummies","3830073888680",""
10109,2,"سينسلاب اشواجند بلس 60 حلوى","3830073888680",""
10111,1,"Maybelline Super Stay Lumi-Matte Foundation - Shade 115","3600531691936",""
10111,2,"ميبلين, كريم اساس, سوبر ستاي لومي مات 115","3600531691936",""
10112,1,"Maybelline Super Stay Lumi-Matte Foundation - Shade 128","3600531691899",""
10112,2,"ميبلين كريم أساس سوبر ستاي لومي مات درجة 128","3600531691899",""
10115,1,"Note Luminous Silk Compact Powder - 01 | Beige","3760237854070",""
10115,2,"بودرة مضغوطة لومينوس سيلك من نوت - 01 | Beige","3760237854070",""
10116,1,"Note Luminous Pressed Powder 02 - 10g","3760237854087",""
10116,2,"نوت بودرة مضغوطة لومينوس 02 - 10 جم","3760237854087",""
10117,1,"Note Luminous Pressed Powder - 03 Medium Beige 10g","3760237854094",""
10117,2,"نوت بودرة مضغوطة لومينوس - 03 ميديم بيج 10 جم","3760237854094",""
10118,1,"Sunsilk Luminous Leave-In Cream 200ml - Hydrating and Smoothing","6281006620018",""
10118,2,"كريم لومينوس ليف ان 200 مل ترطيب وتنعيم - صانسيلك","6281006620018",""
10119,1,"Eveline White Prestige 4D Eye Area Whitening Cream 20ml","5907609345738",""
10119,2,"ايفيلين وايت بريستيج 4D كريم تفتيح تحت العين 20 مل","5907609345738",""
10120,1,"Eveline White Prestige 4D Sensitive Skin Whitening Cream - 100 ml","5907609356840",""
10120,2,"كريم لتفتيح البشرة الحساسة وايت برستيج 4 دي من ايفلين - 100 مل","5907609356840",""
10121,1,"K-Sebio Niacinamide 15% Serum for Skin Brightening and Pigmentation Reduction - 30 ml","797885510020",""
10121,2,"سيروم النياسيناميد 15% لتفتيح البشرة  وتقليل التصبغات من كي سيبيو - 30 مل","797885510020",""
10122,1,"Date Seed Hair Blend","628701866363",""
10122,2,"خلطة نواة التمر للشعر","628701866363",""
10123,1,"Johnson's Baby Shampoo - 750 ml","3574669907736",""
10123,2,"جونسون بيبي شامبو للأطفال - 750 مل","3574669907736",""
10124,1,"Soft Velvet Foot Moisturizing Mask - Orange","6974967629472",""
10124,2,"قناع سوفت فلفيت لترطيب القدمين اللون البرتقالي","6974967629472",""
10125,1,"Soft Velvet Foot Moisturizing Mask - Purple","6974967629496",""
10125,2,"قناع سوفت فلفيت لترطيب القدمين اللون البنفسجي","6974967629496",""
10126,1,"Soft Velvet Foot Moisturizing Mask with Aloe Vera Oil","6974967629465",""
10126,2,"قناع سوفت فلفيت لترطيب القدمين بزيت الصبار","6974967629465",""
10127,1,"Soft Velvet Hand Hydrating Mask - Orange","6974967629434",""
10127,2,"قناع سوفت فلفيت لترطيب اليدين اللون البرتقالي","6974967629434",""
10128,1,"Soft Velvet Hand Hydration Mask - Purple Edition","6974967629458",""
10128,2,"قناع سوفت فلفيت لترطيب اليدين اللون البنفسجي","6974967629458",""
10129,1,"Soft Velvet Hand Moisturizing Mask with Aloe Vera Oil","6974967629427",""
10129,2,"قناع سوفت فلفيت لترطيب اليدين بزيت الصبار","6974967629427",""
10131,1,"Cerelac Wheat 500g - From 6 Months","6221007042846",""
10131,2,"سيريلاك قمح 500 جم من عمر 6 شهر","6221007042846",""
10132,1,"Cerelac Wheat & 3 Fruits 500g - From 6 Months","6221007042860",""
10132,2,"سيريلاك قمح و 3 فواكه 500 جم من عمر 6 شهر","6221007042860",""
10133,1,"Cerelac Wheat & Honey 400g - From 6 Months","8445290341860",""
10133,2,"سيريلاك قمح و عسل 400 جم من عمر 6 شهر","8445290341860",""
10134,1,"Cerelac Wheat & 3 Fruits 125g - From 6 Months","6221007030300",""
10134,2,"سيريلاك قمح و3 فواكه 125 جم من عمر 6 شهر","6221007030300",""
10135,1,"Cerelac Wheat and Dates 125g - From 6 Months","6221007042808",""
10135,2,"سيريلاك قمح وتمر 125 جم من عمر 6 شهر","6221007042808",""
10136,1,"Cerelac Wheat and Honey 125g - From 6 Months","6221007027010",""
10136,2,"سيريلاك قمح وعسل 125 جم من عمر 6 شهر","6221007027010",""
10138,1,"Cute Baby Organic Goat Milk Formula for Toddlers 1 - 3 Years 400g","7640153866844",""
10138,2,"كيوت بيبي تركيبة حليب الماعز العضوي للرضع 1 - 3 سنوات 400 جم","7640153866844",""
10139,1,"Cute Baby Organic Goat Milk Infant Formula Stage 2 (6-12 Months) 400g","7640153866837",""
10139,2,"كيوت بيبي تركيبة حليب الماعز العضوي للرضع 6 - 12 شهر 400 جم","7640153866837",""
10140,1,"Cerelac Wheat Cereal 400g","8445290340993",""
10140,2,"سيريلاك حبوب القمح 400 جم","8445290340993",""
10141,1,"Nestlé Cerelac Wheat & Fruits Cereal with Milk - From 6 Months","8445290341372",""
10141,2,"نستله سيريلاك قمح وفواكه دقيق الحبوب والحليب من عمر 6 شهور","8445290341372",""
10142,1,"Office Long-Lasting Ultra Black Eyeliner Pencil - 601","6280010010273",""
10142,2,"اوفيس قلم كحل عيون اسود فاحم ثابت - 601","6280010010273",""
10143,1,"Sarah Beauty Jet Black Smudge-Proof Eyeliner","164915191",""
10144,1,"Okema Wax Heater OK-412 - Discover the World of Beauty","5648714425556",""
10144,2,"جهاز تسخين شمع أوكيما OK-412 - اكتشفي عالم الجمال","5648714425556",""
10145,1,"GP 3-in-1 Argan Oil Hair Dye Shampoo - Dark Brown (25 ml)","799439315587",""
10145,2,"شامبو صبغة شعر بزيت الارجان بني غامق من جي بي 3 في 1 (25 مل)","799439315587",""
10146,1,"Arganmidas Moroccan Argan Oil Clear Hydrating Conditioner, 450ml","2040232095137",""
10146,2,"بلسم شعر بخلاصة زيت الارغان المغربي من ارجان ميداس ، 450 مل","2040232095137",""
10147,1,"Vicks VapoDrops Orange Flavor Throat Soothing Lozenges - 16 Lozenges","8001841460215",""
10147,2,"فابودروبس اقراص ملطفة للحنجرة بالبرتقال من فيكس - 16قرص","8001841460215",""
10148,1,"First Step Capsicum Hot Plaster for Back and Muscle Comfort BL-051","6286511000454",""
10148,2,"لصقة داعمة لراحة العضلات والظهر حار فرست ستيب كابسيكوم BL-051","6286511000454",""
10149,1,"NYX Lift & Snatch! Brow Tint Pen - 08 Espresso","800897004552",""
10149,2,"نيكس قلم حواجب ليفت برو تنت 08 اسبريسو","800897004552",""
10151,1,"Costume National Paperplane Eau de Parfum 100ml","8034041523183",""
10151,2,"عطر كوستوم ناشونال بابيربلاين او دو بارفيوم 100مل","8034041523183",""
10152,1,"Florian Pontier Absolum Eau de Parfum 100ml","3770008975200",""
10152,2,"فلوريان بونتيير أبسولوم أو دو برفيوم 100 مل","3770008975200",""
10153,1,"Florian Pontier Absolum For Her Eau De Parfum - 100 ml","3770008975217",""
10153,2,"عطر فلوريان بونتيير أبسولوم فور هير  أو دو برفيوم - 100 مل","3770008975217",""
10154,1,"CoSTUME NATIONAL J Parfum 100ml","8034041523039",""
10154,2,"عطر كوستوم ناشونال جي بارفيوم 100مل","8034041523039",""
10155,1,"CoSTUME NATIONAL Scent Intense Black Parfum 100ml","8034041522605",""
10155,2,"عطر كوستوم ناشونال سنت انتنس الاسود بارفيوم 100مل","8034041522605",""
10157,1,"Freshdays 72 Long Sanitary Pads with Natural Cotton Softness","5281001315583",""
10157,2,"فريشدايز 72 فوطة صحية طويلة بنوعوم القطن الطبيعي","5281001315583",""
10158,1,"Freshdays, Pantyliners, Daily Liners, Normal, 72 Liners","5281001316177",""
10158,2,"فريش دايز، فوط نسائية، فوط يومية، عادي، 72 فوطة","5281001316177",""
10159,1,"Bambini Mommy Pink Perfume for Children by Kido Perfumes - 80 ml","3388714283023",""
10159,2,"طر بامبيني مامي بينك للاطفال من كيدو بيرفيومز - 80 مل","3388714283023",""
10160,1,"Crown Baby Perfume with Clean and Fresh Powder Scent - 50ml","6939517182241",""
10160,2,"عطر أطفال كراون بيبي برائحة البودرة النظيفة والمنعشة 50 مل","6939517182241",""
10161,1,"SHEGLAM Liquid Blush and Highlighter Glow Set - 3 Pieces","9780201379437",""
10161,2,"مجموعة احمر الخدود وهايلايتر السائلة للإشراقة من شيقلام - 3 قطع","9780201379437",""
10162,1,"Christine Infallible Soft Touch 24H Foundation – 30 ml - Shade 06","8682109091411",""
10162,2,"كريم اساس انفاليبل سوفت تاتش 24 ساعة من كرستين– 30 مل - درجة 06","8682109091411",""
10163,1,"Christine Soft Touch Full Coverage Foundation - Shade 03","8682109091381",""
10163,2,"كرستين كريم اساس سوفت تاتش تغطية كاملة رقم 03","8682109091381",""
10164,1,"Christine Soft Touch Infallible Foundation with Primer Coverage 30ml - Shade No. 2","8682109091374",""
10164,2,"كرستين سوفت تاتش إنفاليبل كريم اساس مع برايمر تغطية 30 مل رقم 2","8682109091374",""
10165,1,"Christine Soft Touch Full Coverage Foundation - Shade 03","8682109091381",""
10165,2,"كرستين كريم اساس سوفت تاتش تغطية كاملة رقم 03","8682109091381",""
10166,1,"Christine Primer Serum - 30 ml","8682109091046",""
10166,2,"سيروم برايمر من كرستين - 30 مل","8682109091046",""
10168,1,"Christine Blusher - 06","6972081893854",""
10168,2,"احمر الخدود من كرستين - 06","6972081893854",""
10169,1,"Christine Blusher - Shade No. 12","6976289192436",""
10169,2,"كرستين بلاشر احمر خدود رقم 12","6976289192436",""
10170,1,"Christine - Compact Face Powder 3","6974482598918",""
10170,2,"كرستين - بودرة وجه مضغوطة 3","6974482598918",""
10171,1,"Christine Compact Face Powder 02","6974482598901",""
10171,2,"كرستين بودرة وجه مضغوطة 02","6974482598901",""
10172,1,"Christine Long Lasting Nail Polish - 88","8682109082945",""
10172,2,"طلاء اظافر لونج لاستينج من كرستين - 88","8682109082945",""
10173,1,"Christine Perfect Long-Lasting Lip Liner - Shade 13 | 0.7g","6954533115646",""
10173,2,"محدد الشفاه كريستين بيرفكت طويل الأمد - الدرجة 13 | 0.7 جرام","6954533115646",""
10174,1,"Christine Nail Polish No. 84","8682109082907",""
10174,2,"كرستين مناكير طلاء الاظافر رقم 84","8682109082907",""
10175,1,"Christine Nail Polish No. 142","8682109093422",""
10175,2,"كرستين مناكير طلاء الاظافر رقم 142","8682109093422",""
10176,1,"Christine Nail Polish No. 25","8682109082310",""
10176,2,"كرستين مناكير طلاء الاظافر رقم 25","8682109082310",""
10177,1,"Christine Dual Eyebrow and Eyeliner Pencil CH - 02","6974482599236",""
10177,2,"قلم تحديد الحواجب والعيون المزدوج من كريستين CH - 02","6974482599236",""
10178,1,"Christine Nail Polish - Shade 27","8682109082334",""
10178,2,"كرستين مناكير طلاء الاظافر رقم 27","8682109082334",""
10179,1,"Christine Nail Polish No. 32","8682109082389",""
10179,2,"كرستين مناكير طلاء الاظافر رقم 32","8682109082389",""
10180,1,"Christine Long-Lasting Creamy Lip Liner – CH-L2505 | Shade 16","6954533115677",""
10180,2,"قلم محدد شفاه كريمي طويل الامد من كرستين– CH-L2505 | رقم 16","6954533115677",""
10181,1,"Christine Matte Lipstick Berry 3 - No. 10","6927874814240",""
10181,2,"احمر الشفاه مطفي توت 3 رقم 10 من كرستين","6927874814240",""
10182,1,"Christine Matte Lipstick - Berry 3 No. 56","6927874815476",""
10182,2,"احمر الشفاه مطفي توت 3 رقم 56 من كرستين","6927874815476",""
10183,1,"Christine Matte Lipstick - Berry 3 No. 50","6927874815414",""
10183,2,"احمر الشفاه مطفي توت 3 رقم 50 من كرستين","6927874815414",""
10184,1,"Christine Long-Lasting Creamy Lip Liner - CH-L2505 | Shade 05","6954533115561",""
10184,2,"قلم محدد شفاه كريمي طويل الامد من كرستين– CH-L2505 | رقم 05","6954533115561",""
10185,1,"Christine Matte Lipstick - Berry 3 No. 51","6927874815421",""
10185,2,"احمر الشفاه مطفي توت 3 رقم 51 من كرستين","6927874815421",""
10186,1,"Christine Matte Lipstick - Berry 3 No. 24","6927874814387",""
10186,2,"احمر الشفاه مطفي توت 3 رقم 24 من كرستين","6927874814387",""
10187,1,"Christine Matte Lipstick Berry 3 - Shade 04","6927874814189",""
10187,2,"احمر الشفاه مطفي توت 3 رقم 04 من كرستين","6927874814189",""
10188,1,"Christine Matte Lipstick - Berry 3 No. 09","6927874814233",""
10188,2,"احمر الشفاه مطفي توت 3 رقم 09 من كرستين","6927874814233",""
10189,1,"Christine Matte Lipstick - Berry 3 No. 20","6927874814349",""
10189,2,"احمر الشفاه مطفي توت 3 رقم 20 من كرستين","6927874814349",""
10190,1,"Christine Matte Lipstick - Berry 3 No. 15","6927874814295",""
10190,2,"احمر الشفاه مطفي توت 3 رقم 15 من كرستين","6927874814295",""
10191,1,"Christine Matte Lipstick - Berry 3 No. 20","6927874815438",""
10191,2,"احمر الشفاه مطفي توت 3 رقم 20 من كرستين","6927874815438",""
10192,1,"Christine Matte Lipstick - Berry 3 No. 40","6927874814547",""
10192,2,"احمر الشفاه مطفي توت 3 رقم 40 من كرستين","6927874814547",""
10193,1,"Christine Matte Lipstick - Berry 3 No. 58","6927874815490",""
10193,2,"احمر الشفاه مطفي توت 3 رقم 58 من كرستين","6927874815490",""
10194,1,"Christine Matte Lipstick Berry 3 - No. 19","6927874814332",""
10194,2,"كرستين احمر الشفاه مطفي توت 3 رقم 19","6927874814332",""
10195,1,"Christine Matte Lipstick - Berry 3 No. 46","6927874814608",""
10195,2,"احمر الشفاه مطفي توت 3 رقم 46 من كرستين","6927874814608",""
10196,1,"Christine Matte Lipstick - Berry 3 No. 49","6927874815407",""
10196,2,"احمر الشفاه مطفي توت 3 رقم 49 من كرستين","6927874815407",""
10197,1,"Christine Matte Lipstick - Berry 3 (No. 63)","6927874815544",""
10197,2,"احمر الشفاه مطفي توت 3 رقم 63 من كرستين","6927874815544",""
10198,1,"Christine Matte Lipstick Berry 3 - CH-020 | Shade 57","6927874815483",""
10198,2,"احمر الشفاه مطفي توت 3 من كرستين - CH-020 | رقم 57","6927874815483",""
10199,1,"Christine Matte Lipstick - Berry 3 No. 06","6927874814202",""
10199,2,"احمر الشفاه مطفي توت 3 رقم 06 من كرستين","6927874814202",""
10440,1,"MD Eyeshadow Palette – 15 Shades, 16.5g","6287029534035",""
10441,1,"G. Kastel Reusable Natural Hair Eyelashes – Model 461","6978416464966",""
10441,2,"رموش جي كاستال شعر طبيعي قابلة لإعادة الاستخدام - موديل461","6978416464966",""
