product_id,language_id,name
1390,1,"Bioderma Sebium Foaming Gel Facial Purifying Cleanser - 100 ml"
1392,1,"Gentle Foaming Cleansing Gel for Sensitive Skin - 200 ml"
1393,1,"Eucerin Oil Control Cleansing Gel – 200 ml"
1394,1,"Eucerin DermoPurifyer Facial Toner - 200ml"
1395,1,"Eucerin Even Pigment Perfector Gentle Cleansing Foam 160ml"
1397,1,"Eucerin Roughness Relief Lotion - 500ml s"
1400,1,"Cetaphil Moisturizing Lotion for Dry and Sensitive Skin - 236ml"
1401,1,"QV Intensive Cream for Sensitive and Extremely Dry Skin - 500g"
1404,1,"Skin Brightening and Evening Cream - Special Offer (2 Packs)"
1404,2,"كريم تفتيح وتوحيد لون البشرة عرض خاص عبوتين"
1405,1,"Alfabless Skin Whitening Cream 30g"
1405,2,"كريم الفابلس لتفتيح البشرة وتخفيف التصبغات  30 حم"
1407,1,"Eucerin Anti-Pigment Dual Serum – 30ml"
1407,2,"سيروم مزدوج مضاد للتصبغ من يوسيرين – 30 مل"
1408,1,"Eucerin Even Pigment Perfector Day Cream SPF 30 - 50ml"
1408,2,"كريم النهار بعامل حماية 30SPF لتوحيد لون البشرة من يوسرين- 50مل"
1409,1,"Eucerin Even Pigment Perfector Body Lotion 250ml"
1409,2,"لوشن تفتيح الجسم إيفن بيجمنت من يوسيرين 250مل"
1410,1,"Bioderma Photoderm Sunscreen Fluid SPF 50+ 40ml"
1410,2,"واقي شمس من بيوديرما فوتوديرم  السائل بمعامل حماية 50 درجة 40مل"
1411,1,"Stridex Acne Treatment Cotton Pads - 90 Pads"
1411,2,"مسحات علاج حب الشباب القطنية من ستريديكس 90 قطعة"
1412,1,"Stridex Essential Acne Treatment Pads - Blue"
1412,2,"مسحات علاج حب الشباب ازرق  من ستريديكس"
1413,1,"Acretin Acne Treatment Cream 0.025% / 30g - Jamjoom Pharma"
1415,1,"Differin Gel for Acne Treatment and Skin Tone Evening - 30g"
1416,1,"Giovanni Root 66 Max Volume Shampoo - 250ml"
1418,1,"Nizoral Anti-Dandruff Shampoo - 100 ml"
1419,1,"Olaplex No. 5 Bond Maintenance Conditioner 250ml"
1420,1,"Olaplex No. 6 Bond Smoother - 100ml"
1420,2,"منعم الشعر رقم 6 بوند من اولابليكس - 100مل"
1421,1,"Olaplex No. 6 Bond Smoother Intensive Restorative Treatment 100ml"
1422,1,"Olaplex No. 7 Bonding Oil for Hair Repair and Hydration - 30ml"
1422,2,"زيت بوندج لاصلاح وترطيب الشعر 7 من اولابلكس 30مل"
1424,1,"Bepanthen Moisturizing Skin Care Lotion - 200ml"
1425,1,"Life-Flo Pure Rosehip Seed Oil - 30ml"
1425,2,"زيت بذور ثمار الزهور النقي من لايف فلو - 30مل"
1426,1,"Diaper Rash Care Ointment - 30g"
1428,1,"QV Baby Moisturising Cream 250g"
1429,1,"QV Driving Hand Cream SPF 15 + Gift Bag"
1429,2,"كريم اليدين للقيادة  بمعامل حماية من الشمس 15 + شنطة هدية من كيوفي"
1430,1,"UreaRepair Plus Hand Cream with 5% Urea - 75ml"
1430,2,"كريم اليدين يوريا ريبير بلس يحتوي على 5% يوريا 75مل"
1432,1,"Eucerin Foot Repair Cream 85g"
1434,1,"Uriage Dépiderm Brightening Hand Cream with SPF 15 - 50ml"
1434,2,"كريم تفتيح لليدين دبيدرم مع واقي شمس 15 من يورياج 50مل"
1435,1,"QV Hand Cream - 50g"
1436,1,"Green Tea Mouthwash 250ml"
1436,2,"غسول الفم بالشاي الأخضر 250 مل"
1438,1,"Eucerin Anti-Perspirant Spray 30ml - 72-Hour Protection"
1438,2,"مزيل عرق بخاخ من يوسرين 30مل 72 ساعة"
1439,1,"Vichy Anti-Perspirant Anti-Stain 48H Deodorant for Men 50ml"
1439,2,"مزيل عرق فيتشي مضاد للبقع ومضاد للتعرق لمدة 48 ساعة للرجال 50مل"
1440,1,"Vichy Mineral-Enriched Deodorant 48-Hour Protection - 50ml"
1442,1,"Vichy Anti-Perspirant Roll-On for Excessive Perspiration - 50ml"
1442,2,"مزيل عرق رول للتعرق الزائد من فيتشي 50ملي"
1444,1,"Uriage Deodorant Spray - 125ml"
1444,2,"مزيل عرق بخاخ من يورياج125مل"
1445,1,"Vichy 7-Day Anti-Perspirant Deodorant Cream, Alcohol-Free - 30ml"
1445,2,"مزيل عرق كريم من فيتشي خال من الكحول بفعالية 7 ايام 30مل"
1446,1,"Vichy Dry Touch Deodorant for Very Sensitive Skin - 40ml"
1447,1,"Vichy 96H Clinical Control Anti-Perspirant Roll-On - Intensive Protection"
1448,1,"Urea Repair Transparent Body Lotion 5% 250ml"
1448,2,"لوشن الجسم للترطيب والتهدئة يوريا  ريبير شفاف  5% 250مل"
1449,1,"Avalon Urea-L Cream for Dry Skin Conditions - 100ml"
1451,1,"Veet Hair Removal Cream for Dry Skin, 100ml"
1452,1,"Ultimate Care Soothing Intimate Wash - 250 ml"
1455,1,"Ice Cool Moisturizing Lotion - Multicolor 725ml"
1457,1,"Femfresh Ultimate Care Refreshing Intimate Wash - 250ml"
1458,1,"Vaseline Cocoa Radiant Body Lotion - 200ml"
1460,1,"Femfresh Refreshing Deodorant Spray for Intimate Areas 120ml - 1+1 Free"
1460,2,"بخاخ منعش للمناطق الحميمية من فيم فريش 120مل   1+1مجان"
1461,1,"Femfresh Ultimate Care Refreshing Deodorant Spray - 125ml"
1461,2,"بخاخ منعش للمناطق الحميمية بالعناية القصوى من فيم فريش - 125مل"
1464,1,"Nair Hair Removal Cream for Underarms and Sensitive Areas - 110g"
1464,2,"كريم ازالة الشعر من نير لمنطقة تحت الابط والمناطق الحساسة 110 جم"
1467,1,"Hair Detangling Brush 2090 - Soft Velvet"
1467,2,"فرشاة فك تشابك الشعر 2090 - سوفت فيلفيت"
1469,1,"Double-Sided Wooden Foot Rasp for Dead Skin Removal"
1469,2,"محك قدم خشبي ذو وجهين لإزالة الجلد الميت"
1470,1,"Cleansing Cotton Pads 120pcs"
1470,2,"شرائح قطن تنظيف 120"
1471,1,"Soft Velvet Pedicure and Manicure Set - Includes Nail Clipper and File"
1471,2,"طقم البديكير والمنيكير يحتوي على مقلم و مبرد اظافر من سوفت فيلفيت"
1472,1,"Soft Velvet Nail Clipper Set with File"
1472,2,"طقم مقصات أظافر مع مبرد من سوفت فليفت"
1475,1,"Vaseline Lip Therapy Lip Balm for Long-Lasting Moisture - 7g"
1476,1,"Nature Report Soothing & Moisture Aloe Vera Gel - 300ml"
1477,1,"UltraMax Solid Deodorant for Women - 73g"
1478,1,"Max Elegance Multi-Scented Nail Polish Remover"
1478,2,"مزيل طلاء الاظافر نكهات متعددة من ماكس ايليجنس"
1479,1,"Jardin d'Oleane Sugar Scrub with Argan Oil and Lavender Essential Oil - 600g"
1480,1,"Jardin d'Oleane Sugar Scrub with Argan Oil and Melissa - 600g"
1482,1,"Jardin d'Oleane Sugar Scrub with Aloe Vera Oil and Herbal Essential Oils - 600g"
1483,1,"Jardin d'Oleane Salt Scrub with Shea Butter and Lemon - 800g"
1483,2,"مقشر الملح بزبدة الكاريتي والليمون من جاردن دي اوليان - 800جم"
1484,1,"Jardin d'Oleane Sugar Scrub with Argan Oil and Turmeric Powder - 600g"
1485,1,"Jardin d'Oléane Sugar Scrub with Argan Oil and Orange Blossom - 600g"
1485,2,"مقشر السكر بزيت الاركان وزهر البرتقال من جاردن دي اوليان - 600جم"
1486,1,"Soft Lavender Moroccan Loofah"
1486,2,"&quot; ليفة مغربي ناعمة الخزامى&quot;"
1487,1,"Soft Medium Moroccan Loofah"
1487,2,"ليفة مغربي ناعمة متوسطة"
1488,1,"Mavala Double-Lash Eyelash Enhancer - 10ml"
1488,2,"مطول الرموش من مافالا  10مل"
1489,1,"Mavala Scientifique K+ Nail Hardener 5ml"
1493,1,"Essence Lash Princess Volume Mascara - Orange"
1494,1,"Soft Velvet Blush Powder (01)"
1494,2,"مسحوق أحمر الخدود من سوفت فيليفت(01)"
1495,1,"Lasting Performance Foundation 35ml"
1496,1,"Bourjois Healthy Mix Foundation - Shade 58 - 30ml"
1500,1,"Infallible Primer 35ml"
1501,1,"Max Elegance Professional Makeup Brush"
1501,2,"فرشاه مكياج احترافيه من max elegance"
1503,1,"Soft Velvet Facial Cleansing Needles for Blackhead Removal"
1503,2,"ابر تنظيف الوجه لإزالة الرؤوس السوداء - سوفت فيلفيت"
1504,1,"Soft Velvet False Eyelashes Collection"
1504,2,"تركيبة رموش صناعي من سوفت فيلفيت"
1505,1,"Office Professional Natural Lashes - Jenan 34"
1505,2,"رموش طبيعيه اوفيس بروفيشنل- جنان 34"
1506,1,"Soft Velvet Black Eyelash Glue - 7g"
1508,1,"Koji Unique & Soft Eyeliner Pencil - 01 Intense Black"
1509,1,"Eyeliner Pencil"
1509,2,"قلم تحديد العينين"
1517,1,"Soft Velvet Nail Glue - 10g"
1517,2,"غراء تركيب الأظافر من سوفت فلفيت 10 جم"
1518,1,"100-Piece Artificial Nail Set"
1518,2,"مجموعة اظافر اصطناعية 100 حبه"
1519,1,"Red Artificial Nail Set - 100 Pieces"
1519,2,"مجموعة اظافر اصطناعية احمر اللون 100 حبه"
1520,1,"Cocoa Butter Lip Balm - Brown 4.8g"
1522,1,"Carmex Classic Lip Balm"
1522,2,"مرطب شفاه كلاسيك من كارميكس"
1523,1,"Beesline Flavor-Free Lip Balm - 2 Pieces (1+1 Offer)"
1523,2,"مرطب شفاه خالي من النكهة قطعتين من بيزلين 1+1"
1524,1,"QV Lip Balm - 15g"
1525,1,"Carmex Refreshing Cherry Medicated Lip Balm - 10g"
1526,1,"Carmex Classic Medicated Lip Balm - 10g"
1527,1,"Carmex Medicated Strawberry Lip Balm - 10g"
1528,1,"Casanova Cassis Rose Body Mist - 235ml"
1530,1,"Prive Flirt Blossom Body Mist - Floral Scent - 250ml"
1530,2,"معطر جسم فلورت بلوسوم من برايف برائحة الزهور 250 مل"
1531,1,"Jessy Body Mist by Almas Perfumes - 150ml"
1531,2,"معطر جسم جيسي من الماس للعطور 150مل"
1532,1,"Almas Perfumes Illuminate Me Body Mist - 150ml"
1532,2,"معطر جسم اليومينت مي من الماس للعطور 150مل"
1536,1,"Listerine Fluoride Mouthwash - 250ml"
1537,1,"Optic White Sparkling White Toothpaste 75ml"
1537,2,"معجون الأسنان أوبتيك وايت سباركلنج وايت 75مل"
1540,1,"Max Elegance Original Lip Balm - 3.5g"
1541,1,"Toothpicks with Brush - 100 Pieces"
1542,1,"Trisa Toothbrush Medium 2+2 Free"
1542,2,"فرشاة اسنان تريسا متوسط الخشونة 2+2 مجانا"
1543,1,"Kids Enamel Protector Toothpaste 50ml"
1546,1,"Siwak-F Junior Fruit-Flavored Toothpaste with Kids' Toothbrush"
1548,1,"Vaseline Lip Therapy Rosy Lips - 4.8g"
1550,1,"Closeup Diamond Attraction Toothpaste - 75 ml"
1550,2,"معجون أسنان كلوس اب دايموند اتراكشن - 75 مل"
1551,1,"Signal Kids Toothpaste with Mint - 75ml"
1551,2,"معجون اسنان للاطفال بالنعناع من سيجنال - 75مل"
1552,1,"Signal Kids Toothpaste Strawberry - 75 ml"
1552,2,"معجون اسنان للاطفال بالفراولة من سيجنال - 75 مل"
1553,1,"Almas Perfumes Angel Secret Body Mist - 150 ml"
1553,2,"معطر جسم  انجل سيكرت من الماس للعطور150 مل"
1555,1,"Signal Toothbrush 1+1 Free - Soft"
1557,1,"For You Kids Toothbrush"
1557,2,"فرشاة اسنان للاطفال فور يو"
1560,1,"Oral-B Multi-Pack Toothbrushes 2+1"
1560,2,"فرشاة اسنان متعددة  2+ 1 من اورال بي"
1561,1,"FOREO Toothbrush"
1561,2,"فرشاة اسنان من فوريو"
1563,1,"Crest 3D White Brilliance Pearl Glow Toothpaste 75ml"
1564,1,"Crest 3D White Freshness Power Toothpaste - 75ml"
1564,2,"معجون أسنان كريست 3D وايت قوة الانتعاش من كرست 75مل"
1565,1,"Crest 3D White Luxe Perfection Intensive Toothpaste 75ml"
1565,2,"معجون اسنان ثري دي وايت لوك مثالي مُكّثف من كرست 75مل"
1566,1,"Sensodyne Nourish Naturally Fresh Toothpaste 75ml"
1566,2,"سنسوداين نورش معجون انتعاش طبيعي 75 مل"
1567,1,"AloeDent Anti-Stain Toothpaste for Smokers 100ml"
1567,2,"معجون أسنان ألودنت مضاد للبقع  للمدخنين 100مل"
1568,1,"Siwak F Kids Strawberry Toothpaste 50g with Free Toothbrush"
1568,2,"معجون للأطفال بنكهة الفراولة مع فرشاة أسنان مجانية من سواك اف 50 جم"
1569,1,"Closeup Red Toothpaste - 50ml"
1569,2,"معجون أسنان كلوس أب احمر - 50مل"
1570,1,"Colgate Kids Toothpaste 0-2 Years, Strawberry Flavor, 50ml"
1570,2,"معجون أسنان كولجيت للأطفال من 0-2 سنوات بنكهة الفراولة 50 مل"
1571,1,"Miswak F Banana Flavor Toothpaste for Kids with Free Toothbrush - 50g"
1571,2,"مسواك اف معجون بنكهة الموز مع فرشاة مجانية 50 جم اطفال"
1572,1,"Crest Charcoal Deep Clean Whitening Toothpaste - 75ml"
1574,1,"Crest Toothpaste 3D White Look Charcoal Power with Fresh Mint Taste -88ml"
1575,1,"J. Casanova French Vanilla Body Mist - 235ml"
1575,2,"معطر جسم فانيلا فرنسية من جي.كازانوفا 235مل"
1577,1,"Carlotta Lee Perfume for Women - 100ml"
1577,2,"عطر كارلوتا لي نسائي 100مل"
1579,1,"Brand Collection Men's Perfume 100ml"
1585,1,"Neutrogena Deep Clean Facial Cleanser Gel - 200ml"
1586,1,"Neutrogena Refreshing and Purifying Facial Wash - 200ml"
1587,1,"Max Elegance Red Primer 35ml"
1587,2,"برايمر احمر من ماكس اليجانس 35مل"
1588,1,"Bepanthen Moisturizing Cream - 30g"
1592,1,"QV Baby Moisturizing Cream for Dry and Sensitive Skin - 100g"
1592,2,"كريم مرطب للأطفال من كيوفي للبشرة الجافه والحساسه  100ج"
1593,1,"QV Wash 250ml"
1593,2,"غسول كيوفي 250مل"
1595,1,"QV Cream 250gm"
1595,2,"كريم كيوفي250جم"
1596,1,"QV Face Moisturizing Day Cream With SPF-75g"
1596,2,"كريم النهار المرطب للوجه من كيو في مع عامل حماية من الشمس-75ج"
1600,1,"Green tea mouthwash 110ml"
1600,2,"غسول الفم بالشاي الأخضر 110مل"
1601,1,"Green Tea Mouthwash 500ml"
1601,2,"غسول الفم بالشاي الأخضر 500مل"
1602,1,"Listerine Fluoride Mouthwash - 500ml"
1603,1,"Closeup Triple Fresh Formula Toothpaste 50ml"
1603,2,"معجون اسنان كلوس اب تركيبة الانتعاش الثلاثي50مل"
1604,1,"Sensodyne Gentle Whitening Toothpaste - 100 ml"
1604,2,"معجون أسنان تبييض لطيف من سونسوداين - 100 مل"
1608,1,"Sensodyne Complete Protection Toothpaste - 75ml + Free Mouthwash 500ml"
1608,2,"معجون أسنان سنسوداين حماية متكاملة - 75 مل + غسول للفم مجانا 500 مل"
1610,1,"Zig Zag Toothbrushes Medium Softness by Colgate"
1610,2,"فرش أسنان زيج زاج بالفحم بدرجة نعومة متوسطة من كولوجيت"
1611,1,"Extra Clean Toothbrushes, 2+1 Value Pack"
1611,2,"فرش اسنان إكسترا كلين، عرض 2+1"
1612,1,"Colgate Total Waxed Dental Floss with Mint Flavor - 25m"
1612,2,"خيط تنظيف الأسنان مشمع بنكهة النعناع من كولجيت توتال - 25متر"
1616,1,"Sunsilk Hair Styling Cream with Argan Oil 275ml"
1616,2,"كريم تصفيف الشعرصنسيلك بزيت الارجان 275مل"
1617,1,"Fair and Handsome Whitening Cream For Men 100ml"
1617,2,"كريم فير آند هاندسم لتفتيح البشرة للرجال 100مل"
1618,1,"Yoko Milk Facial Wash - 100 ml"
1618,2,"غسول الوجه بالحليب من يوكو 100 مل"
1619,1,"Yoko Yogurt Facial Wash - 100 ml"
1619,2,"غسول الوجه بالزبادي من يوكو 100 مل"
1620,1,"Wadi Al-Nahl Rose Oil - 125ml"
1620,2,"زيت الورد من وادي النحل 125مل"
1621,1,"Wadi Al-Nahl Bitter Almond Oil - 125ml"
1621,2,"زيت اللوز المرمن وادي النحل 125مل"
1622,1,"Nivea Fresh Energy Deodorant Spray for Women - 150ml"
1622,2,"بخاخ مزيل عرق فريش انيرجي من نيفيا للنساء 150مل"
1623,1,"Amla Kids Hair Oil, 200 ml"
1625,1,"Creme 21 Body Lotion Luxury Oud 250ml"
1626,1,"Creme 21 Body Lotion Deep Relax 250ml"
1631,1,"Eucerin Roughness Relief Cream - 454g"
1636,1,"O'Keeffe's Healthy Feet Foot Cream - 76g"
1637,1,"Illuminated Facial Exfoliator and Hair Remover"
1637,2,"جهاز تقشير الوجه ومزيل الشعر المضيئ"
1639,1,"Nubian Heritage African Black Soap Body Wash - 384ml"
1640,1,"St. Ives Apricot Hand Wash, 250 ml"
1640,2,"غسول اليد بالمشمش من سانت ايفز،250 مل"
1642,1,"Vaseline Hair Tonic & Scalp Conditioner 400ml"
1642,2,"فازلين تونك للشعـر و منعش لفروة الرأس 400مل"
1643,1,"Antiseptic Healing Cream for Diaper Rash and Superficial Wounds - 125g"
1645,1,"Johnson's Baby Shampoo 750ml"
1645,2,"شامبو اطفال جونسون  750مل"
1646,1,"Johnson's Baby Oil 500ml"
1646,2,"زيت جونسون للأطفال 500مل"
1648,1,"Glysolid Moisturizing Cream 125ml"
1648,2,"كريم ترطيب جليسوليد 125مل"
1650,1,"Original Glycerin Oil - 100 ml"
1650,2,"زيت الجلسرين الاصلي - 100 مل:"
1651,1,"Ultra Max Fresh Deodorant 28g"
1653,1,"Essentials New Look Fresh Deodorant - 71g"
1653,2,"مزيل عرق اسينشالز نيو لوك فريش - 71 جرام"
1656,1,"Sebamed Baby Wash 200ml"
1656,2,"غسول سيباميد للأطفال 200مل"
1657,1,"Sebamed Shampoo for Delicate Scalp 150ml"
1657,2,"شاميو سيباميد لفروة الراس الرقيقة 150مل"
1658,1,"Beauty Cream Bath Soap - 135g"
1659,1,"Closeup Toothpaste 160g Menthol Fresh"
1659,2,"معجون اسنان كلوس اب 160 جم ​​مينثول فريش"
1660,1,"Facial Pore Vacuum & Suction Device"
1660,2,"جهاز شفط الدهون من الوجه"
1661,1,"Invento perfume for women 25 ml"
1661,2,"عطر انفنتو للنساء25مل"
1662,1,"Invento Perfume for Women, Eau de Parfum, 25ml"
1662,2,"عطر انفنتو للنساء ، او دى بارفان ، 25مل"
1663,1,"Champion de Carlotta Eau de Toilette for Women by Carlotta, 100 ml"
1663,2,"عطر تشامبيون دي كارلوتا او دي تواليت للنساء من كارلوتا، 100 مل"
1664,1,"Brand Collection 123 Eau de Toilette for Women - 25ml"
1664,2,"عطر براند كوليكشن 123 او دي تواليت نسائي 25 مل"
1665,1,"Liberty Perfume by Carlotta for Men - Eau de Toilette, 100 ml"
1665,2,"عطر ليبريتي من كارلوتا للرجال - او دي تواليت، 100 مل"
1666,1,"Brand Collection 137 Eau de Parfum for Women - 25ml"
1666,2,"عطر او دي بارفان براند كوليكشن 137 للنساء سعة 25 مل"
1667,1,"Carlotta Sage Eau de Toilette for men, 100 ml"
1667,2,"عطر او دي تواليت سايج للرجال من كارلوتا بسعة 100 مل"
1668,1,"Brand 034 Eau de Toilette for Women - 25ml"
1668,2,"عطر براند  034 او دي تواليت 25 مل للنساء"
1669,1,"Brand Collection No. 145 Eau de Parfum for Men - 25ml"
1669,2,"عطراودو بارفان من براند كوليكشن رقم. 145 للرجال سعة 25 مل"
1670,1,"Miss Carlotta Eau de Toilette for Women by Carlotta, 90 ml"
1670,2,"عطراودي تواليت ميس كارلوتا من كارلوتا للنساء، 90 مل."
1671,1,"Carlotta This My Way Eau de Toilette Spray for Women, 100ml"
1671,2,"بخاخ او دي تواليت ذيس ماي واي للنساء من كارلوتا، 100 مل"
1672,1,"Carlotta Euphory Eau de Toilette for Men - 100ml"
1672,2,"عطر او دي تواليت كارلوتا يوفوري للرجال 100 مل"
1673,1,"Carlotta Rose The One Eau de Toilette for Women, 100 ml"
1673,2,"عطر اودي تواليت روز ذي ون للنساء من كارلوتا، 100 مل"
1674,1,"Carlotta Rouge Malachite for Women - Eau de Toilette - 100ml"
1674,2,"عطر روج مالاكيت للنساء من كارلوتا - او دي تواليت - 100 مل"
1675,1,"My Dear Perfume by Carlotta for Women, Eau de Toilette Single Pack, 100ml"
1675,2,"عطر ماي دير للنساء من كارلوتا، عبوة واحدة او دي تواليت بسعة 100 مل"
1676,1,"Carlotta Scandal Eau de Toilette Spray for Women, 100ml"
1676,2,"بخاخ او دي تواليت سكاندرال للنساء من كارلوتا، 100 مل"
1677,1,"Nature's Way Organic Coconut Oil - 453gm"
1677,2,"زيت جوز الهند العضوي من نيتشرز واي - 453جم"
1678,1,"I'm Sorry For My Skin Coma Mask Moisture"
1678,2,"قناع كوما لترطيب البشرة من ايم سوري فور ماي سكن"
1683,1,"I'm Sorry For My Skin pH5.5 Jelly Mask"
1685,1,"PH5.5 Jelly Mask From Im Surrey For My Skin"
1686,1,"M. Asam Magic Finish Makeup - 30ml"
1689,1,"Beausta Glossy Lip Tint & Gloss - Purple 4ml"
1689,2,"ملمع وملون شفاه لامع بنفسجي من بيوستا  4مل"
1690,1,"Biosta glossy lip color and gloss red 4ml"
1690,2,"ملمع وملون شفاه لامع احمر من بيوستا  4مل"
1691,1,"Biosta glossy lip color glossy orange peach 4ml"
1691,2,"ملمع وملون شفاه لامع برتقالي خوخ من بيوستا  4مل"
1692,1,"Glow & Lovely Anti-Marks Face Cream - 100g"
1694,1,"Egyptian Magic Skin Cream - 118 ml"
1694,2,"مرطب البشرة من ايجيبشن ماجيك 118 مل"
1696,1,"Katerina Olive Oil Extract Hair Color Shampoo - Black, 20 ml"
1698,1,"Lakme Collage Mix Blue Cream Hair Color 0/70, 60 ml"
1699,1,"Lakme Collagemix Cream Dye Mixed Colors 0/10, 60 ml"
1699,2,"صبغة كولاج كريمي اخضر من لاكمي  0/10 ، 60 مل"
1700,1,"Dove Hair Fall Rescue Shampoo, 200 ml"
1700,2,"شامبو دوڤ ضد تساقط الشعر، 200 مل"
1702,1,"Dove shampoo daily care 600ml"
1703,1,"Dove Daily Care Shampoo 200ml"
1703,2,"شامبو دوڤ عناية يومية 200 مل"
1704,1,"Dove Split End Rescue Shampoo 600ml"
1705,1,"Dove Nourishing Oil Care Shampoo, 600 ml"
1706,1,"Pastel Argan Oil Shampoo 400ml"
1707,1,"Keratin Smooth Shampoo for Dry and Frizzy Hair - 400ml"
1708,1,"Dove Intensive Repair Shampoo, 600 ml"
1708,2,"شامبو دوڤ  لإصلاح مكثّف، 600 مل"
1709,1,"Dove 2-in-1 Shampoo and Conditioner for Normal to Dry Hair, 600ml"
1709,2,"شامبو وبلسم دوڤ ٢ في ١ للشعر العادي والجاف،٦٠٠مل"
1710,1,"Sunsilk Shampoo for Smooth & Manageable Hair - 400ml"
1710,2,"شامبو صانسيلك لشعر ناعم وانسيابي - 400 مل"
1711,1,"Sunsilk Stunning Black Shine Shampoo, 400 ml"
1711,2,"شامبوصانسيلك  لمعان ساحر للشعر الأسود، 400 مل"
1713,1,"Sunsilk Strength & Shine Shampoo, 400ml"
1714,1,"Colgate Optic White Mouthwash - 500ml"
1717,1,"TRESemmé Botanix Shampoo and Conditioner"
1717,2,"شامبو وبلسم بوتانيكس من تريسيمي"
1726,1,"Foot Cream for Rough and Cracked Heel Care - 100 ml"
1728,1,"Round Cotton Pads - 80 Pieces"
1728,2,"مسحات قطنية دائرية 80 قطعة"
1729,1,"Jenson Cotton Makeup Pads, 80 Round Pads"
1730,1,"Nature Report Natural Rose Soothing & Moisturizing Gel - 300ml"
1730,2,"جل الورد الطبيعي لترطيب البشرة من ناتشر ريبورت - 300مل"
1731,1,"Olive Oil Hair Mask Cream - 1000ml"
1731,2,"كريم حمام الزيت بزيت الزيتون 1000مل"
1732,1,"Honey Hair Mask Cream 1000ml"
1732,2,"كريم حمام الزيت بالعسل 1000مل"
1733,1,"Coffee Oil Replacement Bath Cream 1000ml"
1733,2,"كريم حمام الزيت بالقهوة 1000مل"
1734,1,"Coconut Oil Hair Mask Cream 1000ml"
1734,2,"كريم حمام الزيت بجوز الهند 1000مل"
1735,1,"Avocado Oil Hair Mask Cream 1000ml"
1735,2,"كريم حمام الزيت بالأفوكادو 1000مل"
1736,1,"Krem Kap Face and Body Scrub and Whitening Cream 500g"
1737,1,"Feyzo Whitening Scrub Cream for Face and Body - 700g"
1737,2,"كريم سنفرة مبيض للوجه والجسم من فيزو 700جم"
1738,1,"Argan Oil Hair Mask Cream 1000ml"
1738,2,"كريم حمام الزيت بزيت الارغان 1000مل"
1739,1,"Tيسي Dental Floss"
1740,1,"Waxed Mint Dental Floss - 50 Meters"
1741,1,"Sunset Cafe Avalon Peach Unisex Perfume - 100ml"
1742,1,"Wadi Al-Nahl Sweet Almond Oil - 125 ml"
1743,1,"NIVEA Aloe Vera Body Moisturizing Lotion - 400ml"
1744,1,"Moroccan Nila Powder for Face and Body"
1745,1,"Turmeric Powder for Face and Body"
1745,2,"بودرة الكركم للوجه و الجسم"
1746,1,"OVAST Smart Hair Incense Burner"
1746,2,"مبخرة الشعر الذكية من OVAST"
1748,1,"Vatika Henna Hair Color - Black"
1749,1,"Sundoshine Vitamin E Oil for Skin and Face - 75ml"
1750,1,"Moroccanoil Bath Sponge"
1751,1,"Moroccanoil Bath Sponge"
1751,2,"اسفنجة استحمام من موروكان اويل"
1752,1,"Moroccanoil Bath Sponge"
1753,1,"Lacalut Whitening Toothpaste, 75 ml"
1755,1,"Radian Massage Cream 100g"
1757,1,"Hair Dye, Black - 6g"
1757,2,"صبغة شعر، اسود - 6 جم"
1758,1,"Sasha Original Japanese Hair Pins Box - Medium Size"
1758,2,"علبة دبوس شعر sasha ياباني متوسط اصلي"
1761,1,"Eyebrow Soap 25g"
1762,1,"Lifebuoy Lemon Fresh Body Wash 300ml with Loofah"
1763,1,"Crystal Hair Eraser"
1763,2,"ممحاة شعر من كريستال"
1764,1,"Signal Toothbrush For Kids 1+1 FREE"
1764,2,"فرشاه أسنان سيجنال للأطفال 1+1 مجاناً"
1766,1,"World Care Disposable Towels - Size 25*40 cm, 50 Pieces"
1766,2,"مناشف للاستعمال مرة واحدة من وورلد كير - مقاس 25*40  50حبة"
1767,1,"World Care Disposable Towels - Size 70*140 cm, 25 Pieces"
1767,2,"مناشف للاستعمال مرة واحدة من وورلد كير - مقاس 70*140  25قطعة"
1768,1,"World Care Disposable Towels - Size 50*100 cm, 50 Pieces"
1768,2,"مناشف للاستعمال مرة واحدة من وورلد كير - مقاس 50*100  50حبة"
1769,1,"Soothing Care Cream for Irritated Skin - 100ml"
1770,1,"Palmer's for Stretch Marks 125g"
1770,2,"بالمرز لعلامات تمدد الجلد 125جم"
1773,1,"Palmer's Coconut Oil Formula Hair Food Formula 250g"
1774,1,"Alfaparf Milano Keratin Therapy Shampoo and Conditioner Set, 250ml Each"
1776,1,"Dove Avocado Strength Shampoo, 200ml"
1776,2,"شامبو دوڤ قوة الأفوكادو، 200مل"
1777,1,"Avalon Peach Perfume by Sunset Cafe - 22 ml"
1778,1,"Lifebuoy Complete Soap 10, 125g"
1780,1,"Sunsilk Shine & Strength Hair Styling Cream 275ml"
1781,1,"Sunsilk Hair Styling Cream with Coconut Oil - 275ml"
1782,1,"Closeup Red Hot Toothpaste - 120ml"
1782,2,"معجون أسنان كلوس أب احمر - 120مل"
1783,1,"Start Makers Double-Sided Facial Cleansing Brush"
1784,1,"OGX Coconut Milk Shampoo – 385 ml"
1784,2,"شامبو بحليب جوز الهند من او جي اكس – 385 مل"
1785,1,"OGX Thick & Full + Biotin & Collagen Shampoo – 385ml"
1787,1,"OGX Renewing + Argan Oil of Morocco Shampoo – 385ml"
1788,1,"OGX Renewing + Argan Oil of Morocco Conditioner – 385 ml"
1789,1,"Johnson's Body Wash with Skin-Renewing Oils - 400ml"
1790,1,"Johnson's Body Wash with Papaya Extract - 400ml"
1791,1,"Johnson's Body Wash with Pomegranate Flower Extract - 400ml"
1792,1,"Johnson's Body Wash Liquid Soap With Milk, Honey &amp; Oats Extract 400 ml"
1794,1,"Johnson's Body Wash with Yogurt, Peach, and Coconut Extracts - 400ml"
1794,2,"سائل للإستحمام مع خلاصة اللبن والخوخ وجوز الهند من جونسون  400 مل"
1795,1,"Makeup Setting Spray with Vitamin E - 150ml"
1796,1,"Rembrandt Roses Vanilla Body Mist - 200ml"
1796,2,"معطر جسم روزس فانيلا من رامبرانت 200مل"
1797,1,"Rembrandt Supreme Floral Body Mist - 200ml"
1797,2,"معطر جسم سوبريم فلورل من رامبرانت 200مل"
1798,1,"Rembrandt Shake the Night Body Mist - 200ml"
1798,2,"معطر جسم شاك ذا نايت  من رامبرانت 200مل"
1799,1,"Rembrandt Life Beige Body Mist - 200ml"
1799,2,"معطر جسم لايف بيج من رامبرانت 200مل"
1800,1,"Vicks VapoRub Topical Ointment 50g"
1800,2,"مرهم فابورب الموضعي من فيكس 50 جم"
1801,1,"Vicks VapoRub Topical Ointment 100g"
1802,1,"Dove Body Care Cream 150ml"
1803,1,"Vaseline Intensive Care Healthy Hands & Stronger Nails Cream - 75ml"
1804,1,"Vaseline Hand and Nail Cream - 75 ml"
1805,1,"Vaseline Intensive Care Lotion for Extremely Dry Skin - 75 ml"
1805,2,"لوشن فازلين العناية بالبشرة شديدة الجفاف- 75 مل"
1806,1,"Vaseline Intensive Care Cream - 75 ml"
1807,1,"Vaseline 2-in-1 Dry Hands Cream - 75 ml"
1808,1,"Sebamed Cleansing Bar for Sensitive and Problematic Skin"
1809,1,"Nail Polish Dryer 150ml"
1810,1,"Golden Teeth Whitening Mouthwash 250ml"
1810,2,"غسول الفم الذهبي لتبييض الأسنان250مل"
1811,1,"Bio-Oil Dry Skin Gel, 50 ml"
1811,2,"جل بيو اويل للبشرة الجافة، 50 مل"
1812,1,"Bio-Oil Skincare Oil - 60ml"
1812,2,"بيو أويل زيت لعلاج الندوب وعلامات التمدد - 60 مل"
1813,1,"Geliga Muscle Pain Relief Cream, 20g"
1813,2,"كريم تخفيف الام العضلات من جيليجا، 20 جم"
1814,1,"Ditansimo Toothpaste, 75 ml"
1814,2,"معجون أسنان من  ديتانسيمو، 75 مل"
1815,1,"Coconut Moisturizing Body Cream - 500 ml"
1816,1,"Nivea Deodorant - 40ml"
1816,2,"مزيل عرق من  نيفيا- 40مل"
1817,1,"Water Dental Flosser"
1817,2,"جهاز خيط تنظيف الاسنان"
1818,1,"Hery Lipstick"
1818,2,"روج احمر شفاة من هيري"
1819,1,"Rich Body Moisturizing Cream with Glycerin and Vitamins A & E - 500ml"
1820,1,"Rich Musk Body Moisturizing Cream - 500 ml"
1821,1,"Cocoa Butter Smoothing Cream - 500ml"
1822,1,"Beauty Vitamins for Hair & Nails for Women - 60 Gummies"
1823,1,"Watermans Hair Growth Conditioner 250ml"
1824,1,"Wellzed Baby Water Wipes - 100 Wipes"
1824,2,"منديل بالماء للاطفال من ويلزيد   100منديل"
1825,1,"Johnson's Micellar Makeup Remover Wipes for Normal Skin - 25 Wipes"
1826,1,"Feminine wipes, musk scent, 20 handkerchiefs"
1827,1,"Ultra Doux 3-in-1 Repairing Hair Food - 390ml"
1828,1,"Ultra Doux Nourishing 3-in-1 Hair Food 390ml"
1829,1,"Ultra Doux 3-in-1 Smoothing Hair Food with Coconut and Macadamia for Dry Hair - 390ml"
1830,1,"Ultra Doux 3 in 1 moisturizing hair food 390 ml"
1831,1,"Natural Glycerin Oil, 185 ml"
1833,1,"Lux Magical Beauty Body Wash with Loofah - 250ml"
1834,1,"Colgate Plax Mouthwash, 500ml"
1835,1,"Active Mouthwash - 300 ml"
1836,1,"Wilkinson Hair Dye with 6% Oxygen (20 Volume), 60 ml"
1837,1,"Wilkson Hair Color Oxygen Developer Blonde 9% 30 Volume, 60 ml"
1838,1,"Garnier Makeup Remover for Sensitive Skin - 200ml"
1838,2,"مزيل مكياج  للبشرة الحساسة من غارنييه - 200مل"
1839,1,"NIVEA Eye Makeup Remover 125ml"
1840,1,"NIVEA Eye Makeup Remover - 125 ml"
1841,1,"Beesline Rose Fragrance Deodorant (2 Pieces)"
1841,2,"مزيل عرق بعطر الورد من بيزلين(قطعتين)"
1842,1,"Beesline Fragrance-Free Deodorant - 50 ml"
1842,2,"مزيل عرق خالي من العطور من بيزلين 50 مل"
1843,1,"Beesline Skin Moisturizing and Whitening Cream - 150g"
1843,2,"كريم لترطيب وتفتيح البشرة من بيزلين 150جم"
1844,1,"Beesline Invisible Touch Deodorant - 50ml"
1844,2,"مزيل عرق لمسة خفية من بيزلين 50 مل"
1845,1,"Beesline Indian Incense Deodorant - 50 ml"
1845,2,"مزيل عرق بخور هندي من بيزلين 50 مل"
1846,1,"Beesline Cotton Softness Deodorant (2 Pieces)"
1846,2,"مزيل عرق نعومة القطن من بيزلين(قطعتين)"
1847,1,"Beesline Facial Wash for Oily and Acne-Prone Skin - 250ml"
1847,2,"غسول الوجه للبشرة الدهنية المعرضة لحب الشباب  من بيزلين 250 مل"
1848,1,"Beesline Whitening Sensitive Zone Soap - 110g"
1848,2,"صابونة لتفتيح المنطقة الحساسة من بيزلين 110 جم"
1849,1,"Beesline Breeze Freshness Deodorant (2-Piece Set)"
1849,2,"مزيل عرق انتعاش النسيم من بيزلين(قطعتين)"
1850,1,"Nivea Soft Moisturizing Cream 100ml"
1850,2,"كريم مرطب نيفيا سوفت 100"
1851,1,"Kojie San Skin Lightening Soap - Pack of 3 (100g each)"
1851,2,"صابون كوجي سان لتفتيح البشرة ثلاث عبوات 100 جم"
1852,1,"SkinWhite Classic Whitening Soap, 135g"
1852,2,"صابون تبييض كلاسيكي من سكينوايت، 135جم"
1853,1,"Eucerin Roughness Relief Spot Treatment Cream - 71g"
1853,2,"كريم علاج فوري لخشونة البشرة من يوسيرين 71جم"
1854,1,"Move On Massage Cream - 50 ml"
1854,2,"كريم تدليك موف اون  50 مل"
1855,1,"Oral-B Dental Floss - 50 Meters"
1855,2,"خيط اسنان من اورال-بي 50 متر"
1856,1,"L'Oréal Elvive Extraordinary Oil Serum for Very Dry and Frizzy Hair - 100ml"
1856,2,"سيروم للشعر شديد الجفاف والمجعد الفيف اكسترا اورديناري من لوريال 100مل"
1857,1,"Signal Toothpaste, 120 ml"
1857,2,"معجون أسنان سيجنال، 120 مل"
1858,1,"Eveline Hand Whitening Cream - 100 ml"
1858,2,"كريم تبييض اليدين  من ايفلين 100 مل"
1859,1,"Argan Soothing and Moisturizing Spray 150ml"
1859,2,"بخاخ الأرغان المهدئ والمرطب 150 مل"
1860,1,"Nawras Abaya Cleaning Wipes - 25 Wipes"
1860,2,"مناديل نورس  منظفة للعباية 25 منديل"
1861,1,"3-in-1 Nail Clipper"
1861,2,"قصافة اظافر 3في 1"
1862,1,"Skin Whitening Cream 30ml"
1862,2,"كريم تبييض البشرة 30 مل"
1865,1,"Korean Body Scrub & Exfoliating Mitt"
1865,2,"الليفة الكورية لتنظيف الجسم وتقشيره"
1867,1,"3 piece razor blade set"
1867,2,"طقم شفرات فلامنجو  للتحديد 3 قطع"
1869,1,"Max Elegance Nail File Set - 3 Pieces"
1869,2,"طقم مبارد اظافر من ماكس اليجانس 3قطع"
1870,1,"Kai Facial Hair Removal Razors - 3 Razors"
1870,2,"شفرات ازالة شعر الوجه 3 شفرات - كاي"
1871,1,"Dentissimo Kids Toothpaste (Ages 2-6 Years)"
1871,2,"معجون أسنان الأطفال دنتسيمو من عمر (2- 6 سنوات)"
1873,1,"Beesline Whitening & Exfoliating Body Soap, 100g"
1873,2,"صابون تبيض وتقشير للجسم من بيزلين، 100 جرام"
1874,1,"Beesline Whitening Lifting Night Cream - 50ml"
1874,2,"كريم شّد الوجه الليلي المُبيّض من بيزيلين- 50 مل"
1875,1,"Beesline Total Dry Deodorant - 50ml"
1875,2,"مزيل عرق جفاف تام من بيزلين 50 مل"
1876,1,"Beesline Whitening Sensitive Zone Cream - 50ml"
1876,2,"كريم تفتيح المنطقة الحساسة من بيزلين50مل"
1877,1,"Beesline Silver-Infused Deodorant for Men - 50ml"
1877,2,"مزيل عرق مدعم بالفضة للرجال من بيزلين 50 مل"
1878,1,"Beesline Deo Roll-On Sport Pulse - 50 ml"
1878,2,"مزيل عرق  رول اون ديو برائحة سبورت بلس من بيزلين 50 مل"
1879,1,"Beesline Gold Tanning Oil, 200 ml"
1879,2,"زيت تسمير ذهبي من بيزلين، 200 مل"
1880,1,"Beesline Makeup Remover - 150 ml"
1880,2,"مزيل المكياج  من بيزلين 150 مل"
1881,1,"Beesline Natural Deodorant 50ml"
1881,2,"مزيل عرق الطبيعي من بيزلين 50 مل"
1882,1,"Beesline Instant Brightening Roll-On Deodorant for Women - 50ml"
1882,2,"مزيل عرق انارة فورية للنساء من بيزلين 50 مل"
1883,1,"Beesline Forest Breeze Roll-On Deodorant - 50 ml"
1883,2,"مزيل عرق نسمة من الغابة  من بيزلين 50 مل"
1884,1,"Vegan Propolis Facial Purifying Soap"
1884,2,"صابونة نباتية لتنقية الوجه بصمغ النحل"
1886,1,"Beesline Cranberry Facial Whitening Soap - 85g"
1886,2,"صابون تفتيح الوجه بالتوت البري من بيزلين 85جم"
1887,1,"Beesline Skin Whitening Soap 85g"
1887,2,"صابون تفتيح البشرة من بيزلين 85جم"
1888,1,"CeraVe Renewing Foot Cream 88ml"
1888,2,"كريم اصلاح القدم من سيرافي 88 مل"
1889,1,"Beesline 5-in-1 Deodorant (2-Piece Set)"
1889,2,"مزيل عرق5في 1 من بيزلين(قطعتين)"
1890,1,"Beesline Pearl Shine Deodorant (2 Pieces)"
1890,2,"مزيل عرق تألق اللؤلؤ من بيزلين(قطعتين)"
1891,1,"Beesline Arabian Oud Deodorant (2-Piece Set)"
1891,2,"مزيل عرق  عودعربي من بيزلين(قطعتين)"
1892,1,"Beesline Whitening Care Deodorant - 50% Off on the Second Piece"
1892,2,"مزيل عرق  عناية التفتيح خصم 50% على الحبة الثانية من بيزلين"
1893,1,"Beesline Silver-Infused Deodorant for Women - 50ml"
1893,2,"مزيل عرق مدعم بالفضة  للنساء من بيزلين 50 مل"
1894,1,"Beesline Rose Fragrance Deodorant - 50ml"
1894,2,"مزيل عرق بعطر الورد من بيزلين50مل"
1895,1,"Beesline Arabian Oud Roll-On Deodorant - 50ml"
1895,2,"مزيل عرق  عودعربي من بيزلين 50مل"
1896,1,"Dentissimo Kids Toothpaste (6+ Years)"
1896,2,"معجون أسنان الأطفال دنتسيمو من عمر (+6 سنوات)"
1897,1,"Dentissimo Black Toothpaste, 75 ml"
1897,2,"معجون أسنان  أسود،دينتيسيمو  75 مل"
1898,1,"Dentissimo Advanced Gold Toothpaste, 75 ml"
1898,2,"معجون أسنان  ذهبي،دينتيسيمو  75 مل"
1899,1,"Crystal Serum 100ml"
1899,2,"سيروم كريستال  100 مل"
1900,1,"Crystal Serum 60ml"
1900,2,"سيروم كريستال  60 مل"
1901,1,"La Roche-Posay Effaclar Duo Moisturizing and Correcting Gel - 40ml"
1901,2,"جل ترطيب وتصحيح البشرة  ايفاكلار ديومن لاروش بوزاي - 40مل"
1902,1,"Flawless Gold-Plated Eyebrow Hair Remover"
1902,2,"مزيل شعر الحواجب مطلي بالذهب من  فلوليس"
1903,1,"Carefree Fresh Scent Daily Pantyliners - 48 Pieces"
1903,2,"فوط ذات عطرمنعش من كيرفري 48 قطعة"
1904,1,"Vatika Brown Hair Henna - 60g"
1904,2,"حناء بني للشعر  من فاتيكا 60 جم"
1905,1,"Nunu Baby Powder 100g"
1905,2,"بودرة  للأطفال من نونو 100 جم"
1906,1,"Taharah Intimate Wash 100ml"
1906,2,"غسول طهارة للمناطق الحساسة 100مل"
1907,1,"Clean & Clear Morning Energy Face Wash, 150ml"
1907,2,"غسول مورنينج انرجي  من كلين اند كلير، 150 مل"
1908,1,"Signal Toothpaste 100ml"
1908,2,"معجون أسنان سيجنال 100 مل"
1909,1,"Sensodyne Extra Fresh Toothpaste 50ml"
1909,2,"معجون أسنان سنسوداين انتعاش زائد  50 مل"
1910,1,"Sensodyne Multi Care Toothpaste 50ml"
1910,2,"معجون أسنان سنسوداين عناية متعددة 50 مل"
1911,1,"Nunu Baby Oil - 200 ml"
1911,2,"زيت للاطفال من نونو 200 مل"
1912,1,"Dove Intensive Body Cream, 75 ml"
1912,2,"كريم الجسم المكثف من دوف، 75 مل"
1913,1,"Nunu Baby Shampoo - 200 ml"
1913,2,"شامبو للاطفال من نونو 200 مل"
1914,1,"Papermints Leaf Mint Capsules - 18 Capsules"
1914,2,"كبسولةبالنعناع الورقي 18 كبسوله من بيبرمينتس"
1915,1,"Sebamed Sun Care Cream SPF 50+ - 75 ml"
1915,2,"كريم واقي شمس بدرجة حماية 50+  من سيباميد 75 مل"
1916,1,"Sebamed Baby Lip Balm"
1916,2,"مرطب شفاه الطفل من سيباميد"
1917,1,"Aloe vera face wash and makeup remover 150ml"
1917,2,"غسول وجه  ومزيل مكياجبالالوفيرا 150مل"
1918,1,"Rose Makeup Remover & Face Wash 150ml"
1918,2,"مزيل مكياج وغسول وجه بالورد 150مل"
1919,1,"Vitamin C Makeup Remover & Face Wash - 150ml"
1919,2,"مزيل مكياج وغسول وجه بفيتامين سي  150مل"
1920,1,"The Little Secret Body Soap & Scrub 500g"
1920,2,"صابون ومقشر الجسم  الليتل سيكرت 500جم"
1921,1,"Blue Nila Body Soap and Scrub 500g"
1921,2,"صابون ومقشر الجسم النيلة الزرقاء 500جم"
1922,1,"Aker Fassi Body Soap and Scrub 500g"
1922,2,"صابون ومقشر الجسم العكر الفاسي 500جم"
1923,1,"Coffee Body Soap and Scrub 500g"
1923,2,"صابون ومقشر الجسم بالقهوه 500جم"
1924,1,"Iceland Scent Body Soap and Scrub 500g"
1924,2,"صابون ومقشر الجسم ايسلند سانت 500جم"
1925,1,"Lavender Body Soap and Scrub 500g"
1925,2,"صابون ومقشر الجسم الخزامي 500جم"
1926,1,"Jardin d'Oléane Sugar Scrub with Argan Oil and Hibiscus Flower Powder - 600g"
1926,2,"مقشر السكر بزيت الأركان ومسحوق زهرة الكركديه من جاردن دي اوليان - 600جم"
1927,1,"Jardin d'Oleane Sugar Scrub with Argan Oil and Coconut - 600g"
1927,2,"مقشر السكر بزيت الأركان وجوز الهند من جاردن دي اوليان - 600جم"
1928,1,"Jardin d'Oleane Blue Nila Sugar Scrub - 600g"
1928,2,"مقشر السكر النيلة الزرقاء من جاردن دي اوليان - 600جم"
1929,1,"Moroccan Black Soap with Olive Oil - 500g"
1929,2,"الصابون البلدي المغربي  بزيت الزيتون500جم"
1930,1,"Moroccan Black Soap with Blue Nila - 500g"
1930,2,"الصابون البلدي المغربي النيلة الزرقاء 500جم"
1931,1,"Moroccan Black Soap with Aker Fassi - 500g"
1931,2,"الصابون البلدي المغربي بالعكر الفاسي 500جم"
1932,1,"Moroccan Black Soap with Ghassoul and Rosemary Essential Oil - 500g"
1932,2,"الصابون البلدي المغربي بالغاسوول وزيت إكليل الجبل الاساسي 500جم"
1933,1,"Moroccan Black Soap with Eucalyptus Essential Oil - 500g"
1933,2,"الصابون البلدي المغربي بزيت الأوكاليبتوس الأساسي 500جم"
1934,1,"Ajmal Fresh N Cool Powder 100 gm"
1934,2,"بودرة فريش ان كوول من اجمل 100 جم"
1935,1,"Ajmal Sacred Love Perfumed Powder 100g"
1935,2,"بودرة ساكرد لوف من اجمل 100 جم"
1936,1,"Ajmal Blue Powder 100 gm"
1936,2,"بودرة بلو من اجمل 100 جم"
1937,1,"Ajmal Wisal Dhahab Perfumed Powder 80g"
1937,2,"بودرة وصال ذهب من اجمل 80 جم"
1938,1,"Ajmal Susan Powder 80g"
1938,2,"بودرة سوسن من اجمل 80 جم"
1939,1,"Ajmal Danat Al Dunya Perfumed Powder 80g"
1939,2,"بودرة دانة الدنيا من اجمل 80 جم"
1940,1,"Qasieda Powder by Ajmal - 80g"
1940,2,"بودرة قصيدة من اجمل 80 جم"
1942,1,"Baby perfume with the smell of powder from Baby Love 30ml"
1942,2,"عطر اطفال برائحة الباودر من بيبي لوف 30مل"
1943,1,"Jovan Musk for Men - 90ml"
1943,2,"عطر  جوفان مسك للرجال 90 مل"
1944,1,"Rico beauty cream for whitening face 50 gm"
1944,2,"کريم الجمال لتبييض الوجه من ريكو 50جم"
1945,1,"Rio Whitening and Beauty Cream 50g"
1945,2,"کريم للتبيض والجمال من ريو 50جم"
1946,1,"Pohli Skin Tone Evening Cream - 20g"
1946,2,"کريم لتوحيد لون البشرة من بوهلي 20جم"
1947,1,"Skin lightening cream and hair color on the face, arms and body from Kent"
1947,2,"كريم تفتيح البشرة   ولون الشعر على الوجه والذراعين والجسم من كنت"
1948,1,"Hobby Sea Minerals Shower Gel - 500ml"
1948,2,"جل استحمام معادن البحر من هوبي500 مل"
1949,1,"Hobby Orchid Shower Gel - 500ml"
1949,2,"جل استحمام الأوركيد من هوبي500 مل"
1950,1,"Hobby Refreshing Fruits Shower Gel - 500ml"
1950,2,"جل استحمام فواكه منعشة من هوبي500 مل"
1951,1,"Archie Skin Whitening Cream 4g"
1951,2,"كريم تفتيح البشرة من ارشي 4 جم"
1952,1,"Faiza Skin Whitening Cream (223190) 50g"
1952,2,"كريم فائزة لتفتيح البشرة( 223190)  50 جم"
1953,1,"Diana Face Whitening Cream 30g"
1953,2,"كريم لتبييض الوجه من ديانا 30جم"
1954,1,"Kojie San Face Lightening Cream 3g"
1954,2,"كريم تفتيح الوجه من كوجي سان 3جم"
1955,1,"Olay Skin Brightening Day Cream with SPF Protection - 50g"
1955,2,"كريم نهاري لتفتيح البشرة بدرجة حمايةمن أشعة الشمس  من  أولاي 50 جم"
1956,1,"Rose Skin Purifying Cream - 50g"
1956,2,"روز - كريم للنمش وإزالة البقع وحب الشباب، 25 جرام"
1957,1,"Penn Anti-Acne Cream 40g"
1957,2,"كريم بن  مضاد لحب الشباب  40 جم"
1958,1,"Rexona Shower Fresh Deodorant for Women - 50ml"
1958,2,"مزيل عرق شاور فرش للنساء من ريكسونا  50مل"
1959,1,"Motion Activated Passion Fresh 72 Hour Antiperspirant Deodorant - 45 ml"
1959,2,"مزيل عرق  موشن اكتيفيتد شغف منعش مضاد للتعرق يدوم 72 ساعة - 45 مل"
1960,1,"Rexona Shower Fresh Deodorant Roll-On for Women - 50ml"
1960,2,"مزيل عرق  شاور فريش للنساء من ريكسونا  50مل"
1961,1,"Rexona Bamboo Deodorant Stick for Women - 40ml"
1961,2,"مزيل عرق ستيك بامبو للنساء من ريكسونا  40مل"
1962,1,"Rexona Richies Deodorant Stick for Women - 40ml"
1962,2,"مزيل عرق ستيك ريتشيز للنساء من ريكسونا  40مل"
1963,1,"Rexona MotionSense Deodorant Stick - 40ml"
1963,2,"مزيل عرق ستيك موشن سينس من ريكسونا  40مل"
1964,1,"Mam Deodorant Abeer Al Musk 75ml"
1964,2,"مزيل عرق عبير المسك من مام 75مل"
1965,1,"Mam deodorant ocean fresh for men 75ml"
1965,2,"مزيل عرق  انتعاش المحيط  للرجال من مام 75مل"
1966,1,"MUM Ocean Fresh Deodorant for Men - 75ml"
1966,2,"مزيل عرق  انتعاش المحيط  للرجال من مام 75مل"
1967,1,"NIVEA Natural Fairness Deodorant for Women - 40ml"
1967,2,"مزيل عرق  نيتشرل فيرنيس للسيدات من  نيفيا- 40مل"
1968,1,"Nivea Dry Comfort Deodorant Stick - 40ml"
1968,2,"مزيل عرق دراي كومفورت من نيفيا - 40مل"
1969,1,"Protect & Care Deodorant 40ml"
1969,2,"مزيل عرق بروتيكت اند كير 40مل"
1970,1,"Glysolid Glycerin Cream - 100 ml"
1970,2,"كريم جليسرين من جليسولد  100 مل"
1971,1,"Yoko Milk Hand Cream - 50 ml"
1971,2,"كريم الحليب لليدين من يوكو  50 مل"
1972,1,"Nivea Soft Moisturizing and Refreshing Cream - 75ml"
1972,2,"كريم سوفت للترطيب والانتعاش من نيفيا 75 مل"
1973,1,"Gillette Simply Venus 3-Blade Razor 1 + 4 Count"
1973,2,"جليت سيمبلي فينوس مكينة ثلاثة شفرات1 + 4 حبة"
1974,1,"Gillette Simply Venus Razor Blades, 3 Pieces"
1974,2,"شفرات حلاقة سمبلي فينوسمن جيليت 3قطع"
1975,1,"Gillette Venus Razor with 9 Replacement Blades"
1975,2,"شفرة حلاقة فينوس مع 9 شفرات بديلة من جيليت"
1976,1,"Sensodyne Extra Fresh Toothpaste - 75ml"
1976,2,"معجون إنتعاش زائد من سنسوداين - 75مل"
1977,1,"Sensodyne Rapid Action Toothpaste - 75 ml"
1977,2,"معجون اسنان  مفعول سريع من سنسوداين - 75مل"
1978,1,"Sensodyne Multi Care Herbal Toothpaste 100ml"
1978,2,"معجون اسنان عناية متعددة بالأعشاب من سنسوداين 100 مل"
1979,1,"Sensodyne Fresh Mint Toothpaste 75ml"
1979,2,"معجون اسنان النعناع المنعش من سنسوداين75مل"
1980,1,"Colgate Mint Toothpaste 100ml"
1980,2,"معجون اسنان بنكهة النعناع من كولوجيت 100مل"
1981,1,"Colgate Total 12 Toothpaste 75ml"
1981,2,"معجون اسنان توتال 12 من كولوجيت 75مل"
1982,1,"Colgate Mint Gel Toothpaste 125ml"
1982,2,"معجون اسنان جل بالنعناع من كولوجيت 125مل"
1983,1,"Colgate Max White Toothpaste 100ml"
1983,2,"معجون اسنان ماكس وايت من كولوجيت 100مل"
1984,1,"Colgate Lemon Toothpaste 75ml"
1984,2,"معجون اسنان باليمون من كولوجيت 75مل"
1985,1,"Colgate Advanced White Toothpaste 100ml"
1985,2,"معجون اسنان ادفانس وايت من كولوجيت 100مل"
1986,1,"L'Oréal Paris Pure Clay Blue Mask - 50ml"
1986,2,"قناع الطين النقي الازرق  من لوريال باريس - 50 مل"
1987,1,"L'Oréal Paris Pure Clay Red Mask - 50ml"
1987,2,"قناع الطين النقي الاحمر من لوريال باريس - 50 مل"
1988,1,"L'Oréal Paris Smooth Sugars Scrub - 50ml"
1988,2,"مقشر ناعم بالسكر من لوريال باريس - 50 مل"
1989,1,"L'Oréal Paris Elnett Hair Styling Cream 200ml"
1989,2,"كريم مثبت شعر ايلينت من لوريال باريس 200مل"
1990,1,"J. Casanova Hair Shine and Nourishing Spray 200ml"
1990,2,"بخاخ ملمع ومغذي شعر منمن جيه كزانوفا 200 مل"
1991,1,"Wella New Wave Hair Styling Spray No. 5 - 250ml"
1991,2,"بخاخ  نيو ويف لتصفيف الشعر  رقم 5 من ويلا 250مل"
1992,1,"Wella Hair Volumizing Mousse - 200 ml"
1992,2,"رغوة تكثيف الشعرمن ويلا  200 مل"
1993,1,"Wella Styling Mousse for Wavy Hair - 200 ml"
1993,2,"رغوة لتصفيف شعر مموج من ويلا  200 مل"
1994,1,"Princess Chamsey Hair Styling Spray - 300 ml"
1994,2,"بخاخ مثبت الشعر من برنسيس تشمسي  300 مل"
1995,1,"Princess Shamsi Setting and Shine Spray - 300ml"
1995,2,"بخاخ الاميره مثبت وملمع  من برينسيس شمسي 300مل"
1996,1,"Princess Shamsie Fix and Shine Spray 90 ml"
1996,2,"بخاخ الاميره مثبت وملمع  من برينسيس شمسي 90مل"
1997,1,"RDL Babyface Solution No. 3 Anti-Acne and Depigmenting - 60ml"
1997,2,"محلول بيبي فيس رقم 3 مضاد لحب الشباب والبقع من ار دي ال 60مل"
1998,1,"SkinWhite Skin Care Soap, 135g"
1998,2,"صابون العناية بالبشرة سكينوايت، 135جم"
1999,1,"SkinWhite Whitening Bath Soap, 135g"
1999,2,"صابون الاستحمام المبيض سكينوايت، 135جم"
2000,1,"Korean Soap 100g"
2000,2,"صابون كوري 100جم"
2001,1,"Cute Aker Fassi Soap 100g"
2001,2,"صابون العكر الفاسي كيوت 100جم"
2002,1,"Cute Goat Milk Soap 100g"
2002,2,"صابون حليب الماعز كيوت 100جم"
2003,1,"Cute Blue Nila Soap 100g"
2003,2,"صابون النيلة الزرقاء كيوت  100جم"
2004,1,"Cute Rose Soap 100g"
2004,2,"صابون الورد كيوت 100جم"
2005,1,"African Black Soap 142g"
2005,2,"صابون افريقي اسود 142جم"
2006,1,"Papaya Face Soap 3-in-1 New Look - 135g"
2006,2,"صابون الببايا للوجه  3قي 1  الشكل الجديد 135جم"
2007,1,"5-in-1 Papaya Face Soap - 135g"
2007,2,"صابون الببايا للوجه 5قي 1  135جم"
2008,1,"Rose Soap 130g"
2008,2,"صابون روز 130جم"
2009,1,"Glupa Whitening Soap for Face and Body - 135g"
2009,2,"صابون مبيض للوجه والجسم من جلوبا 135جم"
2010,1,"Glupa skin whitening soap 135gm"
2010,2,"صابون مبيض للبشرة من جلوبا 135جم"
2011,1,"Neutrogena Facial Cleansing Transparent Bar 100g"
2011,2,"صابون شفاف للوجه من نيتروجينا 100جم"
2012,1,"Pears Soap for Brighter and Oil-Free Skin - 125g"
2012,2,"صابون بيرز لبشرة اكثر أشراقا وخاليه من الدهون 125جم"
2013,1,"Pears Soft & Fresh Soap Bar - 125g"
2013,2,"صابون بيرز ناعم ومنعش  125جم"
2014,1,"Pears Pure and Gentle Soap 75g"
2014,2,"صابون بيرز نقي ولطيف 75جم"
2015,1,"Cute Charcoal Soap 100g"
2015,2,"صابون الفحم كيوت 100جم"
2016,1,"Cute Myrrh Soap 100ml"
2016,2,"صابون المر كيوت 100مل"
2017,1,"Cute Vitamin C Soap 100ml"
2017,2,"صابون فيتامين سي كيوت 100مل"
2018,1,"Original Peacock Soap 125g"
2018,2,"صابون الطاووس الاصلي 125 جم"
2019,1,"Cute Mastic Soap 100g"
2019,2,"صابون مستكة كيوت 100جم"
2020,1,"Cute Aloe Vera Soap 100g"
2020,2,"صابون الصبار كيوت 100جم"
2021,1,"Lux Hibiscus Romance Perfumed Body Wash 700ml"
2021,2,"غسول جسم عطري رومانسية الكركديه من لوكس 700مل"
2022,1,"La Roche-Posay Anthelios Sunscreen 50 ml"
2022,2,"واقي شمس سائل للبشرة الحساسة انثيليوس  من لاروش بوزي 50 مل"
2023,1,"QV Cream for Irritated and Dry Skin Conditions - 100g"
2023,2,"كريم للحالات المتهيجة للبشرة الجافه من كيوفي 100جم"
2024,1,"Cantu Shea Butter Hair Dressing Pomade 113g"
2024,2,"كريم مصفف وملمع الشعر بربدة الشيا من كانتو 113جم"
2025,1,"Avène Cleansing Gel for Skin - 100 ml"
2025,2,"جل منظف للبشرة من افين 100 مل"
2026,1,"Cofix Medical Skin Jelly 100ml"
2026,2,"جلي البشرة الطبي من كوفيكس 100مل"
2027,1,"Cantu Care for Kids Styling Custard 227g"
2027,2,"كريم كير فور كيدز مصفف شعر الاطفال من كانتو 227جم"
2028,1,"QV Baby Fragrance-Free Shampoo 200g"
2028,2,"شامبو للاطفال بدون رائحة من كيوفي 200جم"
2029,1,"Pure castor oil from Wadi Alnahil 60ml"
2029,2,"زيت الخروع النقي من وادي النحل 60مل"
2030,1,"Canto Hair Smoothing Gel with Castor Oil Extract - 113g"
2030,2,"جل تنعيم الشعر بخلاصة زيت الخروع من كانتو 113جم"
2031,1,"Cantu Shea Butter Grow Strong Strengthening Treatment 173g"
2031,2,"كريم معالج لنمو وتقوية الشعر بربدة الشيا من كانتو 173جم"
2032,1,"Cantu Flaxseed Smoothing Hair Cream Gel 453gm"
2032,2,"جل كريم لتنعيم الشعر ببذور الكتان من كانتو 453جم"
2033,1,"QV Face Cleansing Wipes for Face, Eyes, and Lips - 25 Wipes"
2033,2,"مناديل ازالة المكياج للوجه والعين والشفاه  من كيوفي 25 منديل"
2034,1,"Cantu moisturizing repair cream with avocado 340g"
2034,2,"كريم إصلاح مرطب بالافوكادو من كانتو 340جم"
2035,1,"Cantu Shea Butter Hair Polishing Cream 453 Gm"
2035,2,"كريم مصفف وملمع الشعر بربدة الشيا من كانتو 453جم"
2036,1,"Cantu Kids Shampoo 237ml"
2036,2,"شامبو لشعر الاطفال من كانتو 237مل"
2037,1,"Cantu Flaxseed, Olive, Almond, Avocado & Castor Hair Oil - 118ml"
2037,2,"زبت بذور الكتان والزيتون واللوز والافوكادو والخروع للشعر من كانتو 118مل"
2038,1,"Canto Natural Wave & Curl Mousse - Red Edition, 248ml"
2038,2,"موس تمويج وتجعيد طبيعي احمر للشعر من كانتو248مل"
2039,1,"Cantu Cocoa Butter Hydrating Body Cream, 240g"
2039,2,"كريم مرطب جسم  بزبدة الكاكاو من كانتو،  240جم"
2041,1,"Cantu Flaxseed Smoothing Conditioner 400ml"
2041,2,"بلسم  بذور الكتان من كانتو 400مل للتالف والمتقصف"
2042,1,"Cantu Raw Blend Moisturizing Cream with Pure Cocoa Butter for Hair and Body - 156g"
2042,2,"كريم مرطب مزيج خام للشعر والجسم  بزبدة الكاكاو النقية من كانتو -  156جم"
2043,1,"Lux Hibiscus Romance Perfumed Body Wash 500ml"
2043,2,"غسول جسم عطري رومانسية الكركديه من لوكس 500مل"
2045,1,"Nature Report Argan Hair Mask 200ml"
2045,2,"ماسك شعر بالأرغان من ناتشر ريبورت 200مل"
2046,1,"Bench Daily Scent Bubble Pop Cologne 125ml"
2046,2,"زجاجة كولونيا بابل بوب دايلي سينت من بنش 125مل"
2047,1,"Pinch Happy Hour Daily Scent Fragrance Mist - 125ml"
2047,2,"روائح معطرة هابي اور دايلي سينت من بنتش 125مل"
2048,1,"Pinch Eye Candy Scent Fragrance Mist - 125ml"
2048,2,"روائح معطرة اي كاندي سينت من بنتش 125مل"
2049,1,"Bench Spring Break Scented Mist 125ml"
2049,2,"روائح معطرة سبرنغ بريك سينت من بنتش 125مل"
2050,1,"Pinch Bubble Pop Fragrance Mist 125ml"
2050,2,"روائح معطرة فقاعة البوب من بنتش 125مل"
2051,1,"Bench Indian Summer Daily Scent Fragrance Mist 125ml"
2051,2,"روائح معطرة  انديان سمر ديلي سينت من بنتش 125مل"
2052,1,"Pinch Scent Lazy Afternoon Fragrance Mist - 125ml"
2052,2,"روائح معطرة ليزي لفترة ما بعد الظهيرة سينت من بنتش 125مل"
2053,1,"Pinch Sunday Morning Fragrance Mist 125ml"
2053,2,"روائح معطرة صباح الاحد من بنتش 125مل"
2054,1,"Lux Magical Musk Fragrant Body Wash - 700ml"
2054,2,"غسول جسم عطري المسك الساحر  من لوكس 700مل"
2055,1,"Protein Shampoo for Dry and Damaged Hair - 500ml"
2055,2,"شامبو بالبروتين للشعر الجاف والتالف 500مل"
2057,1,"Cofix Non-Greasy Chamomile Body Lotion - 400ml"
2057,2,"لوشن الجسم بخلاصة البابونج غير دهني من كوفيكس 400مل"
2058,1,"Cofix Gardenia Flower Non-Greasy Body Lotion - 400ml"
2058,2,"لوشن الجسم بزهرة الجاردينيا  غير دهني من كوفيكس 400مل"
2059,1,"Cofix Non-Greasy Shea Butter Body Lotion - 400ml"
2059,2,"لوشن الجسم بزبدة الشيا غير دهني  من كوفيكس 400مل"
2060,1,"Cofix Amber Body Wash - 400ml"
2060,2,"غسول الجسم بالعنبر من كوفيكس 400مل"
2061,1,"Cofix Body Wash with Flower Extract - 400ml"
2061,2,"غسول الجسم بخلاصة الزهور من كوفيكس 400مل"
2062,1,"Cofix Cranberry Extract Body Wash - 400ml"
2062,2,"غسول الجسم بخلاصة التوت البري من كوفيكس 400مل"
2063,1,"Cofix Antibacterial and Antifungal Intimate Wash for Women - 400ml"
2063,2,"غسول نسائي مضاد للجراثيم والفطريات للمناطق الحميمة من كوفيكس 400مل"
2064,1,"Cofix Daily Intimate Care Wash with Aloe Vera Extract - 215ml"
2064,2,"غسول العناية اليومية للمناطق الحميمة بخلاصة الصبار من كوفيكس 215مل"
2065,1,"CeraVe Moisturizing Lotion for Face and Body - 236ml"
2065,2,"لوشن ترطيب خالي من العطور الوجه والجسم من سيرافي 236مل"
2066,1,"CeraVe Foaming Facial Cleanser for Normal to Oily Skin - 236ml"
2066,2,"رغوة تنظيف البشرة العادية الى الدهنيه من سيرافي 236مل"
2067,1,"Vitamin C Body Lotion for Brightening and Hydration Post-Shower - 480ml"
2067,2,"لوشن الجسم فيتامين سي للتفتيح والترطيب بعد الاستحمام 480مل"
2068,1,"Teeth Cleaning Wipes - 12 Wipes"
2068,2,"مناديل تنظيف الاسنان  12منديل"
2069,1,"Neutrogena Hydro Boost Moisturizing Gel Cream for Dry Skin - 50ml"
2069,2,"كريم جل مرطب هيدرو بوست للبشرة الجافة من نيوتريجينا 50 مل"
2070,1,"Neutrogena Hydro Boost Moisturizing Gel Cream Normal and Combination Skin 50ml"
2070,2,"كريم جل مرطب هيدرو بوست للبشرة العادية والمختلطة من نيوتريجينا 50 مل"
2071,1,"La Roche-Posay Effaclar Gel Facial Wash for Oily Skin - 400ml"
2071,2,"غسول الوجه للبشرة الدهنية من لاروش بوزيه 400مل"
2072,1,"Jayjun Hibiscus Tea Eye Gel Patches - 60 Patches"
2072,2,"لصقات جل للعين بخلاصة شاي الكركديه من جيجون 60 لاصقة"
2073,1,"Jayjun Lavender & Tea Eye Gel Patches - 60 Patches"
2073,2,"لصقات جل للعين بالافندر والشاي من جيجون 60 لاصقة"
2074,1,"Jayjun Green Tea Eye Gel Patches - 60 Patches"
2074,2,"لصقات جل للعين بخلاصة الشاي الاخضر من جيجون 60 لاصقة"
2075,1,"Olay Natural White Face Wash - 100g"
2075,2,"غسول الوجه ناتشورال وايت من اولاي 100جم"
2076,1,"Dove Original Deodorant Roll-On - 50ml"
2076,2,"مزيل عرق اورجينال من دوف 50 مل"
2078,1,"Black Polka Dot Driving Gloves"
2078,2,"جوانتي قيادة اسود منقط"
2080,1,"QV Lip Balm for Very Dry Skin - 15g"
2080,2,"مرطب شفاه للبشرة شديدة الجفاف من كيوفي 15جم"
2081,1,"Lux Magical Orchid Body Wash - 700ml"
2081,2,"غسول جسم سحر زهرة الاوركيد من لوكس 700مل"
2082,1,"Lux Soft Rose Body Wash 700ml"
2082,2,"غسول جسم الورد الناعم من لوكس 700مل"
2083,1,"Lux Velvet Jasmine & Soft Rose Body Wash - 700ml"
2083,2,"غسول جسم الياسمين المخملي الورد الناعم من لوكس 700مل"
2084,1,"Johnson's Baby Oil Gel with Aloe Vera - 200ml"
2084,2,"جل زيت الاطفال بخلاصة الصبار من جونسون 200مل"
2085,1,"Johnson's Baby Oil Gel with Shea & Cocoa Butter - 200ml"
2085,2,"جل زيت الاطفال بزبدة الشيا والكاكو من جونسون 200مل"
2086,1,"Neutrogena Oil-Free Lemon Face Wash, 200ml"
2086,2,"غسول وجه للبشرة الدهنية بالليمون من نيوتروجينا، 200 مل"
2087,1,"Cofix Pine Scent Body Wash 500ml"
2087,2,"غسول جسم عطر الصنوبر كوفيكس 500 مل"
2088,1,"Cofix Lavender Scented Body Wash with Loofah - 500 ml"
2088,2,"غسول جسم عطر اللافندر مع ليفه من كوفيكس 500 مل"
2089,1,"Cofix Cool Sensation Body Wash with Loofah - 500 ml"
2089,2,"غسول جسم إحساس البروده مع ليفه من كوفيكس 500 مل"
2091,1,"NOW Rosemary Essential Oil - 30 ml"
2091,2,"زيت إكليل الجبل العطري ( الروزماري ) ناو 30 مل"
2092,1,"NOW Solutions 100% Pure Jojoba Oil - 118 ml"
2092,2,"زيت الجوجوبا نقي 100%  من ناو 118 مل"
2093,1,"Snow White Body Soap - 500g"
2093,2,"صابونية بياض الثلج  500جم"
2094,1,"Aker Fassi Soap Mix - 500g"
2094,2,"خلطة صابونية العكر الفاسي  500جم"
2095,1,"Moroccan Saharan Blue Nila Soap - 500g"
2095,2,"صابونية النيلة مغربية الصحراويه 500جم"
2096,1,"QV Gentle Facial Cleanser for Sensitive Skin - 250g"
2096,2,"غسول منظف ​​لطيف للوجه للبشرة الحساسة  من كيوفي- 250 جم"
2097,1,"QV Heel Balm - 50g"
2097,2,"كريم  للعناية بكعب القدم  من كيوفي 50 جم"
2098,1,"QV Wash for Dry or Sensitive Skin, 250 ml"
2098,2,"غسول للبشرة الجافة او الحساسة للغاية من كيوفي ، 250 مل"
2099,1,"QV Skin Moisturizing Lotion - 250g"
2099,2,"لوشن مرطب ومهدئ للبشرة من كيو في 250 جم"
2100,1,"QV Baby Skin Cleansing Bar - 250g"
2100,2,"لوح منظف للطفل بيبي سكين من كيو في - 250 مل"
2101,1,"Cetaphil Multi-Purpose Lotion for Face and Body - Normal to Dry and Sensitive Skin - 236ml"
2101,2,"لوشن متعدد الاغراض للوجه والجسم  البشرة العادية الى الجافة و الحساسة من سيتافيل 236مل"
2102,1,"CeraVe Foaming Facial Cleanser for Normal to Oily Skin - 473ml"
2102,2,"رغوة تنظيف البشرة العادية والدهنية  من سيرافي 473مل"
2103,1,"Cofix Ice Cold Care Moisturizing and Refreshing Cream - 275 ml"
2103,2,"كريم ايس كولد كير للترطيب والانتعاش لليد والجسم من كوفيكس  275 مل"
2104,1,"Cofix Hand and Body Cream - 275ml"
2104,2,"كريم  لليدين و الجسم  من كوفيكس275مل"
2105,1,"Olay Natural White All-in-One Fairness Night Cream with Mulberry Extract 50g"
2105,2,"كريم ليلي لتفتيح البشرة المتكامل مع خلاصة التوت البري من اولاي 50 جم"
2107,1,"L'Oréal Pure Clay Exfoliating Cleanser - 150ml"
2107,2,"غسول مقشر بالطين النقي من لوريال - 150مل"
2108,1,"Fair & Lovely Japanese Green Tea Face Wash 150g"
2108,2,"غسول الوجه بالشاي الأخضر الياباني  فير آند لفلي 150جم"
2109,1,"Beesline Facial Sunscreen SPF 50+ - 60ml"
2109,2,"واقي شمسي للوجه بعامل حماية من الشمس بدرجة 50+من بيزلين 60مل"
2110,1,"Lice and Nits Treatment - 50 ml"
2110,2,"علاج لمحاربة القمل وبيضه 50 مل"
2111,1,"Some By Mi Snail Truecica Miracle Repair Starter Kit (The Korean Miracle)"
2111,2,"مجموعة تروسيكا الحلزون  لإصلاح البشرة وتجديدها من سوم باي مي  (المعجزة الكوريه)"
2112,1,"Some By Mi Yuja Niacin Brightening and Hydrating Starter Kit (The Korean Miracle)"
2112,2,"مجموعة يوجا نياسين لتفتيح وترطيب البشره  سوم باي مي  (المعجزة الكوريه)"
2113,1,"Essence I Love Mascara, Black"
2113,2,"ماسكارا ايسينس اي لوف  ، لون اسود"
2115,1,"Lifebuoy Germ Protection Body Wash with Loofah - 300ml"
2115,2,"غسول جسم حماية من الجراثيم مع ليفه من لايفبوي 300مل"
2116,1,"Dr. Rashel Gold Atoms Magnetic Mask - 80g"
2116,2,"قناع المغناطيس بنترات الذهب من دكتور راشيل - 80 جرام"
2117,1,"Kovix Licorice Drops - 50ml"
2117,2,"قطرة عرق السوس من كوفكس - 50مل"
2118,1,"QV Baby Moisturizing Cream 50gm"
2118,2,"كريم مرطب للأطفال من كيوفي للوقاية من الطفح الجلدي للرضع 50 جم"
2119,1,"QV Flare Up Wash 150ml"
2119,2,"غسول فلير اب من كيوفي 150مل"
2120,1,"QV Baby Moisturising Cream for Dry and Sensitive Skin - 100g"
2120,2,"كريم مرطب للاطفال من كيوفي للجلد الجاف والحساس 100جم"
2121,1,"QV Baby Moisturising Lotion - 250ml"
2121,2,"لوشن ترطيب بشرة الطفل من كيوفي - 250 مل"
2122,1,"QV Baby Gentle Wash for Sensitive Skin - 250g"
2122,2,"غسول اطفال لطيف  للبشرة الحساسة من كيوفي - 250 جم"
2123,1,"QV Tear Free Shampoo and Conditioner 2 in 1 200gm"
2123,2,"شامبو وبلسم 2 في 1 بلا دموع من كيوفي 200جرام"
2124,1,"Lakme Teknia White Silver Shampoo for Blonde and Grey Hair - 300ml"
2124,2,"شامبو وايت سيلفر معزز  للون الشعر المصبوغ بالرمادي او الاشقر من لاكمي 300مل"
2125,1,"Lakme Color Developer OXY Cream (8.4%) 28 Vol - 1000 ml"
2125,2,"اوكسجين كريم   (8.4 %) 28 v  من لاكمي 1000 مل"
2126,1,"Lakme Color Developer Cream (8.4%) 28 Vol - 120 ml"
2126,2,"اوكسجين كريم   (8.4 %) 28 v  من لاكمي 120 مل"
2127,1,"Lakme Color Developer OXY Cream (5.4%) 18V - 120ml"
2127,2,"اوكسجين كريم   (5.4 %) 18 v  من لاكمي 120 مل"
2128,1,"Lakmé Teknia White Silver Hair Mask for Grey and Ash Tones, 250 ml"
2128,2,"قناع الشعر تيكينيا وايت سيلفر معزز للون الرمادي والزيتي من لاكمي، 250 مل"
2129,1,"Lakme Bio-Argan Shampoo 300ml"
2129,2,"شامبو بيو ارجان من لاكمي300مل"
2131,1,"Garnier Men Shampoo Color (Natural Black)"
2131,2,"شامبو وصبغة (اسود طبيعي)للرجال من غارنييه"
2132,1,"Intense Olive Hair Dye 7.8 with Collagen"
2132,2,"صبغة شعر  زيتوني كثيف 7.8 بالكولاجين"
2133,1,"Maroon Hair Dye 4.5 with Collagen"
2133,2,"صبغة شعر  ماروني 4.5 بالكولاجين"
2134,1,"Dark Ash Blonde Hair Dye 6.01 with Collagen"
2134,2,"صبغة شعر  اشقر رمادي غامق 6.01 بالكولاجين"
2135,1,"Dark Chestnut Hair Dye 6.23 with Collagen"
2135,2,"صبغة شعر كستنائي غامق 6.23 بالكولاجين"
2136,1,"Ocean Blue Hair Dye 6.90 with Collagen"
2136,2,"صبغة شعرازرق قاع المحيط 6,90 بالكولاجين"
2137,1,"Hair dye light ash blonde 8.01 with collagen"
2137,2,"صبغة شعراشقر رمادي فاتح 8.01 بالكولاجين"
2138,1,"Emerald Green Hair Dye 8.13 with Collagen"
2138,2,"صبغة شعراخضر زمردي 8.13 بالكولاجين"
2139,1,"Sea Grey Hair Dye 8.02 with Collagen"
2139,2,"صبغة شعر رمادي بحري 8.02 بالكولاجين"
2140,1,"Light chestnut hair dye with collagen"
2140,2,"صبغة شعر كستنائي فاتح8.23 بالكولاجين"
2141,1,"11.11 Icy Olive Blonde Hair Dye with Collagen"
2141,2,"صبغة اشقر زيتوني ثلجي 11.11 بالكولاجين"
2142,1,"Platinum Beige Hair Dye 12.11 with Collagen"
2142,2,"صبغة شعر بيج بلاتيني 12.11 بالكولاجين"
2143,1,"Hair color removal system (lightening) Nitro Canada Pro Collagen"
2143,2,"نظام سحب لون الشعر(تفتيح) نيترو كندا بروكولاجين"
2144,1,"Laser White Natural Black Hair Dye Shampoo with Argan Oil | 420ml"
2144,2,"شامبو صبغة شعر أسود طبيعي بزيت الارڤان من ليزر وايت l 420مل"
2145,1,"Dye shampoo with argan oil (dark brown) 420 ml"
2145,2,"شامبو صبغة بزيت الأرجان ( بني غامق) من ليزر وايت 420مل"
2146,1,"VIP tint shampoo with pearl extract &quot;Black 420 ml"
2146,2,"شامبو صبغة في آي بي بمستخلص اللؤلؤ &quot; اسود 420مل"
2147,1,"JB 3-in-1 Argan Oil Hair Dye Shampoo (Dark Brown) - 400ml"
2147,2,"شامبو صبغة شعر بزيت الارجان 3 في 1 من جيه بي (بني غامق). 400مل"
2148,1,"JP 3-in-1 Argan Oil Hair Dye Shampoo (Black) - 400ml"
2148,2,"شامبو صبغة شعر بزيت الارجان 3 في 1 من جيه بي (اسود). 400مل"
2149,1,"L'Oreal Paris Prodigy Hair Color - 8.0 Light Blonde"
2149,2,"صبغة شعر بروديجي  لون اشقر فاتح8.0، من لوريال باريس"
2150,1,"L'Oréal Paris Prodigy Hair Color - Brown (4.0)"
2150,2,"صبغة شعر بروديجي  لون بني (4.0) من لوريال باريس"
2151,1,"L'Oréal Paris Prodigy Hair Color - Dark Brown (3.0)"
2151,2,"صبغة شعر بروديجي  لون بني غامق( 3.0)، من لوريال باريس"
2152,1,"L'Oréal Paris Prodigy Hair Color - 4.60 Antique Red Brown"
2152,2,"صبغة شعر بروديجي  لون بني احمر عتيق( 4.60)، من لوريال باريس"
2153,1,"L'Oréal Paris Prodigy Hair Color - 5.35 Chocolate (Light Golden Mahogany Brown)"
2153,2,"صبغة شعر بروديجي  لون بني فاتح ذهبي ارجواني ( 5.35)، من لوريال باريس"
2154,1,"Lakme Collage Mix Permanent Hair Color - 9/00 Very Light Blonde, 60ml"
2154,2,"صبغة كولاجميكس اشقر فاتح 9/00 من لاكمي  60 مل"
2155,1,"Lakme Collage Mix Violet Ash Platinum Blonde Hair Dye 10/21 - 60 ml"
2155,2,"صبغة كولاجميكس بنفسجي رمادي اشقر بلاتيني 10/21 من لاكمي  60 مل"
2156,1,"Lakmé Collage Mix Light Ash Brown Hair Dye 5/17 - 60 ml"
2156,2,"صبغة كولاجميكس  بني فاتح رمادي  5/17 من لاكمي  60 مل"
2157,1,"Lakme Collage Mix Metallic Ash Blonde Hair Dye 12/72 - 60 ml"
2157,2,"صبغة كولاجميكس اشقر معدني رمادي 12/72 من لاكمي  60 مل"
2158,1,"Lakme Collage Mix Hair Color - Blonde - 60 ml"
2158,2,"صبغة كولاجميكس لصبغ الشعر  الاشقر  من لاكمي  60 مل"
2159,1,"Lakme Collage Mix Shiny Blonde Hair Dye 12/00 - 60 ml"
2159,2,"صبغة كولاجميكس اشقر لامع  12/00  من لاكمي  60 مل"
2160,1,"Lakme Collage Mix Medium Blonde Hair Dye 7/00 - 60 ml"
2160,2,"صبغة كولاجميكس اشقر متوسط 7/00  من لاكمي  60 مل"
2161,1,"Lakme Collage Mix Light Blonde Hair Dye 8/00 - 60 ml"
2161,2,"صبغة كولاجميكس اشقرفاتح 8/00  من لاكمي  60 مل"
2162,1,"Lakme Collage Mix Light Chestnut Copper Blonde Hair Dye 8/64 - 60 ml"
2162,2,"صبغة كولاجميكس اشقرفاتح كستنائي نحاسي 8/64  من لاكمي  60 مل"
2163,1,"Lakme Collage Mix Intense Light Blonde Hair Dye 88/00 - 60 ml"
2163,2,"صبغة كولاجميكس اشقرفاتح مكثف 88/00  من لاكمي  60 مل"
2164,1,"Lakme Collage Mix Dark Ash Blonde Hair Dye 6/17 - 60 ml"
2164,2,"صبغة كولاجميكس اشقرغامق رمادي 6/17  من لاكمي  60 مل"
2165,1,"Lakme Collage Mix Intense Dark Blonde Hair Dye 66/00 - 60 ml"
2165,2,"صبغة كولاجميكس اشقرغامق مكثف 66/00  من لاكمي  60 مل"
2166,1,"Guerlain Mad Eyes Mascara (02 Mad Brown)"
2166,2,"ماسكارا ماد آيز( 02 بني )من جيرلان"
2167,1,"Guerlain Mad Eyes Mascara - 03 Blue"
2167,2,"ماسكارا ماد آيز( 03 ازرق )من جيرلان"
2168,1,"Guerlain Mad Eyes Mascara (01 Mad Black)"
2168,2,"ماسكارا ماد آيز( 01 اسود )من جيرلان"
2169,1,"Dual Creamy Eyeshadow Stick (Plum Red, Plum Copper)"
2169,2,"قلم ظلال عيون كريمي ثنائي (احمر برقوقي، نحاسي  برقوقي)"
2170,1,"Dual Creamy Eyeshadow Stick (Warm Brown - Golden Brown)"
2170,2,"قلم ظلال عيون كريمي ثنائي (بني دافئ - بني ذهبي)"
2171,1,"Dual Creamy Eyeshadow Stick (Grey Green - Pearl Green)"
2171,2,"قلم ظلال عيون كريمي ثنائي (اخضر رمادي - اخضر لؤلؤي)"
2172,1,"Dual Creamy Eyeshadow Stick (Night Grey - Icy Grey)"
2172,2,"قلم ظلال عيون كريمي ثنائي (رمادي ليلي - رمادي ثلجي)"
2173,1,"Guerlain Foundation - Shade 55"
2173,2,"كريم اساس  درجة اللون 55 من جيرلان"
2174,1,"Foundation shade 45 from Guerlain"
2174,2,"كريم اساس  درجة اللون 45 من جيرلان"
2175,1,"Foundation shade 35 from Guerlain"
2175,2,"كريم اساس  درجة اللون 35 من جيرلان"
2176,1,"Guerlain Foundation - Shade 6"
2176,2,"كريم اساس  درجة اللون 6 من جيرلان"
2177,1,"Foundation shade 2 from Guerlain"
2177,2,"كريم اساس  درجة اللون 2 من جيرلان"
2178,1,"Guerlain Foundation - Shade 3"
2178,2,"كريم اساس  درجة اللون 3 من جيرلان"
2179,1,"Foundation shade 4 from Guerlain"
2179,2,"كريم اساس  درجة اللون4 من جيرلان"
2180,1,"Foundation shade 5 from Guerlain"
2180,2,"كريم اساس  درجة اللون 5 من جيرلان"
2181,1,"Guerlain Foundation - Shade 1"
2181,2,"كريم اساس  درجة اللون1 من جيرلان"
2182,1,"Golden Foundation No. (3) from Guerlain"
2182,2,"كريم اساس ذهبي رقم (3) من جيرلان"
2183,1,"Golden Foundation No. (4) from Guerlain"
2183,2,"كريم اساس ذهبي رقم (4) من جيرلان"
2184,1,"Golden Foundation No. (5) from Guerlain"
2184,2,"كريم اساس ذهبي رقم (5) من جيرلان"
2185,1,"Golden Foundation No. (23) from Guerlain"
2185,2,"كريم اساس ذهبي رقم (23) من جيرلان"
2186,1,"Guerlain Parure Gold Foundation - Shade No. 24"
2186,2,"كريم اساس ذهبي رقم (24) من جيرلان"
2187,1,"Illuminating and regenerating lip concealer (1.5) from Guerlain"
2187,2,"كونسيلر مضيء ومجدد الشفاه(1.5) من جيرلان"
2188,1,"Illuminating and rejuvenating concealer (02) from Guerlain"
2188,2,"كونسيلر مضيء ومجدد الشفاه(02) من جيرلان"
2189,1,"Eyeliner pencil with sharpener No. (01) from Guerlain"
2189,2,"قلم كحل تحديد العيون كاتي  مع براية  رقم (01)من جيرلان"
2190,1,"Brown eyeliner pencil with sharpener No. (02) from Guerlain"
2190,2,"قلم كحل تحديد العيون بني  مع براية  رقم (02)من جيرلان"
2191,1,"Khaki eyeliner pencil with sharpener No. (05) from Guerlain"
2191,2,"قلم كحل تحديد العيون كاكي مع براية  رقم (05)من جيرلان"
2192,1,"Guerlain Deep Purple Eyeliner Pencil with Sharpener No. (03)."
2192,2,"قلم كحل تحديد العيون ديب بيربل مع براية  رقم (03)من جيرلان"
2193,1,"Black eyeliner pencil with sharpener No. (01) from Guerlain"
2193,2,"قلم كحل تحديد العيون اسود مع براية  رقم (01)من جيرلان"
2194,1,"Illuminating and rejuvenating concealer (01) from Guerlain"
2194,2,"كونسيلر مضيء ومجدد الشفاه(01) من جيرلان"
2195,1,"Guerlain Illuminating and Lip Replenishing Concealer (00)"
2195,2,"كونسيلر مضيء ومجدد الشفاه(0 0) من جيرلان"
2196,1,"Make Up For Ever Step 1 Primer (3) - 30ml"
2196,2,"برايمر ستيب ون من ميك اب فور ايفر(3) - 30مل"
2197,1,"MAKE UP FOR EVER Step 1 Primer (10) - 30ml"
2197,2,"برايمر ستيب ون من ميك اب فور ايفر(10) - 30مل"
2198,1,"Make Up For Ever Step 1 Primer (8) - 30ml"
2198,2,"برايمر ستيب ون من ميك اب فور ايفر(8) - 30مل"
2199,1,"Make Up For Ever Step One Primer (4) - 30 ml"
2199,2,"برايمر ستيب ون من ميك اب فور ايفر(4) - 30مل"
2200,1,"Make Up For Ever (9) Step One Primer - 30 ml"
2200,2,"برايمر ستيب ون من ميك اب فور ايفر(9) - 30مل"
2201,1,"Make Up For Beige Smooth Foundation (Y436) 30ml"
2201,2,"كريم أساس ميك أب فور بيج ناعم (Y436)30مل"
2202,1,"Make Up For Ever Foundation - Golden Sand (Y375) 30ml"
2202,2,"كريم أساس ميك أب فور ايفر جولدن ساند (Y375)30مل"
2203,1,"Make Up For Ever Foundation - Golden Honey (Y405) 30ml"
2203,2,"كريم أساس ميك أب فور ايفر عسلي ذهبي (Y405)30مل"
2204,1,"Make Up For Ever Desert Foundation (Y365) 30ml"
2204,2,"كريم أساس ميك أب فور ايفر ديزيرت (Y365)30مل"
2205,1,"MAKE UP FOR EVER Foundation - Cinnamon (Y412) 30ml"
2205,2,"كريم أساس ميك أب فور ايفر لون القرفه (Y412)30مل"
2206,1,"MAKE UP FOR EVER Foundation Dark Golden (Y383) 30ml"
2206,2,"كريم أساس ميك أب فور ايفر ذهبي غامق (Y383)30مل"
2207,1,"MAKE UP FOR EVER Foundation Golden Sand (Y373) 30ml"
2207,2,"كريم أساس ميك أب فور ايفر ذهبي ساند (Y373)30مل"
2208,1,"Make Up For Ever Ultra HD Foundation - Almond (Y422) 30ml"
2208,2,"كريم أساس ميك أب فور ايفر اللوز (Y422)30مل"
2209,1,"MAKE UP FOR EVER Ultra HD Foundation - Dark Cognac (Y513) 30ml"
2209,2,"كريم أساس ميك أب فور ايفر كونياك غامق (Y513)30مل"
2210,1,"MAKE UP FOR EVER Foundation - Coffee Bean (Y522) 30ml"
2210,2,"كريم أساس ميك أب فور ايفر حبوب القهوه (Y522)30مل"
2211,1,"Make Up For Ever Foundation Brown (Y532) 30ml"
2211,2,"كريم أساس ميك أب فور ايفر بني (Y532)30مل"
2212,1,"Make Up For Ever Foundation Dark Brown (Y545) 30ml"
2212,2,"كريم أساس ميك أب فور ايفر بني داكن (Y545)30مل"
2213,1,"NYX Professional Makeup Sweet Blush"
2213,2,"بالته احمر خدود بروفيشنال ميك اب سويت من نيكس"
2214,1,"NYX Multi-Color Dark Contour - 2.2g"
2214,2,"كونتور متعددة الالوان داكن  من نكس  2.2غرام"
2215,1,"NYX Multi-Color Contour Palette - Light, 2.2g"
2215,2,"كونتور متعددة الالوان فاتح من نكس  2.2غرام"
2216,1,"NYX Highlight & Contour Pro Palette"
2216,2,"مجموعة تحديد الوجه هايلايت وكونتور برو - من نيكس"
2217,1,"NYX Tinted Primer P01 Clear Light - 25ml"
2217,2,"برايمر ملون  p01 كلير خفيف  من نيكس 25مل"
2218,1,"NYX Tinted Primer P02 Medium Beige - 25ml"
2218,2,"برايمر ملون p02 بيج متوسط  من نيكس 25مل"
2219,1,"NYX HD Studio Foundation - Sand Beige 30ml"
2219,2,"كريم أساس اتش دي ستوديو بيج رملي من نيكس 30مل"
2220,1,"NYX Stay Matte Liquid Foundation 35ml"
2220,2,"كريم أساس سائل ستاي مات من نيكس 35مل"
2221,1,"Nyx Stay Matte Liquid Foundation Alabaster 35ml"
2221,2,"كريم أساس سائل ستاي مات المرمر من نيكس 35مل"
2222,1,"Guerlain Lipstick (N 677 - Pink) 3.5g"
2222,2,"روج احمر شفاه(N 677 - وردي) من جيرلان  3.5جم"
2223,1,"Guerlain Lipstick (N 688 - Rose Color) 3.5g"
2223,2,"روج احمر شفاه(N 688 -لون الزهر) من جيرلان  3.5جم"
2224,1,"Guerlain Lipstick (N 588 - Rose Pink) 3.5g"
2224,2,"روج احمر شفاه(N 588 -لون الزهر) من جيرلان  3.5جم"
2226,1,"Guerlain Lipstick (N 00 - Beige) 3.5g"
2226,2,"روج احمر شفاه(N 00 -لون بيج) من جيرلان  3.5جم"
2228,1,"Guerlain Lipstick (N 007 - Light Beige) 3.5g"
2228,2,"روج احمر شفاه(N 007 -لون بيج فاتح ) من جيرلان  3.5جم"
2232,1,"Guerlain KissKiss Liquid Lipstick (L323 Wow Glitter) - 5.8ml"
2232,2,"أحمر شفاه سائلkiss kiss (L323- واو جيتر) من جيرلان  - 5.8 مل"
2233,1,"Guerlain KissKiss Liquid Lipstick (L302 - Nude Shine) - 5.8 ml"
2233,2,"أحمر شفاه سائلkiss kiss (L302- نود شاين) من جيرلان  - 5.8 مل"
2234,1,"Guerlain KissKiss Liquid Lipstick (L361- Lovely Shine) - 5.8 ml"
2234,2,"أحمر شفاه سائلkiss kiss (L361- لفلي شاين) من جيرلان  - 5.8 مل"
2235,1,"Guerlain KissKiss Liquid Lipstick (L362 Glam Shine) - 5.8 ml"
2235,2,"أحمر شفاه سائلkiss kiss (L362- جلام شاين) من جيرلان  - 5.8 مل"
2236,1,"Guerlain kiss kiss liquid lipstick (L363- Lady shine) - 5.8 ml"
2236,2,"أحمر شفاه سائلkiss kiss (L363- ليدي شاين) من جيرلان  - 5.8 مل"
2237,1,"Guerlain KissKiss Liquid Lipstick (L364 Miss Glitter) - 5.8 ml"
2237,2,"أحمر شفاه سائلkiss kiss (L364- ميس جيتور) من جيرلان  - 5.8 مل"
2238,1,"Guerlain kiss kiss liquid lipstick (L365- Sensual Gator) - 5.8 ml"
2238,2,"أحمر شفاه سائلkiss kiss (L365- سنسولا جيتور) من جيرلان  - 5.8 مل"
2239,1,"Guerlain KissKiss Liquid Lipstick (L304 Romantic Gitter) - 5.8 ml"
2239,2,"أحمر شفاه سائلkiss kiss (L304- رومانتك جيتور) من جيرلان  - 5.8 مل"
2240,1,"Guerlain KissKiss Liquid Lipstick (L360 - Naked Glitter) - 5.8 ml"
2240,2,"أحمر شفاه سائلkiss kiss (L360- ناكد جيتور) من جيرلان  - 5.8 مل"
2241,1,"Guerlain KissKiss Liquid Lipstick (L303 - Duo Kit) - 5.8ml"
2241,2,"أحمر شفاه سائلkiss kiss (L303- ديو كيت) من جيرلان  - 5.8 مل"
2242,1,"Guerlain KISS KISS Lipstick (R330-Midnight Powder) 2.8g"
2242,2,"أحمر شفاه KISS KISS  (R330-مسحوق منتصف الليل) من جيرلان 2.8 جم"
2243,1,"Guerlain KISS KISS Lipstick (R258 - Glowing Kiss) 2.8g"
2243,2,"أحمر شفاه KISS KISS  (R258--قبلة متوهجه) من جيرلان 2.8 جم"
2244,1,"Guerlain KISS KISS Lipstick (R999 - Eternal Red) 2.8g"
2244,2,"أحمر شفاه KISS KISS  (R999--احمر خالد) من جيرلان 2.8 جم"
2245,1,"Guerlain KISS KISS Lipstick (R819--Corolla Rouge) 2.8g"
2245,2,"أحمر شفاه KISS KISS  (R819--كورولا روج) من جيرلان 2.8 جم"
2246,1,"Guerlain KISS KISS Lipstick (R729--Daisy Red) 2.8g"
2246,2,"أحمر شفاه KISS KISS  (R729--احمر ديزي) من جيرلان 2.8 جم"
2247,1,"Guerlain KISS KISS Lipstick (R809 - Zahra) 2.8g"
2247,2,"أحمر شفاه KISS KISS  (R809--زهره) من جيرلان 2.8 جم"
2248,1,"Guerlain KISS KISS Lipstick (R375 - Backflow) 2.8g"
2248,2,"أحمر شفاه KISS KISS  (R375--تدفق الظهر) من جيرلان 2.8 جم"
2249,1,"Guerlain KISS KISS Lipstick (R371 - Morning Rose) 2.8g"
2249,2,"أحمر شفاه KISS KISS  (R371--ورد الصباح) من جيرلان 2.8 جم"
2250,1,"Amir's Original Black Henna Hair Color Powder"
2250,2,"مسحوق صبغة الشعر بالحنا  اسود -الاصلي- من أمير"
2251,1,"Amir's Henna Hair Color Powder - Brown (Original)"
2251,2,"مسحوق صبغة الشعر بالحنا  بني -الاصلي- من أمير"
2252,1,"Kuwait Shop Moroccan Indigo Soap Paste 450g"
2252,2,"صابونية النيلة المغربية  من كويت شوب 450جم"
2253,1,"Kuwait Shop Licorice Soap with Vitamin C - 500g"
2253,2,"صابونية عرق السوس بفيتامين سي  من كويت شوب 500جم"
2254,1,"Moroccan Nile soap from Kuwait shop 100 gm"
2254,2,"صابون النيلة المغربية من كويت شوب 100جم"
2255,1,"EcoTools Dry Body Brush for Exfoliation"
2255,2,"فرشاة جسم جافة للتقشير من ايكو تولز"
2256,1,"Pixi Collagen Tonic 250ml"
2256,2,"تونر كولاجين تونيك البني من بيكسي 250مل"
2257,1,"Pixie Collagen Tonic, 100 ml"
2257,2,"تونر مقشر جلو تونيك بحمض الجليكوليك بنسبة 5% شفاف 100مل"
2259,1,"Watermans Grow Me Shampoo - 250ml"
2259,2,"شامبو جرو مي من واترمانز - 250مل"
2260,1,"Cantu Shea Butter for Natural Hair Sulfate-Free Cleansing Cream Shampoo 400ml"
2260,2,"شامبو كريمي بخلاصة زبدة الشيا من كانتو 400مل"
2261,1,"Bioderma Moisturizing Hand Cream - Twin Pack"
2261,2,"كريم مرطب اليدين  من بيودرما عبوتين"
2262,1,"Little Baby Macaron Sweet Lip Balm - 10g"
2262,2,"مرطب الشفاه ماكارن سويت من ليتل بيبي 10جم"
2263,1,"Little Baby Blossom Eye Roller Moisturizer - 10g"
2263,2,"مرطب حول العين بلوسوم من ليتل بيبي 10جم"
2264,1,"Little Baby Topping Balm Plus with Vitamin C - 100g"
2264,2,"توبينق بالم بلس للتفتيح والتوريد فيتامين سي من ليتل بيبي – 30 جرام"
2265,1,"Pepper balm for face and body massage from Little Baby 100g"
2265,2,"بلسم الفلفل لتدليك الوجه والجسم من ليتل بيبي 100جم"
2266,1,"Little Baby Multifunctional Petroleum Jelly Moisturizer 100g"
2266,2,"مرطب البتروليوم متعدد الوظائف من ليتل بيبي 100جم"
2267,1,"Little Baby Lightening and Supplying Orange Balm 30g"
2267,2,"بلسم للتفتيح والتوريد بالبرتقال من ليتل بيبي 30 جرام"
2268,1,"Little Baby Under Arms Whitening Moisturizer 10ml"
2268,2,"مرطب تبييض تحت الذراعين من ليتل بيبي 10 مل"
2269,1,"Socks to exfoliate and soften the feet from M-Beauty"
2269,2,"جوارب لتقشير وتنعيم القدمين من ام بيوتي"
2270,1,"JB Organic Body Loofah"
2270,2,"ليفة جسم   جي بي ارجانك"
2271,1,"Fair and Lovely Multi Face Cream, 25gm"
2271,2,"كريم ملتي للوجه فير آند لفلي ، 25جم"
2272,1,"Jovan Musk perfume for women 59 ml"
2272,2,"عطر  جوفان مسك النسائي 59 مل"
2273,1,"The Good Duo Roller Skin Massage Set of 2 pieces from EcoTools"
2273,2,"ثنائي الجيد رولر مساج البشرة  مجموعة من قطعتين من ايكوتولز"
2275,1,"Foxian hair gel for men 500 gm"
2275,2,"جل شعر للرجال من فوكسين 500جم"
2276,1,"Foxian hair gel for men 1000 gm"
2276,2,"جل شعر للرجال من فوكسين 1000جم"
2277,1,"J. Casanova My Scent is Attractive Body Mist - 235ml"
2277,2,"معطر جسم رائحتي جذابة من جي.كازانوفا 235مل"
2278,1,"J. Casanova Bakhoor Romantic Body Splash - 235ml"
2278,2,"معطر جسم بخور رومنسي من جي.كازانوفا 235مل"
2279,1,"Cantu Divine Raw Shea Hair Mask Cream With Shea Butter Extract 340gm"
2279,2,"كريم ديفاين ماسك الشيا الخام الشعر بخلاصة زبدة الشيا من كانتو 340جم"
2280,1,"Nature's Answer Licorice Root Cream 60ml"
2280,2,"كريم جذر عرق السوس لتفتيح البشرة ومقاوم للشيخوخه  من ناتشرز انسر 60مل"
2281,1,"Rose Care Face Wash & Makeup Remover for All Skin Types - 150ml"
2281,2,"غسول روز كير للوجه ومزيل مكياج لجميع انواع البشرة 150مل"
2282,1,"Nivea daily scrub with organic rose extract 150ml"
2282,2,"قناع مقشر يومي بخلاصة الورد العضوي من نيفيا، 150 مل"
2283,1,"Nivea Sparkling Whitening Face Foam 100ml"
2283,2,"رغوة سباركلينج لتبييض الوجه من نيفيا 100مل"
2284,1,"O'Keeffe's Working Hand Hand Cream 76g"
2284,2,"كريم اليدين وركنج هاند من اوكيفس 76جم"
2285,1,"Magic socks for exfoliating feet from M-Beauty"
2285,2,"الجوارب السحرية لتقشير القدمين من ام بيوتي"
2286,1,"Covix Brightening Face Cream 90ml"
2286,2,"كريم برايت لتفتيح الوجه من كوفيكس 90مل"
2289,1,"Cofix African Black Soap Body Wash 400ml"
2289,2,"غسول الجسم بالصابون الافريقي من كوفيكس 400مل"
2290,1,"Cofix Aker Fassi Body Wash - 400ml"
2290,2,"غسول الجسم بالعكر الفاسي من كوفيكس 400مل"
2291,1,"Covix body wash with Moroccan indigo, 400 ml"
2291,2,"غسول الجسم بالنيلة المغربية من كوفيكس 400مل"
2292,1,"Covex Daily Intimate Wash with Aker Fassi, 215ml"
2292,2,"غسول العناية اليومية للمناطق الحميمة بالعكر الفاسي من كوفيكس 215مل"
2293,1,"Covix Daily Intimate Wash with Moroccan Indigo 215ml"
2293,2,"غسول العناية اليومية للمناطق الحميمة بالنيلة المغربية من كوفيكس 215مل"
2294,1,"Covix Daily Intimate Wash With Cranberry Extract 215ml"
2294,2,"غسول العناية اليومية للمناطق الحميمة بخلاصة التوت البري من كوفيكس 215مل"
2295,1,"Bioderma Autoderm Ultra-Moisturizing Lip Balm 2 + 1"
2295,2,"مرطب الشفاه  اوتوديرم  فائق الترطيب من بيودرما 2+1"
2296,1,"CeraVe Foaming Cleansing Gel - 88 ml"
2296,2,"جل تنظيف رغوي للبشرة العادية الى الدهنية من سيرافي - 88 مل"
2297,1,"Laser White Mask for Intimate Areas for Women, 50 ml"
2297,2,"قناع للمناطق الحساسة للنساء من ليزر وايت، 50 مل"
2298,1,"Moroccan cream for women, whitening and lightening, tightening and narrowing of sensitive areas, 75 ml"
2298,2,"كريم نسائي مغربي تبييض وتفتيح شد وتضييق للماطق الحساسة 75 مل"
2299,1,"Bioderma makeup remover with moisturizing stimulator 500ml"
2299,2,"مزيل مكياج مع محفز ترطيب للبشرة الحساسة من بيوديرما  500مل"
2300,1,"Bioderma makeup remover with moisturizing stimulator 250ml"
2300,2,"مزيل مكياج مع محفز ترطيب من بيوديرما  250 مل"
2301,1,"Bioderma makeup remover for oily skin 250 ml"
2301,2,"مزيل مكياج للبشرة الدهنية من بيوديرما  250 مل"
2302,1,"Garnier Micellan Water Makeup Remover - 400 ml"
2302,2,"مزيل مكياج للبشرة الدهنية ماء ميسلان من غارنييه - 400 مل"
2303,1,"Cofix Micellar Water Makeup Remover - 500ml"
2303,2,"مزيل مكياج  ماء ميسيلار من كوفيكس  - 500مل"
2304,1,"Glysolid Moisturizing Cream 250 ml"
2304,2,"كريم مرطب جليسوليد 250 مل"
2305,1,"Lightening cream for sensitive areas of the armpits and between the thighs 50 ml"
2305,2,"كريم تفتيح الماطق الحساسة للإبطين ومابين الفخذين 50 مل"
2306,1,"Skin System Hair Removal Wax Beans Purple - 400 gm"
2306,2,"حبيبات الشمع لإزالة الشعر من سكين سيستم بنفسجي- 400جم"
2307,1,"Skin System Hair Removal Wax Beans - Pink - 400 gm"
2307,2,"حبيبات الشمع لإزالة الشعر من سكين سيستم وردي- 400جم"
2308,1,"Cofix Body Oil Gel with Floral Scent for Kids and Adults - 200ml"
2308,2,"جل زيتي للجسم  مع رائحة الزهور يناسب الاطفال والكبار من كوفيكس 200مل"
2309,1,"Cofix Body Oil Gel with Shea and Cocoa Butter for Kids and Adults - 200ml"
2309,2,"جل زيتي للجسم  مع الشيا وزبدة الكاكو يناسب الاطفال والكبار من كوفيكس 200مل"
2310,1,"Bioderma Photoderm AR Anti-Redness Sunscreen Cream SPF50+ 30ml"
2310,2,"كريم واقي للشمس مضاد للاحمرار SPF50+ 30ml من بيودرما 30مل"
2311,1,"Beesline Natural Deodorant - 50% Off on the Second Piece"
2311,2,"مزيل عرق الطبيعي من بيزلين خصم 50% على العلبة الثانية"
2312,1,"Pure Jasmine Diamond Powder Scrub - 15 ml"
2312,2,"مقشر بودرة الألماس  جاسمينه من بيور  15 مل"
2313,1,"Beesline Whitening Sensitive Zone Deodorant, 150 ml"
2313,2,"مزيل الرائحة لتفتيح المناطق الحساسة من بيزلين،150 مل"
2314,1,"Wella Koliston Hair Color Cream with Argan Oil (Dark Blonde - 306/0) - 110 ml"
2314,2,"كريم صبغة شعر كوليستون مع زيت الارغان ( لون اشقر داكن - 306/0) من ويلا - 110 مل"
2315,1,"Wella Koleston Hair Color Cream with Argan Oil (Light Ash Blonde - 308/1) - 110 ml"
2315,2,"كريم صبغة شعر كوليستون مع زيت الارغان ( لون اشقر رمادي فاتح - 308/1) من ويلا - 110 مل"
2316,1,"Wella Koliston Hair Color Cream with Argan Oil (Light Blonde - 308/0) - 110 ml"
2316,2,"كريم صبغة شعر كوليستون مع زيت الارغان ( لون اشقر فاتح - 308/0) من ويلا - 110 مل"
2317,1,"Wella Koleston Hair Color Cream With Argan Oil (Medium Ash Blonde- 307/1) by Wella - 110 ml"
2317,2,"كريم صبغة شعر كوليستون مع زيت الارغان ( لون اشقر رمادي متوسط- 307/1) من ويلا - 110 مل"
2318,1,"Wella Koleston Hair Color Cream with Oil Replacement (Bluish Black 301/0) - 110 ml"
2318,2,"كريم صبغة شعر كوليستون مع بديل الزيت ( لون اسود مزرق 301/0) من ويلا -   110 مل"
2319,1,"Wella Koleston Hair Color Cream with Oil Replacement (Platinum Blonde 310/0) ​​by Wella - 110 ml"
2319,2,"كريم صبغة شعر كوليستون مع بديل الزيت ( لون اشقر بلاتيني 310/0) من ويلا - 110 مل"
2320,1,"Wella Koleston Hair Color Cream With Oil Replacement (Black 302/0) - 110 ml"
2320,2,"كريم صبغة شعر كوليستون مع بديل الزيت ( اسود 302/0) من ويلا - 110 مل"
2321,1,"Wella Koleston Hair Color Cream with Oil Replacement (Pomegranate Red 306/45) by Wella - 110 ml"
2321,2,"كريم صبغة شعر كوليستون مع بديل الزيت ( لون احمر رماني 306/45) من ويلا - 110 مل"
2322,1,"Garnier Color Naturals Crème Hair Color (Dark Blonde - 6) - 112 ml"
2322,2,"صبغة شعر كولور ناتشرلز كريم  ( لون اشقر غامق- 6 ) من جارنير- 112 مل"
2323,1,"Garnier Color Naturals Crème Hair Dye (Deep Ashy Brown - 4.1) - 112 ml"
2323,2,"صبغة شعر كولور ناتشرلز كريم  ( لون بني رمادي عميق - 4.1 ) من جارنير- 112 مل"
2324,1,"Garnier Color Naturals Crème Hair Dye (Light Ash Blonde - 8.1) - 112 ml"
2324,2,"صبغة شعر كولور ناتشرلز كريم  ( لون اشقر رمادي فاتح - 8.1 ) من جارنير- 112 مل"
2325,1,"Garnier Color Naturals Crème Hair Dye (Light Golden Brown - 5.3) - 112 ml"
2325,2,"صبغة شعر كولور ناتشرلز كريم  ( لون بني فاتح ذهبي- 5.3) من جارنير- 112 مل"
2326,1,"Garnier Color Naturals Crème Hair Color (Deer Brown - 7.7) - 112 ml"
2326,2,"صبغة شعر كولور ناتشرلز كريم  ( لون بني غزالي  - 7.7 ) من جارنير- 112 مل"
2327,1,"Garnier Color Naturals Crème Hair Dye (Dark Brown - 3) - 112 ml"
2327,2,"صبغة شعر كولور ناتشرلز كريم  ( لون بني غامق  - 3 ) من جارنير- 112 مل"
2328,1,"Garnier Color Naturals Crème Hair Dye (Light Iced Blonde - 10) - 112 ml"
2328,2,"صبغة شعر كولور ناتشرلز كريم  ( لون اشقر ثلجي فاتح - 10 ) من جارنير- 112 مل"
2329,1,"Body Lotion Urea Repair Plus Very Dry Skin 10% 250ml"
2329,2,"لوشن الجسم يوريا  ريبير بلاس للبشرة شديدة الجفاف 10% 250مل"
2330,1,"Sunscreen SPF 30 Eucerin 118ml"
2330,2,"واق شمس بمعامل حماية  30 من  يوسيرين 118مل"
2331,1,"Garnier Color Naturals Crème Hair Dye (Black-1) - 112 ml"
2331,2,"صبغة شعر كولور ناتشرلز كريم  ( لون اسود- 1) من جارنير- 112 ملر"
2332,1,"Bioderma Sebium Foaming Gel Facial Purifying Cleanser - 500ml"
2332,2,"جل سيبيوم الرغوي لتنقية البشرة المختلطه والدهنية من بيوديرما - 500 مل"
2333,1,"Bioderma Atoderm Intensive Baume for Very Dry to Sensitive and Irritated Skin – 200ml"
2333,2,"بايوديرما مرطب  اتوديرم انتيسف للبشرة شديدة الجفاف الى الحساسة والمتهيجه  من بيودرما – 200مل"
2335,1,"Glatters Grey Lenses by i-Colors"
2335,2,"عدسات  جلاترز (رمادي )  من  اي كلرز"
2336,1,"Glitters Lenses (Azure) by Eye Colors"
2336,2,"عدسات  جلاترز (ازور)  من  اي كلرز"
2337,1,"I-color monthly contact lenses (Foxy) from Glitters"
2337,2,"عدسات  جلاترز(فوكسي)  من  اي كلرز"
2338,1,"Monthly I-color contact lenses (Pearl) from Glitters"
2338,2,"عدسات  جلاترز (لؤلؤي)  من  اي كلرز"
2339,1,"Monthly I-color Contact Lenses (Blue) from Glitters"
2339,2,"عدسات  جلاترز (ازرق)  من  اي كلرز"
2340,1,"Glitter lenses (green) from I Colors"
2340,2,"عدسات  جلاترز (اخضر)  من  اي كلرز"
2341,1,"Glitter lenses (brown) from I Colors"
2341,2,"عدسات  جلاترز (بني)  من  اي كلرز"
2343,1,"Glitters Lenses (Rain Color) by E-Colors"
2343,2,"عدسات  جلاترز (لون المطر)  من  اي كلرز"
2344,1,"Glitter (Duncan) lenses from I Colors"
2344,2,"عدسات  جلاترز (دنكان)  من  اي كلرز"
2345,1,"Glitter (OPAL) lenses from I Colors"
2345,2,"عدسات جليترز (اوبال) من اي كولورز"
2346,1,"Glitter (Hazel) lenses from i-colors"
2346,2,"عدسات جليترز (هازال) من اي كولورز"
2347,1,"Azure Daily Contact Lenses by Eye Colors"
2347,2,"عدسات  يوميه (ازور )  من  اي كلرز"
2348,1,"Daily lenses (Foxy) from I Colors"
2348,2,"عدسات  يوميه (فوكسي)  من  اي كلرز"
2349,1,"iColors Hazel Daily Contact Lenses"
2349,2,"عدسات  يوميه (هازال)  من  اي كلرز"
2350,1,"Hazel Amber Daily Lenses by Eye Colors"
2350,2,"عدسات  يوميه (هازال امبير)  من  اي كلرز"
2351,1,"Daily lenses (Sandy) from I Colors"
2351,2,"عدسات  يوميه (ساندي)  من  اي كلرز"
2352,1,"Daily lenses (Tiffany) from I Colors"
2352,2,"عدسات  يوميه (تفاني)  من  اي كلرز"
2353,1,"Daily lenses (Misney) from I Colors"
2353,2,"عدسات  يوميه (ميستي)  من  اي كلرز"
2354,1,"Daily lenses (Storm) from I Colors"
2354,2,"عدسات  يوميه (استورم )  من  اي كلرز"
2355,1,"I-Colors Rini Daily Contact Lenses"
2355,2,"عدسات  يوميه (ريني )  من  اي كلرز"
2357,1,"Sahabi Daily Lenses by i-Colors"
2357,2,"عدسات  يوميه (سحابي)  من  اي كلرز"
2358,1,"Glitter lenses (Katie) from I Colors"
2358,2,"عدسات  جلاترز (كاتي)  من  اي كلرز"
2359,1,"NOW Solutions, 100% Pure Vegetable Glycerin Oil, 118 ml"
2359,2,"زيت الجلسرين النباتي  نقي 100%  من ناو 118 مل"
2360,1,"Now Apricot Oil 100% Pure 4 oz"
2360,2,"زيت المشمش نقي 100%  من ناو 118 مل"
2361,1,"NOW Solutions 100% Pure Grapeseed Oil - 118 ml"
2361,2,"زيت بذور العنب نقي 100%  من ناو 118 مل"
2362,1,"Sweet Almond Oil 100% Pure by Now 4 oz"
2362,2,"زيت اللوز الحلو نقي 100%  من ناو 118 مل"
2363,1,"Now Sweet Almond Oil 100% Pure 473ml"
2363,2,"زيت اللوز الحلو نقي 100%  من ناو 473مل"
2364,1,"Now shea butter 4 oz"
2364,2,"زيت الشيا   من ناو 118 مل"
2365,1,"NOW Solutions Hyaluronic Acid Firming Serum - 30 ml"
2365,2,"سيروم شد البشرة بحمض الهيالورونيك من ناو  30 مل"
2366,1,"Now Organic Argan Oil 59ml"
2366,2,"زيت الارغان العضوي من ناو  59مل"
2367,1,"Now Castor Oil 100% Pure 4 oz"
2367,2,"زيت الخروع  نقي 100%  من ناو 118 مل"
2368,1,"Queen View Nail Polish (57)"
2368,2,"مناكير طلاء أظافر من كوين فيو (57)"
2369,1,"Queen View Nail Polish (18)"
2369,2,"مناكير طلاء أظافر من كوين فيو (18)"
2370,1,"Queen View Nail Polish (20)"
2370,2,"مناكير طلاء أظافر من كوين فيو (20)"
2371,1,"Queen View Nail Polish (15)"
2371,2,"مناكير طلاء أظافر من كوين فيو (15)"
2372,1,"Queen View Nail Polish (17)"
2372,2,"مناكير طلاء أظافر من كوين فيو (17)"
2373,1,"Queen View Nail Polish (6)"
2373,2,"مناكير طلاء أظافر من كوين فيو (6)"
2374,1,"Queen View Nail Polish (8)"
2374,2,"مناكير طلاء أظافر من كوين فيو (8)"
2375,1,"Queen View Nail Polish (7)"
2375,2,"مناكير طلاء أظافر من كوين فيو (7)"
2376,1,"Queen Nail Polish (2) 10 gm"
2376,2,"مناكير طلاء أظافر من كوين فيو (2)"
2377,1,"Queen View Nail Polish (3)"
2377,2,"مناكير طلاء أظافر من كوين فيو (3)"
2378,1,"Queen View Nail Polish (12)"
2378,2,"مناكير طلاء أظافر من كوين فيو (12)"
2379,1,"Queen View Nail Polish (1)"
2379,2,"مناكير طلاء أظافر من كوين فيو(1)"
2380,1,"Queen View Nail Polish (35)"
2380,2,"مناكير طلاء أظافر من كوين فيو (35)"
2381,1,"Queen View Nail Polish (31)"
2381,2,"مناكير طلاء أظافر من كوين فيو (31)"
2382,1,"Queen View Nail Polish (30)"
2382,2,"مناكير طلاء أظافر من كوين فيو (30)"
2383,1,"Queen View Nail Polish (32)"
2383,2,"مناكير طلاء أظافر من كوين فيو (32)"
2384,1,"Queen View Nail Polish (27)"
2384,2,"مناكير طلاء أظافر من كوين فيو (27)"
2385,1,"Queen View Nail Polish (49)"
2385,2,"مناكير طلاء أظافر من كوين فيو (49)"
2386,1,"Queen View Nail Polish (96)"
2386,2,"مناكير طلاء أظافر من كوين فيو (96)"
2387,1,"Queen View Nail Polish (38)"
2387,2,"مناكير طلاء أظافر من كوين فيو (38)"
2388,1,"Queen View Nail Polish (25)"
2388,2,"مناكير طلاء أظافر من كوين فيو (25)"
2389,1,"Queen View Nail Polish (26)"
2389,2,"مناكير طلاء أظافر من كوين فيو (26)"
2390,1,"Queen View Nail Polish (21)"
2390,2,"مناكير طلاء أظافر من كوين فيو (21)"
2391,1,"Queen View Nail Polish (88)"
2391,2,"مناكير طلاء أظافر من كوين فيو (88)"
2392,1,"Queen View Nail Polish (29)"
2392,2,"مناكير طلاء أظافر من كوين فيو (29)"
2393,1,"Queen Nail Polish (23) 10 gm"
2393,2,"مناكير طلاء أظافر من كوين فيو (23)"
2394,1,"Queen View Nail Polish (55)"
2394,2,"مناكير طلاء أظافر من كوين فيو (55)"
2395,1,"Queen Nail Polish (58) 10 gm"
2395,2,"مناكير طلاء أظافر من كوين فيو (58)"
2396,1,"Queen View Nail Polish (56)"
2396,2,"مناكير طلاء أظافر من كوين فيو (56)"
2397,1,"Queen View Nail Polish (52)"
2397,2,"مناكير طلاء أظافر من كوين فيو (52)"
2398,1,"Queen View Nail Polish (53)"
2398,2,"مناكير طلاء أظافر من كوين فيو (53)"
2399,1,"Queen View Nail Polish (54)"
2399,2,"مناكير طلاء أظافر من كوين فيو (54)"
2400,1,"Queen View Nail Polish (51)"
2400,2,"مناكير طلاء أظافر من كوين فيو (51)"
2401,1,"Queen View Nail Polish (44)"
2401,2,"مناكير طلاء أظافر من كوين فيو (44)"
2402,1,"Queen View Nail Polish (50)"
2402,2,"مناكير طلاء أظافر من كوين فيو (50)"
2403,1,"Queen View Nail Polish (41)"
2403,2,"مناكير طلاء أظافر من كوين فيو (41)"
2404,1,"Queen View Nail Polish (46)"
2404,2,"مناكير طلاء أظافر من كوين فيو (46)"
2405,1,"Queen View Nail Polish (71)"
2405,2,"مناكير طلاء أظافر من كوين فيو (71)"
2406,1,"Queen Nail Polish (43) 10 gm"
2406,2,"مناكير طلاء أظافر من كوين فيو (43)"
2407,1,"Queen Nail Polish (85) 10 gm"
2407,2,"مناكير طلاء أظافر من كوين فيو (85)"
2408,1,"Queen View Nail Polish (45)"
2408,2,"مناكير طلاء أظافر من كوين فيو (45)"
2409,1,"Queen View Nail Polish (63)"
2409,2,"مناكير طلاء أظافر من كوين فيو (63)"
2410,1,"Queen Nail Polish (68) 10 gm"
2410,2,"مناكير طلاء أظافر من كوين فيو (68)"
2411,1,"Queen View Nail Polish (61)"
2411,2,"مناكير طلاء أظافر من كوين فيو (61)"
2412,1,"Queen View Nail Polish (60)"
2412,2,"مناكير طلاء أظافر من كوين فيو (60)"
2413,1,"Queen View Nail Polish (66)"
2413,2,"مناكير طلاء أظافر من كوين فيو (66)"
2414,1,"Queen View Nail Polish (65)"
2414,2,"مناكير طلاء أظافر من كوين فيو (65)"
2415,1,"Queen View Nail Polish (89)"
2415,2,"مناكير طلاء أظافر من كوين فيو (89)"
2416,1,"Queen Nail Polish (59) 10 gm"
2416,2,"مناكير طلاء أظافر من كوين فيو (59)"
2417,1,"Queen Nail Polish (67) 10 gm"
2417,2,"مناكير طلاء أظافر من كوين فيو (67)"
2418,1,"Queen View Nail Polish (19)"
2418,2,"مناكير طلاء أظافر من كوين فيو (19)"
2419,1,"Queen Nail Polish (16) 10 gm"
2419,2,"مناكير طلاء أظافر من كوين فيو (16)"
2420,1,"Queen Nail Polish (D-57) 10 gm"
2420,2,"مناكير طلاء أظافر من كوين فيو (57)"
2421,1,"Queen Nail Polish (D-57) 10 gm"
2421,2,"مناكير طلاء أظافر من كوين فيو (57)"
2422,1,"Queen View Nail Polish (57)"
2422,2,"مناكير طلاء أظافر من كوين فيو (57)"
2423,1,"Queen View Nail Polish (57)"
2423,2,"مناكير طلاء أظافر من كوين فيو (57)"
2424,1,"Queen Nail Polish (D-57) 10 gm"
2424,2,"مناكير طلاء أظافر من كوين فيو (57)"
2425,1,"Queen Nail Polish (D-57) 10 gm"
2425,2,"مناكير طلاء أظافر من كوين فيو (57)"
2426,1,"Queen Nail Polish (D-57) 10 gm"
2426,2,"مناكير طلاء أظافر من كوين فيو (57)"
2427,1,"Queen Nail Polish (D-57) 10 gm"
2427,2,"مناكير طلاء أظافر من كوين فيو (57)"
2428,1,"Queen View Nail Polish (57)"
2428,2,"مناكير طلاء أظافر من كوين فيو (57)"
2429,1,"Queen Nail Polish (D-57) 10 gm"
2429,2,"مناكير طلاء أظافر من كوين فيو (57)"
2430,1,"Queen Nail Polish (D-57) 10 gm"
2430,2,"مناكير طلاء أظافر من كوين فيو (57)"
2446,1,"Bioderma Pigmentbio Sensitive Areas Brightening Cream 75ml"
2446,2,"بيوديرما بيجمنت بيو كريم تفتيح المناطق الحساسة 75 مل"
2447,1,"Hysac sunscreen SPF 50 from Uriage, 50 ml"
2447,2,"واقي شمس هايساك بمعامل وقاية  50 من يورياج، 50 مل"
2448,1,"SVR Sun Secure Blur Sunscreen Mousse Cream SPF50 50ml"
2448,2,"كريم رغوي واقي شمس بمعامل حماية 50 من اس قي ار 50 مل"
2449,1,"Now peppermint oil 30 ml"
2449,2,"زيت النعناع من ناو 30 مل"
2450,1,"Avene Spray Spf 50+, suitable for children, 200 ml"
2450,2,"بخاخ بعامل حماية من أشعة الشمس 50+، مناسب للأطفال من افين  200 مل"
2451,1,"Garnier SkinActive Mask Tissue, 33g"
2451,2,"قناع منديل سكين اكتيف  من غارنييه، 33 جم"
2452,1,"Eucerin Aquaporin Active Cream Normal and Combination Skin 50ml"
2452,2,"كريم نهاري  اكوابورين اكتف للبشرة العادية والمختلطة من يوسرين 50مل"
2453,1,"Eucerin Aquaporin Active Dry Skin Cream 50ml"
2453,2,"كريم اكوابورين اكتف للبشرة الجافة من يوسرين 50مل"
2454,1,"Eucerin Aquaporin Active Cream for Sensitive Skin with SPF 50ml"
2454,2,"كريم نهاري اكوابورين اكتف لجميع انواع البشره مع عامل وقاية من اشعة الشمس من يوسرين 50مل"
2455,1,"Eucerin Hyaluron Night Care Cream 50ml"
2455,2,"كريم العناية الليلية هيالورون من يوسرين 50مل"
2456,1,"Vichy Mineral 89 Hyaluronic Acid Face Moisturizing Gel 50ml"
2456,2,"جل مرطب الوجه بحمض الهيالورونيك مينيرال 89 من فيشي 50مل"
2457,1,"Moisturizing Orange Lip Balm - 4.5g"
2457,2,"بلسم مرطب للشفاه بنكهة البرتقال  4.5 جم"
2458,1,"Lip balm chocolate flavor 4.5 gm"
2458,2,"بلسم مرطب للشفاه بنكهةالشيكولاته  4.5 جم"
2459,1,"Coconut Lip Balm 4.5 oz"
2459,2,"بلسم مرطب للشفاه بجوز الهند 4.5 جم"
2460,1,"Moisturizing Apple Lip Balm 4.5g"
2460,2,"بلسم مرطب للشفاه بنكهة التفاح 4.5 جم"
2461,1,"Moisturizing Grape Lip Balm - 4.5g"
2461,2,"بلسم مرطب للشفاه بنكهة العنب4.5 جم"
2462,1,"Avene Repair and Soothing Cream, 40 ml"
2462,2,"كريم لاصلاح وتهدئة الجلد من افين، 40 مل"
2463,1,"100% Pure Hyaluronic Acid Serum"
2463,2,"سيروم حمض الهيالورونك النقي 100%"
2464,1,"Bioderma Sébium Hydra Moisturizing and Soothing Cream for Acne-Prone Skin - 40ml"
2464,2,"بيوديرما سيبيوم هايدرا كريم مرطب ومهدئ للبشرة المعرضة لحب الشباب - 40 مل"
2465,1,"Bioderma Atoderm Ultra-Rich Cleansing and Soothing Bar for Very Dry Skin - 150g"
2465,2,"بيوديرما أتوديرم لوح تنظيف ومهدئ فائق للبشرة شديدة الجفاف - 150 جم"
2466,1,"Now Foods XyliWhite Kids Toothpaste Gel, Strawberry Flavor - 85g"
2466,2,"معجون أسنان إكسيليوايت للأطفال بنكهة الفراولة من ناو فودز - 85 جم"
2467,1,"NOW Solutions XyliWhite Kids Toothpaste Gel, Orange Flavor - 85g"
2467,2,"معجون أسنان إكسيليوايت للأطفال بنكهة البرتقال من ناو - 85 جم"
2468,1,"NOW XyliWhite Platinum Mint Toothpaste Gel - 181g"
2468,2,"معجون أسنان إكسيليوايت بنكهة النعناع البلاتيني من ناو - 181 جم"
2470,1,"NOW Foods XyliWhite Toothpaste Gel - Refreshing Mint - 181g"
2470,2,"معجون أسنان إكسيليوايت بنكهة النعناع المنعش من ناو فودز - 181 جم"
2471,1,"NOW Foods XyliWhite Cinnamon Toothpaste Gel - 181g"
2471,2,"معجون أسنان إكسيليوايت بنكهة القرفة من ناو فودز - 181 جم"
2472,1,"NOW Foods XyliWhite Refreshing Mouthwash - 473 ml"
2472,2,"غسول الفم زايلي وايت المنعش من ناو فودز - 473 مل"
2473,1,"Island Twist Jamaican Black Castor Oil Tea Tree Oil Spray 118ml"
2473,2,"بخاخ زيت الخروع الجامايكي الاسود من شجرة الشاي من ايلاند تويست  118مل"
2474,1,"Island Twist Original Jamaican Black Castor Oil Spray - 118 ml"
2474,2,"بخاخ زيت الخروع الجامايكي الأسود الأصلي من ايلاند تويست - 118 مل"
2475,1,"Island Twist Jamaican Black Castor Oil Spray with Argan Oil - 118 ml"
2475,2,"بخاخ زيت الخروع الجامايكي الأسود مع زيت الأرغان من ايلاند تويست - 118 مل"
2476,1,"Island Twist Jamaican Black Castor Oil Spray with Lavender Oil - 118ml"
2476,2,"بخاخ زيت الخروع الجامايكي الاسود بزيت اللافندر من ايلاند تويست  118مل"
2477,1,"Eucerin AQUAporin ACTIVE Revitalising Eye Cream - 15ml"
2477,2,"يوسيرين أكوابورين أكتيف كريم ترطيب منطقة العين - 15 مل"
2478,1,"Eucerin DermoPure Protective Fluid SPF 30 - 50ml"
2478,2,"واقي شمس سائل يوسيرين ديرمابور بعامل حماية SPF 30 - 50 مل"
2479,1,"Kuwait Shop Moroccan Nila Body and Face Scrub - 250g"
2479,2,"سنفرة النيلة المغربية للجسم والبشرة من كويت شوب - 250 جم"
2480,1,"Neutrogena Hydro Boost Body Gel Cream Moisturizer - 250ml"
2480,2,"جل كريم هيدرو بوست مرطب للجسم من نيوتروجينا 250مل"
2481,1,"Flexitol Heel and Foot Balm - 70g"
2481,2,"بلسم فليكسيتول للكعب والقدمين - 70 جم"
2482,1,"Flexitol Anti-Ageing Hand Balm - 40g"
2482,2,"بلسم فليكسيتول لمحاربة علامات تقدم العمر لليدين - 40 جم"
2483,1,"White Glo Mouth Freshener Spray 20ml"
2483,2,"بخاخ وايت جلو معطر للفم 20مل"
2484,1,"Skinoren Cream for Acne and Hyperpigmentation Treatment - 30g"
2484,2,"كريم سكينورين لعلاج حب الشباب والتصبغات - 30 جم"
2485,1,"Safe Med Assorted Bandages - 50 Pieces Pack for Integrated Protection"
2485,2,"لصقات جروح سيف ميد متنوعة - عبوة 50 قطعة للحماية المتكاملة"
2486,1,"First Step Round Plastic Bandages - Pack of 100 Pieces"
2486,2,"ضمادات بلاستيكية دائرية من فيرست ستيب - عبوة 100 قطعة"
2487,1,"First Step Circular Plastic Bandages - 30 Pieces for Quick Protection"
2487,2,"ضمادات بلاستيكية دائرية من فيرست ستيب - 30 قطعة للحماية السريعة"
2488,1,"BabyJoy Culotte Diamond Compressed Diapers Size 5 Junior - Pack of 80 Diapers"
2488,2,"حفاضات بيبي جوي الماسية المضغوطة مقاس 5 جونيور - عبوة 80 حفاضة"
2489,1,"Baby Joy Diamond Pants Size 7 Junior - Pack of 54 Diapers"
2489,2,"حفاضات بيبي جوي كلوت الماسية مقاس 7 جونيور - عبوة 54 حفاضة"
2490,1,"BabyJoy Culotte Diamond Compressed Diapers Size 1 (Newborn) - Pack of 136 Diapers"
2490,2,"حفاضات بيبي جوي الماسية المضغوطة مقاس 1 (حديثي الولادة) - عبوة 136 حفاضة"
2491,1,"BabyJoy Diamond Compressed Diapers Size 3 (Junior) - Pack of 104 Diapers"
2491,2,"حفاضات بيبي جوي كلوت الماسية المضغوطة مقاس 3 (جونيور) - عبوة 104 حفاضة"
2493,1,"Babyjoy Diamond Compressed Diapers, Size 6, Junior, Baby, 60Count"
2493,2,"حفاضات ماسية مضغوطة مقاس 6، جونيور، للاطفال من بيبي جوي،  60 حفاضة"
2494,1,"BabyJoy Diamond Compressed Diapers, Size 2 Junior, 136 Diapers"
2494,2,"حفاضات ماسية مضغوطة مقاس 2جونيور، للاطفال من بيبي جوي،  136حفاضة"
2495,1,"Always Maxi Thick Cottony Soft Sanitary Pads with Wings, 10 Pads"
2495,2,"فوط صحية قطنية ماكسي سميكة مزودة باجنحة، 10 فوط من اولويز"
2496,1,"Always Cotton Soft Maxi Thick Sanitary Pads with Wings, 30 Pads"
2496,2,"فوط صحية قطنية ماكسي سميكة مزودة باجنحة، 30فوط من اولويز"
2497,1,"Always Cotton Soft Maxi Thick Sanitary Pads with Wings, 50 Pads"
2497,2,"فوط صحية قطنية ماكسي سميكة مزودة باجنحة، 50 فوطه من اولويز"
2498,1,"Always Maxi Thick Night Sanitary Pads with Wings, Large, 72 Pads"
2498,2,"فوط ليلية كبيره ماكسي سميكة مزودة باجنحة، 72فوطه من اولويز"
2499,1,"Always Maxi Thick Night Pads with Wings for Longer Protection, 48 Pads"
2499,2,"فوط ليلية ماكسي سميكة مزودة باجنحة لحماية اطول، 48 فوطه من اولويز"
2500,1,"Always Maxi Thick Small Night Pads with Wings, 48 Pads"
2500,2,"فوط ليلية صغيرة ماكسي سميكة مزودة باجنحة، 48 فوط من اولويز"
2501,1,"Always Pink, Large, Soft and Breathable Maxi Thick Pads with Wings, 30 Pads from Always"
2501,2,"فوط وردي كبيره نعومه وتنفس ماكسي سميكة مزودة باجنحة، 30 فوطه من اولويز"
2502,1,"Always Pink Maxi Thick Sanitary Pads with Wings, Large, Soft & Breathable, 50 Pads"
2502,2,"فوط وردي كبيره نعومه وتنفس ماكسي سميكة مزودة باجنحة، 50فوطه من اولويز"
2503,1,"Always Pink Large Soft & Breathable Maxi Thick Sanitary Pads with Wings, 72 Pads"
2503,2,"فوط وردي كبيره نعومه وتنفس ماكسي سميكة مزودة باجنحة، 72فوطه من اولويز"
2504,1,"Sunsilk Soft & Smooth Oil Replacement 300ml"
2504,2,"بديل الزيت ناعم وانسيابي من صانسيلك 300مل"
2505,1,"Oil replacement blend of nature from Pantene 275 ml"
2505,2,"بديل الزيت امتزاج الطبيعه من بانتين 275 مل"
2506,1,"Pantene Pro-V Moisture Renewal Oil Replacement - 275 ml"
2506,2,"بديل الزيت عناية مرطبه من بانتين 275 مل"
2507,1,"Garnier Tonic Oil Replacement 300ml"
2507,2,"بديل الزيت المقوي من جارنير300مل"
2508,1,"L'Oreal Elvive Smooth Intense Oil Replacement - 300ml"
2508,2,"بديل الزيت شعر مالس من لوريال300مل"
2509,1,"Garnier Ultra Doux Conditioner with the benefits of honey, 400 ml"
2509,2,"بلسم الترا دوكس بفوائد العسل من جارنيه 400مل"
2510,1,"Garnier Ultra Doux Conditioner with Avocado Oil and Shea Butter - 400ml"
2510,2,"بلسم الترا دوكس بزيت الاوفوكادو وزبدة الشيا من جارنيه 400مل"
2511,1,"Herbal Rose Conditioner 360 ml"
2511,2,"بلسم بخلاصة الورد من هيربل 360 مل حماية الون"
2512,1,"Conditioner with extracts of argan oil from Herbal, 360 ml"
2512,2,"بلسم بخلاصة زيت الارغان من هيربل 360 مل"
2513,1,"Conditioner with extracts of green herbs and mint from Herbal 360 ml"
2513,2,"بلسم بخلاصة الاعشاب الخضراء والنعناع من هيربل 360 مل"
2514,1,"Herbal Coconut Extract Conditioner 360 ml"
2514,2,"بلسم بخلاصة جوز الهند من هيربل 360 مل"
2516,1,"Garnier Ultra Doux Conditioner with Avocado Oil and Shea Butter 400ml"
2516,2,"بلسم الترا دوكس بزيت الخروع واللوز المعالج من جارنيه 400مل"
2517,1,"Sunsilk conditioner for black hair, 350 ml"
2517,2,"بلسم لمعان ساحر للشعر الاسود من صانسيلك 350 مل"
2518,1,"Sunsilk hair loss conditioner 350 ml"
2518,2,"بلسم لتساقط الشعر من صانسيلك 350 مل"
2519,1,"Sunsilk Argan Oil Conditioner for Curly Hair Hydration - 350ml"
2519,2,"بلسم مع زيت الارغان لترطيب الشعر الكيرلي من صانسيلك 350 مل"
2520,1,"Amazing mixture shampoo from kuwait shop 450 ml"
2520,2,"شامبو الخلطه العجيبه من كويت شوب 450مل"
2521,1,"Dettol Body Wash with Loofah, Aloe Vera & Apple - 250ml"
2521,2,"غسول الجسم مع لوفه بالالوفيرا والتفاح  من ديتول 250 مل"
2522,1,"Dettol Cool Body Wash with Loofah - 250 ml"
2522,2,"غسول الجسم كـــول مع لوفه من ديتول 250 مل"
2523,1,"Dettol Body Wash with Loofah, Pine Fragrance - 250ml"
2523,2,"غسول الجسم مع لوفه بعطر الصنوبر  من ديتول 250 مل"
2524,1,"L'Oreal Elvive Color Protect Conditioner 360ml"
2524,2,"بلسم الفيف  لحماية اللون من لوريال  400 مل"
2525,1,"L'Oreal Elvive Restorative Hair Conditioner 400 ml"
2525,2,"بلسم الفيف المرمم للشعر  من لوريال  ٤٠٠ مل"
2526,1,"L'Oreal Elvive Anti-Breakage Conditioner 400ml"
2526,2,"بلسم الفيف مقاوم للتكسر من لوريال  ٤٠٠ مل"
2527,1,"Garnier Ultra Doux Oil Replacement Shampoo, 400 ml"
2527,2,"شامبو حمام زيت الترا دوكس من غارنيير ، 400 مل"
2528,1,"Garnier Ultra Doux Mythic Olive Ultra Nourishing Shampoo, 400ml"
2528,2,"شامبو فائق التغذية الترا دوكس من غارنيير ، 400 مل"
2529,1,"Garnier Purifying & Shine Shampoo, 400 ml"
2529,2,"شامبو للتنقية واللمعان من غارنيير ، 400 مل"
2530,1,"Garnier Nourishing Almond Milk Daily Moisturizing Shampoo, 400ml"
2530,2,"شامبو مرطب يومي بحليب اللوز المغذي من غارنيير ، 400 مل"
2531,1,"Garnier Avocado Oil Nourishing Shampoo, 400 ml"
2531,2,"شامبو مغذي بزيت الافوكادو من غارنيير ، 400 مل"
2532,1,"Garnier Ultra Doux Honey Treasures Restoring Shampoo, 400ml"
2532,2,"شامبو الترا دوكس  لتجديد بنية الشعر بفوائد العسل من غارنيير ، 400 مل"
2533,1,"El Salon mask with keratin 250 ml"
2533,2,"ماسك ال صالون بالكيراتين 250مل"
2534,1,"Garnier Nourishing Oil Replacement with Avocado Oil and Shea Butter 300ml"
2534,2,"بديل الزيت المغذي بزيت الاوفوكادو وزبدة الشياء من جارنير 300مل"
2535,1,"Pretty Charcoal Nose Pore Strips - 6 Pieces"
2535,2,"شرائط مسام الانف بالفحم من بريتي 6 قطع"
2536,1,"Prreti Pine Nose Pore Strips - 6 Pieces"
2536,2,"شرائط مسام الانف بالصنوبر من بريتي 6 قطع"
2537,1,"Pretty Nose Pore Strips for All Skin Types - 6 Pieces"
2537,2,"شرائط مسام الانف لكل انواع البشرة من بريتي 6 قطع"
2538,1,"Prreti Green Tea Nose Pore Strips - 6 Pieces"
2538,2,"شرائط مسام الانف بالشاي الاخضر من بريتي 6 قطع"
2539,1,"Pretty Tea Tree Nose Pore Strips - 6 Pieces"
2539,2,"شرائط مسام الانف شجرة الشاي من بريتي 6 قطع"
2541,1,"Vatika Argan Enriched Hair Oil, 200 ml"
2541,2,"زيت شعر غني بالارجان من فاتيكا، 200 مل"
2542,1,"Vatika Hair Oil Enriched with Olive Oil, 200 ml"
2542,2,"زيت شعر غني بزيت الزيتون من فاتيكا، 200 مل"
2543,1,"Vatika Aloe Vera Enriched Hair Oil, 200 ml"
2543,2,"زيت شعر غني بالصبار من فاتيكا، 200 مل"
2544,1,"Vatika Coconut Enriched Hair Oil, 200 ml"
2544,2,"زيت شعر غني بجوز الهند من فاتيكا، 200 مل"
2545,1,"Vatika Garlic Enriched Hair Oil, 200 ml"
2545,2,"زيت شعر غني بالثوم من فاتيكا، 200 مل"
2546,1,"Vatika Almond Enriched Hair Oil, 300 ml"
2546,2,"زيت شعر غني با اللوز  من فاتيكا، 300 مل"
2547,1,"Marhaba Amla Hair Oil with Olive - 160 ml"
2547,2,"زيت شعر مرحبا املا بالزيتون 160 مل"
2548,1,"Marhaba Amla Hair Oil with Jasmine 160ml"
2548,2,"زيت شعر مرحبا املا بالياسمين 160 مل"
2549,1,"Dabur Amla Jasmine Hair Oil 300ml"
2549,2,"زيت شعر دابر املا بالياسمين 300مل"
2550,1,"Dabur Amla Hair Oil - The World's No. 1 Hair Oil, 100 ml"
2550,2,"زيت شعر دابر املا رقم (1)في العالم 100 مل"
2551,1,"Essence I Love Extreme Mascara, Pink"
2551,2,"ماسكارا ايسينس اي لوف ، لون وردي"
2552,1,"Essence Lash Princess False Lash Effect Mascara - Green"
2552,2,"ماسكرا لاش برنسس من ايسنس - اخضر"
2554,1,"Essence Lash Princess Mascara - Blue"
2554,2,"ماسكرا لاش برنسس من ايسنس - ازرق"
2555,1,"Essence Lash Princess Mascara - Purple"
2555,2,"ماسكرا لاش برنسس من ايسنس - موف"
2556,1,"Glysolid Q10 Body Lotion 250ml"
2556,2,"لوشن Q10 للجسم من جليسوليد 250مل"
2557,1,"CeraVe Moisturizing Lotion for Face and Body - 87ml"
2557,2,"لوشن ترطيب خالي من العطور الوجه والجسم من سيرافي 87مل"
2558,1,"Laser White Black Charcoal Teeth Whitening Powder - 20g"
2558,2,"مسحوق الفحم الاسود لتبييض الاسنان من ليزر وايت 20جم"
2559,1,"Wax strips for facial hair removal 20 strips from Hellenia"
2559,2,"شرائط شمع لإزالة شعر الوجه 20 شريط من هيلينيا"
2560,1,"Helenia Wax Strips for Sensitive Areas and Underarms - 20 Strips"
2560,2,"شرائط شمع لإزالة شعر المنطقة الحساسة والابطين 20 شريط من هيلينيا"
2561,1,"YC Whitening Milk Body Lotion - 250g"
2561,2,"لوشن الجسم المبيض بالحليب من واي سي 250جم"
2562,1,"Eucerin DermoPurifyer Oil Control Scrub, 100 ml"
2562,2,"مقشر منقي ديرمو من يوسيرن، 100 مل"
2563,1,"Garnier SkinActive Green Tea Extract Sheet Mask for Normal to Oily Skin, 28g"
2563,2,"قناع سكين اكتيف بخلاصة الشاي الاخضر للبشرة العادية الى الدهنية من غارنييه، 28جم"
2564,1,"Garnier SkinActive Pomegranate Face Mask for Normal to Oily Skin, 28g"
2564,2,"قناع سكين اكتيف بخلاصة الرمان للبشرة العادية الى الدهنية من غارنييه، 28جم"
2565,1,"Beesline White Sapphire Luxury Mask for Skin Whitening and Firming - 30g"
2565,2,"قناع فاخر بالزفير الابيض لتفتيح وشد البشرة من بيزلين 30جم"
2566,1,"Kuwait Shop Natural Herbal Mask 150g"
2566,2,"قناع بالأعشاب الطبيعية من كويت شوب 150جم"
2567,1,"CeraVe Facial Cleanser for Normal to Oily Skin - 87ml"
2567,2,"منظف الوجه للبشرة العادية الى الدهنية من سيرافي - 87مل"
2568,1,"Eveline White Prestige 4D Whitening Day Cream - 50 ml"
2568,2,"كريم التفتيح النهاري وايت برستيج فور دي من إيفلين - 50 مل"
2569,1,"Vatika Shampoo for Normal Hair with Olive and Henna - 700ml"
2569,2,"شامبو للشعر العادي بالزيتون والحناء من فاتيكا 700مل"
2570,1,"Korean Whitening Cream with SPF Protection"
2570,2,"كريم كوري مبيض مع عامل حماية من اشعة الشمس"
2571,1,"Shampoo for damaged and brittle hair with honey and egg extracts from Vatika 700 ml"
2571,2,"شامبو للشعر المتضرر والمتقصف بخلاصة العسل والبيض من فاتيكا 700مل"
2572,1,"Moroccan Oil Traditional Moroccan Bath Soap with Olive Oil Extract - 1000g"
2572,2,"صابون حمام مغربي البلدي بخلاصة زيت الزيتون من موروكان اويل 1000جم"
2573,1,"Nunu Baby Shampoo 300ml"
2573,2,"شامبو للأطفال من نونو 300 مل"
2574,1,"Nunu Baby Shampoo 500ml"
2574,2,"شامبو للأطفال من نونو 500مل"
2575,1,"Enchanteur Alluring Perfumed Talc 125g"
2575,2,"بودرة معطرة  اللورنج  من انشانتير 125جم"
2576,1,"Enchanteur Gorgeous Perfumed Talc 250g"
2576,2,"بودرة معطرة  جورجس من انشانتير 250جم"
2577,1,"Enchanteur Gorgeous Perfumed Talc 125g"
2577,2,"بودرة معطرة  جورجس من انشانتير 125جم"
2578,1,"Enchanteur Romantic Perfumed Talc 250g"
2578,2,"بودرة معطرة  رومانتيك من انشانتير 250جم"
2579,1,"Enchanteur Romantic Perfumed Talc - 125g"
2579,2,"بودرة معطرة  رومانتيك من انشانتير 125جم"
2580,1,"Enchanteur Enticing Perfumed Talc - 250g"
2580,2,"بودرة معطرة  انتايسينج من انشانتير 250جم"
2581,1,"Enchanteur Charming Perfumed Talc 125g"
2581,2,"بودرة معطرة  تشارمينغ من انشانتير 125جم"
2582,1,"Johnson's Baby Powder 100g"
2582,2,"بودرة للاطفال من جونسون 100 جم"
2583,1,"Johnson's Baby Powder 200g"
2583,2,"بودرة للاطفال من جونسون 200جم"
2584,1,"Johnson's Baby Bedtime Powder 500g"
2584,2,"بودرة وقت النوم  للاطفال من جونسون 500جم"
2585,1,"Sebamed Baby Powder 200g"
2585,2,"بودرة للاطفال من سيباميد 200جم"
2586,1,"Johnson's Baby Soft Lotion - 200ml"
2586,2,"لوشن ناعم للأطفال من جونسون  200 مل"
2587,1,"Johnson's Baby Shampoo 500ml"
2587,2,"شامبو للأطفال من جونسون 500مل"
2588,1,"Johnson's Baby Shampoo 200ml"
2588,2,"شامبو للأطفال من جونسون 200مل"
2589,1,"Pure beauty under eye cream - 15 gm"
2589,2,"كريم لتحت العين من بيور بيوتي - 15 جم"
2590,1,"4-in-1 Derma Roller Skincare Set - 1.5 mm"
2590,2,"ديرما رولر 4 في 1 للعناية بالبشرة 1.5 مم"
2591,1,"4-in-1 Derma Roller Skin Care Set - 1.0 mm"
2591,2,"ديرما رولر 4 في 1 للعناية بالبشرة 1.0 مم"
2592,1,"Beesline Whitening Sensitive Zone Wash - 200 ml"
2592,2,"غسول مفتح للمناطق الحميمة الداكنة من بيزلين 200 مل"
2593,1,"Beesline Intimate Wash for Extra Sensitive Zones - 200 ml"
2593,2,"غسول للمناطق الحميمة الحساسة جدا من بيزلين 200 مل"
2595,1,"Donkey Milk Face Wash 100ml"
2595,2,"غسول الوجه بحليب الحمار 100مل"
2596,1,"Donkey Milk Face Whitening Cream 75ml"
2596,2,"كريم مبيض للوجه بحليب الحمار 75مل"
2597,1,"Donkey Milk Face Soap 100ml"
2597,2,"صابون الوجه بحليب الحمار 100مل"
2598,1,"African Sudanese Karkar Hair Treatment Cream 200g"
2598,2,"كريم الكركار الافريقية السودانية لمعالجة الشعر 200جم"
2599,1,"Beausta Golden Peel-Off Face Mask - 20ml"
2599,2,"قناع التقشير الذهبي للوجه من بيوستا 20مل."
2600,1,"Beausta Creamy Foam Cleanser 20ml"
2600,2,"منظف رغوي كريمي للوجه من بيوستا 20مل."
2603,1,"Babyface Solution No. 1 for Youthful and Radiant Looking Skin - 60ml"
2603,2,"محلول بيبي فيس رقم 1  لبشرة شابة نضرة المظهر  60مل"
2604,1,"Babyface Solution No. 2 Anti-Acne and Dark Spots - 60ml"
2604,2,"محلول بيبي فيس رقم 2 مضاد لحب الشباب والبقع  60مل"
2605,1,"L'Oreal Glycolic Bright Instant Glowing Serum - 30ml"
2605,2,"سيروم جلايكوليك برايت لاشراقة فورية من لوريال 30 مل"
2607,1,"Pure Beauty Under Eye Serum for Puffiness and Wrinkles - 15ml"
2607,2,"سيروم تحت العينين  للإنتفاخات والتجاعيد  من بيور بيوتي - 15مل"
2608,1,"Energy Cosmetics Face and Body Hair Bleaching Cream"
2608,2,"كريم تشقير شعر الوجه والجسم من إنرجي كوزمتكس"
2609,1,"Large Rose Hair Brush"
2609,2,"فرشاة شعر كبير روز"
2611,1,"Vavo Shampoo 100 ml"
2611,2,"شامبو فافو 100 مل"
2612,1,"Bimatoprost Solution for Eyelash and Eyebrow Thickening - 3ml"
2612,2,"محلول بييماتوبروست لتكثيف الرموش والحواجب 3مل"
2615,1,"Dettol Original Hand Wash 200ml"
2615,2,"غسول اليدين الاصلي ديتول 200 مل"
2616,1,"Rose Aroma - Hair Brush"
2616,2,"فرشة تجفيف الشعر من روز اروما"
2617,1,"Rose Aroma White Hair Brush"
2617,2,"فرشة شعر ابيض من روز اروما"
2618,1,"Rose Aroma - Green Hair Brush"
2618,2,"فرشاة شعر من روز اروما"
2619,1,"Rose Aroma Large Hair Brush"
2619,2,"فرشاة شعر حجم كبير من روز اروما"
2620,1,"Rose Aroma Medium Hair Brush"
2620,2,"فرشاة شعر حجم متوسط من روز اروما"
2621,1,"Rose Aroma Mini Hair Brush"
2621,2,"فرشاة شعر صغير من روز اروما"
2623,1,"Cantu Flaxseed Smoothing Hair Wax"
2623,2,"شمع تنعيم الشعر بخلاصة بذور الكتان من كانتو"
2624,1,"Skin Active Charcoal Face Mask 50ml"
2624,2,"قناع الوجه بالفحم شكين اكتيف 50مل"
2625,1,"Cantu Shea Butter Softening & Shining Hair Serum"
2625,2,"سيروم لنعومة ولمعان الشعر بزبدة الشيا  من كانتو"
2626,1,"NIVEA Body Lotion with Cocoa Butter and Shea Butter - 400ml"
2626,2,"لوشن الجسم من نيفيا بزبدة الكاكو وزبدة الشيا 400 مل"
2628,1,"Creme 21 All Day Care Cream - 250 ml"
2628,2,"كريم  طوال اليوم من كريم 21  -  250 مل"
2629,1,"Creme 21 Soft Care & Balanced Moisture Moisturizing Cream - 150ml"
2629,2,"كريم  مرطب عناية ناعمة ورطوبةمتوازنه  من كريم 21  -  150مل"
2630,1,"Creme 21 Soft Care & Balanced Moisture Cream - 50ml"
2630,2,"كريم  عناية ناعمة ورطوبة متوازنه من كريم 21  -  50مل"
2631,1,"Creme 21 Aqua Soft Cream, 250 ml"
2631,2,"كريم  اكوا سوفت من كريم 21، 250 مل"
2632,1,"Parachute Aloe Vera Hair Oil with Coconut 150 ml"
2632,2,"زيت الشعر بخلاصة الصبار مع جوز الهند من باراشوت 200 مل"
2633,1,"Christian Laurent Rose Water Micellar Water - 500ml"
2633,2,"ماء ميسيلار بماء الورد من كريستيان لوران 500 مل"
2634,1,"Christian Laurent Micellar Water Face and Eye Makeup Remover 500ml"
2634,2,"ماء ميسيلار مزيل مكياج الوجه والعيون كريستيان لوران 500مل"
2635,1,"Christian Laurent Satin Moisturizing Body Milk 350ml"
2635,2,"حليب الجسم ساتان المرطب من كريستيان لوران 350مل"
2636,1,"Christian Laurent Bronze Illuminating Body Moisturizer - 200ml"
2636,2,"مرطب الجسم لإضاءة برونزيه من كريستيان لوران 200 مل"
2637,1,"Christian Laurent Luxury Micellar Water with Colloidal Gold - 500ml"
2637,2,"ماء الميسيلار الفاخر مع الذهب الغرواني من كريستيان لوران 500 مل."
2638,1,"Forcapil Keratin Shampoo 200ml"
2638,2,"شامبو كيراتين من فوركابيل 200مل"
2639,1,"Forcapil Lotion to strengthen hair and prevent hair loss, 150 ml"
2639,2,"لوشن فوركابيل لتقوية الشعر ومنع التساقط, 150 مل"
2640,1,"Professional Purifying Micellar Water  500ML"
2640,2,"ماء ميسيلار المتخصص 3 في 1من كريستيان لوران 500مل"
2641,1,"Skin System Honey Depilatory Wax, 400g"
2641,2,"شمع ازالة الشعر بالعسل،  من سكين سيستم 400 جم"
2642,1,"Daiso Japan Natural Charcoal Peel-Off Mask, 80g"
2642,2,"قناع تقشير بخلاصة الفحم الطبيعي من دايسو جابان، 80 جم"
2643,1,"Christian Laurent Face Scrub - 200ml"
2643,2,"مقشر للوجه من كريستيان لوران 200مل"
2644,1,"Johnson's Cotton Buds - 100 Pieces"
2644,2,"أعواد قطنية من جونسون ١٠٠ قطعة"
2645,1,"Christian Laurent Hand and Nail Serum, 125 ml"
2645,2,"سيروم لليدين والأظافر، 125 مل من كريستيان لوران"
2646,1,"Christian Laurent Luminous Glow 3-in-1 Cleansing Gel 200ml"
2646,2,"جل التنظيف لومينوس جلو من كريستيان لوران 3 في1 200 مل"
2647,1,"Jolen Creme Bleach - 113g"
2647,2,"كريم تشقير الشعر من جولين - 113 جم"
2648,1,"Bust Skin Firming and Tightening Cream - Christian Laurent"
2648,2,"مركز لشد وتدوير الصدر 150مل - يوكير من كريستيان لوران"
2649,1,"Christian Laurent Chromo Body Firming Serum - 200ml"
2649,2,"سيروم كرومو لشد الجسم من كريستيان لورينت200 مل"
2650,1,"Argan Essential Deep Care Shampoo 300ml"
2650,2,"شامبو العناية العميقة من ارجان اسنشيال 300 مل"
2651,1,"Kojie San Skin Lightening Lotion, 600 ml"
2651,2,"لوشن لتفتيح البشرة كوجيك جولد، 600 مل"
2652,1,"L'Oreal Paris Full Resist Hair Shampoo, 200 ml"
2652,2,"شامبو دريم للشعر الطويل من لوريال باريس، 200 مل"
2653,1,"L'Oreal Paris Extraordinary Shampoo, 400 ml"
2653,2,"شامبو إكستروردنريمن لوريال باريس، 400 مل"
2654,1,"Vaseline Jelly Cocoa Butter Care, 250 ml"
2654,2,"جيلي العناية بزبدة الكاكاو من فازلين، 250 مل"
2655,1,"Vaseline Baby Care Jelly, 250 ml"
2655,2,"جيلي العناية للأطفال من فازلين، 250 مل"
2657,1,"L'Oréal Paris Hyaluronic Acid Revitalizing Serum, 15ml"
2657,2,"سيروم بحمض الهيالورونيك لتجديد البشرة من لوريال باريس، 15مل"
2658,1,"L'Oréal Paris Glycolic Acid Serum for Instant Radiance, 30ml"
2658,2,"سيروم بحمض الجليكوليك للاشراقة الفورية من لوريال باريس، 30 مل"
2659,1,"Bioderma eye contour gel 15ml"
2659,2,"جل كونتور  للتقليل من التجاعيد والانتفاخات حول العين من بيوديرما 15 مل"
2661,1,"Christian Laurent Super Diamond Serum 30ml"
2661,2,"سيروم الماس فائق من كريستيان لوران 30 مل"
2662,1,"Christian Laurent Diamond Skin Firming and Revitalizing Cream - 50ml"
2662,2,"كريم ماسي لشد البشرة وتجديدها  من  كريستيان لوران 50 مل"
2663,1,"Christian Laurent 24K Gold Face Lifting and Illuminating Mask 2 * 5 ml"
2663,2,"ماسك لشد واضاءة الوجه من كريستيان لوران  بالذهب عيار 24 2 * 5 مل"
2664,1,"OZNaturals Vitamin C Face Serum New Look - 30ml"
2664,2,"سيروم الوجه فيتامين سي من اوز ناتشورال الشكل الجديد 30مل"
2665,1,"OZ Naturals Hyaluronic Acid Serum - New Look 30ml"
2665,2,"سيروم حمض الهيالورونيك من او زي ناتشورالز  الشكل الجديد 30 مل"
2666,1,"Pigeon Breast Pads - 12 Pieces"
2666,2,"حفاظات ثدي من بيجون 12 قطعة"
2667,1,"Pigeon Cooling Teether for Gums"
2667,2,"عضاضة اسنان لتبريد للثة من بيجون"
2668,1,"L'Oréal Paris Elvive color protect Shampoo 200ml"
2668,2,"شامبو الفيف لحماية اللون من لوريال باريس 200 مل"
2669,1,"Baby Cotton Swabs, 200 Pieces"
2669,2,"اعواد قطن للاطفال الرضع ، 200 قطعة"
2670,1,"Pigeon Disposable Breast Pads - 60 Pieces"
2670,2,"حفاظات ثدي للاستخدام مرة واحده من بيجون 60قطعة"
2671,1,"Pigeon Breast Pads - 36 Pieces"
2671,2,"حفاظات ثدي من بيجون 36قطعة"
2672,1,"Pigeon Powder Milk Container"
2672,2,"حافظة للحليب الجاف ثدي من بيجون"
2673,1,"Pigeon Baby Bottle - 240 ml"
2673,2,"رضاعة اطفال من بيجون 240  مل"
2674,1,"Pigeon Baby Feeding Bottle - 120ml"
2674,2,"رضاعة اطفال من بيجون 120مل"
2675,1,"Pigeon Glass Baby Bottle - 200ml"
2675,2,"رضاعة اطفال زجاج من بيجون 200مل"
2676,1,"Pigeon Baby Feeding Bottle - 50ml"
2676,2,"رضاعة اطفال من بيجون 50مل"
2677,1,"Pigeon Brush with Handle for Bottles and Nipples"
2677,2,"فرشاه بمقبض للرضاعات والحلمات من بيجون"
2678,1,"Plastic bottle with spoon 240 ml"
2678,2,"زجاجة بلاستيك بملعقة 240 مل"
2679,1,"L'Oreal Paris Elvive Hyaluron Plump Moisture Filling Shampoo - 200ml"
2679,2,"شامبو الفيف هايالورون مالئ وبترطيب من لوريال باريس - بسعة 200 مل"
2680,1,"Pigeon Silicone Nipple, Size 4, 1 Piece"
2680,2,"حلمة سيليكون من بيجون، مقاس 4، قطعة واحدة"
2681,1,"Pigeon Silicone Nipple, Size 9, 1 Piece"
2681,2,"حلمة سيليكون من بيجون، مقاس 9، قطعة واحدة"
2682,1,"Ab Naturals Argan Oil Conditioner 16.2 Oz"
2682,2,"بلسم تنعيم بزيت أرجان من ناتشورالز خالي من السيليكون 479 مل"
2683,1,"Whitening Cream with Collagen with Sunscreen from Laser White"
2683,2,"واقي الشمس ومفتح للبشرة مع كريم الكولاجين +50 من ليزر وايت - 100مل"
2684,1,"Laser White Sunscreen Protection Cream SPF 60+ with Collagen Whitening, 100ml"
2684,2,"كريم الحماية واقي من اشعة الشمس فوق البنفسجية 60+ والتبييض بالكولاجين من ليزر وايت، 100 مل"
2685,1,"Laser White Intensive Correcting & Repairing Ointment for Skin and Wrinkles"
2685,2,"مرهم مكثف مصحح ومرمم للبشرة والتجاعيد - ليزر وايت"
2687,1,"Vagisil Daily Intimate Wash - 354ml"
2687,2,"غسول يومي للمنطقة الحساسة من فاجيسل - 354مل"
2688,1,"Laser White Moisturizing Cream, Dark Spot Remover & Blemish Corrector - 30g"
2688,2,"كريم  ليزر وايت مرطب ومزيل البقع السوداء ومصحح عيوب البشرة 30 جرام"
2689,1,"Laser White Eye Contour Renewal Serum - 30g"
2689,2,"سيروم تجديد البشرة حول العين من ليزر وايت 30 غرام"
2692,1,"Nature Republic Argan Oil Hair Mask - 200g"
2692,2,"ماسك زيت الارغان من نيتشر ريببلك - 200 جرام"
2693,1,"Clear Anti-Hair Fall Shampoo - 700ml"
2693,2,"شامبو ضد تساقط الشعر من كلير 700 مل"
2694,1,"Clear Anti-Dandruff Shampoo with Bamboo Extract - 400ml"
2694,2,"شامبو ضد القشرة بخلاصة البامبو من كلير 400 مل"
2695,1,"Clear Anti-Dandruff Shampoo - 400ml"
2695,2,"شامبو ضد القشرة  من كلير 400 مل"
2696,1,"Clear Hair Fall Protection Shampoo + Conditioner with Vitamin B3 400 ml"
2696,2,"شامبو +بلسم  حماية من تساقط الشعر بفيتامين B3  من كلير 400 مل"
2697,1,"Sidr Shampoo for All Hair Types 250ml"
2697,2,"شامبو السدر لجميع أنواع الشعر 250مل"
2698,1,"Clear shampoo + conditioner against hair loss with coffee grounds extract, 400 ml"
2698,2,"شامبو +بلسم  حماية من تساقط الشعر بخلاصة بن القهوه  من كلير 400 مل"
2699,1,"Glysolid Glycerin Skin Care Oil - 100 ml"
2699,2,"زيت جليسرين للعناية بالبشرة من جليسوليد 100 مل"
2700,1,"Herbal White Tea and Mint Shampoo - 400 ml"
2700,2,"شامبو بالشاي الابيض والنعناع من هيربل400 مل"
2701,1,"Herbal Rose Extract Shampoo - 400ml"
2701,2,"شامبو بخلاصة الورد من هيربل400 مل"
2702,1,"Herbal Pomegranate Extract Shampoo - 400 ml"
2702,2,"شامبو بخلاصة الرمان من هيربل400 مل"
2703,1,"Herbal Lemon Extract Shampoo - 400ml"
2703,2,"شامبو بخلاصةالليمون من هيربل400 مل"
2704,1,"Herbal Coconut Extract Shampoo - 400ml"
2704,2,"شامبو بخلاصة جوزالهند من هيربل400 مل"
2705,1,"Herbal Argan Oil Extract Shampoo - 400ml"
2705,2,"شامبو بخلاصة زيت الارغان من هيربل400 مل"
2706,1,"Moisturizing, Nourishing, and Scented Body and Hand Lotion with Musk Oil"
2706,2,"لوشن مرطب ومغذي ومعطر للبشرة بزيت المسك للجسم واليدين"
2709,1,"L'Oréal Paris Elvive color protect Shampoo 400ML"
2709,2,"شامبو الفيف لحماية اللون من لوريال باريس 400مل"
2711,1,"L'Oréal Elvive Dream Lengths Shampoo with Black Seed Oil - 600ml"
2711,2,"شامبو الفيف طول الاحلام بزيت الحبة السوداء من لوريال  600 مل"
2712,1,"L'Oréal Elvive Dream Long Shampoo with Black Seed Oil - 400ml"
2712,2,"شامبو الفيف طول الاحلام بزيت الحبة السوداء من لوريال  400مل"
2714,1,"L'Oréal Elvive Dream Lengths Shampoo with Castor Oil - 600ml"
2714,2,"شامبوالفيف طول الاحلام بزيت الخروع من لوريال  600 مل"
2715,1,"L'Oréal Elvive Full Resist Shampoo - 600ml"
2715,2,"شامبوالفيف مقاومة كاملة  من لوريال  600 مل"
2716,1,"L'Oréal Elvive Total Repair 5 Shampoo - 400ml"
2716,2,"شامبو الفيف توتال ريبير 5 من لوريال  400 مل"
2717,1,"L'Oréal Elvive Hyaluron Shampoo - 400ml"
2717,2,"شامبو الفيف هيالورون من لوريال  400 مل"
2718,1,"Head &amp; Shoulders Hair Fall Protection Shampoo for Men 400 ml"
2718,2,"شامبو حماية من تساقط الشعر للرجال من هيد اند شولدرز 400 مل"
2719,1,"Head & Shoulders Hair Fall Protection Shampoo for Men 600ml"
2719,2,"شامبو حماية من تساقط الشعر للرجال من هيد اند شولدرز 600 مل"
2721,1,"Shampoo more volume and vitality from Head &amp; Shoulders 600 ml"
2721,2,"شامبو اكثر كثافة وحيوية  من هيد اند شولدرز 600 مل"
2722,1,"Shampoo more volume and vitality from Head &amp; Shoulders 400 ml"
2722,2,"شامبو اكثر كثافة وحيوية  من هيد اند شولدرز 400 مل"
2723,1,"Shampoo more volume and vitality from Head &amp; Shoulders 190 ml"
2723,2,"شامبو اكثر كثافة وحيوية  من هيد اند شولدرز 190مل"
2724,1,"Head & Shoulders Smooth & Silky Shampoo - 600ml"
2724,2,"شامبو انسيابي وحريري من هيد اند شولدرز 600 مل"
2725,1,"Head & Shoulders Smooth & Silky Shampoo - 400ml"
2725,2,"شامبو اانسيابي وحريري  من هيد اند شولدرز 350مل"
2726,1,"Head & Shoulders Total Care Shampoo 400ml"
2726,2,"شامبو العناية الكاملة  من هيد اند شولدرز 400مل"
2727,1,"Head & Shoulders Smooth & Silky Shampoo - 180ml"
2727,2,"شامبو اانسيابي وحريري  من هيد اند شولدرز 180مل"
2728,1,"Head & Shoulders Anti-Hair Fall Shampoo 180ml"
2728,2,"شامبو ضد تساقط الشعر  من هيد اند شولدرز 180مل"
2729,1,"Head & Shoulders Lemon Fresh Shampoo - 600ml"
2729,2,"شامبو إنتعاش الليمون من هيد اند شولدرز 600 مل"
2730,1,"Temporary tattoo stickers (A1)"
2730,2,"ملصقات وشم مؤقت شكل (A1)"
2731,1,"Temporary tattoo stickers (B1)"
2731,2,"ملصقات وشم مؤقت شكل (B1)"
2733,1,"Amber Legend Body Mist - 250 ml"
2733,2,"بخاخ معطر للجسم من امبر ليجيند - 250 مل"
2734,1,"Emper Legend Femme Refreshing Body Mist"
2734,2,"ميست معطر جسم  ومنعش  ليجيند فام من امبير"
2735,1,"Facio Refreshing Fragrance Mist by Emper - 250 ml"
2735,2,"فاسيو منعش عطر ميست من امبر  250 مل"
2736,1,"Chifon by Emper for Women - Perfume Mist, 250ml"
2736,2,"بخاخ معطر الجسم شيفون من امبر - 250 مل"
2737,1,"Emper Luxe Rouge Body Mist - 250 ml"
2737,2,"بخاخ معطر الجسم لوكس روج من امبر - 250 مل"
2738,1,"Emper Urban Woman Body Mist for Women - 250ml"
2738,2,"معطر الجسم اوربان وومن للنساء من امبر - 250 مل"
2739,1,"CeraVe Hydrating Facial Cleanser for Normal to Dry Skin - 87ml"
2739,2,"منظف الوجه للبشرة العادية الى الجافه من سيرافي - 87مل"
2740,1,"Nunu baby care set of 200 ml - 5 packages"
2740,2,"مجموعة منتجات العناية بالطفل من نونو  سعة العبوه  200 مل - 5 عبوات"
2746,1,"Ember G Body Mist Spray - 250ml"
2746,2,"بخاخ معطر جسم جي من ايمبر 250مل"
2747,1,"Emper Fasio Body Mist - 250 ml"
2747,2,"معطر الجسم فاسيو من امبر - 250 مل"
2748,1,"Emper Lady President Body Mist - 250ml"
2748,2,"معطر جسم ليدي بريزيدنت من امبر 250مل"
2749,1,"Yoko Yogurt Spa Milk Salt – 300g"
2749,2,"ملح الحليب بالزبادي والحليب من يوكو – 300 جم"
2750,1,"Yoko Spa Milk Salt – 300g"
2750,2,"ملح الحليب سبا من يوكو – 300 جم"
2751,1,"Emper Luxe Verde, 250ml"
2751,2,"بخاخ معطر الجسم لوكس فيرت من امبر - 250 مل"
2752,1,"IDEAL PRIVE  Body Splash - 250 ml"
2752,2,"معطر للجسم أيديل من برائيو 250مل"
2753,1,"Bepanthen Skin Care Moisturizing Lotion - 400 ml"
2753,2,"لوشن مرطب للعناية بالبشرة شديدةالجفاف والحساسة من بيبانثين - 400مل"
2754,1,"Bepanthen Moisturizing Lotion for Dry and Sensitive Skin Care - 400ml"
2754,2,"لوشن مرطب للعناية بالبشرة الجافة والحساسة من بيبانثين - 400مل"
2755,1,"X-Care Professional Hair Curler Model (XC-101) Size 19"
2755,2,"جهاز لف الشعر الاحترافية موديل(101 - XC) مقاس 19 من اكس كير"
2757,1,"Pert Plus shampoo with mandarin extract, 600 ml"
2757,2,"شامبو  بخلاصة المندرين من برت بلس 600 مل"
2758,1,"Pert Plus Shampoo with Mandarin Extract - 400ml"
2758,2,"شامبو  بخلاصة المندرين من برت بلس 400مل"
2759,1,"Pert Plus Strength & Shine Shampoo with Henna and Hibiscus Extracts - 600ml"
2759,2,"شامبو قوة ولمعان بخلاصة الحناء والكركديه من برت بلس 600 مل"
2760,1,"Pert Plus Strength & Shine Shampoo with Henna and Hibiscus Extracts - 400 ml"
2760,2,"شامبو قوة ولمعان بخلاصة الحناء والكركديه من برت بلس 400 مل"
2761,1,"Brit Plus Strength and Shine Shampoo with Henna and Hibiscus Extract,200 ml"
2761,2,"شامبو قوة ولمعان بخلاصة الحناء والكركديه من برت بلس 200 مل"
2762,1,"Pert Plus Intensive Repair Shampoo with Argan Oil - 400ml"
2762,2,"شامبو إصلاح مكثف بزيت الارغان من برت بلس 400 مل"
2763,1,"Pert Plus Intensive Repair Shampoo with Argan Oil, 200ml"
2763,2,"شامبو إصلاح مكثف بزيت الارغان من برت بلس 200مل"
2764,1,"Pert Plus Intensive Repair Shampoo with Argan Oil - 600ml"
2764,2,"شامبو إصلاح مكثف بزيت الارغان من برت بلس 600مل"
2765,1,"Brit Plus Shampoo for Damaged Hair with Chamomile Extract, 400 ml"
2765,2,"شامبو للشعر التالف بخلاصة البابونج  من برت بلس 400 مل"
2766,1,"Pert Plus Shampoo for Long Hair with Almond Oil - 400ml"
2766,2,"شامبو للشعر الطويل بزيت اللوز من برت بلس 400 مل"
2767,1,"Pert Plus Anti-Frizz Shampoo with Cactus Oil and Aloe Vera Extracts - 400ml"
2767,2,"شامبو مكافحة التجعد بخلاصة زيت الصبار والالوفيرا  من برت بلس 400 مل"
2768,1,"Pert Plus Anti-Hair Fall Shampoo with Ginger Extract - 400ml"
2768,2,"شامبو ضد تساقط الشعر بخلاصة الزنجبيل من برت بلس 400 مل"
2769,1,"Pert Plus Anti-Hair Fall Shampoo with Ginger Extract - 600ml"
2769,2,"شامبو ضد تساقط الشعر بخلاصة الزنجبيل من برت بلس 600مل"
2770,1,"Pert Plus Anti-Dandruff Shampoo with Coconut Oil and Lemon Extract - 400 ml"
2770,2,"شامبو مضاد للقشرة بزيت جوز الهند وخلاصة الليمون من برت بلس 400 مل"
2771,1,"Brit Plus Anti-Dandruff Shampoo with Coconut Oil and Lemon Extract 200 ml"
2771,2,"شامبو مضاد للقشرة بزيت جوز الهند وخلاصة الليمون من برت بلس 200مل"
2772,1,"Pert Plus Deep Nourishing Shampoo with Olive Oil - 400ml"
2772,2,"شامبو تغذية عميقة بزيت الزيتون من برت بلس 400 مل"
2773,1,"Pert Plus Deep Nourishing Shampoo with Olive Oil - 600ml"
2773,2,"شامبو تغذية عميقة بزيت الزيتون من برت بلس 600مل"
2774,1,"Pert Plus Daily Care Shampoo with Honey Extract - 400 ml"
2774,2,"شامبوعناية يومية بخلاصة العسل من برت بلس 400 مل"
2775,1,"Pert Plus Daily Care Shampoo with Honey Extract - 200ml"
2775,2,"شامبوعناية يومية بخلاصة العسل من برت بلس 200مل"
2776,1,"Pantene Royal Care Shampoo for Damage, 400 ml"
2776,2,"شامبوعناية ملكي للتلف  من بانتين 400 مل"
2777,1,"Roberta hair shampoo 300 ml"
2777,2,"شامبو للشعر من روبيرتا  300 مل"
2778,1,"Summer's Eve Intimate Night Cleansing Wash with Aloe Vera Extract 354ml"
2778,2,"غسول منظف ليلي للمناطق الحساسة بخلاصة صبار الالوفيرا من سمرز ايف 354مل"
2779,1,"Original Glycerin Cream 75ml"
2779,2,"كريم جليسرين الاصلي 75مل"
2780,1,"Dove anti hair loss conditioner 350 ml"
2780,2,"بلسم ضد تساقط الشعر من دوڤ  350 مل"
2781,1,"Dove Nourishing Oils Hair Care Conditioner 350 ml"
2781,2,"بلسم الزيوت المغذية للعناية بالشعر من دوڤ  350 مل"
2782,1,"Dove daily care conditioner for dry hair 350ml"
2782,2,"بلسم العناية اليومية للشعر الجاف من دوڤ  350 مل"
2783,1,"Vatika Shampoo for Dry and Frizzy Hair with Almond and Honey Extracts - 700ml"
2783,2,"شامبو للشعر الجاف والمجعد بخلاصة اللوز والعسل من فاتيكا 700مل"
2784,1,"Vatika Hair Fall Control Shampoo with Aloe Vera and Watercress - 700ml"
2784,2,"شامبوللحماية من تساقط الشعر بالصبار والجرجير من فاتيكا 700مل"
2785,1,"X-Care Professional K6 Ceramic Hair Straightener"
2785,2,"جهاز سيراميك فرد الشعر  بروفيشنال K6 من اكس كير"
2786,1,"X-Care Titanium Hair Straightener FP 128-B"
2786,2,"اَلة فرد الشعر بتقنية التيتانيوم  FP 128-B من اكس كير"
2788,1,"X-Care Ionic Hot Air Brush"
2788,2,"فرشاة الهواء الساخن بتقنية الايونات من اكس كير"
2789,1,"X-Care Professional Hair Dryer - Turkish Made"
2789,2,"جهاز سيشوار بروفيشنال صناعة تركيه من اكس كير"
2790,1,"X-Care Professional Hair Curler Model (XC-103) Size 25mm"
2790,2,"جهاز لف الشعر الاحترافية  موديل (103 - XC) مقاس 25 من اكس كير"
2791,1,"X-Care Professional Hair Curler Model (XC-102) Size 22"
2791,2,"جهاز لف الشعر الاحترافية  موديل (102 - XC) مقاس 22 من اكس كير"
2792,1,"X-Care Professional K7Ceramic Hair Straightener"
2792,2,"جهاز سيراميك فرد الشعر  بروفيشنال K7 من اكس كير"
2793,1,"Moisturizing Body Lotion with Licorice Extract - 500 ml"
2793,2,"لوشن مرطب للجسم بخلاصة عرق السوس 500 مل"
2794,1,"7% Glycolic Acid Toning Solution - Skin Tone Corrector 240ml"
2794,2,"تونر الجليكوليك الطبيعي بنسبة 7% في موحد لون البشرة 240 مل"
2795,1,"La Roche-Posay Cicaplast Baume B5 Soothing Balm for Sensitive and Irritated Skin, 40ml"
2795,2,"بلسم ملطف للبشرة الحساسة والمتهيجة  سيكابلاست بوم B5 من لا روش بوزاي، 40 مل"
2796,1,"Mavala Waterproof Black Mascara for Women"
2796,2,"ماسكارا لون  اسودمضادة للماء للنساء -، من مافالا"
2797,1,"NYX Professional Makeup The Brow Glue Instant Brow Styler"
2797,2,"جل الحواجب ذا براو جلو من NYX بروفيشنال ميكاب"
2798,1,"Eucerin Lip Balm 4.8g"
2798,2,"مرطب شفاه من يوسرين 4.8 جم"
2799,1,"Melano Free Cream for Skin Marks Removal - 20g"
2799,2,"كريم ميلانو فري لازالة علامات الجلد 20جم"
2800,1,"Beesline Flavor-Free Lip Care"
2800,2,"مرطب شفاه خالي من النكهة من بيزلين"
2801,1,"La Roche-Posay Effaclar Duo Corrective Cream and Pore Treatment - 40ml"
2801,2,"كريم  ايفاكلار ديومن لتصحيح البشرة  ومعالجة المسام  من لاروش بوزاي - 40مل"
2802,1,"3W Clinic Pure Natural Collagen Hand Cream - 100ml"
2802,2,"كريم اليدين بالكولاجين الطبيعي النقي من 3 دبليو كلينك 100 مل"
2803,1,"X-Care Inferno Hair Dryer"
2803,2,"جهاز سيشوار انفرنو من اكس كير"
2804,1,"Crystal Pro Hair Styler Model No. MH-2025 by X-Care"
2804,2,"كريستال برو مصفف شعر موديل رقم MH-2025 من اكس كير"
2805,1,"X-Care 2-in-1 Hair Styler Comb"
2805,2,"جهازمشط شعر 2 في 1  من اكس كير"
2806,1,"X-Care Upgraded 3-in-1 Hair Dryer and Straightener"
2806,2,"سشوار اكس كير المطور 3 في 1 المجفف والمنعم الجديد"
2807,1,"X-Care Professional Hair Straightener - Korean Made"
2807,2,"جهاز فرد الشعر اكس كير بروفيشتال  صناعة كوريه"
2808,1,"Fast-Acting Korean Whitening Cream - Results in 5 Days"
2808,2,"كريم كوري مبيض سريع التاثير خلال خمس ايام"
2809,1,"The Miracle Mix Oil with Natural Herbs for Hair Density (Second Generation) 450ml"
2809,2,"زيت الخلطة العجيبة بالأعشاب الطبيعية لكثافة الشعر وتساقط الشعر (الجيل الثاني) 450مل"
2810,1,"Eucerin UreaRepair PLUS 5% Urea Cleansing Gel - 400 ml"
2810,2,"جل تنظيف يوريا ريبير بلس 5% يوريا يوسيرين  400 مل"
2811,1,"Liftactiv Supreme H.A. Wrinkle Filler Serum 30ml"
2811,2,"سيروم ملء تجاعيد البشرة ليفت اكتيف سوبريم اتش. ايه 30 مل"
2813,1,"Pyary Turmeric Soap for Moisturizing and Softening Your Skin - 85g"
2813,2,"صابون بياري الكركم لترطيب وتنعيم بشرتك 85جم"
2814,1,"Lux Fresh Skin Bar Soap, 170g"
2814,2,"صابون بشرة نضرة من لوكس،، 170 جم"
2815,1,"Lux Rich Creamy Soap Bar, 170g"
2815,2,"صابون الكريمة الغنية من لوكس،، 170 جم"
2816,1,"Lux Radiant Skin Soap, 120g"
2816,2,"صابون بشرة متألقة من لوكس،، 120 جم"
2817,1,"Lifebuoy Mild Care Antibacterial Soap for You and Your Baby - 125g"
2817,2,"صابون مضاد للبكتيرياء عناية ناعمة لك و لطفلك من لايف بوي 125 جم"
2818,1,"Kenza Skin Whitening and Beauty Cream - 50g"
2818,2,"كريم  لتبييض وتجميل البشرة  من كنزة 50 جم"
2819,1,"Cofix Bright Hand Care Cream - 75ml"
2819,2,"كريم برايت للعناية باليدين من كوفيكس 75مل"
2820,1,"Temporary tattoo stickers (A2)"
2820,2,"ملصقات وشم مؤقت شكل (A2)"
2821,1,"Temporary tattoo stickers (A3)"
2821,2,"ملصقات وشم مؤقت شكل (A3)"
2822,1,"Temporary tattoo stickers (A4)"
2822,2,"ملصقات وشم مؤقت شكل (A4)"
2827,1,"Aloe Eva Shampoo with Aloe Vera Extract, Special Offer 1+1"
2827,2,"شامبو بخلاصة صبار الالوفيرا من الو ايفا، عرض خاص1+1"
2828,1,"Aloe Eva Shampoo with Aloe Vera and Lanolin for Dry Hair, Special Offer 1+1"
2828,2,"شامبو بخلاصة الصبار واللانولين للشعر الجاف من الو ايفا، عرض خاص1+1"
2829,1,"Aloe Eva Hair Oil with Aloe Vera, Special Offer 1+1"
2829,2,"زيت الشعر بالصبار من الو ايفا، عرض خاص1+1"
2832,1,"One Hair Removal Cream for Normal Skin with Lanolin, 140 ml"
2832,2,"كريم ون لازالة الشعر للبشرة العادية مع اللانولين، 140 مل"
2833,1,"Bio-Oil Skincare Oil 125ml"
2833,2,"بيو أويل زيت لعلاج الندوب وعلامات التمدد -125 مل"
2834,1,"Bio-Oil Skincare Oil - 25ml"
2834,2,"زيت للعناية بالبشرة من بيو اويل 25مل"
2835,1,"Bio-Oil Skincare Oil - 200ml"
2835,2,"زيت للعناية بالبشرة من بيو اويل 200مل"
2836,1,"Bio-Oil Dry Skin Gel, 100ml"
2836,2,"جل بيو اويل للبشرة الجافة، 100مل"
2837,1,"Bio-Oil Dry Skin Gel, 200ml"
2837,2,"جل بيو اويل للبشرة الجافة، 200مل"
2838,1,"Bio-Oil Moisturizing Body Oil 250ml"
2838,2,"زيت بيو اويل لترطيب الجسم 250مل"
2839,1,"Bio-Oil Moisturizing Body Oil 175 ml"
2839,2,"بايو أويل كريم لوشن للجسم - 175 مل"
2840,1,"One Rose Scent Hair Removal Cream for Sensitive Skin with Chamomile, 140 ml"
2840,2,"كريم ون برائحة الورد لازالة الشعر للبشرة الحساسة بالكاموميل ، 140 مل"
2841,1,"One Hair Removal Cream for Normal Skin with Lanolin, 140 ml"
2841,2,"كريم ون لازالة الشعر الزائد للبشرة العادية مع اللانولين، 140 مل"
2842,1,"Spotless cream for spots and acne. 18g"
2842,2,"كريم سبوتلس للبقع وحب الشباب. 18جم"
2843,1,"Tooth powder with fluorine from Eva Smokers, 40 gm"
2843,2,"بودرة اسنان بالفلورين من ايفا سموكرس 40جم"
2844,1,"Eva Smokers Tooth Powder with Clove Oil - 40g"
2844,2,"بودرة اسنان بزيت القرنفل من ايفا سموكرس 40جم"
2845,1,"Eva Smokers tooth powder with miswak, 40 gm"
2845,2,"بودرة اسنان بالمسواك من ايفا سموكرس 40جم"
2846,1,"Eva Skincare Evasline Hand Scrub - 50 gm"
2846,2,"مقشر اليدين سكين كير ايفازلين من ايفا - 50 جم"
2847,1,"Gold Argan conditioner for all hair types - 230 ml"
2847,2,"بلسم جولد ارجان لجميع انواع الشعر - 230 مل"
2848,1,"Eva Face Wash and Makeup Remover Enriched with Yogurt and Cucumber - 150 ml"
2848,2,"غسول وجه ومزيل المكياج غني بالزبادي والخيار  من ايفا - 150 مل"
2849,1,"Eva Face Wash Rich in Honey - 150 ml"
2849,2,"غسول وجه غني بالعسل من ايفا - 150 مل"
2850,1,"Eva B-White Skin Whitening Cream for Oily Skin, 50ml"
2850,2,"كريم ايفا بى وايت لتفتيح للبشرة الدهنية من ايفا ، 50مل"
2851,1,"Eva B-White Night Whitening Cream, 50 ml"
2851,2,"كريم ايفا بى وايت لتفتيح الليلي من ايفا ، 50 مل"
2852,1,"Eva B-White Day Skin Whitening Cream, 50ml"
2852,2,"كريم ايفا بى وايت لتفتيح النهاري من ايفا ، 50مل"
2853,1,"Eva B-White Lightening Cream for Oily Skin by Eva, 100 ml"
2853,2,"كريم ايفا بى وايت لتفتيح للبشرة الدهنية من ايفا ، 100 مل"
2854,1,"Protein for hair treatment from Sorali 1 kg"
2854,2,"بروتين لمعالجة الشعر من سورالي 1 كجم"
2855,1,"Sebamed Lip Defense Lip Balm Strawberry Flavor, 4.8 gm"
2855,2,"مرطب شفاه ليب ديفينس من سيباميد نكهة فراولة،  4.8 جم"
2856,1,"Sebamed Multi-Protect Sun Lotion SPF 50, 150ml"
2856,2,"لوشن متعدد الحماية من الشمس SPF50 من سيباميد، 150 مل"
2857,1,"Sebamed Cherry Lip Defense"
2857,2,"مرطب شفاه بالكرزمن سيباميد"
2858,1,"Sebamed Lip Defense Lip Balm"
2858,2,"مرطب شفاه لحماية الشفاه من سيباميد"
2860,1,"Bebicom Ultra-Soft Aloe Vera Skin Cream - 75ml"
2860,2,"كريم الصبار ببيكوم فائق النعومة للبشرة 75مل"
2861,1,"Anti-Hair Loss Shampoo 200ml"
2861,2,"شامبو ضد تساقط الشعر 200مل"
2862,1,"Sebamed Moisturizing Body Lotion - 200 ml"
2862,2,"لوشن مرطب للبشرة الحساسة من سيباميد 200 مل"
2863,1,"Baby Diaper Area Skin Care Oil - 150ml"
2863,2,"زيت العناية بالبشرة لمنطقة الحفاض للأطفال 150مل"
2865,1,"Sebamed Clear Face Deep Cleansing Facial Toner for Youth, 150 ml"
2865,2,"تونر التنظيف العميق للوجه كلير فيس من سيباميد، للشباب، 150 مل"
2866,1,"Color Care Shampoo 200ml"
2866,2,"شامبو العناية بلون الشعر 200مل"
2867,1,"Daily Use Shampoo 200ml"
2867,2,"شامبوالاستخدام اليومي 200مل"
2868,1,"Hair repair conditioner 200ml"
2868,2,"بلسم لإصلاح الشعر من سيباميد  200مل"
2869,1,"Sebamed Liquid Face and Body Wash - 200ml"
2869,2,"غسول سائل للجسم والوجه من سيباميد 200مل"
2870,1,"Sebamed Sensitive Skin Moisturizing Cream 75ml"
2870,2,"كريم مرطب للبشرة الحساسة من سيباميد 75مل"
2872,1,"Bebicom Whitening Glycerin Cream - 75 ml"
2872,2,"كريم بيبيكوم  للتبييض من جليسرين 75 مل"
2873,1,"Lens Me Cosmetic Lenses - Snowy"
2873,2,"عدسات لنس مي تجمليه لون ثلجي"
2874,1,"Lens Me Cosmetic Lenses - Cortado"
2874,2,"عدسات لنس مي تجمليه لون كورتادو"
2875,1,"Lens Me Cosmetic Lenses - Gray"
2875,2,"عدسات لنس مي تجمليه لون رمادي"
2876,1,"Lens Me Cosmetic Contact Lenses - Lime"
2876,2,"عدسات لنس مي تجمليه لون لايم"
2877,1,"Lens Me Cosmetic Lenses - Cloud"
2877,2,"عدسات لنس مي تجمليه لون سحابي"
2878,1,"Lens Me Cosmetic Lenses - Sugar Gray"
2878,2,"عدسات لنس مي تجمليه لون رمادي سكري"
2879,1,"Lens Me Cosmetic Lenses - Sky Blue"
2879,2,"عدسات لنس مي تجمليه لون ازرق سماوي"
2880,1,"Lens Me Cosmetic Lenses - Contour"
2880,2,"عدسات لنس مي تجمليه لون كنتور"
2882,1,"Agiss Antioxidant Sponge Nail Polish Remover - 60 ml"
2882,2,"مزيل طلاء اظافر بأسفنجة مضاد للتأكسد من اجيس 60 مل"
2883,1,"Agiss Liquid Nail Polish Remover with Vanilla Flower - 125 ml"
2883,2,"مزيل طلاء اظافر سائل بزهرة الفانيلا  من اجييس 125 مل"
2884,1,"Some By Mi Bye Bye Blackhead 30 Days Miracle Green Tea Tox Bubble Cleanser, 120ml"
2884,2,"غسول وجه  باي باي بلاكهيد 30 دايز ميراكل من سوم باي مي، 120 مل"
2885,1,"Essence Lash & Brow Gel Mascara - Clear"
2885,2,"ماسكرا للرموش والحواجب من ايسنس - شفاف"
2886,1,"Fashkool Fruit Extract Hot Oil Cream Hair Mask - 500 ml"
2886,2,"ماسك كريم حمام الزيت بخلاصة الفواكه  من فاشكول  500 مل"
2887,1,"Fashkool Hot Oil Hair Mask with Aloe Vera Extract - 500 ml"
2887,2,"ماسك كريم حمام الزيت بخلاصة الصبار من فاشكول  500 مل"
2888,1,"Fashkool Hot Oil Cream Mask with Coconut Extract - 500ml"
2888,2,"ماسك كريم حمام الزيت بخلاصة جوز الهند من فاشكول  500 مل"
2889,1,"Dettol Cool Antibacterial Body Wash 500ml"
2889,2,"جل استحمام ديتول كول المضاد للبكتيريا 500مل"
2890,1,"Dettol Soothing Body Wash with Apple and Aloe Vera - 500ml"
2890,2,"غسول الجسم الملطف بالتفاح والصبار من ديتول - 500 مل"
2891,1,"Dettol Original Anti-Bacterial Body Wash - 500ml"
2891,2,"غسول الجسم اوريجينال مضاد للبكتيريا من ديتول 500مل"
2893,1,"Johnson's Bedtime Baby Lotion - 500ml"
2893,2,"لوشن ما قبل النوم للأطفال من جونسون 500 مل"
2894,1,"Lifebuoy Charcoal & Mint Liquid Hand Wash - 500ml"
2894,2,"صابون سائل  لليدين بالفحم والنعناع 500 مل من لايفبوي"
2895,1,"BlanX Natural Activated Charcoal Toothpaste 75ml"
2895,2,"معجون اسنان بالفحم الطبيعي النشط  بلانكس 75مل"
2896,1,"Carefree Fragrance-Free Pantyliners - 20 Pieces"
2896,2,"فوط خاليه من العطورمن كيرفري 20 قطعة"
2898,1,"Carefree Fresh Scent Daily Liners - 20 Count"
2898,2,"فوط ذات عطر منعش من كيرفري 20 قطعة"
2899,1,"Carefree Lightly Scented Pantyliners - 48 Pieces"
2899,2,"فوط ذات عطرخفيف من كيرفري 48 قطعة"
2900,1,"Carefree Unscented Pantyliners - 56 Pieces"
2900,2,"فوط بدون عطر من كيرفري 56 قطعة"
2901,1,"Carefree Fresh Scent Pantyliners - 20 Pieces"
2901,2,"فوط ذات عطرمنعش من كيرفري 20 قطعة"
2902,1,"Carefree Lightly Scented Daily Pantyliners - 20 Pieces"
2902,2,"فوط ذات عطرخفيف من كيرفري 20 قطعة"
2904,1,"Daily Intimate Wash with Green Tea and Aloe Vera - 200ml"
2904,2,"غسول يومي للمناطق الحساسه بالشاي الاخصروالصبار200مل"
2905,1,"Wella Koliston Hair Color Cream with Argan Oil (Light Brown - 305/0) - 110 ml"
2905,2,"كريم صبغة شعر كوليستون مع زيت الارغان ( لون بني فاتح - 305/0) من ويلا - 110 مل"
2906,1,"Wella Koleston Hair Color Cream with Argan Oil (Dark Brown - 303/0) - 110 ml"
2906,2,"كريم صبغة شعر كوليستون مع زيت الارغان ( لون بني غامق - 303/0) من ويلا - 110 مل"
2907,1,"Wella Koleston Hair Color Cream with Argan Oil (Dark Ash Blonde - 306/1) - 110 ml"
2907,2,"كريم صبغة شعر كوليستون مع زيت الارغان ( لون اشقر رمادي غامق - 306/1) من ويلا - 110 مل"
2908,1,"Sorali Hair Treatment Protein - 150g"
2908,2,"بروتين لمعالجة الشعر من سورالي 150جم"
2909,1,"Nunu Baby Shampoo 800ml - 2 Pieces"
2909,2,"نونو شامبو استحمام للأطفال 800 مل - قطعتين"
2910,1,"Bepanthen Restorative Lotion for Dry Skin - 200ml"
2910,2,"لوشن اعاده ترميم   للبشره الجافه من بيبانثين - 200م"
2911,1,"Bepanthen Restorative Lotion for Very Dry Skin - 200ml"
2911,2,"لوشن اعاده ترميم   للبشره شديده الجفاف من بيبانثين - 200م"
2912,1,"Licorice Offer with Free Papaya Lotion"
2912,2,"عرض عرق السوس مع لوشن بابايا مجانا"
2913,1,"Neo Hair Lotion Offer with Free Dermaroller"
2913,2,"عرض لوشن  نيو هير مع ديرمارول مجانا"
2914,1,"Glow & Lovely Multi-Vitamin Cream 100g + Face Wash 45ml (Free)"
2914,2,"كريم متعدد الفيتامينات 100 غرام + غسول للوجه 45 مل (مجانا) من جلو اند لافلي"
2915,1,"3W Clinic Pure Natural Collagen Hand Cream 100ml Offer with Free Eskinol Facial Cleanser"
2915,2,"عرض كريم اليدين بالكولاجين الطبيعي النقي من 3 دبليو كلينك 100 مل مع غسول وجه اسكينول مجانا"
2916,1,"Agadir Moisturizing Shampoo with Argan Oil and Biotin - 366 ml"
2916,2,"أغادير شامبو مرطب بخلاصة زيت الارجان والبيوتين 366 مل"
2917,1,"Monthly Lenses Offer with Free Daily Lens (Write the color name in the notes)"
2917,2,"عرض عدسات شهرية مع عدسة يومية مجانا(اكتب اسم اللون في الملاحظات)"
2918,1,"QV Cream 500ml Offer with Three Krem Kap Sachets and Free Biorepair Plus Toothpaste 15ml"
2918,2,"عرض كريم كيوفي 500مل  مع ثلاث شرائح كريم كاب ومعجون بيوريبير بلص 15 مل   مجانا"
2919,1,"Eucerin Roughness Relief Lotion 500ml with Free Eucerin Hand Cream 78g Offer"
2919,2,"عرض لوشن  تنعيم البشرة الخشنه من يوسرين   500 مل مع كريم يد يوسرين 78جم مجانا"
2921,1,"Garnier Ultra Doux Oil Replacement Shampoo, 200 ml"
2921,2,"شامبو حمام زيت الترا دوكس من غارنيير ،200 مل"
2922,1,"Garnier Nourishing Shampoo with Avocado Oil, 200 ml"
2922,2,"شامبو مغذي بزيت الافوكادو من غارنيير ، 200 مل"
2923,1,"Dove Beauty Finish Stick 40g"
2923,2,"دوف ستيك بيوتي فينيش 40 جرام"
2924,1,"Dove Powder Soft Antiperspirant Deodorant Stick 40g"
2924,2,"دوف مزيل العرق باودر سوفت استيك 40 جم"
2925,1,"Dove Ultimate Repair Deodorant Stick with Soothing Jasmine Scent - 40g"
2925,2,"دوف مزيل عرق ستيك ألتيميت ريبير برائحة الياسمين الملطف - 40 جم"
2926,1,"Dove Deodorant Rest Ritual 40g"
2926,2,"دوف ديودورانت ريست طقوس 40 جم"
2927,1,"Dove Invisible Antiperspirant Deodorant Stick 40ml"
2927,2,"دوف مزيل عرق ستيك إنفيزابل 40مل"
2928,1,"Dove Unscented Deodorant Stick 40ml"
2928,2,"دوف مزيل عرق ستيك خالي من العطر 40مل"
2929,1,"Coconut Smoothing Shampoo 479ml - IB"
2929,2,"شامبو لتنعيم جوز الهند 479 مل - IB"
2930,1,"Lux Glowing Skin Bar Soap, 75g"
2930,2,"صابون بشرة متألقة من لوكس،، 75 جم"
2931,1,"Lux Fresh Skin Bar Soap, 120g"
2931,2,"صابون بشرة نضرة من لوكس،، 120 جم"
2932,1,"Disaar Collagen & Argan Oil Hair Coloring Shampoo - Black, 8 Minutes, 400ml"
2932,2,"شامبو تلوين الشعر بالكولاجين وزيت الارجان ديسار لون  اسود 8 دقايق 400 مل"
2933,1,"Disaar Eau Thermale Moisturizing Sunscreen Cream SPF 60 - 80ml"
2933,2,"كريم أو ثيرمال مرطب واقي من الشمس بعامل حماية 60 من ديسار 80مل"
2934,1,"Disaar Hyaluronic Acid Moisturizing Face Lotion (100ml)"
2934,2,"لوشن مرطب للوجه بخلاصة حمض الهيالورونيك من ديسار(100 مل)"
2935,1,"Disaar Beauty Vitamin C Face Brightening Foundation – 50g"
2935,2,"كريم أساس غني بفيتامين C ومضاد للماء لتفتيح البشرة من ديسار بيج - 50جرام"
2936,1,"Disaar Vitamin-Enriched Sunscreen Cream - 50g"
2936,2,"كريم وقي من اشعة الشمس بالفيتامينات  من ديسار- 50جرام"
2937,1,"Hobby 24X7 Hair Styling Cream for Curly and Wavy Hair - 250 ml"
2937,2,"كريم لتصفيف الشعر 24X7 لشعر كيرلي ومتموج من هوبي 250 مل"
2938,1,"Renew Glutathione Skin Whitening Soap, 135 GMS"
2938,2,"صابون الجلوتاثين لتبييض البشرة من رنيو، 135 GMS"
2939,1,"Some By Mi AHA, BHA, PHA 30 Days Miracle Cream - Skin Soothing 60g"
2939,2,"كريم المعجزة باحماض الفا وبيتا وبولي هيدروكسي 30 يوم وتهدئة البشرة من سوم باي مي 60ج"
2940,1,"Some By Mi AHA, BHA, PHA 30 Days Miracle Toner for Skin Brightening - 150ml"
2940,2,"تونر المعجزة باحماض الفا وبيتا وبولي هيدروكسي 30 يوم وتفتيح البشرة من سوم باي مي 150مل"
2942,1,"Beesline 5-in-1 Instant Brightening Face Wash - 150ml"
2942,2,"غسول وجه 5 في 1 لإنارة فورية من بيزلين 150 مل"
2943,1,"Beesline Hajj & Umrah Kit - Shampoo + Cream + Soap + Prayer Beads"
2943,2,"مجموعة الحج والعمرة  شامبو + كريم+ صابون +مسبحة من بيزلين"
2944,1,"Beesline Daily Use Hair & Body Shampoo - 150ml"
2944,2,"شامبو للإستعمال اليومي للشعر والجسم من بيزلين 150 مل"
2945,1,"Jordan Kids Toothpaste 0-5 Years - 50ml"
2945,2,"معجون اسنان للأطفال من 0 الى 5 سنوات من جوردن 50 مل"
2946,1,"Jordan Kids Toothpaste 6-12 Years - 50 ml"
2946,2,"معجون اسنان للأطفال من6 الى12 سنوات من جوردن 50 مل"
2947,1,"Pure Beauty Deodorant with Licorice Extract - 50 ml"
2947,2,"مزيل عرق بخلاصة عرق السوس من بيور بيوتي 50 مل"
2948,1,"Pure Beauty Soft Touch Deodorant - 50 ml"
2948,2,"مزيل عرق لمسة ناعمة من بيور بيوتي 50 مل"
2949,1,"Pure Beauty Roll-On Deodorant 50ml"
2949,2,"مزيل عرق رول اون  من بيور بيوتي 50 مل"
2950,1,"Pure Beauty Q10 Deodorant - 50 ml"
2950,2,"مزيل عرق كيو 10 من بيور بيوتي 50 مل"
2951,1,"Beesline Anti-Wrinkle Facial Sunscreen Fluid SPF 50+, 40ml"
2951,2,"واقي شمسي للوجه مضاد للتجاعيد تركيبة سائلة بدرجة 50+من بيزلين 40مل"
2952,1,"Gillette Razors for Women (12 Pieces)"
2952,2,"شفرة حلاقة  للنساء من جيليت (12 قطع)"
2953,1,"Gillette Men's Razors (14 Pieces)"
2953,2,"شفرة حلاقة  رجال من جيليت (14 قطع)"
2955,1,"Bioderma Purifying Cleansing Foaming Gel for Oily and Acne-Prone Skin - 200ml"
2955,2,"جل غسول منظف للبشرة الدهنية المعرضة لحب الشباب من بيودرما 200مل"
2956,1,"Al Arayess Liquid Nail Polish Remover - 120ml"
2956,2,"مزيل طلاء الاظافر سائل  العرايس 120مل"
2957,1,"Strawberry Mouth Freshener Spray - 200 Sprays"
2957,2,"بخاخ  معطر للفم بنكهة الفرولة 200 بخه"
2958,1,"Mint Mouth Freshener Spray - 200 Sprays"
2958,2,"بخاخ  معطر للفم بنكهة النعناع 200 بخه"
2960,1,"BlanX Whitening Mouthwash with Natural Activated Charcoal - 500ml"
2960,2,"غسول الفم المبيض بالفحم الطبيعي النشط من بلانكس 500مل"
2961,1,"Gillette MACH3 Turbo Razor + 1 Blade 1PCS"
2961,2,"جيليت MACH3 توربو الحلاقة +1BLD 1PCS"
2962,1,"Gillette Blue 3 Comfort Disposable Razors - 8 Pieces"
2962,2,"شفرات حلاقة بلو 3 كومفورت من جيليت 8 قطع"
2963,1,"Gillette Blue 3 Smart Razor 9+4 Cartridges"
2963,2,"جيليت بليو 3 سمارت مكينة حلاقة 9+4  رؤوس"
2965,1,"Gillette Blue 2 Disposable Razors for Women 5+2 Free"
2965,2,"مكينة خلاقة جيليت بليو 2 للنساء 5+2أمواس"
2966,1,"Gillette Simply Venus for Women - 4 Pieces"
2966,2,"جيليت سيمبلي فيونس للنساء 4 قطع"
2967,1,"Gillette Blue II Women's Razors 10 + 5 Free"
2967,2,"جليت بلو 2 النسائية 10 + 5"
2971,1,"Dorco Shai 2 Soft Razor for Women - 5 Blades"
2971,2,"شفرات حلاقة ناعمة شاي 2 للنساء 5 شفرات - دوركو"
2978,1,"Dorco Shai 2 Soft Disposable Razors for Women - 10 Razors"
2978,2,"شفرات حلاقة ناعمة شاي 2 للنساء 10 شفرات - دوركو"
2980,1,"Gillette Body Disposable Razors - 3 Count"
2980,2,"جيليت بودى مكينة حلاقة للجسم 3 مكينة"
2981,1,"Gillette Venus Riviera with Aloe Vera Extract for Women - 2 Disposable Razors"
2981,2,"جيليت فينس رفيرا بخلاصة الصبار للنساء 2 موس من  قطعتين"
2982,1,"Wella Koleston Hair Color Cream Offer with Argan Oil - 110 ml"
2982,2,"عرض كريم صبغة شعر كوليستون مع زيت الارغانن ويلا - 110 مل"
2983,1,"Avalon Avogain 2% Solution Spray for Women - 50ml"
2983,2,"محلول بخاخ افوجين 2% للنساء من افالون 50مل"
2984,1,"Prenvita Pro Semi-Gel Korean Masks"
2984,2,"اقنعة كورية فرينفيتا برو سيميجل"
2985,1,"Kai Facial and Eyebrow Hair Removal Razors - 3 Razors"
2985,2,"شفرات ازالة شعر الوجه والحاجب 3 شفرات - كاي"
2986,1,"Bigen Permanent Powder Hair Color - Dark Brown"
2986,2,"مسحوق مادة صبغ الشعر بني غامق من بايجن"
2987,1,"Biorepair Mouthwash 500ml"
2987,2,"غسول الفم من بيوريبير 500 مل"
2988,1,"Beesline Roll-On Deodorant Cotton Softness - 50ml"
2988,2,"مزيل عرق  رول نعومة القطن  من بيزلين 50 مل"
2989,1,"Beesline Damask Rose Soap, 85g"
2989,2,"صابون ورد جوري من بيزلين، 85جرام"
2990,1,"Beesline Whitening and Smoothing Facial Soap - 60g"
2990,2,"صابون مفتح ومنعم للوجه من بيزلين  60جرام"
2991,1,"Beesline Facial Wash for Oily and Combination Skin - 250 ml"
2991,2,"غسول الوجه للبشرة الدهنية والمختلطة من بيزلين 250 مل"
2992,1,"NIVEA Men Dry Impact Deodorant Roll-On, 50 ml"
2992,2,"مزيل للعرق للرجال، دراي إمباكت من نيڤيا،  50 مل"
2993,1,"Nivea Protect & Care Deodorant, 50 ml"
2993,2,"مزيل للعرق بروتيكت اند كير من نيڤيا،  50 مل"
2994,1,"NIVEA Fresh Power Deodorant, 50 ml"
2994,2,"مزيل للعرق فريش باور من نيڤيا،  50 مل"
2995,1,"Nivea Men Deep Black Carbon Deodorant Roll-On, 50 ml"
2995,2,"مزيل للعرق للرجال،بالكربون الاسود من نيڤيا،  50 مل"
2996,1,"NIVEA Dry Comfort 72h Anti-Perspirant Deodorant, 50ml"
2996,2,"مزيل للعرق دراي كومفورت لمدة 72 ساعة من نيڤيا،  50 مل"
2997,1,"Voox DD Cream Aura Radiant Whitening Lotion with SPF 50"
2997,2,"لوشن دي دي كريم اورا من فوكس للتفتيح المشرق، بعامل حماية من الشمس بدرجة 50"
2998,1,"Nivea Moisturizing Cream 250ml"
2998,2,"كريم نيفيا مرطب للبشرة 250مل"
2999,1,"Nivea Moisturizing Cream 400ml"
2999,2,"كريم نيفيا مرطب للبشرة 400مل"
3000,1,"Beesline Instant Bright Face Toner - 200ml"
3000,2,"تونر للوجه لاناره فوريه من بزلين 200مل"
3001,1,"Fragrance-Free Instant Glow Water Cleanser - 400ml"
3001,2,"منضف مائي لاناره فورية خالي من العطر400مل"
3002,1,"Beesline Micellar Water Cleanser - 400ml"
3002,2,"منضف مائي من بيزلين 400مل"
3003,1,"Beesline Micellar Water Makeup Remover - 100ml"
3003,2,"مزيل مكياج مائي من بيزلين 100مل"
3004,1,"Beesline Instant Brightening Day Cream - 50ml"
3004,2,"كريم النهار لاناره فورية من بزلين 50مل"
3005,1,"Beesline Instant Brightening Face Serum - 30ml"
3005,2,"سيريوم الوجه لاناره فوريه من بزلين 30مل"
3006,1,"Beesline Instant Brightening Eye Contour Cream 15ml"
3006,2,"كريم لمدار العين لاناره فوريه من بزلين 15مل"
3007,1,"Comix Papaya Whitening Hand and Body Lotion - 500 ml"
3007,2,"لوشن بابايا مبيض لليدين والجسم    من كوميكس 500 مل"
3008,1,"Mandy Care Rosemary Oil - 125 ml"
3008,2,"زيت اكليل الجبل من ماندي كير - 125 مل"
3009,1,"Hemani Rosemary Oil - 250ml"
3009,2,"زيت اكليل الجبل من هيماني -250 مل"
3010,1,"Vatika Splash Effect Hair Styling Gel - 250ml"
3010,2,"جل تثبيت الشعر سبلاش افيكت من فاتيكا - 250مل"
3011,1,"Johnson's Baby Cream - 100ml"
3011,2,"كريم بيبي من جونسون  100مل"
3012,1,"Nail Glue"
3012,2,"غراء اظافر"
3013,1,"Disaar Collagen & Argan Oil Hair Color Shampoo - Brown, 8 Minutes, 400ml"
3013,2,"شامبو تلوين الشعر بالكولاجين وزيت الارجان ديسار لون  بني  8 دقايق 400 مل"
3014,1,"Avalon Avogain 5% Solution Spray for Women - 50ml"
3014,2,"محلول بخاخ افوجين5% للنساء من افالون 50مل"
3015,1,"Cetaphil Brightening Day Protection Cream SPF 15 - 50g"
3015,2,"كريم نهاري للحماية لإشراقة البشرة5SPF1  سيتافيل 50 جم"
3016,1,"CeraVe Moisturizing Facial Lotion with SPF - 50g"
3016,2,"سيرافي لوشن لترطيب الوجة للبشرة الجافة والحساسة مع واقي شمس قوة 25 - 50مل"
3017,1,"Eucerin Anti-Wrinkle Face Day Cream - 48g"
3017,2,"كريم الوجه النهاري المضاد للتجاعيد  من يوسرين 48جم"
3018,1,"Eucerin Anti-Wrinkle Night Face Cream 48g"
3018,2,"كريم الوجه الليلي المضاد للتجاعيد  من يوسرين 48جم"
3019,1,"Max Rosemary Drops - 30ml"
3019,2,"قطرة اكليل الجبل  من ماكس- 30مل"
3020,1,"Johnson's Water Baby Wipes - 72 Wipes"
3020,2,"منديل بالماء للاطفال من جونسون 72منديل"
3021,1,"Johnson's Baby Oil with Aloe Vera - 500ml"
3021,2,"زيت للاطفال بالصبار من جونسون 500 مل"
3022,1,"Garnier Nourishing Avocado Oil Shampoo, 600ml"
3022,2,"شامبو مغذي بزيت الافوكادو من غارنيير ، 600مل"
3023,1,"Garnier Ultra Doux Mythic Olive Ultra Nourishing Shampoo, 600ml"
3023,2,"شامبو فائق التغذية الترا دوكس من غارنيير ، 600 مل"
3024,1,"Garnier Ultra Doux Oil Replacement Shampoo, 600ml"
3024,2,"شامبو حمام زيت الترا دوكس من غارنيير ،600 مل"
3025,1,"Original Glycerin Cream - 50ml"
3025,2,"كريم جليسرين الأصلي - 50مل"
3026,1,"Peppermints Strawberry Breath Strips - 5g"
3026,2,"شرائح لرائحة الفم بالفراوله من بيبرمينتس 5جم"
3027,1,"Dr. Davey Licorice Extract Cleansing and Whitening Skin Gel - 500ml"
3027,2,"جل منظف ومبيض للبشرة بخلاصة عرق السوس من دكتور ديفي - 500 مل"
3028,1,"Mandi Care Licorice Extract Shower Gel - 500 ml"
3028,2,"جل استحمام بخلاصة عرق السوس  ماندي كير - 500 مل"
3029,1,"Dudu-Osun Black Soap 150g"
3029,2,"الصابون الاسود من ديوديو اسون 150 جم"
3030,1,"Cetaphil Moisturizing Lotion for Dry to Normal, Sensitive Skin - 473ml"
3030,2,"لوشن مرطب خالي من العطور من سيتافيل للبشرة الجافه والعادية والحساسة - 473مل"
3031,1,"Cetaphil PRO Foaming Wash for Very Dry and Itchy Skin - 236 ml"
3031,2,"غسول رغوة للبشرة شديدة الجفاف والمصابة بالحكه  من سيتافيل برو 236 مل"
3032,1,"Bliluma Advance Body Lotion for Skin Brightening - 100ml"
3032,2,"لوشن الجسم بليلوما ادفانس لتفتيح البشره  100مل"
3033,1,"Cetaphil Baby Daily Lotion & Wash 300ml"
3033,2,"غسول يومي للأطفال من سيتافيل 300مل"
3034,1,"Mandy Care Licorice Skin Care Cream - 50 ml"
3034,2,"كريم عرق السوس للعناية بالبشرة من ماندي كير 50 مل"
3035,1,"Len Rose Licorice Balm for Cracked Heels - 100g"
3035,2,"بلسم عرق السوس للكعب المتصدع من لن روز 100 جم"
3036,1,"Exa Licorice Body Lotion 500ml"
3036,2,"لوشن الجسم بعرق السوس اكسا 500مل"
3037,1,"Cetaphil Gentle Skin Cleanser for Dry and Sensitive Face and Body - 236ml"
3037,2,"غسول منظف لطيف لبشرة الوجه والجسم الجافة والحساسة من سيتافيل 236مل :"
3038,1,"Feminine Wipes with Musk Scent and Aloe Vera Extract - 20 Wipes"
3038,2,"مناديل نسائية برائحة المسك مع خلاصة الصبار 20 منديل"
3039,1,"Garnier Nourishing Shampoo with Precious Honey Benefits, 600ml"
3039,2,"شامبو مغذي بفوائد العسل القيمة من غارنيير ، 600مل"
3040,1,"Colgate Optic White Charcoal Toothpaste 75ml"
3040,2,"معجون أسنان اوبتك وايت بالفحم من كولجيت 75 مل"
3041,1,"Vaseline Lip Therapy Rosy Lips with Rose and Almond Oil - 20g"
3041,2,"مرطب شفاه بزيت الورد واللوز من ليب ثيرابي من فازلين 20 جم"
3043,1,"Signal Complete Toothpaste - 100ml"
3043,2,"معجون اسنان المتكامل من سيجنال - 100مل"
3046,1,"Dove Matcha Green Tea & Sakura Blossom Scent Body Wash with Loofah, 250ml"
3046,2,"سائل استحمام بشاي الماتشا الأخضر وعطر زهور الساكورا  مع ليفة من دوف 250مل"
3047,1,"Cetaphil Moisturizing Lotion for Dry to Normal and Sensitive Skin - 118ml"
3047,2,"لوشن ترطيب للبشرة الجافة الى العادية والحساسة من سيتافيل 118مل"
3048,1,"Gillette Deodorant with Blue Beads - 75ml"
3048,2,"مزيل عرق بالحبيبات الزرقاء من جليت 75مل"
3049,1,"Beautentty Licorice Soap 600g"
3049,2,"صابونية عرق السوس من بيوتنتتي 600جم"
3050,1,"OZ Naturals Vitamin C Facial Cleanser, 118 ml"
3050,2,"غسول للوجه بفيتامين C من او زد ناتشورالز، 118 مل"
3051,1,"L'Oréal Paris Fortifying Shampoo 370ml"
3051,2,"شامبو فور تيفكنت من لوريال باريس 370مل"
3052,1,"Kojie San Skin Lightening Soap 135g"
3052,2,"صابون كوجي سان لتفتيح البشرة 135 جم"
3053,1,"UltraMax Powder Deodorant for Women - 28g"
3053,2,"مزيل عرق للنساء  الترا ماكس  باودر للنساء - 28جم"
3054,1,"Exa Oud and Amber Salt Scrub - 800g"
3054,2,"مقشر الملح بالعود والعنبر من إكسا 800جم"
3055,1,"Exa Moroccan Siqla with Amber Wood - 800g"
3055,2,"الصقلة المغربية بخشب العنبر  من إكسا 800جم"
3056,1,"Exa Aker Fassi Sugar Scrub - 600g"
3056,2,"مقشرالسكر بالعكر الفاسي  من إكسا 600جم"
3057,1,"Exa Oud and Amber Sugar Scrub - 600g"
3057,2,"مقشر السكر بالعود والعنبر من إكسا 600جم"
3058,1,"Aksa Moroccan Siqla Balls - 600g"
3058,2,"الصقلة المغربية بكررات من اكسا 600جم"
3059,1,"Exa Moroccan Gold and Musk Body Polish - 600g"
3059,2,"الصقلة المغربية بالذهب والمسك من اكسا 600جم"
3060,1,"Exa Coffee Sugar Scrub - 600g"
3060,2,"مقشر السكر بالقهوة من اكسا 600جم"
3061,1,"Exa Lavender Sugar Scrub - 600g"
3061,2,"مقشر السكر بالخزامي من اكسا 600جم"
3064,1,"Exa Cotton Candy Face and Body Scrub - 400ml"
3064,2,"مقشر الوجة والجسم غزل البنات من إكسا 400مل"
3065,1,"Exa Charcoal Face Mask - 400g"
3065,2,"قناع الوجه الفحم من إكسا 400جم"
3066,1,"Exa Gold and Turmeric Face and Body Mask - 400ml"
3066,2,"قناع الوجة والجسم بالذهب والكركم من إكسا 400مل"
3067,1,"5-Piece Professional Makeup Sponge Set"
3067,2,"5 قطع من اسفنجات المكياج الاحترافية"
3068,1,"Ranam Baby Wet Wipes with Lotion - 120 Pieces"
3068,2,"منديل رنام المبللة مع لوشن للأطفال 120 قطعة"
3069,1,"Aryam Collection Multi-Blonde Lightening Powder - 400g"
3069,2,"بودرة تفتيح لألوان الاشقر المتعددة  من مجموعة اريام 400جم"
3070,1,"Rose Water 280ml"
3070,2,"ماء ورد 280 ملي"
3071,1,"Yoko Spa Milk Soap - 90g"
3071,2,"صابون الحليب يوكو سبا - 90 جم"
3072,1,"Myrrh Soap 125g"
3072,2,"صابونة المر 125جم"
3073,1,"Sara Beauty Special Shea Butter for Hand Whitening and Moisturizing - 100g"
3073,2,"سارة بيوتي زبدة الشيا الخاصة لتفتيح وترطيب اليدين - 100 جم"
3074,1,"Ranam Berry Scented Baby Wet Wipes - 120 Pieces"
3074,2,"منديل رنام المبللة برائحة التوت  للأطفال 120 قطعة"
3075,1,"Ranam Baby Wet Wipes with Lemon Scent - 120 Pieces"
3075,2,"منديل رنام المبللة برائحة الليمون للأطفال 120 قطعة"
3076,1,"Ranam Mint Scented Baby Wet Wipes - 120 Pieces"
3076,2,"منديل رنام المبللة برائحة النعناع للأطفال 120 قطعة"
3078,1,"Faiza Cream (223190) 25ml"
3078,2,"كريم فائزة للعناية بالبشرة وترطيبها - 25 مل"
3079,1,"Aryam Multi-Blonde Lightening Powder - 400g"
3079,2,"بودرة تفتيح لألوان الاشقر المتعددة  من مجموعة اريام 400جم"
3080,1,"Nail Polish Remover Wipes"
3080,2,"مناديل لإزالة طلاء الاظافر"
3081,1,"Aryam Multi-Blonde Lightening Powder - 10g"
3081,2,"بودرة تفتيح لألوان الاشقر المتعددة  من مجموعة اريام 10جم"
3082,1,"Giovanni Strengthening Cream for Damaged Hair - 201ml"
3082,2,"كريم جيوفاني لتقوية الشعر التالف والمجهد - 201 مل"
3083,1,"Konoz Hair Removal Wax Sugaring - 370g"
3083,2,"حلاوة كنوز لإزالة الشعر التقليدية - 370 جم"
3084,1,"Herbal Green Herbs & Mint Shampoo 400ml"
3084,2,"شامبو الأعشاب الخضراء والنعناع هيربل400 مل"
3085,1,"Krem Kap Face and Body Scrub and Whitening Cream 150ml - Skin Exfoliator and Brightener"
3085,2,"كريم كاب سنفرة ومبيض للوجه والجسم 150مل - مقشر ومفتح للبشرة"
3086,1,"Sebamed Feminine Intimate Wash for Sensitive Skin (pH 3.8) - 200 ml"
3086,2,"سيباميد غسول نسائي للمناطق الحميمة للبشرة الحساسة (pH 3.8) - 200 مل"
3087,1,"Giovanni 50:50 Balanced Hydrating-Clarifying Shampoo for Normal to Dry Hair - 250 ml"
3087,2,"جيوفاني شامبو 50:50 المتوازن لترطيب وتنقية الشعر العادي والجاف - 250 مل"
3088,1,"Silky Smooth Deep Hydration Shampoo 250ml"
3088,2,"جيوفاني شامبو ناعم كالحرير للترطيب العميق 250 مل"
3089,1,"Giovanni Tea Tree Triple Treat Invigorating Shampoo 250ml"
3089,2,"شامبو جيوفاني بزيت شجرة الشاي الثلاثي المنشط 250 مل"
3090,1,"Giovanni Tea Tree Triple Treat Invigorating Conditioner 250ml"
3090,2,"بلسم جيوفاني بزيت شجرة الشاي الثلاثي المقوي والمعالج للشعر - 250 مل"
3091,1,"Giovanni Deep Moisture Conditioner 250ml"
3091,2,"بلسم جيوفاني للترطيب العميق 250 مل - Giovanni Smooth As Silk"
3092,1,"Eskinol Classic White Deep Facial Cleanser, 225 ml"
3092,2,"منظف الوجه العميق كلاسيك وايت من اسكينول، 225 مل"
3093,1,"Eskinol Pura Cucumber Facial Cleanser, 225 ml"
3093,2,"منظف الوجه بخلاصة الخيار النقي من اسكينول، 225 مل"
3094,1,"Alfaparf Il Salone Protein Straightening Treatment with Linseed Oil"
3094,2,"بروتين لفرد الشعر بزيت بذور الكتان من ال صالون"
3095,1,"Il Salone Protein Straightening Treatment with Argan Oil"
3095,2,"بروتين لفرد الشعر بزيت الارغان من ال صالون"
3096,1,"Sunset Johani Cherry Perfume for Kids - 85ml"
3096,2,"عطر سونست جوهاني بالكرز للاطفال- 85مل"
3097,1,"Sunset Johani Perfume for Children - 85ml"
3097,2,"عطر سونست جوهاني للاطفال- 85مل"
3098,1,"Sunset Johani Perfume for Kids - 85ml"
3098,2,"عطر سونست جوهاني للاطفال- 85مل"
3099,1,"Garnier Ultra Doux Mythic Olive Leave-In Cream for Dry Hair - 200ml"
3099,2,"كريم الزيتون الأسطوري الترا دوكس للشعر الجاف من غارنييه 200مل"
3102,1,"Garnier Ultra Doux Avocado Oil and Shea Butter Leave-In Cream for Very Dry and Frizzy Hair - 200ml"
3102,2,"كريم بزيت الافوكادو وزبدة الشيا الترا دوكس للشعر شديد الجفاف والمجعد من غارنييه 200مل"
3103,1,"Garnier Ultra Doux Honey Treasures Leave-In Cream for Damaged and Weak Hair - 200ml"
3103,2,"كريم بفوائد العسل الترا دوكس للشعر التالف والضعيف من غارنييه 200مل"
3104,1,"Garnier Ultra Doux Black Charcoal & Black Seed Oil Leave-In Cream for Dull Hair - 200ml"
3104,2,"كريم القحم الاسود وزيت حبة البركة الترا دوكس للشعر الباهت من غارنييه 200مل"
3106,1,"Lux Velvet Jasmine Body Wash with Loofah - 250ml"
3106,2,"غسول جسم الياسمين المخملي  مع لوفه من لوكس 250مل"
3107,1,"Lux Hibiscus Romance Body Wash with Loofah - 250ml"
3107,2,"غسول جسم رومانسية الكركديه  مع لوفه من لوكس 250مل"
3108,1,"Johnson's 24-Hour Soft Moisturizing Cream - 200ml"
3108,2,"كريم مرطب ناعم يدوم 24 ساعة من جونسون 200مل"
3109,1,"Eucerin Skin Repair Lotion 500ml"
3109,2,"لوشن إصلاح البشرة من يوسرين 500مل"
3110,1,"La Roche-Posay Effaclar Foaming Gel Cleanser for Oily and Sensitive Skin - 200ml"
3110,2,"غسول جل رغوي للبشرة الدهنية والحساسة من لا روش بوساي 200 مل"
3111,1,"Bioderma Atoderm Ultra-Nourishing Cream for Normal to Dry Sensitive Skin – 200ml"
3111,2,"كريم اتوديرم الترا للبشرة العادية الى الجافة الى الحساسة  من بيودرما – 200مل"
3112,1,"Dr. Rashel Vitamin C Brightening Skin Spray, 160 ml"
3112,2,"بخاخ تفتيح البشرة بفيتامين C من دكتور راشيل، 160 مل"
3113,1,"Dr. Rashel Vitamin C Brightening Cleansing Mousse, 125ml"
3113,2,"موس منظف للبشرة بخلاصةفيتامين C من دكتور راشيل، 125 مل"
3114,1,"Vichy Dercos Anti-Dandruff Shampoo for Normal to Oily Hair, 200ml"
3114,2,"شامبو ديركوس مضاد للقشرة للشعر العادي والدهني من فيشي، 200 مل"
3115,1,"Vichy Shampoo for All Hair Types, 200 ml"
3115,2,"شامبو لجميع انواع الشعر من فيشي، 200 مل"
3116,1,"Colgate Soft Toothbrushes"
3116,2,"فرش أسنان  ناعمة من كولوجيت"
3117,1,"Oral-B Toothbrush 1+1 Value Pack"
3117,2,"فرشاة اسنان 1+ 1 من اورال بي"
3118,1,"Acure Argan Oil & Pumpkin Shampoo 236ml"
3118,2,"شامبو اكيور بزيت الارغان واليقطين 236مل"
3119,1,"Garnier Bright Complete Face Wash - 100ml"
3119,2,"غسول وجه  برايت كومبليت من جارنيه - 100مل"
3120,1,"TUNG Tongue Cleaning Gel with Refreshing Mint Scent, 85g"
3120,2,"جل لتنظيف اللسان برائحة النعناع المنعشة من تونج ، 85 جم"
3121,1,"Sondos Rosemary Oil, 100 ml"
3121,2,"زيت اكليل الجبل من سندس , 100 مل"
3122,1,"Herbal Essences White Strawberry & Mint Conditioner 400ml"
3122,2,"بلسم فرولة بيضاء ونعناع من هيربل 400مل"
3123,1,"Nivea Shea Butter Body Moisturizing Lotion - 400ml"
3123,2,"لوشن ترطيب  الجسم بزبدة الشيا  من نيفيا 400مل"
3124,1,"Kojie San Skin Lightening Soap - 2 Pieces"
3124,2,"صابون كوجي سان لتفتيح البشرة قطعتين"
3125,1,"NIVEA Fresh Blends Apricot Shower Gel - 300ml"
3125,2,"سائل استحمام فريش بلندز بالمشمش من نيفيا - 300مل"
3126,1,"NIVEA Fresh Blends Shower Cream with Raspberry, Blueberry, and Almond Milk - 300ml"
3126,2,"سائل استحمام بخلاصة توت العليق والتوت الازرق وحليب اللوز من نيفيا - 300مل"
3127,1,"QV Gentle Foaming Facial Cleanser, 150 ml"
3127,2,"منظف غني بالرغوة اللطيفة للوجه من كيو في، 150 مل"
3128,1,"Dr. Rashel Vitamin C Anti-Wrinkle Eye Serum - 30ml"
3128,2,"سيروم العين مضاد للتجاعيد حول العين بخلاصة فيتامين سي من دكتور راشيل 30مل"
3130,1,"Saada Beauty Licorice Body Wash - 500 ml"
3130,2,"سائل استحمام بعرق السوس من سعادة بيوتي 500 مل"
3131,1,"Baby Love Peach Scented Perfume for Children - 50 ml"
3131,2,"عطر اطفال برائحة الخوخ من بيبي لوف 50 مل"
3132,1,"Listerine Green Tea Mouthwash, 250 ml"
3132,2,"غسول الفم بالشاي الاخضر من ليسترين،، 250 مل"
3133,1,"Junior Orange Kit: Toothpaste with Free Toothbrush by Siwak-F"
3133,2,"علبة جونيور بلون برتقالي معجون اسنان مع  فرشاة مجانيةمن سواك اف"
3134,1,"Junior Toothpaste Box - Banana Flavor with Free Toothbrush by Siwak-F"
3134,2,"علبة جونيور  معجون اسنان بنكهة الموز مع  فرشاة مجانيةمن سواك اف"
3135,1,"Garnier SkinActive Day Cream, 50ml"
3135,2,"كريم نهاري سكين اكتيف من غارنيه، 50 مل"
3136,1,"Garnier Bright Complete Vitamin C Serum Cream, 45g"
3136,2,"كريم بسيروم فيتامين سي برايت كومبليت من غارنيه، 45 حم"
3137,1,"Lovera Nail Polish Remover"
3137,2,"مزيل مناكير  لوفيرا"
3138,1,"Herbal Papaya Skin Whitening Soap 135g"
3138,2,"صابون البابايا تبييض البشرة العشبي 135 جم"
3139,1,"Eucerin UreaRepair PLUS Cream 75ml"
3139,2,"كريم يوريا ريبير بلس 75 مل، من يوسيرين"
3140,1,"Hairgrow Hair Thickening Spray 5% Minoxidil Liquid - 50 ml"
3140,2,"بخاخ تكثيف الشعر 5% سائل مينوكسيديل من هيرجرو - 50 مل"
3141,1,"Ajmal Viola Powder 100g"
3141,2,"بودرة فيولا من اجمل 100 جم"
3142,1,"Ajmal Rain Drops Powder - 100g"
3142,2,"بودرة رين دروبس من اجمل 100 جم"
3143,1,"Ajmal Aurum Summer Powder - 100g"
3143,2,"بودرة اوروم سمر من اجمل 100 جم"
3144,1,"Persingy Gentle Soap 125g"
3144,2,"صابون بيرزنقي ولطيف 125جم"
3145,1,"Exa Cucumber Face Mask - 400ml"
3145,2,"قناع الوجة الخيار من إكسا 400مل"
3146,1,"Exa Mango Face and Body Scrub - 400ml"
3146,2,"مقشر الوجة والجسم بالمانجو من إكسا 400مل"
3147,1,"Bourjois City Radiance Foundation - 06 Golden Sun"
3147,2,"كريم اساس بورجوا سيتي راديناس   06 جولدن صن"
3148,1,"Bourjois City Radiance Foundation - 04 Beige"
3149,1,"Bourjois City Radiance Foundation - 05 Golden Beige"
3149,2,"كريم اساس بورجوا سيتي راديناس 05 جولدن بيج"
3150,1,"Cofix Care Bright Face Whitening Cream - 60 ml"
3150,2,"كريم تفتيح الوجه كير برايت  من كوفيكس 60 مل"
3151,1,"Veet Body Hair Removal Wax Strips for Sensitive Skin - 20 Strips"
3151,2,"شرائح إزالة شعر الجسم للبشرة الحساسة من فيت - 20 شريحة"
3152,1,"Veet Body Hair Removal Wax Strips for Normal Skin - 20 Strips"
3152,2,"شرائح إزالة شعر الجسم للبشرة العادية من فيت - 20 شريحة"
3153,1,"Nature Report Soothing & Moisture Lavender Mist - 150ml"
3153,2,"بخاخ مهدئ ومرطب بالخزامى من ناتشر ريبورت - 150مل"
3154,1,"Nature Report Soothing & Moisture Green Tea Mist - 150ml"
3154,2,"بخاخ مهدئ ومرطب بالشاي الاخضر من ناتشر ريبورت - 150مل"
3155,1,"Nature Report Vitamin C Soothing & Moisture Spray - 150ml"
3155,2,"بخاخ مهدئ ومرطب فيتامين سي  من ناتشر ريبورت - 150مل"
3156,1,"Nature Report Natural Rose Soothing and Hydrating Mist - 150ml"
3156,2,"بخاخ مهدئ ومرطب بالورد الطبيعي من ناتشر ريبورت - 150مل"
3157,1,"Fair & Lovely Multi-Vitamin Face Cream, 50g"
3157,2,"كريم ملتي للوجه فير آند لفلي ، 50جم"
3158,1,"Wadi Al Nahil Wheat Germ Oil for Skin and Hair Softening - 60ml"
3158,2,"زيت جنين القمح لتنعيم البشرة والشعر من وادي النحل 60مل"
3159,1,"Stridex Acne Treatment Cotton Pads - 55 Pads"
3159,2,"مسحات علاج حب الشباب القطنية من ستريديكس 55 قطعة"
3161,1,"Garnier Color Naturals Crème Hair Color (Deep Ash Light Brown 5.1) - 112 ml"
3161,2,"صبغة شعر كولور ناتشرلز كريم  (بني فاتح رمادي عميق 5.1 ) من جارنير- 112 مل"
3162,1,"Garnier Color Naturals Crème Hair Dye (4.15 Brownie Chocolate) - 112 ml"
3162,2,"صبغة شعر كولور ناتشرلز كريم  ( لونشوكولاتة براوني 4.15 ) من جارنير- 112 مل"
3163,1,"Garnier Color Naturals Crème Hair Color (Brown 4) - 112 ml"
3163,2,"صبغة شعر كولور ناتشرلز كريم  ( لون بني 4) من جارنير- 112 مل"
3164,1,"L'Oréal Paris Elvive Shampoo for Damaged Hair - 200ml"
3164,2,"شامبو الفيف للشعر التالف من لوريال باريس 200 مل"
3165,1,"La Roche-Posay Lipikar Baume AP+M for Extra Dry, Sensitive, and Itch-Prone Skin, 400ml"
3165,2,"بلسم ليبيكار بوم AP+ M من لا روش بوساي للبشرة شدية الجفاف والحساسة المعرضه للحكه، 400 مل"
3166,1,"Depurdent Toothpaste 75ml"
3166,2,"معجون أسنان من ديبوردينت 75مل"
3167,1,"Mason Natural Collagen Beauty Cream for Face and Neck Brightening - 57g"
3167,2,"كريم الجمال بالكولاجين من ماسون لتفتيح وشد الوجه والرقبة  - 57جم"
3168,1,"Sara Beauty Double Action Body Whitening Cream - 200 ml"
3168,2,"كريم تفتيح الجسم المضاعف سارة بيوتي - 200 مل"
3169,1,"Vaseline Original Pure Skin Jelly, 250 ml"
3169,2,"جيلي العناية العادي من فازلين، 250 مل"
3170,1,"Sara Beauty Instant Brightening Cream for Hands, Face, and Body - 150ml"
3170,2,"كريم التفتيح الفوري لليدين والوجه والجسم من سارة بيوتي -150مل"
3171,1,"Aveeno Skin Relief Moisturizing Cream for Extra Dry Skin, 311g"
3171,2,"كريم مرطب لإصلاح البشرة شديدة الجفاف،خال من العطور  من افينو 311جم"
3172,1,"St. Ives Green Tea Scrub - 170g"
3172,2,"مقشر الشاي الاخضر من سانت ايفز - 170جم"
3173,1,"Garnier Color Naturals Crème Hair Color (Light Blonde 8) - 112ml"
3173,2,"صبغة شعر كولور ناتشرلز كريم  ( لون اشقرفاتح 8 ) من جارنير- 112 مل"
3174,1,"Jamila Brown Henna"
3174,2,"حنة جميلة بني"
3175,1,"Jamila Black Henna"
3175,2,"حنة جميلة اسود"
3176,1,"NOW Lavender Oil - 30 ml"
3176,2,"زيت اللافندرمن ناو 30 مل"
3177,1,"Roushun Lavender Oil - 30ml"
3177,2,"زيت اللافندر من روشن 30 مل"
3178,1,"Glutathione Whitening Soap for Face, Body, and Sensitive Areas - 150g"
3178,2,"صابونة الجلوتاثيون لتفتيح الوجه والجسم و المنطقة الحساسة 150جم"
3179,1,"Garnier Color Naturals Crème Hair Dye (Dark Ash Blonde - 6.1) - 112ml"
3179,2,"صبغة شعر كولور ناتشرلز كريم  ( لون اشقر رمادي غامق   - 6.1 ) من جارنير- 112 مل"
3180,1,"Garnier Color Naturals Crème Hair Dye (1001 Silver Blonde) - 112 ml"
3180,2,"صبغة شعر كولور ناتشرلز كريم  ( لون اشقر فضي 1001) من جارنير- 112 مل"
3183,1,"Garnier Color Naturals Crème Hair Color (7N Natural Dark Blonde) - 112ml"
3183,2,"صبغة شعر كولور ناتشرلز كريم  ( لون اشقر غامق طبيعي 7N) من جارنير- 112 مل"
3184,1,"Garnier Color Naturals Crème Hair Color (7.1 Ash Blonde) - 112ml"
3184,2,"صبغة شعر كولور ناتشرلز كريم  ( لون اشقر رمادي 7.1) من جارنير- 112 مل"
3186,1,"The Ordinary Caffeine Solution 5% + EGCG Under-Eye Serum 30ml"
3186,2,"محلول الكافين 5% + اي جي سي جي للعناية تحت العين من ذا اوردينري 30مل"
3187,1,"Some By Mi 30 Days Miracle Clear Spot Patch - 18 Patches"
3187,2,"لصقات كلير سبوت لعلاج حب الشباب 30 يوم من سوم باي مي 18 حبة"
3188,1,"Garnier Color Naturals Crème Hair Color (1002 Ultra Light Ash Blonde) - 112 ml"
3188,2,"صبغة شعر كولور ناتشرلز كريم  ( اشقر ثلجي فاتح جدا1002) من جارنير- 112 مل"
3189,1,"Garnier Color Naturals Crème Hair Color (Light Brown 5) - 112 ml"
3189,2,"صبغة شعر كولور ناتشرلز كريم  (بني فاتح 5 من جارنير- 112 مل"
3192,1,"Karaja Lip Liner"
3192,2,"محدد شفائف كراجا"
3193,1,"Karaja Compact Powder No. 03"
3193,2,"بودرة كراجا مضغوطة رقم 03"
3194,1,"Karaja Eyebrow Pencil"
3194,2,"قلم حواجب كراجا"
3195,1,"Karaja Matte Lipstick"
3195,2,"روج مات  كراجا"
3196,1,"Karaja Makeup Fixer"
3196,2,"مثبت مكياج  كراجا"
3197,1,"Karaja Liquid Eyeliner"
3197,2,"كحل سائل كراجا"
3198,1,"Karaja Liquid Eyeliner"
3198,2,"محدد عيون سائل من كراجا"
3199,1,"Karaja Liquid Eyeliner"
3199,2,"كحل سائل  لا ينر كراجا"
3200,1,"Karaja Inner Eye Kohl"
3200,2,"كحل داخل العين كراجا"
3201,1,"Karaja Inner Eye Kohl Pencil"
3201,2,"كحل داخل العين كراجا"
3202,1,"Karaja Waterproof Inner Eye Kohl"
3202,2,"كحل داخل العين ضد الماء كراجا"
3203,1,"Karaja Creamy Eyeliner Pencil with Smudge Sponge"
3203,2,"قلم تحديد داخل العين مع اسفنجة كريمي من كراجا"
3204,1,"Karaja 2-in-1 Mascara"
3204,2,"مسكرة كراجا 2 *1"
3205,1,"Karaja Mascara for Lengthening and Volumizing Lashes"
3205,2,"مسكرة لتطويل  وتكثيف الرموش من كراجا"
3206,1,"Karaja Matte Liquid Foundation"
3206,2,"كريم اساس سائل غير لامع  من كراجا"
3207,1,"Karaja Matte Foundation"
3207,2,"كريم اساس غير لامع  من كراجا"
3208,1,"Karaja Blazer 1 Loose Powder"
3208,2,"لوس بودرة سائبة كراجا بليزر 1"
3209,1,"Karaja Velvet Foundation"
3209,2,"كريم اساس مخملي  من كراجا"
3210,1,"Karaja Perfect Coverage Foundation"
3210,2,"كريم اساس لتغطية مثالية من كراجا"
3211,1,"Karaja Divine Cover Foundation"
3211,2,"كراجا كريم اساس ديفين كفر"
3212,1,"Karaja Nail Polish 511 - Italian Made"
3212,2,"مناكير كراجا 511 ايطالي"
3213,1,"ACM Depiwhite Whitening Peel-Off Mask 40ml"
3213,2,"قناع التقشير والتبييض من ايه سي ام ديبيوايت 40 مل"
3214,1,"Shifa Cucumber Scrub - 300 ml"
3214,2,"سنفرة خيار من شفا - 300 مل"
3216,1,"Shifa Apricot Scrub 300ml"
3216,2,"شفا صنفرة مشمش 300 مل"
3217,1,"Shifa Charcoal Scrub 300ml"
3217,2,"شفا سنفرة بالفحم 300 مل"
3218,1,"Shifa Strawberry Scrub 300ml"
3218,2,"شفا صنفرة بالفراوله 300 مل"
3219,1,"Shifa Turmeric Scrub with Natural Granules - 300 ml"
3219,2,"شفا سنفرة بالكركم والحبيبات الطبيعيه 300 مل"
3220,1,"Shifa Lemon Scrub 300ml"
3220,2,"شفا سنفرة باليمون 300 مل"
3221,1,"Shifa Mint Scrub 300ml"
3221,2,"شفا صنفرة بالنعنع 300 مل"
3222,1,"CeraVe Hydrating Cleanser for Normal to Dry Skin - 236 ml"
3222,2,"سيرافي غسول منظف مرطب للبشرة الجافة الى العادية - 236 مل"
3223,1,"Garnier Color Naturals Crème Hair Dye (6.34 Chocolate Brown) - 112ml"
3223,2,"صبغة شعر كولور ناتشرلز كريم  ( لون بني شوكولاتة 6.34) من جارنير- 112 مل"
3224,1,"Garnier Color Naturals Crème Hair Color (7 Blonde) - 112ml"
3224,2,"صبغة شعر كولور ناتشرلز كريم  ( لون اشقر 7 ) من جارنير- 112 مل"
3225,1,"Garnier Color Naturals Crème Hair Dye - 7.11 Deep Ashy Blonde (112ml)"
3225,2,"صبغة شعر كولور ناتشرلز كريم  ( لون اشقر رمادي عميق 7.11 من جارنير- 112 مل"
3226,1,"L'Oréal Paris Casting Crème Gloss Hair Color - 500 Light Brown"
3226,2,"صبغة شعر كاستينج كريم جلوس - 500 بني فاتح من لوريال باريس"
3227,1,"L'Oreal Paris Casting Crème Gloss Hair Color - 200 Deep Black"
3227,2,"صبغة شعر كاستينج كريم جلوس - 200 اسود عميق من لوريال باريس"
3228,1,"L'Oréal Paris Casting Crème Gloss Hair Color - 400 Brown"
3228,2,"صبغة شعر كاستينج كريم جلوس - 400 بني من لوريال باريس"
3230,1,"J. Casanova Golden Drop Perfume for Women - 100ml"
3230,2,"عطر جولدن دروب للمرأة  من ج. كازانوفا  ١٠٠مل"
3231,1,"J. Casanova Storia d'Amore Eau de Parfum for Women - 100ml"
3231,2,"عطر ستوريا دأمور للمرأة  من ج. كازانوفا  ١٠٠مل"
3232,1,"Storia di Amore Mukhallat Perfume for Men and Women by J. Casanova - 100ml"
3232,2,"عطر ستوريا دي أمور مخلط عطر للمرأة والرجل  من ج. كازانوفا  ١٠٠مل"
3233,1,"J. Casanova Sultan Oriental Perfume for Women - 150ml"
3233,2,"عطر السلطان أورينتال للمرأة  من ج. كازانوفا  150مل"
3234,1,"Libido Perfume for Women by J. Casanova - 100ml"
3234,2,"عطر لبيدو للمرأة  من ج. كازانوفا  ١٠٠مل"
3235,1,"Pandora Perfume for Women by J. Casanova - 50ml"
3235,2,"عطر  باندورا للمرأة  من ج. كازانوفا  50مل"
3236,1,"J. Casanova Amber Incense Perfume - 100ml"
3236,2,"عطرعنبر انسينس من ج. كازانوفا  ١٠٠مل"
3237,1,"LV Beethoven Golden ICQ Woody Amber Perfume - 100ml"
3237,2,"عطر جولدن  اي سي كيو وودي عنبر من ال في بيتهوفن ١٠٠مل"
3240,1,"Golden Drop Eau de Parfum for Men by J. Casanova - 100ml"
3240,2,"عطرجولدن دروب للرجل من ج. كازانوفا ١٠٠مل"
3241,1,"J. Casanova Gris Eau de Parfum for Men - 100ml"
3241,2,"عطر جريس رجالي من ج. كازانوفا  ١٠٠مل"
3243,1,"J. Casanova ICQ Eau de Parfum for Men - 100ml"
3243,2,"عطر أي سي كيو للرجل من ج. كازانوفا ١٠٠مل"
3245,1,"Libido Eau de Parfum for Men by J. Casanova - 100ml"
3245,2,"عطر لبيدو  للرجل من ج. كازانوفا ١٠٠مل"
3246,1,"Vivaldi Perfume for Women by J. Casanova - 100ml"
3246,2,"عطر فيفالدي للمرأة من ج. كازانوفا ١٠٠مل"
3247,1,"Forever Eau de Toilette for Women by J. Casanova - 75ml"
3247,2,"عطر فورإيفر تواليت  للمرأة من ج. كازانوفا 75مل"
3248,1,"Michelangelo Eau de Parfum for Men by J. Casanova - 100ml"
3248,2,"عطر مايكل آنجلو  للرجل من ج. كازانوفا 100مل"
3249,1,"J. Casanova Deep Love Perfume for Women - 100ml"
3249,2,"عطر ديب لوف للمرأة من ج. كازانوفا 100مل"
3250,1,"J. Casanova Forever Eau de Toilette for Men - 75ml"
3250,2,"عطر فورإيفر تواليت للرجل من ج. كازانوف 75مل"
3251,1,"J. Casanova Imperio Perfume for Women - 100ml"
3251,2,"عطر امبيــريــو للمرأة من ج. كازانوفا 100مل"
3252,1,"J. Casanova Evolve for Women - 100ml"
3252,2,"عطر ايفولف للمرأة من ج. كازانوفا 100مل"
3253,1,"J. Casanova Vivaldi Eau de Toilette for Men - 120ml"
3253,2,"عطر فيفالدي تواليت للرجل من ج. كازانوفا 120مل"
3254,1,"J. Casanova Storia d'Amore Eau de Parfum for Men - 100ml"
3254,2,"عطر ستوريا دي أمور ماء العطر للرجل من ج. كازانوفا 100مل"
3255,1,"J. Casanova Tabac Sucre Eau de Parfum for Men - 100ml"
3255,2,"عطر تاباك سوكري للرجال من ج. كازانوفا 100مل"
3256,1,"Feel Me Eau de Parfum for Men by J. Casanova - 100ml"
3256,2,"عطر فيــل مـي للرجل من ج. كازانوفا 100مل"
3257,1,"Fares Eau de Toilette for Men by J. Casanova - 100ml"
3257,2,"عطر فارس تواليت للرجل من ج. كازانوفا 100مل"
3259,1,"Malachite Perfume for Women by J. Casanova - 100ml"
3259,2,"عطر مالاكيت عطر للمرأة  من ج. كازانوفا 100مل"
3260,1,"J. Casanova Imperio Oud Eau de Parfum for Men - 100ml"
3260,2,"عطر امبيــريــو عود للرجل من ج. كازانوفا 100مل"
3261,1,"J. Casanova Aflov Perfume for Men - 100ml"
3261,2,"عطرافلوف للرجل من ج. كازانوفا 100مل"
3262,1,"J. Casanova Hip Hop Eau de Parfum for Men - 100ml"
3262,2,"عطر هيب هاب للرجل من ج. كازانوفا 100مل"
3263,1,"Saada Beauty Licorice Soap - 100 ml"
3263,2,"صابون عرق السوس من سعادة بيوتي - 100 مل"
3264,1,"Licorice Skin Soothing Cream 170g"
3264,2,"كريم عرق السوس لتهدئة البشرة 170 جم"
3266,1,"J. Casanova Hip Hop Perfume for Women - 100ml"
3266,2,"عطر هيب هوب للمرأة من ج. كازانوفا 100مل"
3267,1,"J. Casanova Feel Me Perfume for Women - 100ml"
3267,2,"عطر فيــل مـي للمرأة من ج. كازانوفا 100مل"
3268,1,"J. Casanova Grace Perfume for Women - 100ml"
3268,2,"عطر جريس عطر للمرأة من ج. كازانوفا 100مل"
3269,1,"Supreme Cuir Perfume by J. Casanova - 100ml"
3269,2,"عطر سوبريم كوير من ج. كازانوفا 100مل"
3270,1,"Dr. Davey Licorice Root & Aloe Vera Extract Moisturizer 500ml"
3270,2,"دكتور ديفي مرطب لجذر عرق السوس بخلاصة الصبار 500 مل"
3271,1,"Dr. Davey Licorice Root Set - 5 Pieces"
3271,2,"دكتور ديفي مجموعة جذور عرق السوس - 5 قطع"
3272,1,"Dr. Davey Licorice Root Whitening and Spot Removal Pomade Cream - 150g"
3272,2,"كريم تبييض جذور عرق السوس وإزالة بقعة بوميد دكتور ديفي  150 جرام"
3273,1,"Dr. Davey Sunscreen Cream SPF 90 with Licorice Extract – 100g"
3273,2,"دكتور ديفي كريم واقي شمس بعامل حماية 90 بخلاصة عرق السوس – 100 جم"
3274,1,"Dr. Davey Licorice Root Oil for Skin Care – 75ml"
3274,2,"زيت جذر عرق السوس للعناية بالبشرة من دكتور ديفي – 75 مل"
3276,1,"Bigen Hair Color Powder - Black Brown"
3276,2,"مسحوق مادة صبغ الشعر اسود بني من بايجن"
3277,1,"Bigen Powder Hair Dye - Black"
3277,2,"مسحوق مادة صبغ الشعر اسود من بايجن"
3279,1,"Bigen Speedy Hair Color Cream - Medium Blonde 70"
3279,2,"كريم صبغة شعر سريعة أشقر متوسط 70 من بيجن"
3280,1,"Bigen Cream Hair Color - Brown Black 20"
3280,2,"كريم صبغة شعر اسود بني  20 من بيجن"
3281,1,"Bigen Speedy Hair Color Cream - Medium Brown 40"
3281,2,"كريم صبغة شعر سريعة بني متوسط 40 من بيجن"
3282,1,"Bigen Hair Color Cream - Dark Ash Blonde 61"
3282,2,"كريم صبغة شعر أشقر غامق رمادي 61 من بيجن"
3283,1,"Bigen Hair Color Cream - Natural Black 10"
3283,2,"كريم صبغة شعر  أسود طبيعي 10 من بيجن"
3284,1,"Bigen Hair Color Cream - Dark Chestnut 40"
3284,2,"كريم صبغة شعر  أكستنائي غامق 40 من بيجن"
3285,1,"Bigen Hair Color Cream - 41 Medium Ash Brown"
3285,2,"كريم صبغة شعر بني متوسط رمادي 41 من بيجن"
3286,1,"Bigen Hair Color Cream - Dark Brown 30"
3286,2,"كريم صبغة شعر بني غامق 30 من بيجن"
3287,1,"Bigen Speedy Hair Color Cream - Dark Blonde 60"
3287,2,"كريم صبغة شعر سريعة أشقر غامق 60 من بيجن"
3288,1,"Bigen Speedy Hair Color Cream - Light Brown 50"
3288,2,"كريم صبغة شعر بني فاتح 50 من بيجن"
3290,1,"Laser White Argan Oil Hair Dye Shampoo (Black Brown) - 420ml"
3290,2,"شامبو صبغة بزيت الأرجان (اسود بني)  من ليزر وايت 420مل"
3291,1,"MBeauty Intensive Treatment Hand Gloves 18g"
3291,2,"قفازات المعالجة المكثفة لليدين من ام بيوتي 18ج"
3292,1,"MBeauty Magic Foot Peeling Mask Intensive 20 Minutes - 18g"
3292,2,"جوارب سحرية لتقشير القدم مكثف 20 دقيقة من ام بيوتي 18ج"
3293,1,"Shamsa Natural Hair Removal Sugar Paste - 500g"
3293,2,"حلاوة شمسا مزيل الشعر الطبيعى 500جرام"
3294,1,"Yolande Beauty Nude Eyeshadow"
3294,2,"ظلال العيون نيود من يولاند بيوتي"
3295,1,"Sunsilk Hydrating Coconut Oil Oil Replacement 300ml"
3295,2,"بديل الزيت بزيت جوز الهند المرطب من صانسيلك 300مل"
3296,1,"L'Oreal Elvive Arginine Resist Protein Oil Replacement 300ml"
3296,2,"بديل الزيت الارجينين البروتين من لوريال300مل"
3297,1,"L'Oréal Ceramide & Rose of Jericho Extract Oil Replacement - 300ml"
3297,2,"بديل الزيت السيراميد خلاصة وردة اريحا من لوريال300مل"
3299,1,"La Roche-Posay Tinted Sunscreen Cream 50ml"
3299,2,"كريم لاروش بوزيه واقي شمس  ملوّن 50مل"
3300,1,"La Roche-Posay Fragrance-Free Sunscreen - 50ml"
3300,2,"واقي شمس بلا عطر من  لاروش بوزيه 50 مل"
3301,1,"Oradent Mouthwash for Cleaning and Disinfecting with Mint - 250ml"
3301,2,"اورادينت غسول لتنظيف وتطهير الفم بالنعناع - 250مل"
3302,1,"Cetaphil Moisturizing Cream for Dry and Sensitive Skin 100g"
3302,2,"سيتافيل كريم ترطيب البشرة الجافة والحساسة 100g"
3303,1,"Shea Butter Body Moisturizing Cream - Bubblegum Scent - 250 ml"
3303,2,"كريم زبدة زبدة الشيا لترطيب البشرة بالعلكة 250 مل"
3304,1,"Palmer's Hair Styling Cream with Vitamin E and Jojoba Oil 100g"
3304,2,"بالمرز كريم لتصفيف الشعر مع فيتامين هـ وزيت الجوجوبا 100جم"
3305,1,"Vebix Deodorant Cream for Women | 25ml"
3305,2,"ڤيبكس كريم  مزيل عرق للنساء | 25مل"
3306,1,"Durex Tingling Pleasure Lubricant 50ml"
3306,2,"ديوركس مزلق وخزات الإثارة 50 مل"
3307,1,"Dove Floral Touch Deodorant - 50ml"
3307,2,"مزيل عرق بلمسة الزهور  من دوف 50 مل"
3308,1,"Refreshing Cherry Moisturizing Lip Balm 4.25g"
3308,2,"بلسم مرطب للشفاه بنكهة الكرز المنعش 4.25ج"
3309,1,"Glycerin Lip Balm with Vanilla - 10g"
3309,2,"مرطب شفاه جلسرين بالفانيلا - 10 جرام"
3310,1,"Relove Metallic Liquid Eyeshadow"
3310,2,"ظلال عيون سائل ميتاليك من ريلوف"
3311,1,"Revolution IRL Filter Longwear Foundation - F8"
3311,2,"كريم أساس أي ار فلتر لونغ وير  F8 من ريفلوشن"
3312,1,"Revolution Hot Spice Blush Palette"
3312,2,"مجموعة أحمر الخدود هوت سبايس من ريفلوشن"
3313,1,"Relove Correct Me Concealer Palette"
3313,2,"مجموعة خافي العيوب كوريكت مي من ريلوف"
3314,1,"Revolution Sugar and Spice Blush Palette"
3314,2,"مجموعة أحمر الخدود  شوجر اند سبايس من ريفلوشن"
3315,1,"Revolution IRL Filter Longwear Foundation"
3315,2,"كريم أساس أي ار فلتر لونغ وير من ريفلوشن"
3316,1,"Revolution Express Nail Polish"
3316,2,"طلاء أظافر اكسبرس من ريفلوشن"
3318,1,"Revolution Express Nail Polish - Biscuit Nude"
3318,2,"طلاء أظافر اكسبرس من ريفلوشن - بيسكت نود"
3319,1,"Revolution Express Nail Polish"
3319,2,"طلاء أظافر اكسبرس من ريفلوشن"
3320,1,"Garnier Nourishing Almond Milk Daily Hydrating Shampoo, 600ml"
3320,2,"شامبو مرطب يومي بحليب اللوز المغذي من غارنيير ، 600 مل"
3321,1,"Revolution Express Nail Polish - Hazy Pink"
3321,2,"طلاء أظافر اكسبرس من ريفلوشن - هازي بينك"
3323,1,"Revolution Super Blushed Highlighter"
3323,2,"هايلايتر سوبر بلاشد من ريفولوشن"
3324,1,"Relove Colour Play Contour Palette - Sugar"
3324,2,"مجموعة كونتور تحديد الوجه كولور بلاي من ريلوف - شوقر"
3325,1,"Revolution Express Nail Polish - Ghost White"
3325,2,"طلاء أظافر اكسبرس من ريفلوشن - قوست وايت"
3326,1,"NIVEA Moisturizing Cream 60ml"
3326,2,"كريم نيفيا مرطب للبشرة60مل"
3327,1,"L'Oréal Paris Elvive Dream Long Shampoo with Black Seed - 200ml"
3327,2,"شامبو الفيف طول الاحلام بالحبة السوداء من لوريال باريس 200 مل"
3328,1,"Revolution Baby Tint Lip & Cheek Tint - Coral"
3328,2,"تنت الشفاه و الخدود بيبي تينت من ريفلوشن - كورال"
3329,1,"L'Oréal Paris Elvive Dream Lengths Shampoo with Castor Oil - 200ml"
3329,2,"شامبو الفيف طول الاحلام بزيت الخروع من لوريال باريس 200 مل"
3330,1,"Relove Super Super Fill Lip Liner"
3330,2,"قلم تحديد الشفاه سوبر فل من ريلوف سوبر"
3331,1,"Relove Super Fill Lip Liner - Sweet"
3331,2,"قلم تحديد الشفاه سوبر فل من ريلوف - سويت"
3332,1,"Relove Color Play Blushed Duo - Sweet (Blush & Highlighter)"
3332,2,"بلاشر احمر خدود واضاءة هايلايتر كولور بلاي بلشد من ريلوف - سويت"
3333,1,"Relove Power Brow Fix Gel"
3333,2,"جل الحواجب باور برو فكس من ريلوف"
3334,1,"Revolution Re-Loaded Eyeshadow Palette - Neutrals 2"
3334,2,"باليت ظلال العيون ريلاوديد من ريفلوشن - نيوترالس 2"
3335,1,"Revolution Re-Loaded Eyeshadow Palette - Iconic Fever"
3335,2,"باليت ظلال العيون ريلاوديد من ريفلوشن - ايكونيك فيفر"
3336,1,"Revolution Re-Loaded Eyeshadow Palette - Velvet Rose, Shimmer"
3336,2,"باليت ظلال العيون ريلود , فلفت روز، وامض من ريفلوشن"
3337,1,"Revolution Dual Eyebrow Pencil - Medium Brown"
3337,2,"قلم الحواجب الثنائي من ريفلوشن - بني متوسط"
3338,1,"Revolution Precisely Eyebrow Pencil - Dark Brown"
3338,2,"قلم الحواجب بريسايسلي من ريفولوشن - بني غامق"
3339,1,"Revolution Conceal & Fix Mattifying Clear Face Primer - 30ml"
3339,2,"برايمر مطفي شفاف للوجه كونسيل اند فيكس من ريفلوشن - 30مل"
3340,1,"Relove Power Lash Volumizing Mascara"
3340,2,"ماسكارا تكثيف باول لاش من ريلوف"
3341,1,"CeraVe SA Smoothing Cleanser for Dry and Rough Skin - 473ml"
3341,2,"منظف بحمض الساليسيليك للبشرة الجافة والخشنة من سيرافي 473مل"
3343,1,"CeraVe SA Smoothing Cleanser for Dry and Rough Skin - 236ml"
3343,2,"منظف بحمض الساليسيليك للبشرة الجافة والخشنة من سيرافي 236مل"
3344,1,"CeraVe Moisturizing Lotion for Normal to Dry Skin - 562ml"
3344,2,"لوشن ترطيب للبشرة العادية الى الجافة من سيرافي - 562مل"
3345,1,"Lipobase Deep Hydrating Cream 200g"
3345,2,"كريم ليبوبيز للترطيب العميق 200جم"
3346,1,"Lipobase Deep Hydrating Cream 100g"
3346,2,"كريم ليبوبيز للترطيب العميق 100جم"
3349,1,"Relove Slick Flick Liquid Eyeliner - Black"
3349,2,"قلم كحل سائل سلك فلك من ريلوف - أسود"
3350,1,"Relove Color Play Eyeshadow Palette - Believe"
3350,2,"مجموعة ظلال العيون كولور بلاي من ريلوف - بيليف"
3351,1,"Relove Colour Cult Brow Powder Kit - Dark"
3351,2,"مجموعة بودرة الحواجب كولور كولت براو من ريلوف - دارك"
3352,1,"Power Lash Volume Waterproof Mascara - 10 ml"
3352,2,"ماسكارا باور لاش فوليوم مقاومة للماء - ١٠ مل"
3353,1,"Relove Sugar Super Fill Lip Liner - Natural"
3353,2,"قلم تحديد الشفاه سوبر فل من ريلوف شوجر، طبيعي"
3354,1,"Revolution 5D Lash Waterproof Mascara"
3354,2,"ماسكارا 5 دي لاش مقاومة للماء من ريفلوشن"
3355,1,"Revolution Eyebrow Sculpting and Defining Palette - Medium Brown"
3355,2,"باليت تحديد ورسم الحواجب من ريفلوشن - ميديم براون"
3356,1,"Revolution Renaissance Flick Liquid Eyeliner - Black 0.8g"
3356,2,"محدد عيون سائل رينايسانس فليك من ريفلوشن اسود 0.8ج"
3357,1,"Revolution Brow Soap"
3357,2,"صابونة الحواجب من ريفلوشن"
3358,1,"Relove HD Super Matte Banana Setting Powder"
3358,2,"بودرة تثبيت المكياج اتش دي سوبر مات بنانا من ريلوف"
3359,1,"Revolution Dual Eyebrow Pencil - Dark Brown"
3359,2,"قلم الحواجب الثنائي من ريفلوشن - بني غامق"
3360,1,"Revolution IRL Filter Longwear Foundation (F10.5)"
3360,2,"كريم أساس أي ار فلتر لونغ وير (f10.5) من ريفلوشن"
3361,1,"C-Panthen Skin Cream 30g"
3361,2,"كريم بشرة سى بانثين 30 جرام"
3362,1,"Pepe Lip and Cheek Blush Tint - 1.4 ml"
3362,2,"بلاش تينت للشفاه والخدود من بيبي 1.4 مل"
3363,1,"Relove Baby Gloss Lip Gloss - Sweet"
3363,2,"قلوس ملمع الشفاه بيبي قلوس من ريلوف - سويت"
3364,1,"Revolution Kohl Eyeliner Pencil - Black"
3364,2,"قلم تحديد العين كحل من ريفلوشن - اسود"
3365,1,"Revolution Clear Liquid Brow Gel"
3365,2,"جل حواجب سائل شفاف من ريفلوشن"
3366,1,"Revolution 5D Lash Pow Mascara"
3366,2,"ماسكرا لاش بو 5 دي من ريفلوشن"
3367,1,"Relove Baby Gloss Lip Gloss - Glam"
3367,2,"قلوس ملمع الشفاه بيبي قلوس من ريلوف - قلام"
3368,1,"Sugar Lip Gloss - 2.2 ml"
3368,2,"ملمع شفاه شوقر - ٢.٢ مل"
3369,1,"Revolution Loose Baking Powder - Banana - 32g"
3369,2,"بودرة تثبيت المكياج من ريفلوشن - بانانا -32غ"
3370,1,"Revolution 5D Lash Mascara"
3370,2,"ماسكرا 5 دي من ريفلوشن"
3371,1,"Revolution Renaissance Waterproof Eyeliner - Black"
3371,2,"كحل عين رينيسانس المقاوم للماء من ريفلوشن - اسود"
3372,1,"Revolution Satin Kiss Lipstick - Chauffeur"
3372,2,"احمر شفاه روج ساتين كيس من ريفلوشن - شوفير"
3375,1,"Revolution Matte Bomb Liquid Lipstick - Nude Magnet"
3375,2,"احمر شفاه روج سائل مات بومب ( نود ماغنيت) من ريفلوشن"
3376,1,"Revolution Relove Kohl Eyeliner (Black)"
3376,2,"كحل ومحدد عيون(اسود) من ريفولوشن ريلوف"
3377,1,"Relove Color Play Eyeshadow Palette - Amour"
3377,2,"مجموعة ظلال العيون كولور بلاي من ريلوف - امبور"
3378,1,"Revolution Matte Bomb Liquid Lipstick - Lure Red"
3378,2,"احمر شفاه روج سائل مات بومب  ( لور ريد)من ريفلوشن"
3379,1,"Relove Lengthening Mascara"
3379,2,"ماسكرا لتطويل الرموش من ريلوف"
3380,1,"Revolution Brow Kit - Dark Brown"
3380,2,"مجموعة الحواجب من ريفلوشن - دارك براون"
3381,1,"Iklil Abha 5 Care Products"
3381,2,"منتجات العناية من اكليل ابها5"
3382,1,"Keshavar Hair Oil 25ml"
3382,2,"زيت كيشافار للشعر 25مل"
3383,1,"L'Oréal Paris Hair Serum Spray - 150ml"
3383,2,"سيروم شعر بخاخ من لوريال باريس 150مل"
3384,1,"Garnier Makeup Remover for Sensitive and Combination Skin - 400ml"
3384,2,"مزيل مكياج للبشرة الحساسة والمختلطة من غارنييه - 400مل"
3385,1,"La Roche-Posay Retinol Face Serum with Vitamin B3 - 30ml"
3385,2,"سيروم الوجه الريتينول  مع فيتامين B3. من لاروش بوساي 30مل"
3386,1,"Kinta Cream for Skin Brightening and Redness Relief - 30g"
3386,2,"كريم كينتا   لتفتيح البشرة وتخفيف إحمرار الجلد - 30جم"
3387,1,"Embryolisse Lait-Crème Concentré Moisturizer and Primer 75ml"
3387,2,"كريم امبريوليس لايت للترطيب المركز وكريم اساس 75مل"
3388,1,"L'Oréal Elvive Extraordinary Hair Oil Serum - 50ml"
3388,2,"سيروم وزيت الشعر الفيف اكسترا اورديناري من لوريال 50مل"
3389,1,"Max Factor Creme Puff Pressed Powder, Candle Glow - 14g"
3389,2,"بودرة مضغوطة كريم بوف من ماكس فاكتور، كاندل جلو  14 جم"
3390,1,"Max Factor Creme Puff Pressed Powder - Shade 81 Truly Candle Glow, 14g"
3390,2,"بودرة مضغوطة كريم بوف  درجة لون 81 تروليمن ماكس فاكتور، كاندل جلو  14 جم"
3391,1,"Garnier Micellar Cleansing Water for All Skin Types - 400ml"
3391,2,"مزيل مكياج لجميع انواع البشرة من غارنييه - 400مل"
3392,1,"Cetaphil Moisturizing Cream for Dry and Sensitive Skin - 550g"
3392,2,"كريم سيتافيل المرطب للبشرة الحساسة والجافة 550جم"
3393,1,"Meso Sertie Red 20ml"
3393,2,"ميسو سرتيه أحمر 20مل"
3394,1,"Elica M Acne Cream - Use as Directed by Physician - 30g"
3394,2,"كريم اليكا ام لحب الشباب يستخدم وفقا لتعليمات الطبيب 30 جم"
3395,1,"Colgate Max Fresh Clean Mint Toothpaste 100ml"
3395,2,"معجون اسنان ماكس فريش كلين منت من كولوجيت 100مل"
3396,1,"Max Factor Facefinity Compact Foundation (Golden 0.6)"
3396,2,"كريم اساس مضغوط فيس فينيتي  (جولدن 0.6 )من ماكس فاكتور"
3397,1,"Max Factor Face Finity Compact Foundation (0.3)"
3397,2,"كريم اساس مضغوط فيس فينيتي  (0.3 )من ماكس فاكتور"
3398,1,"Eucerin Hyaluron-Filler Vitamin C Booster Anti-Aging Serum 8ml"
3398,2,"سيروم هيالورون فيلر فيتامين سي  مضاد للشيخوخة من يوسرين 8مل"
3399,1,"Garnier Makeup Remover Wipes for Face, Eyes, and Lips - 25 Wipes"
3399,2,"مناديل ازالة المكياج للوجه والعين والشفاه  من جارنية 25 منديل"
3400,1,"L'Oréal Paris Ceramide & Rose of Jericho Extract Conditioner 400ml"
3400,2,"بلسم سيراميد وخلاصة وردة أريحا من لوريال باريس 400مل"
3401,1,"Carmex Classic Medicated Lip Balm - Pack of 3 (10g each)"
3401,2,"مرطب شفاه كلاسيكي طبي ثلاث عبوات من كارميكس - 10جم"
3402,1,"Mandi Care Wheat Germ Shampoo 400ml"
3402,2,"شامبو جنين القمح من ماندي كير 400مل"
3403,1,"Pantho 5 Moisturizing Cream for Dry Skin - 20g"
3403,2,"بانثو 5 كريم مرطب للبشرة الجافة 20جم"
3404,1,"Garnier Honey Treasures Restoring Oil Replacement 300ml"
3404,2,"بديل الزيت المرمم بفوائد العسل من جارنير 300مل"
3405,1,"Cetaphil Moisturizing Lotion for Face and Body - 500ml"
3405,2,"لوشن مرطب للوجه والجسم من سيتافيل - 500مل"
3406,1,"Dorco Women's Tea Razors - 6 Blades (3+1 Pack)"
3406,2,"دوركو شفرات نسائية شاي 6 شفرات 3*1"
3407,1,"Gillette Venus 3 Disposable Razors for Women - 3+1 Free Pack"
3407,2,"جيليت فينوس 3 حلاقة نسائية كارت 3+1مجانا"
3409,1,"Max Elegance Eyeshadow 1577"
3409,2,"ظل عيون ماكس اليجانس 1577"
3410,1,"Max Eyeshadow"
3410,2,"ظل عيون ماكس"
3412,1,"Forever Silicone Cleansing Device"
3412,2,"جهاز تنظيف سيليكون فور ايفر"
3413,1,"Essence I Love Extreme Volume Waterproof Mascara"
3413,2,"ماسكارا اي لوف اكستريم فوليوم ضد الماء من ايسنس"
3414,1,"Volume Stylist Curl & Hold Mascara - 18h Long-Lasting"
3414,2,"ماسكرا فوليوم ستايلست كيرل اند هولد تدوم حتى 18 ساعه"
3415,1,"Essence Double Trouble Waterproof Mascara - Blue"
3415,2,"ماسكرا دبل تربل ضد الماء من ايسنس - أزرق"
3416,1,"Diva Monthly Contact Lenses (Toffee)"
3416,2,"عدسات شهريه (توفي) من ديفا"
3417,1,"Diva Monthly Contact Lenses - Amande"
3417,2,"عدسات شهريه (اماندي) من ديفا"
3418,1,"Diva Monthly Lenses (Cream)"
3418,2,"عدسات شهريه (كريم) من ديفا"
3419,1,"Diva Monthly Contact Lenses (Lava)"
3419,2,"عدسات شهريه (لافا) من ديفا"
3420,1,"Diva Monthly Contact Lenses (Steel)"
3420,2,"عدسات شهريه (ستيل) من ديفا"
3421,1,"Diva Monthly Contact Lenses (Ivory)"
3421,2,"عدسات شهريه (ايفوري) من ديفا"
3422,1,"Diva Monthly Contact Lenses - Clay"
3422,2,"عدسات شهريه (كلاي) من ديفا"
3423,1,"Diva Monthly Contact Lenses - Olivian"
3423,2,"عدسات شهريه (اوليفيان) من ديفا"
3424,1,"Diva Monthly Contact Lenses - Midnight"
3424,2,"عدسات شهريه (ميد نايت) من ديفا"
3425,1,"Diva Monthly Lenses (La Mer)"
3425,2,"عدسات شهريه (لامير) من ديفا"
3426,1,"Diva Monthly Contact Lenses (Sand)"
3426,2,"عدسات شهريه (ساند) من ديفا"
3427,1,"Diva Monthly Lenses (Grace)"
3427,2,"عدسات شهريه (جريس) من ديفا"
3428,1,"Diva Monthly Contact Lenses (Navy)"
3428,2,"عدسات شهريه (نيفي) من ديفا"
3429,1,"Diva Monthly Contact Lenses (Net)"
3429,2,"عدسات شهريه (نت) من ديفا"
3430,1,"Head & Shoulders Almond Oil Shampoo for Dry Scalp Care - 190ml"
3430,2,"شامبو هيد اند شولدرز باللوز عنايه للفروه الجافة 190 مل"
3431,1,"L'Oréal Paris Strengthening Hair Shampoo - 400ml"
3431,2,"شامبو مقوي للشعر من لوريال باريس 400مل"
3432,1,"Diva Monthly Contact Lenses - Moon"
3432,2,"عدسات شهريه (موون) من ديفا"
3433,1,"Diva Monthly Contact Lenses (Woody)"
3433,2,"عدسات شهريه (وودي) من ديفا"
3434,1,"Diva Monthly Contact Lenses (Travel)"
3434,2,"عدسات شهريه (ترافل) من ديفا"
3435,1,"Diva Monthly Contact Lenses - Amber"
3435,2,"عدسات شهريه (امبر) من ديفا"
3436,1,"Diva Monthly Contact Lenses - Cedar"
3436,2,"عدسات شهريه (سيدار) من ديفا"
3437,1,"Diva Monthly Contact Lenses (Latte)"
3437,2,"عدسات شهريه (لاتيه) من ديفا"
3438,1,"Bigen Hair Color Dark Brown 883"
3438,2,"صبغة شعر من بيجن بني غامق 883"
3439,1,"Bigen Hair Color Brown Black - B102"
3439,2,"صبغة شعر من بيجن أسود بني - B102"
3440,1,"Casanova Jasmine Hair Oil for Extra Shine and Luster - 210 ml"
3440,2,"زيت الياسمين كازانوفا لشعر أكثر لمعاناً وبريقاً 210 مل"
3441,1,"Casanova Sweet Almond Oil"
3441,2,"زيت اللوز الحلو من كازانوفا"
3442,1,"Casanova Watercress Hair Oil - 210 ml"
3442,2,"زيت الجرجير للشعر من كازانوفا 210 مل"
3444,1,"Casanova Amla Hair Oil - 210 ml"
3444,2,"زيت املا للشعر من كازانوفا 210 مل"
3445,1,"Casanova Coconut Hair Oil - 210 ml"
3445,2,"زيت جوز الهند للشعر من كازانوفا 210 مل"
3446,1,"Queen Line Nail Cleanser and Polisher 125ml"
3446,2,"كوين لاين منظف وملمع الاظافر 125 مل"
3447,1,"Casanova Argan Oil Hair Oil Bath - 500g"
3447,2,"حمام زيت للشعر بزيت الأرغان من كازانوفا 500 جرام"
3448,1,"Casanova Cassis & Pomegranate Body Mist - 235ml"
3448,2,"معطر جسم كاسيس بالرمان .كازانوفا 235مل"
3449,1,"Casanova Body Mist Cassis & White Musk - 235ml"
3449,2,"معطر جسم كاسيس مسك ابيض .كازانوفا 235مل"
3450,1,"Casanova Cassis Touch of Orient Body Mist - 235ml"
3450,2,"معطر جسم كاسيس تتش اوف اورينت  .كازانوفا 235مل"
3452,1,"Wella Koliston Hair Color Cream with Argan Oil (Special Light Blonde - 309/0) - 110 ml"
3452,2,"كريم صبغة شعر كوليستون مع زيت الارغان ( لون اشقر فاتح مميز - 309/0) من ويلا - 110 مل"
3453,1,"Garnier Color Naturals Crème Permanent Hair Color - 6.60 Intense Red"
3453,2,"صبغة شعر دائمة كولور ناتشرلز كريم 6.60 أحمر نقي من غارنييه"
3454,1,"Self-Adhesive Compression Bandage"
3454,2,"رباط ضاغط لاصق"
3455,1,"Protein Conditioner for Dry and Damaged Hair - 500ml"
3455,2,"بلسم بالبروتين للشعر الجاف والتالف 500مل"
3456,1,"L'Oréal Jojoba Oil Shampoo - 600ml"
3456,2,"شامبو لوريال بزيت الجوجوبا من لوريال  600 مل"
3457,1,"Vatika Lemon Shampoo for Normal Hair - 700ml"
3457,2,"شامبو للشعر العادي بالليمون من فاتيكا 700مل"
3458,1,"Vatika Aloe Vera Enriched Hair Oil, 300 ml"
3458,2,"زيت شعر غني بالصبار من فاتيكا، 300 مل"
3459,1,"Vatika Hair Oil Enriched with Olive Oil, 300 ml"
3459,2,"زيت شعر غني بزيت الزيتون من فاتيكا، 300  مل"
3460,1,"Vatika Coconut Enriched Hair Oil, 300 ml"
3460,2,"زيت شعر غني بجوز الهند من فاتيكا، 300 مل"
3462,1,"Rimmel London Brow This Way Eyebrow Powder Kit - Dark Brown"
3462,2,"مجموعة بودرة الحواجب ريميل لندن برو ذيس واي - بني غامق"
3463,1,"Eucerin Intensive Repair Lotion for Very Dry Skin - 500ml"
3463,2,"لوشن الاصلاح المكثف للبشره شديدة الجفاف من يوسيرين 500مل"
3464,1,"Eucerin Original Body Lotion for Very Dry Skin, Fragrance-Free - 500 ml"
3464,2,"لوشن الجسم الأصلي للبشرة الجافة جدا خالي من العطور من يوسيرين - 500 مل"
3465,1,"Moisturizing Sunscreen Lotion 500ml"
3465,2,"لوشن الترطيب اليومي بعامل حماية من الشمس 15 خالٍ العطور 500 مل"
3466,1,"Laser White Fast Whitening Cream and Melasma & Dark Spot Corrector - 50 ml"
3466,2,"كريم المبيض السريع ومصحح الكلف والمناطق الداكنه  للبشرة  من ليزر وايت  50 مل"
3467,1,"Fashion Care Contact Lens Solution 120ml"
3467,2,"فاشن كير محلول عدسات 120 مل"
3468,1,"Diva Contact Lens Solution - 100 ml"
3468,2,"محلول عدسات  ديفا 100 مل"
3469,1,"Makeda Plus Vaginal Douche"
3469,2,"دش مهبلى ماكيدا بلص"
3470,1,"Eucerin Anti-Aging Sunscreen (SPF 50)"
3470,2,"واقي  شمس المضاد للشيخوخة (SPF 50) من يوسيرين"
3471,1,"Avène - Fragrance-Free Sunscreen Cream for Women, 50ml"
3471,2,"أفين - كريم واقي من الشمس للنساء خال من العطر 50 مل"
3472,1,"Laser White Vitamin C Serum for Face Whitening and Pore Tightening - 30 ml"
3472,2,"ليزر وايت سيروم فيتامين سي لتبييض الوجه وشد المسام 30 مل"
3473,1,"Ducray Keracnyl Repair Moisturizing Cream for Acne-Prone Skin - 50 ml"
3473,2,"كريم مرطب لعلاج حب الشباب من دوكراي كيراكنيل - 50 مل"
3474,1,"Co Fix Care Intimate Area Whitening and Glowing Lotion - 120 ml"
3474,2,"لوشن تفتيح وتوريد المناطق الحميمة من كو فيكس كير 120 مل"
3476,1,"Day Cream with Sunscreen for Dry Skin - 50ml"
3476,2,"كريم نهاري مع واقي شمس للوجه للبشرة الجافة 50 مل"
3477,1,"Casanova Hair Removal Cream with Lemon - 60g"
3477,2,"كريم ازلة الشعر ليمون من كازانوف  60جم"
3478,1,"Saffron Hair Moisturizing Oil - 30ml"
3478,2,"زيت لترطيب الشعر زعفران 30 مل"
3479,1,"Vagisil Odor Block Deodorant Spray for Intimate Areas - Peach Blossom 73g"
3479,2,"بخاخ فاجيسيل مزيل عرق المناطقه الحساسه بروائح عطرية جاف بزهر الخوخ 73 جم"
3480,1,"Casanova Hair Removal Cream Rose - 60g"
3480,2,"كريم ازلة الشعر ورد من كازانوف  60جم"
3481,1,"Eucerin Hydrating and Anti-Wrinkle Gel"
3481,2,"جل ترطيب ومكافحة التجاعيد من يوسيرين"
3482,1,"QV Body Moisturizer for Sensitive and Extremely Dry Skin - 100g"
3482,2,"مرطب للجسم للبشره الحساسه وشديدة الجفاف من كيوفي 100جم"
3484,1,"Vichy Ideal White Skin Whitening Cream 30ml"
3484,2,"كريم ايديال وايت  لتفتيح البشرة من فيتشي 30مل"
3485,1,"Day & Night Lip Hydrating Oil with SPF"
3485,2,"زيت ترطيب شفايف ليلي ونهاري مع عامل حماية من اشعة الشمس"
3488,1,"Ducray Kelual DS Anti-Dandruff Treatment Shampoo, 100 ml"
3488,2,"شامبو  مضاد للقشرة كيلوال دي اس من دوكراي، 100 مل"
3489,1,"Laser White Charcoal Nose Mask for Blackhead Removal"
3489,2,"قناع الانف بخلاصة الفحم لإزالة الرؤس السودا من ليزر وايت"
3490,1,"Ducray Ictyane Hand Cream for Dry Skin (50 ml)"
3490,2,"كريم اليدين للبشرة الجافه ايكتيان  من دوكري(50 مل)"
3491,1,"Laser White Lip and Cheek Tint Gel"
3491,2,"جل مورد للشفاه والخدود من ليزر وايت"
3492,1,"Cococare Cocoa Butter Rich Formula Cream for Dry, Rough Skin and Wrinkles - 110g"
3492,2,"كريم بتركيبة غنية بزبدة الكاكاو من كوكوكير للبشرة الجافه والخشنه والتجاعيد 110جم"
3493,1,"Al Arayess Makeup Remover Cotton Pads - 120 Round Pads"
3493,2,"قطن العرايس تنظيف المكياج 120 قرص دائري"
3494,1,"Soskin Purifying Cleansing Gel for Oily Skin - 250 ml"
3494,2,"جل من سوسكين منظف الوجه للبشرة الدهنية - 250 مل"
3495,1,"Carefree Fresh Scent Pantyliners, 100% Breathable - 56 Pieces"
3495,2,"فوط ذات عطرمنعش قابلية للتهوية 100% من كيرفري 56قطعة"
3496,1,"Glutathione and Kojic Acid Oil for Body and Sensitive Areas by Sara Beauty"
3496,2,"زيت الجلوتاثيون وحمض الكوجيك للجسم والمناطق الحساسه من سارة بيوتي"
3497,1,"JP 3-in-1 Argan Oil Hair Dye Shampoo (Black) - 25ml"
3497,2,"شامبو صبغة شعر بزيت الارجان 3 في 1 من جيه بي (اسود)- سعة 25 مل"
3498,1,"Eucerin Hyaluron-Filler Purifying Toner - 200ml"
3498,2,"تونر بالهالورينك لتنقية البشرة من يوسرين- 200مل"
3499,1,"The Ordinary Niacinamide 10% + Zinc 1% Serum - 30ml"
3499,2,"سيروم النيكوتيناميد 10% + زنك 1% من ذا اوردينري 30مل"
3500,1,"Karaja Compact Powder No. 7"
3500,2,"بودرة كراجا مضغوطة رقم 7"
3501,1,"Karaja Compact Powder No. 11"
3501,2,"بودرة كراجا مضغوطة رقم 11"
3502,1,"Karaja Compact Powder No. 04"
3502,2,"بودرة كراجا مضغوطة رقم 04"
3503,1,"Karaja Compact Powder No. 05"
3503,2,"بودرة كراجا مضغوطة رقم 05"
3504,1,"Karaja Pressed Powder No. 12"
3504,2,"بودرة كراجا مضغوطة رقم 12"
3505,1,"Karaja Nail Polish 519 - Italian Made"
3505,2,"مناكير كراجا 519 ايطالي"
3506,1,"Karaja Nail Polish 533 - Italian Made"
3506,2,"مناكير كراجا 533 ايطالي"
3507,1,"Karaja Nail Polish 535 - Italian Made"
3507,2,"مناكير كراجا 535 ايطالي"
3508,1,"Karaja Nail Polish 531 - Italian Made"
3508,2,"مناكير كراجا 531 ايطالي"
3509,1,"Karaja Nail Polish 529 - Italian Made"
3509,2,"مناكير كراجا 529 ايطالي"
3510,1,"Karaja Nail Polish 101 - Italian"
3510,2,"مناكير كراجا 101 ايطالي"
3511,1,"Karaja Nail Polish 528 - Italian Made"
3511,2,"مناكير كراجا 528 ايطالي"
3512,1,"Karaja Nail Polish 25 - Italian"
3512,2,"مناكير كراجا 25 ايطالي"
3513,1,"Karaja Nail Polish 25 - Italian Made"
3513,2,"مناكير كراجا 25 ايطالي"
3514,1,"Karaja Nail Polish 54 - Italian Made"
3514,2,"مناكير كراجا 54 ايطالي"
3515,1,"Karaja Nail Polish 521 - Italian Made"
3515,2,"مناكير كراجا 521 ايطالي"
3517,1,"Karaja Nail Polish 34 - Italian"
3517,2,"مناكير كراجا 34 ايطالي"
3519,1,"Karaja Nail Polish 524 - Italian Made"
3519,2,"مناكير كراجا 524 ايطالي"
3520,1,"Karaja Nail Polish 104 - Italian Made"
3520,2,"مناكير كراجا 104 ايطالي"
3521,1,"Bigen Permanent Powder Hair Color - Chestnut Brown"
3521,2,"مسحوق مادة صبغ للشعر - بني كستنائي من بيجن"
3522,1,"Kuwait Shop Moroccan Desert Indigo Mask"
3522,2,"قناع بالنيلة المغربية الصحرواية من كويت شوب"
3523,1,"Palmer's Cocoa Butter Formula Smoothing Cream for Rough Skin - 200g"
3523,2,"بالمرز كريم بالكاكاو منعم للبشرة الخشنة 200 جرام"
3524,1,"Princess Shamsi Ultra Hair Styling Spray 300ml"
3524,2,"برنسيس شمسي بخاخ مثبت الشعر الترا 300مل"
3525,1,"Beesline Roll-On Breeze Freshness 50ml"
3525,2,"بيزلين رول انتعاش النسيم  50مل"
3527,1,"L'Oreal Elvive Color Protect Shampoo - 600ml"
3527,2,"شامبوالفيف لحماية اللون  من لوريال  600 مل"
3528,1,"Laser White Argan Oil Hair Color Shampoo (Natural Brown) 420ml"
3528,2,"شامبو صبغة بزيت الأرجان ( بني طبيعي) من ليزر وايت 420مل"
3529,1,"L'Oréal Elvive Total Repair Shampoo - 370ml"
3529,2,"شامبو الفيف ريبادور من لوريال  370مل"
3530,1,"Kuwait Shop Mahlab Shampoo 450ml"
3530,2,"شامبو المحلب من كويت شوب 450مل"
3531,1,"Mahmoud Saeed Eyeliner, Deep Black, (Liquid Kohl)"
3531,2,"قلم تحديد العين محمود سعيد، اسود داكن، (كحل سائل)"
3533,1,"Lacalut Aktiv Toothpaste, 75g"
3533,2,"معجون اسان لاكالوت  اكتيف ، 75 جرام"
3534,1,"Parodontax Toothpaste, 75g"
3534,2,"معجون اسان بارودونتكس  ، 75 جرام"
3535,1,"Bourjois Twist Extreme Fiber Mascara - 24 Black, 8ml"
3535,2,"ماسكارا تويست اكستريم فايبر من بورجوا 24 لون اسود 8 مل"
3536,1,"Vaseline Lip Therapy Rosy Lips - 7g"
3536,2,"مرطب شفاة  فازلين روز 7جم"
3537,1,"Flexitol Lip Balm 10g"
3537,2,"مرطب شفاة فليكسينول 10جم"
3538,1,"Val Soap with Shea Butter and Candy Scent - 90g"
3538,2,"صابون فال بزبدة الشيا ونكهة الكاندي 90جم"
3539,1,"Dr. Davey Licorice Root Whitening Cream 150ml"
3539,2,"كريم تبييض جذور عرق السوس من دكتور ديفي 150مل"
3540,1,"Minoxidil Hair Treatment Solution 5% - 60ml"
3540,2,"محلول مينو كسيل لعلاج الشعر 5% 60مل"
3541,1,"Emjoi Body Shaver Set, Purple AP-17SRD"
3541,2,"مجموعة ماكينة حلاقة للجسم من إمجوي، بنفسجي AP-17SRD"
3542,1,"Emjoi Hair Removal Device for Women - AP-14RHP"
3542,2,"جهاز ازالة الشعر للنساء من امجوي - AP-14RHP"
3543,1,"Emjoi Hair Removal Device for Women - AP-14RWT"
3543,2,"جهاز ازالة الشعر للنساء من امجوي - AP-14RWT"
3544,1,"Emjoi Depl Pedi Rechargeable Hair Remover for Women - AP-14RP"
3544,2,"جهاز ازالة الشعر ديبل بيدي قابل لاعادة الشحن للنساء من امجوي - AP-14RP"
3545,1,"Disaar Anti-Hair Loss and Hair Darkening Shampoo – 200ml"
3545,2,"شامبو ديسار للشعر المضاد لتساقط الشعر وتسويد الشعر  – 200 مل"
3546,1,"Neutrogena Water Gel for Normal to Combination Skin - 50ml"
3546,2,"جل مائي للبشرة العادية والمختلطةمن نيتروجينا - 50مل"
3547,1,"Arganmidas Moroccan Argan Oil Shampoo for Color-Damaged Hair Treatment - 450ml"
3547,2,"شامبو زين الاركان المغربي لمعالجة الشعر التالف الناتج عن الصبغة من ارجان ميداس - 450مل"
3548,1,"Rio Face Purifying, Brightening & Smoothing Soap 80g"
3548,2,"صابون تنقية وتفتيح وتنعيم الوجه 80 جم - ريو"
3549,1,"Princess Shamsi Hair Spray Extra Hold 90ml"
3549,2,"برنسيس شمسي بخاخ مثبت الشعر اكسترا 90 مل"
3550,1,"Caro White Skin Whitening and Brightening Soap 180g"
3550,2,"كارو وايت صابون تبيض وتفتيح البشرة 180 غرام"
3551,1,"3-Ply Black Face Mask (50 Pieces)"
3551,2,"كمامة وجه لون اسود بثلاث طبقات (50 حبة)"
3552,1,"Blue 3-Ply Face Mask (50 Pieces)"
3552,2,"كمامة وجه لون ازرق بثلاث طبقات (50 حبة)"
3553,1,"Energy Cosmetics Cracked Foot and Elbow Treatment Cream - 100 ml"
3553,2,"كريم معالج لتشققات القدمين والمرفق من انرجي كوزمتكس 100 مل"
3554,1,"Vaseline Intensive Care Hand and Nail Lotion - 100ml"
3554,2,"لوشن العناية المركزة لليد والاظافر من فازلين 100مل :"
3555,1,"Caro White Skin Whitening and Brightening Cream - 500ml"
3555,2,"كريم كارو وايت لتبيض وتفتيح البشرة 500 مل"
3556,1,"Caro White Skin Lightening Lotion 500ml"
3556,2,"لوشن تفتيح كارو وايت  البشرة 500 مل"
3557,1,"Deepest Foot Repair and Crack Treatment Cream - 100ml"
3557,2,"كريم ترميم ومعالجة تشققات القدمين ديبيست 100 مل"
3558,1,"Karaja Nail Polish 35 - Italian"
3558,2,"مناكير كراجا 35 ايطالي"
3559,1,"Gillette Mach3 Manual Razor"
3559,2,"جيليت ماكينة الحلاقة اليدوية جيليت ماك 3"
3560,1,"Phernveita Aqua Peeling Face Brightening Mask with Vitamin E - 1 Mask"
3560,2,"قناع أكوا بيلنج لتفتيح لون بشرة الوجه بفيتامين هـ من فيرنفيتا -1 قناع"
3561,1,"Purnavita Plum & Vitamin E Hydrating Face Mask - 1 Sheet"
3561,2,"قناع البرقوق وفيتامين هـ لترطيب البشرة من فيرنفيتا - قناع واحد"
3563,1,"Fernvita Gold Water Mask for Skin Radiance - 1 Mask"
3563,2,"قناع ماء الذهب لنضارة البشرة من فيرنفيتا - قناع واحد"
3564,1,"I'm Sorry For My Skin Honey Beam Ampoule - 30ml"
3564,2,"سيروم العسل لتبيض البشرة من ام سوري فور ماي سكين 30مل"
3565,1,"Fernvita Pro Semi-Gel Mugwort Madeca Hydrating Mask - 1 Sheet"
3565,2,"قناع برو سيميجيل موجورت ماديكا لترطيب البشرة من فيرنفيتا - قناع واحد"
3566,1,"Frain Vita Mask with Green Tea and Olive 27g"
3566,2,"فراين فيتا ماسك بالشاهي الاخضر والزيتون 27جم"
3570,1,"Fernvita Volcanic Ash & Vitamin F Purifying Face Mask"
3570,2,"قناع الرماد البركاني وفيتامين ف لتنقية البشرة من فيرنفيتا"
3571,1,"Phernveita Pro Semi-Gel Gold & Aloe Vera Mask - 1 Mask"
3571,2,"قناع برو سيميجل بالذهب والصبار من فيرنفيتا - قناع واحد"
3572,1,"Fernvita Royal Tea & Milk Mask - 1 Sheet"
3572,2,"قناع الشاي والحليب الملكي من فيرنفيتا - قناع واحد"
3573,1,"Phernveita Caviar & Vitamin B Anti-Wrinkle Mask - 1 Sheet"
3573,2,"قناع الكافيار وفيتامين ب لمقاومة التجاعيد من فيرنفيتا - قناع واحد"
3574,1,"Fernvita Vitamin C Whitening Mask"
3574,2,"قناع التبييض بفيتامين سي من فيرنفيتا"
3576,1,"Glow Girl Rose Water for Hair and Body 200 ml - GGL09"
3576,2,"جلو جيرل ماء ورد للشعر والجسم 200 مل - GGL09"
3577,1,"Luster 225 Vitamin C Extract Soap - 100g"
3577,2,"صابون خلاصة فيتامين سي 100ج من لستر 225"
3578,1,"Luster Collagen Soap 100g - 133"
3578,2,"صابون بالكولاجين 100ج من لستر 133"
3579,1,"Luster Vitamin C and Collagen Soap - 100g"
3579,2,"صابون فيتامين سي والكولاجين 100ج من لستر"
3580,1,"Luster Thai Soap for Sensitive and Rough Areas - 100g"
3580,2,"صابون تايلندي للمناطق الحساسة والخشنة  100ج من لستر"
3581,1,"Luster Coffee Soap for Body and Face - 100g"
3581,2,"صابون كوفي للجسم والوجه 100ج من لستر"
3582,1,"Luster Vitamin C Makeup Remover - 125 ml"
3582,2,"مزيل مكياج بخلاصة فيتامين سي من لستر 125 مل"
3583,1,"Luster Vitamin C Smoothing and Brightening Soap - 100g"
3583,2,"صابون فيتامين سي منعم ومبيض 100ج من لستر"
3584,1,"Luster Golo Girl Whitening Soap 100g"
3584,2,"صابون جولو جيرل مبيض 100ج من لستر"
3585,1,"Luster Blue Nila and Argan Soap"
3585,2,"صابون النيلة الزرقاء والارجان من لستر"
3586,1,"Luster Vitamin C Facial Cleanser - 100g"
3586,2,"غسول وجه بخلاصة فيتامين سي 100ج من لستر"
3587,1,"Luster Fruit Soap for Body and Skin Whitening"
3587,2,"صابون الفواكه لتبيض الجسم والبشرة من لستر"
3588,1,"Luster Nail Polish Remover - 180ml"
3588,2,"مزيل مناكير 180مل من لستر"
3589,1,"Parachute Coconut Hair Oil - 175ml"
3589,2,"زيت الشعر جوز الهند من باراشوت 175مل"
3590,1,"Parachute Coconut Hair Oil - 300 ml"
3590,2,"زيت جوز الهند للشعر من باراشوت بسعة 300 مل"
3591,1,"Parachute Coconut Hair Oil with Biotin, 300 ml"
3591,2,"زيت جوز الهند للشعر بالبيوتين, 300 مل من باراشوت"
3592,1,"Parachute Coconut Hair Oil with Keratin Protein - 300ml"
3592,2,"زيت جوز الهند للشعر بروتين الكيراتين من باراشوت 300 مل"
3593,1,"Parachute Advansed Comprehensive Extract Hair Oil - 300ml"
3593,2,"زيت بالخلاصة الشاملة من باراشوت بسعة 300 مل"
3594,1,"Parachute Advansed Hair Oil with Keratin and Coconut - 170 ml"
3594,2,"زيت الشعر ادفانسد بالكيراتين وجوز الهند من باراشوت 170 مل"
3595,1,"Parachute 100% Pure Coconut Oil - 450ml"
3595,2,"زيت جوز هند نقي 100% من باراشوت - 450مل"
3596,1,"Parachute Coconut Hair Oil - 1 Liter"
3596,2,"زيت جوز الهند للشعر  من باراشوت 1لتر"
3597,1,"Parachute Coconut Hair Oil - 600 ml"
3597,2,"زيت جوز الهند للشعر من باراشوت 600 مل"
3598,1,"Parachute Coconut Hair Oil - 450 ml"
3598,2,"زيت جوز الهند للشعر من باراشوت 450 مل"
3599,1,"Parachute Coconut and Aloe Vera Hot Oil Treatment for Damaged Hair - 500ml"
3599,2,"حمام زيت جوز الهند والصبار للشعر التالف من باراشوت 500مل"
3600,1,"Parachute Coconut Hot Oil Treatment for Thick and Strong Hair - 500ml"
3600,2,"حمام زيت جوز الهند  لشعر سميك وقوي من باراشوت 500مل"
3601,1,"Parachute Virgin Organic Coconut Oil 500ml"
3601,2,"زيت جوز الهند العضوي البكر من باراشوت 500 مل"
3602,1,"Parachute Extra Virgin Coconut Oil - 500 ml"
3602,2,"زيت جوز الهند البكر الممتاز من باراشوت - 500 مل"
3603,1,"Parachute Extra Virgin Coconut Oil with Vitamin E & F - 200ml"
3603,2,"زيت جوز الهند البكر الممتاز بفيتامين ه و ف من باراشوت 200مل"
3604,1,"Parachute Extra Virgin Coconut Oil Skin Moisturizer 200ml"
3604,2,"زيت جوز الهند البكر الممتاز مرطب البشرة من باراشوت 200مل"
3605,1,"Parachute Gold Coconut Hair Oil 400ml + 100ml Free"
3605,2,"زيت الشعر باراشوت ذهبي بجوز الهند 400+مجان100 مل"
3606,1,"Parachute Amla Hair Oil with Coconut and Almond - Buy 1 Get 1 Free (300ml + 190ml)"
3606,2,"زيت الشعر املا بجوز الهند واللوز من باراشوت اشتر 1 واحصل على 1 مجانا  300مل + 190مل"
3607,1,"Parachute Coconut Hair Oil Enriched with Argan - 300ml"
3607,2,"زيت جوز الهند للشعر الغني بالارغان من باراشوت - 300 مل"
3608,1,"Parachute Coconut Hair Oil Enriched with Almond - 300ml"
3608,2,"زيت جوز الهند للشعر الغني باللوز من باراشوت 300مل"
3609,1,"Parachute Coconut Oil Enriched with Shea for Color-Treated Hair - 300ml"
3609,2,"زيت جوز الهند الغني بالشيا للشعر المصبوغ من باراشوت 300مل"
3610,1,"Parachute Coconut Hair Oil Enriched with Onion - 200ml"
3610,2,"زيت جوز الهند للشعر الغني بالبصل من باراشوت - 200 مل"
3611,1,"Parachute Aloe Vera Enriched Coconut Hair Oil - 250ml"
3611,2,"زيت جوز الهند للشعر الغني بالصبار  من باراشوت 250مل"
3612,1,"Bourjois Healthy Mix Foundation - 50 Rose Ivory, 30ml"
3612,2,"كريم الاساس هيلثي ميكس  من بورجوا 50 فانيليا فاتح، 30 مل"
3613,1,"Bourjois Healthy Mix Foundation - No. 54, 30ml"
3613,2,"كريم اساس هلثي مكس رقم 54 من بورجوا  30 مل"
3614,1,"Maybelline Fit Me Liquid Foundation - Shade 128"
3614,2,"كريم اساس فيت مي سائل من ميبلين رقم 128"
3615,1,"Maybelline Fit Me Liquid Foundation - Shade 115"
3615,2,"كريم اساس فيت مي سائل من ميبلين رقم 115"
3616,1,"Maybelline Fit Me Liquid Foundation - Shade 130"
3616,2,"كريم اساس فيت مي سائل من ميبلين رقم 130"
3617,1,"Maybelline Fit Me Liquid Foundation - Shade 138"
3617,2,"كريم اساس فيت مي سائل من ميبلين رقم 138"
3618,1,"Maybelline Fit Me Liquid Foundation - Shade 120"
3618,2,"كريم اساس فيت مي سائل من ميبلين رقم 120"
3619,1,"Maybelline Fit Me Liquid Foundation - Shade 125"
3619,2,"كريم اساس فيت مي سائل من ميبلين رقم 125"
3620,1,"Maybelline Fit Me Liquid Foundation - Shade 118"
3620,2,"كريم اساس فيت مي سائل من ميبلين رقم 118"
3621,1,"Rimmel London Brow This Way Eyebrow Sculpting Kit – 002 Medium Brown"
3621,2,"باليت رسم وتحديد الحواجب براو ذس واي من ريميل لندن – بني متوسط 002"
3622,1,"Parachute Gold Hair Cream Offer 140ml 1+1"
3622,2,"عرض كريم بارشوت جولد 140مل 1+1"
3623,1,"Parachute Gold Hair Cream Offer 140ml 1+1"
3623,2,"عرض كريم بارشوت جولد 140مل 1+1"
3624,1,"Parachute Gold Hair Cream Offer 140ml 1+1"
3624,2,"عرض كريم بارشوت جولد 140مل 1+1"
3625,1,"4-in-1 Derma Roller Skin Care Set - 0.5mm"
3626,1,"Emjoi Opti Mini Shaver for Curved and Small Areas"
3626,2,"ماكينة حلاقة اوبتي ميني  للمناطق المنحنية والصغيرة من  إمجوي"
3627,1,"Emjoi EpiMini Shaver for Girls"
3627,2,"ماكينة حلاقة ابيميني للبنات من  إمجوي"
3628,1,"Minerva Face Cream 30g"
3628,2,"كريم الوجه مينرفا 30جم"
3629,1,"Oral-B 123 Toothbrush"
3629,2,"فرشاة أسنان 123 من اورال بي"
3630,1,"PanOxyl Acne Creamy Wash, Benzoyl Peroxide 4%, 156g"
3630,2,"غسول رغوي لحب الشباب بانوكسويل بيروكسيد 4 %‏   156جم"
3631,1,"Dabur Amla Hair Oil - World's No. 1 - 200ml"
3631,2,"زيت شعر دابر املا رقم (1)في العالم 200 مل"
3632,1,"Dabur Amla Hair Oil - World's No. 1 - 360ml"
3632,2,"زيت شعر دابر املا رقم (1)في العالم 360 مل"
3633,1,"Dabur Amla Jasmine Hair Oil 200ml"
3633,2,"زيت شعر دابر املا بالياسمين 200مل"
3634,1,"Dabur Amla Gold Hair Oil 200ml"
3634,2,"زيت شعردابر املا الذهبي200 مل"
3635,1,"Dabur Amla Gold Hair Oil 300ml"
3635,2,"زيت شعردابر املا الذهبي300 مل"
3636,1,"Original Japanese Goriki Large Hair Pin Box"
3636,2,"علبة دبوس شعر goriki ياباني كبير اصلي"
3637,1,"Nivea Soft Moisturizing Cream for Body, Face, and Hands - 50 ml"
3637,2,"كريم مرطب نيفيا سوفت للجسم والوجه واليدين 50 مل"
3638,1,"Some By Mi AHA, BHA, PHA 30 Days Miracle Acne Clear Foam 100ml"
3638,2,"رغوة تنظيف حب الشباب باحماض الفا وبيتا وبولي هيدروكسي 30 يوم من سوم باي مي 100مل"
3639,1,"Some By Mi AHA, BHA, PHA 30 Days Miracle Cleansing Bar 95g"
3639,2,"صابون المعجزة باحماض الفا وبيتا وبولي هيدروكسي 30 يوم لتنظيف البشرة من سوم باي مي 95ج"
3640,1,"Gillette Blue 2 Plus Disposable Razors for Men - 15 + 5 Free"
3640,2,"جيليت ماكينة حلاقة بلو 2 بلس للرجال - 15 + 5 مجانا"
3641,1,"Fizo Gold Clay Face Mask - 570g"
3641,2,"فيزو قناع طيني للوجه ذهب - 570 جم"
3642,1,"Fizo Coffee Face and Body Scrub - 500 ml"
3642,2,"فيزو سنفرة للوجه والجسم بالقهوة 500 مل"
3643,1,"Fizo Volcano Clay Face Mask - 570g"
3643,2,"فيزو قناع طيني للوجه فولكانو - 570 جم"
3644,1,"Fizo Charcoal Face Scrub - 500g"
3644,2,"فيزو سنفرة للوجه فحم - 500 جم"
3645,1,"Fizo Face and Body Apricot Scrub - 500 ml"
3645,2,"فيزو سنفرة للوجه والجسم بالمشمش 500 مل"
3646,1,"Fizo Mint Clay Face Mask - 570g"
3646,2,"فيزو قناع طيني للوجه بالنعناع - 570 جم"
3647,1,"Fizo Face and Body Scrub with Shea Butter - 500ml"
3647,2,"فيزو سنفرة للوجه والجسم زبدة الشيا 500 مل"
3648,1,"Fizo Charcoal Clay Face Mask - 570g"
3648,2,"فيزو قناع طيني للوجه بالفحم - 570 جم"
3649,1,"Colgate Plax Green Tea Alcohol-Free Mouthwash 500ml"
3649,2,"غسول فم كولجيت شاي اخضر خالي من كحول 500 مل"
3650,1,"CeraVe Therapeutic Hand Cream Non-Greasy 85g"
3650,2,"سيرافي كريم اليدين العلاجي غير دهني 85 غم"
3651,1,"First Stab Fix Wound Plaster 5 Pieces 9*15cm"
3651,2,"لصقة جروح فريست ستاب فيكس 5حبة 9*15سم"
3652,1,"First Step Fix Wound Plaster - 5 Pieces (8*10cm)"
3652,2,"لصقة جروح فريست ستاب فيكس 5حبة 8*10سم"
3653,1,"First Step Assorted Adhesive Bandages - 100 Pieces"
3653,2,"لصقات جروح متنوعه من فرست ستيب 100 حبه"
3654,1,"Palmer's Soothing Oil with Cocoa Butter Formula, Vitamin E, and Collagen - 150ml"
3654,2,"بالمرز زيت مهدي بتركيبة زبدة الكاكاو وفيتامين اي والكولاجينـ -150مل"
3655,1,"Some By Mi Yuja Niacin Blemish Care Serum Mask 25g"
3655,2,"قناع سيروم يوجا نياسين لعلاج النمش من سوم باي مي 25ج"
3656,1,"Sunsilk Strength & Shine Shampoo - With Coconut Oil - 700ml"
3656,2,"صانسيلك شامبو قوة ولمعان - بزيت جوز الهند - 700مل"
3657,1,"Pert Plus Shampoo for Normal Hair with Honey Extract, 600 ml"
3657,2,"شامبو للشعر العادي بخلاصة العسل 600 ملم، من برت بلس"
3658,1,"Head & Shoulders Smooth & Silky Anti-Dandruff Shampoo, 1000 ml"
3658,2,"شامبو هيد آند شولدرز إنسيابي وحريري ضد القشرة، 1000 مل"
3659,1,"Head & Shoulders Menthol Refresh Anti-Dandruff Shampoo with Cooling Mint, 1000 ml"
3659,2,"شامبو مضاد للقشرة مينثول ريفريش بالنعناع المنعش من هيد اند شولدرز، 1000 مل"
3660,1,"Malizia Giovane Hair Spray 250ml"
3660,2,"ماليزيا جيوفاني بخاخ تثبيت الشعر 250 مل"
3661,1,"Lux Body Wash, Magical Orchid Scent - 500ml"
3661,2,"غسول جسم, سحر زهرة الاوركيد من لوكس 500 مل"
3662,1,"Closeup Red Hot Mouthwash 300ml"
3662,2,"كلوس اب غسول الفم ريد هوت 300 مل"
3664,1,"Head & Shoulders Anti-Hair Fall Shampoo 600ml"
3664,2,"شامبو ضد تساقط الشعر هيد شولدرز 600مل"
3665,1,"Moov On Muscle and Joint Pain Relief Spray - 200ml"
3665,2,"بخاخ لتخفيف آلام العضلات والمفاصل من مووف اون 200مل"
3666,1,"Pantene Hair Fall Control Shampoo 190ml"
3666,2,"بانتين شامبو علاج لتساقط الشعر 190 مل"
3667,1,"Pantene Pro-V Moisture Renewal Shampoo, Hydrates Even the Driest Hair - 190ml"
3667,2,"شامبو بانتين برو عناية مرطبة ، يرطب حتى الشعر الأشد جفافا 190 مل"
3668,1,"Some By Mi Hyaluronic Acid Skin Hydrating Mask"
3668,2,"قناع الهيالورنيك لترطيب البشرة من سوم باي مي"
3669,1,"Some By Mi Diamond Glow Luminous Sheet Mask 25g"
3669,2,"قناع دايموند جلو لومينوس لتفتيح البشرة من سوم باي مي 25ج"
3670,1,"Some By Mi Glow Luminous Tea Tree Calming Mask 25g"
3670,2,"قناع الشاي الأخضر جلو لومينوس لتهدئة البشرة من سوم باي مي 25ج"
3671,1,"Leak-Proof Plastic Bandages - 100 Pieces"
3671,2,"ضمادات بلاستكية مانعة للتسرب 100قطعة"
3672,1,"Martians Bone Strengthening Gummies - 60 Gummies"
3672,2,"مارشينز حلوى لتقوية العظام 60 حبة"
3673,1,"Exfoliating Skin Gloves"
3673,2,"قفازات تقشير البشرة"
3674,1,"Nizoral Care Cosmetic Scalp Tonic for Dry Scalp 100ml - 1+1 Free"
3674,2,"نيزورال كير منشط تجميلي لفروة الرأس الجافه 100 مل 1+1 مجان"
3675,1,"Martians + Echinacea Gummies - 60 Gummies"
3675,2,"حلوى مضغ  مارشينز + ايشنيسيا  60 حبة"
3676,1,"Garnier Hydrating & Nourishing Hair Conditioner with Aloe Vera and Coconut Extract - 350ml"
3676,2,"بلسم تغذية الشعر المرطب بخلاصة الصبار وجوز الهند من جارنية 350مل"
3677,1,"Dabur Basil Toothpaste Set for Oral Protection"
3677,2,"مجموعة معجون أسنان دابور بالريحان لحماية الفم"
3678,1,"Dabur Herbal Clove Toothpaste Set for Natural Oral Protection"
3678,2,"مجموعة معجون أسنان دابور بالقرنفل الطبيعية لحماية الفم"
3679,1,"Dabur Salt and Lemon Toothpaste Set for Oral Protection"
3679,2,"مجموعة معجون أسنان دابور بالملح والليمون لحماية الفم"
3680,1,"Dabur Lemon and Mint Toothpaste Set for Oral Protection"
3680,2,"مجموعة معجون أسنان دابور بالليمون والنعناع لحماية الفم"
3681,1,"Dabur Neem Toothpaste Set for Oral Protection"
3681,2,"مجموعة معجون أسنان دابور بالنيم لحماية الفم"
3682,1,"Always Pink Maxi Thick Large Sanitary Pads with Wings, Soft & Breathable, 10 Pads"
3682,2,"فوط وردي كبيره نعومه وتنفس ماكسي سميكة مزودة باجنحة، 10 فوطه من اولويز"
3683,1,"Wella Hair Styling Mousse - 200 ml"
3683,2,"رغوة لتصفيف الشعر من ويلا  200 مل"
3684,1,"Sunsilk Strength & Shine Shampoo, 200 ml"
3684,2,"شامبو صانسيلك قوة ولمعان، 200 مل"
3685,1,"Agis Nail Polish Remover - 125 ml"
3685,2,"مزيل ملون الاظافر من اجيس 125 مل"
3686,1,"Tar Shampoo for All Hair Types - 450ml"
3686,2,"شامبو القطران لجميع انواع الشعر 450مل"
3687,1,"Soral Daily Treatment Conditioner, 300 ml"
3687,2,"بلسم العلاج اليومي من سورال، 300 مل"
3688,1,"Palmer's Soothing Oil with Cocoa Butter Formula and Vitamin E - 50ml"
3688,2,"بالمرز زيت مهدي بتركيبة زبدة الكاكاو وفيتامين هـ -50مل"
3689,1,"Palmer's Skin Therapy Oil with Retinol and Vitamin C - 30ml"
3689,2,"زيت العناية بالبشرة مع الريتينول وفيتامين ج من بالمرز 30مل"
3690,1,"Bamboo Charcoal Soap 100g"
3690,2,"صابون فحم البامبو 100جم"
3691,1,"I'm Sorry For My Skin Brightening Jelly Mask, pH 5.5"
3691,2,"قناع مفتح للبشرة، بدرجة حموضة 5.5 من ايم سوري فور ماي سكن"
3692,1,"I'm Sorry For My Skin pH5.5 Relaxing Jelly Mask"
3692,2,"قناع جيلي للاسترخاء pH5.5 من ايم سوري فور ماي سكن"
3693,1,"Mane 'n Tail Olive Oil and Keratin Shampoo, 355 ml"
3693,2,"شامبو الحصان بزيت الزيتون والكرياتين من ماني ان تيل، 355 مل"
3694,1,"Closeup Triple Fresh Formula Toothpaste Offer - 4 Packs x 50ml"
3694,2,"عرض معجون اسنان كلوس اب تركيبة الانتعاش الثلاثي 4عبوات 50مل"
3695,1,"Special Offer: Close Up Red Toothpaste 3+1 - 50ml"
3695,2,"عرض خاص معجون أسنان كلوس أب احمر 3+1 - 50مل"
3696,1,"Cantu Natural Hair Wave & Curl Mousse - 248ml"
3696,2,"موس تمويج وتجعيد طبيعي للشعر من كانتو248مل"
3697,1,"Flexitol Very Dry Foot and Leg Cream - 85g"
3697,2,"كريم فليكسيتول للاقدام والسيقان الجافة جدا  85جم"
3698,1,"Flexitol Hand Balm 56g"
3698,2,"بلسم فليكسيتول لليدين  56جم"
3699,1,"Flexinol Lip Balm with SPF 50+ 10g"
3699,2,"مرطب شفاة مع عامل حماية +50 فليكسينول 10جم"
3700,1,"Flexitol Lip Balm 10g"
3700,2,"مرطب شفاة فليكسينول 10جم"
3702,1,"United Professional Ionic Hair Dryer and Styling Brush Burgundy UN-6219"
3702,2,"فرشاة استشوار وتصفيف الشعر بالايونات عنابي UN-6219 - يونايتد بروفيشنال"
3703,1,"United Professional Hair Styler with Two Interchangeable Brushes and 360-Degree Dual-Direction Motor HB-8452E"
3703,2,"مصفف الشعر الاحترافي مع فرشتين قابله للتغيير ومحرك باتجاهين 360 درجة من يونايتد HB-8452E"
3704,1,"United Hair Styler and Dryer Pink - HB-8421D"
3704,2,"مصفف ومجفف شعر وردي يونايتد  HB-8421D"
3705,1,"United Professional Golden Hair Straightener UN970C"
3705,2,"مملس الشعر الذهبي UN970C - يونايتد بروفيشنال"
3706,1,"UND-1320 Hair Dryer - United Professional"
3706,2,"مجفف الشعر UND-1320 - يونايتد بروفيشنال"
3707,1,"United Professional Fast Hair Curler K8032P 878"
3707,2,"جهاز الكيرلي السريع  للف الشعر K8032P  878- يونايتد بروفيشنال"
3708,1,"Aloe Vera Gel and Facial Scrub Set by Cosmetic Solution"
3708,2,"مجموعة جل الصبار ومقشر الصبار للبشرة من كوزماتك سوليوشن"
3709,1,"Flexitol Powder Fresh Foot Deodorant Spray 24-Hour Protection 210ml"
3709,2,"فليكسيتول بخاخ معطر باودر للقدم يدوم 24 ساعة 210مل"
3710,1,"Canto Anti-Shedding Styling Gel with Honey 524g"
3710,2,"جل تصفيف مضاد لتساقط الشعر بالعسل من كانتو 524ج"
3711,1,"Nivea Moisturizing Cream for Face, Body, and Hands - 200 ml"
3711,2,"كريم مرطب  للوجه والجسم واليدين من نيفيا 200 مل"
3712,1,"Original Moroccan Loofah (Kessa)"
3712,2,"الليفة المغربية الاصليه"
3713,1,"Lavender Extract Foot Peeling Mask & Collagen Mask"
3713,2,"قناع تقشير القدمين بخلاصة اللافندر وماسك الكولاجين"
3714,1,"Nourishing Rose and Hyaluronic Acid Hand Mask"
3714,2,"قناع اليد المغذي بالورد وحمض الهيالورونيك"
3715,1,"Guanjing Hyaluronic Acid & Rose Foot Peeling Mask"
3715,2,"قناع تقشير القدمين بحمض الهيالورونيك وورد جوانجينج"
3716,1,"Lavender and Collagen Hand Mask"
3716,2,"قناع اليدين باللافندر والكولاجين"
3717,1,"Jardin d'Oleane Rose Water for Skin Hydration - 250ml"
3717,2,"ماء روح الورد لترطيب البشرة من جاردن دي اوليان 250ملش"
3718,1,"Cosmetic Solutions Vitamin C Face Mask"
3718,2,"قناع الوجه بالفيتامين سي من كوزماتك سوليوشن"
3719,1,"Kuwait Shop Vitamin E Moisturizing & Nourishing Lotion for Wrinkle Reduction - 235 ml"
3719,2,"لوشن مرطب ومغذي ويقلل من ظهور التجاعيد فيتامين E من كويت شوب 235 مل"
3720,1,"Strawberry Extract Face Mask"
3720,2,"قناع وجه بمستخلص الفراولة"
3721,1,"Banana Extract Face Mask"
3721,2,"قناع وجه بمستخلص الموز"
3722,1,"Cosmetic Solution Papaya and Milk Lotion for Moisturizing and Anti-Wrinkle - 500ml"
3722,2,"لوشن البابايا والحليب كوزماتك سوليوشن  للترطيب وضد التجاعيد500مل"
3723,1,"Dandy Baby Wet Wipes (120 Wipes * 3 Packs)"
3723,2,"مناديل مبلله للأطفال من داندي (120منديل*3 عبوات)"
3724,1,"Vitamin C Moisturizing and Brightening Body Cream - 300 ml"
3724,2,"كريم مرطب ومفتح للجسم فيتامين سي  300 مل"
3725,1,"Papaya Body Brightening Cream with Vitamin H - 300ml"
3725,2,"كريم مفتح للجسم بالبابايا فيتامين اتش    300مل"
3726,1,"Disaar Moisturizing and Repairing Argan Oil for Dry Hair - 120ml"
3726,2,"زيت ارجان مرطب ومعالج للشعر الجاف من ديسار- 120مل"
3727,1,"Disaar Keratin Argan Hair Oil 120ml"
3727,2,"زيت كيراتين أرغان للشعر من ديسار 120مل"
3728,1,"Cosmetic Solution Collagen Eye Cream - 35g"
3728,2,"كريم العين بالكولاجين من كوزماتك سوليوشن - 35جرام"
3730,1,"Aichun Beauty Magic White 7-in-1 Underarm Whitening Cream"
3730,2,"كريم تفتيح تحت الإبط ماجيك وايت من ايتشون  7 في 1"
3731,1,"Vitamin E Eye Cream"
3731,2,"كريم العين بالفيتامين E"
3732,1,"Dorco Shai Women's Disposable Razors - 3 Pieces"
3732,2,"ماكينة حلاقة نسائية من دوركو شيا - 3حبات"
3733,1,"Guanjing Turmeric Facial Soap - 100g"
3733,2,"صابون للوجه بالكركم من جوانجينج  100غ"
3734,1,"Smokers' Tooth Powder"
3734,2,"بودرة أسنان للمدخنين"
3735,1,"Disaar Moisturizing Soap with Vitamin C and Hyaluronic Acid Extract"
3735,2,"صابون مرطب مع خلاصة فيتامين سي وحمض الهيالورونيك من ديزار"
3737,1,"PanOxyl Acne Foaming Wash Benzoyl Peroxide 10% - 156g"
3737,2,"غسول بانكسويل رغوي لحب الشباب بنزويل بيروكسيد 10 %‏   156جم"
3738,1,"Professional Body Care Moroccan Loofah 4553"
3738,2,"ليفة جسم مغربي بوفيشنال بودي كير 4553"
3739,1,"Body Care Finger Loop Body Loofah 4512"
3739,2,"ليفة جسم باصبع بودي كير 4512"
3740,1,"Povisional Body Care Loofah 4529"
3740,2,"ليفة جسم بوفيشنال بودي كير 4529"
3741,1,"Povisional Body Care Loofah 4528"
3741,2,"ليفة جسم بوفيشنال بودي كير 4528"
3742,1,"Professional Hair Back Loofah 4537"
3742,2,"ليفة شعر للظهر بوفيشنال 4537"
3743,1,"Italian Cosmetic Cotton Pads - 80 Pieces"
3743,2,"قطن تجميل ايطالي  80 قطعة"
3744,1,"Italian Cosmetic Cotton Pads - 50 Pieces"
3744,2,"قطن تجميل ايطالي  50 قطعة"
3745,1,"Callus Remover Tool + 10 Replacement Blades"
3745,2,"قشاطة لإزلة الجلد الميت +10 امواس"
3746,1,"Dual-Tip Hair Tweezers 3713"
3746,2,"ملقاط شعر برأسين 3713"
3747,1,"Eucerin Sun Gel-Cream for Oily Skin (SPF 50)"
3747,2,"جل واقي  شمس للبشرة الدهنية (SPF 50) من يوسيرين"
3750,1,"UNIPRO Stainless Steel Nail Scissors"
3750,2,"مقص اظافر معدني مقاوم للصدا UNIPRO"
3751,1,"UNIPRO 4-Piece Manicure Set (Nipper - Clipper - File - Tweezers)"
3751,2,"طقم منكيور اربع قطع (نيبر - قصافة - مبرد - ملقط)UNIPRO"
3753,1,"UNIPRO 10 Short Wooden Nail Files"
3753,2,"10مبارد خشبية قصيرة UNIPRO"
3754,1,"UNIPRO Nail File with Plastic Handle"
3754,2,"مبرد اظافر بمقبض بلاستيكي UNIPRO"
3755,1,"Professional 3-Piece Colorful Women's Razors with Safety Lock"
3755,2,"3امواس نسائية ملونة بقفل الامان من بروفيشنال"
3756,1,"UNIPRO Glass Nail Shiner"
3756,2,"ملمع اظافر زجاجي UNIPRO"
3757,1,"UNIPRO Acne Removal Tool"
3757,2,"اداة ازلة حب الشباب UNIPRO"
3758,1,"CeraVe 100% Mineral Sunscreen for Body with SPF 50 - 150ml"
3758,2,"واقي شمس معدني  للجسم بنسبة 100% وعامل حماية من اشعة الشمس 50 من سيرافي 150مل"
3759,1,"Panthenol Plus Cream for Dry and Cracked Hands - 75ml"
3759,2,"كريم بانثينول  بلس لليدين الجافة والمتشققة 75مل"
3760,1,"Panthenol Plus Concealer Cream with SPF 20 - 50ml"
3760,2,"كريم بانثينول  بلس خافي عيوب مع SPF عامل حماية  20    50مل"
3761,1,"Panthenol Plus Face and Eye Contour Sunscreen Cream SPF 50+ - 50ml"
3761,2,"كريم واقي شمس للوجه وحول العينين مع عامل حماية +50 من بانثينول بلس - 50مل"
3762,1,"Giovanni Smooth As Silk Deep Moisture Shampoo - 60ml"
3762,2,"شامبوناعم كالحرير للترطيب العميق من  جيوفاني 60 مل"
3763,1,"Oral-B Vitality 100 Blanco CrossAction Electric Toothbrush"
3763,2,"فرشاة اسنان كهربائية أورال-بي فيتاليتي 100 بلانكو كروس أكشن"
3764,1,"NIVEA Men Shaving Cream 100ml"
3764,2,"كريم حلاقة للرجال من نيفيا 100 مل"
3765,1,"NIVEA Men Vitality Fresh Shower Gel, 250 ml"
3765,2,"شاور جل للرجال، فايتالتي فريش من نيڤيا، 250 مل"
3766,1,"UltraMax Powder Fresh Deodorant - 73g"
3766,2,"مزيل عرق باودر فريش الترا ماكس - 73جم"
3767,1,"UltraMax Active Sport Deodorant for Women - 73g"
3767,2,"مزيل عرق  أكتيف سبورت  الترا ماكس للنساء- 73جم"
3768,1,"Dove Pink Beauty Cream Bar - 125g"
3768,2,"قالب كريم الجمال زهري من دوڤ  125 جم"
3769,1,"Oral-B Vitality 2D Action Blanco CrossAction Electric Toothbrush"
3769,2,"فرشاة اسنان كهربائية أورال-بي فيتاليتي 2D اكشن بلانكو كروس أكشن"
3770,1,"3D White Mouthwash 473ml"
3770,2,"غسول فم ثري دي وايت 473مل"
3771,1,Earplugs
3771,2,"سداده للأذن"
3772,1,"Colgate Lasting White Toothpaste 75ml"
3772,2,"معجون أسنان لاستنج وايت من كولجيت 75 مل"
3773,1,"Colorful Artificial Nail Set"
3773,2,"مجموعة اظافر اصطناعية ملونة"
3774,1,"Colorful Artificial Nail Set"
3774,2,"مجموعة اظافر اصطناعية ملونة"
3775,1,"Colorful Artificial Nail Set"
3775,2,"مجموعة اظافر اصطناعية ملونة"
3776,1,"Colorful Artificial Nail Set"
3776,2,"مجموعة اظافر اصطناعية ملونة"
3777,1,"Colorful Artificial Nail Set"
3777,2,"مجموعة اظافر اصطناعية ملونة"
3778,1,"Natural Vitamin C Face Serum - 30ml"
3778,2,"سيروم الوجه فيتامين سي منناتشورال  30مل"
3779,1,"Natural Hyaluronic Acid and Green Tea Face Serum - 30ml"
3779,2,"سيروم الوجه هايلورونيك اسيد والشاي الاخضر من ناتشورال 30مل"
3780,1,"Disaar Vitamin C Facial Serum, 30ml"
3780,2,"سيروم الوجه بفيتامين سي من ديسار، 30 مل"
3781,1,"Collagen Lip Balm 3.5g"
3781,2,"مرطب شفاه بالكولاجين 3.5 جم"
3782,1,"Aloe Vera Lip Balm 3.5g"
3782,2,"مرطب شفاه بالصبار 3.5 جم"
3783,1,"Vitamin C Cosmetic Moisturizing Lotion - 480ml"
3783,2,"لوشن مرطب فيتامين سي كوزماتيك 480 مل"
3784,1,"Sunsilk Shampoo with Shea Butter, 400 ml"
3784,2,"شامبو صانسيلك بزبدة الشيا، 400 مل"
3785,1,"Sunsilk Hairfall Solution Shampoo 400ml"
3785,2,"شامبو صانسيلك الحل لتساقط الشعر 400 مل"
3786,1,"Sunsilk Micellar Volume Shampoo, 400 ml"
3786,2,"شامبو صانسيلك  كثافة الميسيلار، 400 مل"
3787,1,"Keratin Smooth Shampoo for Dry and Frizzy Hair - 700ml"
3787,2,"شامبو كيراتين سموث  للشعر الجاف والمتطاير 700مل"
3788,1,"Kotex Maxi Thick Sanitary Pads with Wings, Large Night Size, 10 Pads"
3788,2,"فوط صحية ماكسي سميكة مزودة باجنحة، حجم كبير ليلية من كوتكس 10 فوطة"
3789,1,"Kotex Maxi Thick Sanitary Pads with Wings, Night Large Size - 30 Pads"
3789,2,"فوط صحية ماكسي سميكة مزودة باجنحة، حجم كبير ليلية من كوتكس 30 فوطة"
3790,1,"Kotex Natural 100% Cotton Maxi Thick Pads with Wings, Large Night Size - 22 Pads"
3790,2,"فوط طبيعية قطن 100%ماكسي سميكة مزودة باجنحة، حجم كبير ليلية من كوتكس 22 فوطة"
3791,1,"Kotex Maxi Thick Sanitary Pads with Wings, Large Night Size, 30 Pads"
3791,2,"فوط عادية ماكسي سميكة مزودة باجنحة حجم كبير ليلية من كوتكس 30 فوطة"
3792,1,"Kotex Maxi Thick Sanitary Pads with Wings, Large Night Size - 50 Pads"
3792,2,"فوط صحية عادية ماكسي سميكة مزودة باجنحة، حجم كبير ليلية من كوتكس 50 فوطة"
3793,1,"Private Natural Cotton Softness Sanitary Pads, Large Size with Wings, 9 Pads"
3793,2,"فوط صحية بنعومة القطن الطبيعي برايفت حجم كبير بالأجنحة 9 فوطة"
3794,1,"Eveline Cosmetics White Prestige 4D Multifunctional Whitening BB Cream, 50ml"
3794,2,"كريم بي بي وايت برستيج 4 دي للتبييض متعدد الوظائف من ايفنلاين كوزماتيكس، 50 مل"
3795,1,"Glysolid Pure Skin Moisturizing Hand Cream - 50ml"
3795,2,"كريم يدين ترطيب البشرة بيور من  جليسوليد50 مل"
3796,1,"Zinty Black Eyelash Glue"
3796,2,"غراء رموش اسود زينتي"
3797,1,"La Roche-Posay Anthelios Sunscreen Gel Fragrance-Free for Sensitive Skin - 50ml"
3797,2,"واقي شمس جل من  لاروش بوزيه خال من العطر للبشرة الحساسة 50 مل"
3798,1,"La Roche-Posay Sunscreen Cream for Sensitive Skin - 50ml"
3798,2,"كريم لاروش بوزيه واقي شمس  للبشرة الحساسة 50مل"
3799,1,"Eyebrow Brush"
3799,2,"فرشاة حواجب"
3800,1,"L'Oréal Paris Magic Retouch Hair Color - Black"
3800,2,"صبغة شعر لوريال باريس ماجيك ريتوتش أسود"
3801,1,"Rose Aroma Eco-Friendly Wheat Straw Hair Brush"
3801,2,"فرشة شعر صديقة البيئة (قش القمح) من روز اروما"
3802,1,"Rose Aroma Curly Hair Brush"
3802,2,"فرشة للشعر الكيرلي من روز اروما"
3803,1,"Rose Aroma 4711 Hair Brush"
3803,2,"فرشة شعر 4711 من روز اروما"
3804,1,"Rose Aroma Square Wooden Hair Brush - 4708"
3804,2,"فرشة شعر خشبية مربعة  4708 من روز اروما"
3805,1,"Rose Aroma Hair Brush 4718"
3805,2,"فرشة شعر 4718 من روز اروما"
3808,1,"Rose Aroma 4734 Hair Dryer Brush"
3808,2,"فرشة استشوار 4734 من روز اروما"
3809,1,"Rose Aroma Hair Brush 4715"
3809,2,"فرشة شعر4715 من روز اروما"
3810,1,"Rose Aroma Foldable Hairbrush with Mirror"
3810,2,"فرشة شعر قابلة للقفل مع مراية من روز اروما"
3811,1,"Rose Aroma Square Hair Brush"
3811,2,"فرشة شعر مربعة من روز اروما"
3812,1,"Rose Aroma Hair Brush"
3812,2,"فرشة شعر من روز اروما"
3814,1,"J. Casanova Soothing and Moisturizing Aloe Vera Gel - 300ml"
3814,2,"جل الصبار المرطب والمهدئ من جي كازنوفا - 300مل"
3815,1,"J. Casanova Moisturizing and Soothing Aloe Vera Gel - 150ml"
3815,2,"جل الصبار المرطب والمهدئ من جي كازنوفا - 150مل"
3816,1,"Lavender Hand Wash, 500 ml"
3816,2,"غسول اليد بالافندر ، 500 مل"
3818,1,"United Professional 2-in-1 Hair Dryer & Styler - K301"
3818,2,"استشوار 2في1  من يونايتد بروفيشينال - K301"
3819,1,"United Premium Hair Styler and Dryer – Blue UNK302"
3819,2,"مصفف ومجفف الشعر المميز – لون أزرق من يونايتد UNK302"
3820,1,"United Professional UN D700 Round Hair Styling and Drying Brush"
3820,2,"فرشاة تصفيف وتجفيف الشعر الدائرية UN D700 - يونايتد بروفيشنال"
3821,1,"Stella White Activated Charcoal Teeth Whitening Powder - 40g"
3821,2,"بودرة الفحم المنشط لتبييض الاسنان من ستيلا وايت -40 جم"
3822,1,"Pro Wax Hair Removal Wax Beans for Dry Skin - 250g"
3822,2,"حبيبات شمعية لإزالة الشعر للبشرة الجافة من برو واكس 250جم"
3823,1,"Pro Wax Hair Removal Wax Beans for Skin Renewal and Exfoliation - 250g"
3823,2,"حبيبات شمعية لإزالة الشعر للبشرة وتجديدها وتقشيرها من برو واكس 250جم"
3824,1,"Pro Wax Hair Removal Wax Beans for Normal Skin - 250g"
3824,2,"حبيبات شمعية لإزالة الشعر للبشرة العادية من برو واكس 250جم"
3825,1,"Pro Wax Hair Removal Wax Beans for Sensitive Skin - 250g"
3825,2,"حبيبات شمعية لإزالة الشعر للبشرة الحساسة من برو واكس 250جم"
3826,1,"Rimmel Stay Matte Liquid Lipstick - Shade 600"
3826,2,"احمر شفاه سائل ستاي مات درجة 600 من ريميل"
3827,1,"Rimmel Stay Matte Liquid Lipstick - Shade 700"
3827,2,"احمر شفاه سائل ستاي مات درجة 700 من ريميل"
3828,1,"Rimmel Stay Matte Liquid Lipstick - Shade 500"
3828,2,"احمر شفاه سائل ستاي مات درجة 500 من ريميل"
3829,1,"Rimmel Stay Matte Liquid Lipstick - Shade 830"
3829,2,"احمر شفاه سائل ستاي مات درجة 830 من ريميل"
3830,1,"Mandy Care Sweet Almond Oil - 125 ml"
3830,2,"زيت اللوز الحلو ماندي كير 125 مل"
3831,1,"Gillette Blue 2 Plus Disposable Razors - 5 Count"
3831,2,"شفرة حلاقة من جيليت  بلو 2 بلس للاستعمال مرة واحدة × 5"
3832,1,"Moroccan Bath Loofah (Kessa Glove)"
3832,2,"ليفة الحمام المغربي"
3833,1,"Mandy Care Wheat Germ Oil for Hair and Skin - 125 ml"
3833,2,"زيت جنين القمح للشعر والبشرة ماندي كير 125 مل"
3834,1,"Mandi Care Bitter Almond Oil for Hair and Skin Care - 125 ml"
3834,2,"زيت اللوز المر للعناية بالشعر والبشرة من  ماندي كير 125 مل"
3835,1,"Mandy Care Vitamin E Oil for Hair and Skin - 125 ml"
3835,2,"زيت فيتامين إي للشعر والبشرة من ماندي كير 125 مل"
3836,1,"Mandy Care Watercress Oil for Hair and Skin - 125 ml"
3836,2,"زيت الجرجير للشعر والبشرة من ماندي كير 125 مل"
3837,1,"Eucerin Lightweight Fragrance-Free Sunscreen Lotion with SPF 50 for Face - 75 ml"
3837,2,"لوشن واقي شمس خفيف الوزن خال من العطور من يوسيرن مع عامل حماية من الشمس SPF بدرجة 50 للوجه 75 مل"
3838,1,"Oral-B Pro-Expert Manual Soft Toothbrush"
3838,2,"فرشاة أسنان برو اكسبرت يدوية ناعمة من اورال بي"
3839,1,"Oral-B Pro-Flex Luxe Manual Soft Toothbrush"
3839,2,"فرشاة أسنان Pro-Flex Luxe يدوية ناعمة من اورال بي"
3841,1,"Some By Mi 30 Days Miracle Tea Tree Clear Spot Oil, 10ml"
3841,2,"زيت شجرة الشاي العجيب لعلاج البقع من سوم باي مي، 10 مل"
3842,1,"Garnier Nourishing Banana Hair Food Conditioner for Dry Hair - 350ml"
3842,2,"بلسم تغذية الشعر المرطب بخلاصة الموز المغذي للشعر الجاف من جارنية 350مل"
3843,1,"L'Oréal Paris Magic Retouch Hair Color - Golden Brown"
3843,2,"صبغة شعر لوريال باريس ماجيك ريتوتش بني ذهبي"
3844,1,"L'Oréal Paris Magic Retouch Hair Color - Beige"
3844,2,"صبغة شعر لوريال باريس ماجيك ريتوتش بيج"
3845,1,"L'Oréal Paris Magic Retouch Hair Color - Brown"
3845,2,"صبغة شعر لوريال باريس ماجيك ريتوتش بني"
3846,1,"Max Elegance Hair Dye Brush Set"
3846,2,"مجموعة فرش صبغ الشعر من من ماكس اليجانس"
3848,1,"DermoFuture Glass Glow Lip Injection"
3848,2,"حقن شفاه جلاس جلو من ديرمو فيوتشر"
3849,1,"DermoFuture Volume Lips Booster"
3849,2,"معزز الشفاه فوليوم ليبس من ديرموفيوتشر"
3850,1,"Mandi Care Rosemary Shampoo for All Hair Types - 400 ml"
3850,2,"ماندي كير شامبو إكليل الجبل لجميع أنواع الشعر - 400 مل"
3851,1,"White Musk Body Wash 250ml"
3851,2,"غسول المسك الابيض 250مل"
3852,1,"DermoFuture Botox Alternative Eye Serum for Wrinkle Reduction - 10ml"
3852,2,"سيروم بديل البوتكس لتقليل تجاعيد العين من ديرموفيوتشر - 10مل"
3853,1,"DermoFuture Intensive Wrinkle-Lifting Serum - 10ml"
3853,2,"سيروم المكثف لشد التجاعيد من ديرموفيوتشر - 10مل"
3854,1,"DermoFuture Wrinkle Filler Care Treatment - 10ml"
3854,2,"مستحضر العناية  لملئ التجاعيد من ديرمو فيوتشر - 10مل"
3855,1,"CeraVe Moisturizing Cream 453g"
3855,2,"سيرافي كريم ترطيب للبشرة شديدة الجفاف - 453 مل"
3856,1,"Labella Feminine Wipes with White Musk - 20 Wipes"
3856,2,"مناديل نسائية بالمسك الأبيض من لابيلا - 20 منديل"
3857,1,"Revers Natural Hemp Oil Hand Cream - 100 ml"
3857,2,"كريم اليدين بزيت القنب الطبيعي من ريفرز 100 مل"
3858,1,"Rivers Hemp Seed Oil Shampoo - 500 ml"
3858,2,"شامبو بزيت بذور القنب ريفرز  500 مل"
3859,1,"Sunsilk Shine & Strength Conditioner 350ml"
3859,2,"بلسم لمعان وقوة من صانسيلك 350 مل"
3860,1,"Labella Feminine Wipes with White Musk - 20 Wipes"
3860,2,"مناديل نسائية بالمسك الأبيض من لابيلا - 20 منديل"
3861,1,"NOW Solutions Avocado Oil for Skin Care - 118 ml"
3861,2,"زيت الافوكادو للعناية بالبشرة من ناو 118 مل"
3862,1,"NOW Jasmine Oil - 30 ml"
3862,2,"زيت الياسمين من ناو 30 مل"
3863,1,"Famous Jasmine Oil 30ml"
3863,2,"زيت الياسمين فيموس 30 مل"
3864,1,"Now Foods Frankincense Oil - 30 ml"
3864,2,"زيت لبان البخور من ناو 30 مل"
3865,1,"White Pure Coconut Oil - Double Filtered - 680 ml"
3865,2,"زيت نارجيل وايت نقي مصفى مرتين - 680 مل"
3866,1,"White Henna for Face and Body"
3866,2,"حنا بيضا للوجه والجسم"
3867,1,"Careline Charcoal Nose Pore Strips"
3867,2,"لصقات مسام الانف بالفحم كير لاين"
3868,1,"Lakme Collage Cream Hair Color - Light Blonde 0/00, 60ml"
3868,2,"صبغة كولاج كريمي اشقر فاتح من لاكمي  0/00 ، 60 مل"
3869,1,"Lakme Chroma Ammonia-Free Hair Color Lightener 0/00, 60ml"
3869,2,"صبغة شعر خالية من الأمونيا كروما تفتيح 0/00 من لاكمي   ، 60 مل"
3870,1,"Pure Original Natural Jelly for Skin, Feet, Hands, and Lips by Palma - 240 ml"
3870,2,"الجلي النقي الاصلي الطبيعي  لترطيب الجلد والقدمين واليد والشفاه بالما  - 240 مل"
3871,1,"Giovanni Eco Chic Frizz Be Gone Serum - 81 ml"
3871,2,"سيروم ايكو شيك فريز بي جون من جيوفاني  81 مل"
3872,1,"Giovanni L.A. Hold Hair Styling Gel 201ml"
3872,2,"جل تصفيف الشعر  إل إيه هولد من جيوفاني 201 مل"
3874,1,"Palmer's Coconut Oil Body Lotion 250ml"
3874,2,"لوشن بالمرز بزيت جوز الهند 250مل"
3875,1,"Palmer's Smoothing Lotion for Rough and Dry Skin - 250ml"
3875,2,"لوشن بالمرزلتنعيم البشرة الخشنه الجافه 250مل"
3877,1,"Palmer's Cocoa Butter Formula Body Lotion for Dry, Rough Skin - 250ml"
3877,2,"لوشن بالمرز بزبدة الكاكو لتنعيم البشرة الخشنه الجافه 250مل"
3878,1,"Cetaphil Oily Skin Cleanser for Oily, Combination, and Sensitive Skin - 473ml"
3878,2,"غسول منظف للبشرة الدهنية  والمختلطه والحساسة  من سيتافيل 473مل"
3879,1,"Cetaphil Gentle Skin Cleanser for Normal to Dry & Sensitive Skin - 473ml"
3879,2,"غسول منظف للبشرة العادية الى الجافة الى الحساسة من سيتافيل473مل"
3880,1,"Cleansing Wash for Normal to Dry and Sensitive Skin - 236ml"
3880,2,"غسول منظف للبشرة العادية الى الجافة الى الخساسة 236مل"
3884,1,"Casanova Lip Liner Pencil 709"
3884,2,"كازانوفا قلم تحديد شفاه 709"
3885,1,"Casanova Lip Liner Pencil 712"
3885,2,"كازانوفا قلم تحديد شفاه 712"
3888,1,"Garnier SkinActive Fast Bright 30x Serum - 30ml"
3888,2,"سيروم سكين اكتيف فاست برايت من جارنيه 30× -  30 مل"
3889,1,"Sulphur Soap for Oily Skin 100g"
3889,2,"صابون كبريت للبشرة الدهنية 100جم"
3891,1,"Eyelash Enhancing Serum"
3891,2,"سيروم لتعزيز الرموش"
3892,1,"Sunsilk Soft & Smooth Shampoo - 700ml"
3892,2,"شامبو صانسيلك لشعر ناعم وانسيابي - 700مل"
3893,1,"Sunsilk Instant Damage Repair Orange Serum Conditioner 340ml"
3893,2,"بلسم سيروم برتقالي اصلاح فوري للشعر التالف من صانسيلك 340 مل"
3894,1,"Creme 21 for Normal Skin - 400 ml"
3894,2,"كريم لوشن 21 للبشرة العادية 400 مل"
3895,1,"Creme 21 for Ultra Dry Skin - 400ml"
3895,2,"كريم 21 للبشرة شديدة الجفاف 400 مل"
3897,1,"Creme 21 for Ultra Dry Skin - 600ml"
3897,2,"كريم 21 للبشرة شديدة الجفاف 600 مل"
3898,1,"La Roche-Posay Anthelios Invisible Fluid Sunscreen for Oily and Sensitive Skin - 50ml"
3898,2,"واقي شمس سائل للبشرة الدهنية والحساسة من لاروش بوزي 50 مل"
3899,1,"Nivea Musk Scented Body Moisturizing Lotion - 400ml"
3899,2,"لوشن ترطيب  الجسم بعطر المسك من نيفيا 400مل"
3900,1,"Nivea Body Lotion - 625 ml"
3900,2,"لوشن الجسم من نيفيا 625 مل"
3901,1,"Garnier Micellar Cleansing Water for Dull and Sensitive Skin - 400ml"
3901,2,"مزيل مكياج للبشرة الباهتة والحساسة من غارنييه - 400مل"
3902,1,"Vatika Hair Styling Cream - Twin Pack"
3902,2,"كريم تصفيف الشعر عبوة مزدوجة من فاتيكا"
3903,1,"Cute Aker Fassi Soap with Sudanese Dilka - 700g"
3903,2,"صابونية العكر الفاسي كيوت  بدلكة سودانية 700جم"
3904,1,"Snow White Cute Soap with Sudanese Dilka - 700g"
3904,2,"صابونية بياض الثلج  كيوت بدلكة سودانية700جم"
3905,1,"Cute Turmeric Soap with Sudanese Dilka - 700g"
3905,2,"صابونية الكركم كيوت  بدلكة سودانية 700جم"
3906,1,"Cute Blue Nila Soap with Sudanese Dilka - 700g"
3906,2,"صابونية النيلة الزرقاء كيوت  بدلكة سودانية 700جم"
3907,1,"River Hair Mask with Cannabis Oil for Dry and Damaged Hair - 250ml"
3907,2,"ماسك الشعر مع زيت الكنابيس للشعر الجاف والتالف من ريفر. 250مل"
3912,1,"Head & Shoulders Daily Care Shampoo for Normal Hair - 190 ml"
3912,2,"شامبو هيد اند شولدرز عناية يومية للشعر العادي 190 مل"
3913,1,"Head & Shoulders Anti-Hair Fall Shampoo for Men, 180ml"
3913,2,"شامبو حماية من تساقط الشعر للرجال من هيد اند شولدرز 180 مل"
3914,1,"Head & Shoulders Lemon Fresh Shampoo - 180 ml"
3914,2,"شامبو إنتعاش الليمون من هيد اند شولدرز 180 مل"
3915,1,"Head & Shoulders Apple Fresh Shampoo - 180 ml"
3915,2,"شامبو إنتعاش التفاح من هيد اند شولدرز 180 مل"
3916,1,"Crest 3D White Vitalizing Fresh Toothpaste - 75ml"
3916,2,"معجون تبييض الأسنان ثري دي وايت انتعاش الحياه من كرست - 75مل"
3917,1,"Crest 3D White Cool Water Toothpaste - 75ml"
3917,2,"معجون تبييض الأسنان ثري دي وايت انتعاش التبريد من كرست - 75مل"
3918,1,"Garnier Pure Active 3-in-1 Wash, Scrub & Mask - 150ml"
3918,2,"غسول ومقشر وقناع بيور  3 في 1 من  غارنيه  150مل"
3920,1,"Disaar Jojoba Body Massage Oil - 100ml"
3920,2,"زيت تدليك الجسم بالجوجوبا من ديسار 100 مل"
3921,1,"Licorice Face Whitening and Moisturizing Cream 50g"
3921,2,"كريم تبييض وترطيب الوجه بعرق السوس 50جم"
3922,1,"Disaar Vitamin E Sunscreen SPF 50 - 50g"
3922,2,"واقي شمس بفيتامين اي بدرجة حماية 50 من ديسار 50جم"
3923,1,"La Roche-Posay Pure Vitamin C10 Serum 30ml"
3923,2,"سيروم فيتامين C10 نقي من لاروش بوساي 30مل"
3924,1,"Eucerin Sunscreen Spray SPF 50 - 170g"
3924,2,"بخاخ وافي شمس SPF 50 من يوسرين 170جم"
3925,1,"Nivea Pearl & Beauty Deodorant Spray for Women - 150ml"
3925,2,"بخاخ مزيل عرق بيرل اند بيوتي من نيفيا للنساء 150مل"
3926,1,"Nivea Fresh Flower Deodorant Spray 150ml"
3926,2,"بخاخ مزيل عرق فريش فلور من نيفيا 150مل"
3927,1,"CeraVe Blemish Control Cleanser for Acne-Prone Skin 236ml"
3927,2,"جل تنظيف البشرة المعرضة لحب الشباب من سيرافي 236مل"
3929,1,"AloeDent Waxed Dental Floss"
3929,2,"خيط اسنان شمعي الودنت"
3930,1,"Nunu Baby Oil - 400 ml"
3930,2,"زيت للاطفال من نونو 400 مل"
3931,1,"Johnson's Baby Bath Liquid - 200ml"
3931,2,"سائل استحمام للأطفال  من جونسون 200مل"
3932,1,"Sensodyne Daily Care Toothpaste 75ml"
3932,2,"معجون اسنان عناية يومية من سنسوداين75مل"
3933,1,"Sensodyne Rapid Action Toothpaste for Sensitive Gums - 75ml"
3933,2,"معجون اسنان مفعول سريع للثة الحساسة  من سنسوداين75مل"
3934,1,"Stella White Teeth Whitening Strips - 6 Strips"
3934,2,"لصقات تبييض الأسنان من ستيلا وايت - 6 لصقات"
3935,1,"Johnson's Soft Baby Lotion - 300 ml"
3935,2,"لوشن ناعم للأطفال من جونسون  300 مل"
3936,1,"Avène Cleanance Cleansing Gel for Oily Skin - 200ml"
3936,2,"جل منظف كلينانس للبشرة الدهنية  من افين 200مل"
3937,1,"Sensodyne Cool Mint Mouthwash 500ml"
3937,2,"غسول فم بالنعناع المنعش من سنسوداين 500مل"
3938,1,"CeraVe Hydrating Foaming Oil Cleanser for Normal to Very Dry Skin - 236ml"
3938,2,"زيت تنظيف وترطيب البشرة العادية الى  الجافة من سيرافي 236 مل"
3939,1,"Avène Cleanance Cleansing Gel for Oily Skin - 400ml"
3939,2,"جل منظف كلينانس للبشرة الدهنية  من افين 400مل"
3940,1,"CeraVe Moisturizing Cream for Normal to Dry Skin - 56ml"
3940,2,"كريم مرطب للبشرة العادية إلى الجافة من سيرافي 56مل"
3941,1,"Johnson's Baby Oil 200ml"
3941,2,"زيت جونسون للأطفال 200مل"
3942,1,"Aveeno Skin Relief Moisturizing Cream for Very Dry Skin, 156g"
3942,2,"أفينو، بيبي، بلسم علاج الأكزيما الليلي، خال من العطر، 156 جرام"
3943,1,"Listerine Total Care Milder Taste Mouthwash 500ml"
3943,2,"غسول الفم توتال كير ذو المذاق المعتدل من ليسترين 500مل"
3944,1,"Listerine Miswak Extract Milder Taste Alcohol-Free Mouthwash 500ml"
3944,2,"غسول الفم بخلاصة المسواك ذو المذاق المعتدل خال من الكحول من ليسترين 500مل"
3945,1,"Listerine Fresh Burst Milder Taste Mouthwash 500ml"
3945,2,"غسول الفم فريش برست ذو المذاق المعتدل من ليسترين 500مل"
3946,1,"Listerine Cool Mint Mild Taste Alcohol-Free Mouthwash - 500ml"
3946,2,"غسول الفم كوول مينت  ذو المذاق المعتدل خال من الكحول من ليسترين 500مل"
3947,1,"Skinoren Cream for Skin Radiance - 30g"
3947,2,"سكينلورين كريم نضارة البشرة بخلاصة عرق سوس 30 جرام"
3948,1,"Kuwait Shop Vitamin E Skin Oil - 100ml"
3948,2,"زيت فيتامين E للبشرة من كويت شوب 100مل"
3949,1,"Nano Beauty Berry Extract Hand Moisturizing Cream - 50g"
3949,2,"كريم نانو  مرطب اليدين بخلاصة التوت من نانوبيوتي 50جم"
3951,1,"St. Ives Coconut & Orchid Hand Cream - 30ml"
3951,2,"كريم اليدين بخلاصة جوز الهند وزهرة الاوركيد من سانت ايفز 30مل"
3952,1,"NanoBeauty Avocado Extract Moisturizing Hand Cream - 50g"
3952,2,"كريم نانو  مرطب اليدين بخلاصة الافوكادو من نانوبيوتي 50جم"
3953,1,"NanoBeauty Coconut Extract Moisturizing Hand Cream - 50g"
3953,2,"كريم نانو  مرطب اليدين بخلاصة جوز الهند من نانوبيوتي 50جم"
3954,1,"NanoBeauty Peach Extract Moisturizing Hand Cream - 50g"
3954,2,"كريم نانو  مرطب اليدين بخلاصة الخوخ من نانوبيوتي 50جم"
3955,1,"Nano Beauty Strawberry Extract Moisturizing Hand Cream - 50g"
3955,2,"كريم نانو  مرطب اليدين بخلاصة الفروله من نانوبيوتي 50جم"
3956,1,"Schick Exacta Women's Razors for Sensitive Skin 5 + 2 Free"
3956,2,"شفرات حلاقة نسائية اكساكتا للبشرة الحساسة 5 + 2 من شيك"
3957,1,"Schick Xtreme 3 Razors for Sensitive Skin 2+1"
3957,2,"شفرات حلاقة اكستريم 3 للبشرة الحساسة 2+1 من شيك"
3961,1,"Schick Xtreme 3 Sensitive Skin Disposable Razors for Men - 12 Pieces"
3961,2,"شيك شفرات حلاقة اكستريم 3 للبشرة الحساسة للاستعمال مرة واحدة للرجال 12قطعة من شيك"
3962,1,"Schick Xtreme 3 Sensitive Skin Triple Blade Disposable Razors for Women - 12 Pieces"
3962,2,"شفرة حلاقة اكستريم 3 للبشرة الحساسة ثلاثية الشفرات  الاستخدام مره واحده للنساء 12 قطعة من شيك"
3963,1,"Lady Speed Stick Deodorant 65g"
3963,2,"مزيل عر ق ليدي سبيد ستيك 65جم"
3964,1,"Vaseline Original Healing Jelly, 100 ml"
3964,2,"جيلي العناية العادي من فازلين، 100 مل"
3965,1,"Lux Soft Rose Body Wash - 500ml"
3965,2,"سائل استحمام الورد الناعم من لوكس - 500مل"
3966,1,"Lux Silk Gardenia Body Wash - 500ml"
3966,2,"سائل استحمام الغاردينيا الحريرية من لوكس - 500مل"
3967,1,"Fair & Lovely Face Wash for All Skin Types - 150g"
3967,2,"غسول الوجه فيراند لفلي  لجميع انواع البشرة 150جم"
3968,1,"Personna 5-Blade Razors - 2 Pieces"
3968,2,"شفرات حلاقة بيرسونا خمس شفرات قطعتين"
3969,1,"Personna 3-Blade Disposable Razors - 2 Pieces"
3969,2,"شفرات حلاقة بيرسونا ثلاث شفرات قطعتين"
3970,1,"Original Taifi Rose Water 250ml"
3970,2,"ماء الورد طائفي اصلي 250مل"
3971,1,"Femfresh Intimate Wipes for Sensitive Skin - Refreshing and Soothing, 25 Wipes"
3971,2,"مناديل فيم فريش النسائية للبشرة الحساسة المنعشة والمهدئة 25 منديل"
3972,1,"Bioderma Sebium Moisturizer for Acne-Prone Skin, 30ml"
3972,2,"مرطب سبيم للبشرة المعرضة لحب الشباب من بايوديرما، 30مل"
3973,1,"Giovanni Castor Oil Smoothing Shampoo, 299ml"
3973,2,"شامبو لتنعيم الشع ربزيت الخروع  من جيوفاني،299مل"
3975,1,"Herbal Rose Extract Shampoo - 700ml"
3975,2,"شامبو بخلاصة الورد من هيربل700 مل"
3976,1,"Labella Orange Extract Lip Scrub"
3976,2,"مقشر شفاه بخلاصة البرتقال من لابيلا"
3977,1,"Labella Watermelon Lip Plumper"
3977,2,"مكبر شفاه بخلاصة البطيخ من لابيلا"
3978,1,"Labella Berry Extract Lip Tint"
3978,2,"تنت شفاه بخلاصة التوت من لابيلا"
3980,1,"Labella Cherry Extract Lip Tint"
3980,2,"تنت شفاه بخلاصة الكرزمن لابيلا"
3981,1,"Rexona Advanced Protection Antiperspirant Spray 200ml"
3981,2,"بخاخ مضاد للتعرق حماية متقدمه من ريكسونا 200مل"
3982,1,"The Ordinary Hyaluronic Acid 2% + B5 Hydrating Serum 30ml"
3982,2,"سيروم حمض الهيالورونيك 2%+ بي5  للترطيب من ذا اورديناري 30مل"
3983,1,"Magic Crystal Nano Glass Nail Shiner"
3983,2,"ملمع الاظافر الكريستالي السحري بتقنية النانو"
3984,1,"Listerine Antiseptic Mouthwash – Fresh Burst - 250ml"
3984,2,"غسول الفم المطهر من ليسترين – فريش براست - 250 مل"
3985,1,"Some By Mi Super Miracle Moisturizing & Soothing Cream - 30ml"
3985,2,"كريم سوبر ميراكل للترطيب وتهدئة البشرة  من سوم باي مي 30مل"
3986,1,"Sinan Shampoo for Lice Prevention and Elimination, 125g"
3986,2,"سنان شامبو للوقاية والقضاء من القمل، 125 جم"
3987,1,"Sinan Shampoo for Lice Prevention and Elimination, 225g"
3987,2,"سنان شامبو للوقاية والقضاء من القمل، 225 جم"
3988,1,"Dove Sensitive Skin Fragrance-Free Roll-On Deodorant for Women - 50ml"
3988,2,"مزيل العرق رول اون للبشرة الحساسة بدون عطر من دوف للنساء 50 مل"
3989,1,"Dove Go Fresh Roll-On Deodorant for Women - 50ml"
3989,2,"مزيل عرق رول اون جو فريش للنساء من دوف 50مل"
3990,1,"Dove Men+Care Clean Comfort Roll-On Deodorant 50ml"
3990,2,"مزيل عرق رول اون كلين كومفورت للرجال من دوف 50مل"
3991,1,"Labello Lip Balm, Peach Shine, 4.8g"
3991,2,"مرطب شفاه من لابيلو، بيتش شاين، 4.8 غرام"
3992,1,"Johnson's Baby Powder 500g"
3992,2,"بودرة للاطفال من جونسون 500 جم"
3993,1,"Johnson's 24-Hour Soft Moisturizing Cream - 100ml"
3993,2,"كريم مرطب ناعم يدوم 24 ساعة من جونسون 100مل"
3994,1,"Vaseline Daily Care Strong UV Sunscreen with Instant Skin Radiance - 50ml"
3994,2,"واقي شمس العناية اليومية للأشعة فوق البنفسجية القوية  مع اشراقه فورية للبشرة من فازلين 50مل"
3995,1,"Vaseline Daily Care UV Sunscreen 50ml"
3995,2,"واقي شمس العناية اليومية للأشعة فوق البنفسجية من فازلين 50مل"
3996,1,"Panthenol Plus Sunscreen Spray 125ml"
3996,2,"بخاخ واقي من الشمس بانثينول بلس 125مل"
3997,1,"Tango Body Tanning and Skin Tone Evening Oil - 200 ml"
3997,2,"زيت تانجو لتسمير الجسم وتوحيد اللون - 200 مل"
3998,1,"Sarah Beauty Avocado Butter and Licorice Eye Cream for Dark Circles and Puffiness - 15g"
3998,2,"كريم زبدة الافوكادو وعرق السوس لازالة الهالات والانتفاخات حول العين من ساره بيوتي 15 جم"
3999,1,"Avène Tinted Sunscreen Cream for Dry and Sensitive Skin - 50 ml"
3999,2,"كريم واقي شمس ملون للبشرة الجافة والحساسة من أفين - 50 مل"
4000,1,"Avène Tinted Sunscreen Cream for Normal to Combination Skin - 50ml"
4000,2,"كريم واقي شمس ملون للبشرة العادية الى المختلطة  من أفين - 50 مل"
4001,1,"Avène Sunscreen Cream for Sensitive Skin - 30 ml"
4001,2,"كريم واقي شمس للبشرة الحساسة من أفين - 30 مل"
4002,1,"Bioderma Photoderm Sunscreen Spray SPF 50+ Fragrance-Free Fluid 200ml"
4002,2,"بخاخ واقي شمس فوتوديرم  خال من العطور من بيوديرما السائل بمعامل حماية 50 درجة 200مل"
4003,1,"Eucerin Intim-Protect Gentle Cleansing Gel for Sensitive and Irritated Skin - 250ml"
4003,2,"غسول جل منظف للمنطقة الحميمة للبشرة الحساسة والمتهيجه من يوسيرين - 250مل"
4004,1,"Elegant Sunscreen Cream SPF-60, 60g"
4004,2,"كريم واقي الشمس اليجنت  spf-60 الحجم60جم"
4005,1,"Pure Beauty Sunscreen Cream SPF 100 - 50ml"
4005,2,"كريم واقي من الشمس من بيور بيوتي بعامل وقاية من اشعة الشمس بدرجة 100 الحجم 50مل"
4006,1,"L'Oréal Oil Replacement Serum for Long Curly Hair - 100ml"
4006,2,"سيروم بديل زيت للشعر الطويل المجعد من لوريال 100مل"
4007,1,"La Roche-Posay Sunscreen Gel for Sensitive Skin - 50ml"
4007,2,"واقي شمس جل من  لاروش بوزيه للبشرة الحساسة 50 مل"
4008,1,"La Roche-Posay Invisible Fluid Sunscreen for Sensitive Skin, Fragrance-Free - 50ml"
4008,2,"واقي شمس سائل شفاف للبشرة الحساسة خال من العطور من لاروش بوزي 50 مل"
4009,1,"Lakme Collage Mix Pearl Hair Dye 0/02 - 60 ml"
4009,2,"صبغة كولاجميكس لؤلؤي 0/02 من لاكمي  60 مل"
4010,1,"L'Oréal Paris Hydra Genius Ultra-Hydrating Gel for Normal to Combination Skin, 70ml"
4010,2,"جل  هيدرا جينيوس لترطيب فائق للبشرة العادية إلى المختطلة، من لوريال باريس٧٠ مل"
4011,1,"Labello Lip Care Oil, Dress Nude Beige, 5.5ml"
4011,2,"زيت لترطيب الشفاه والعناية بها، لون دريس بيج نود، بسعة 5.5 مل من لابيلو"
4012,1,"Pure Beauty Lip Balm & Treatment with SPF 15 and Almond Oil for Lip Lightening - 4.2g"
4012,2,"مرطب ومعالج الشفاة بعامل وقاية من الشمس 15SPF بخلاصة زيت اللوز لتفتيح الشفاة  من بيور بيوتي - 4.2 جرام"
4013,1,"CeraVe Hydrating Facial Cleanser for Normal to Dry Skin - Moisture Balance 355ml"
4013,2,"منظف الوجه المرطب للبشرة العادية الى الجافة  توازن الرطوبه من سيرافي 355مل"
4014,1,"CeraVe Hydrating Facial Cleanser for Normal to Dry Skin & Makeup Remover - 355ml"
4014,2,"منظف الوجه المرطب للبشرة العادية الى الجافة مزيل المكياج من سيرافي 355مل"
4015,1,"TRESemmé Thermal Creations Heat Protectant Spray up to 450°F - 236 ml"
4015,2,"بخاخ حماية الشعر من الحرارة حتى 450 من تريسمي - 236 مل"
4016,1,"Peppermints Sugar-Free Breath Freshening Strips - 24 Strips"
4016,2,"بيبرمنتس شرائح النعناع المعطرة بالفم خالية من السكر 24 شريحة"
4017,1,"Sensodyne Multi Care Toothpaste for Sensitive Teeth - 100ml"
4017,2,"معجون اسنان عناية متعددة لحساسية الاسنان من سنسوداين 100 مل"
4018,1,"Mandy Care Lavender Water for Healthy, Clear, and Pure Skin - 250 ml"
4018,2,"ماء اللافندر من ماندي كير لبشرة صحية صافية ونقية 250 مل"
4019,1,"Crest Sensi-Whitening Care Toothpaste - 75ml"
4019,2,"معجون عناية وتبييض للاسنان (تبييض سنسي) من كرست - 75مل"
4020,1,"Nippo Hair Pins Box - Original Thai Medium Size"
4020,2,"علبة دبوس شعر نيبو متوسط تايلندي اصلي"
4021,1,"Nippo Small Hair Pins Box - Original Thai Quality"
4021,2,"علبة دبوس شعر نيبو صغير تايلندي اصلي"
4023,1,"Glysolid Musk Skin Jelly, 250 ml"
4023,2,"جيلي مسك للبشرة من جلسوليد، 250 مل"
4025,1,"Creme 21 Instant Radiance & Moisturizing Cream for All Skin Types - 100ml"
4025,2,"كريم21  الاشراقة الفورية والترطيب لكل انواع البشرة 100مل"
4026,1,"Avalon Care Foot Cream by Avalon Pharma - 90ml"
4026,2,"كريم القدمين افالون كير من افالون فارما 90مل"
4027,1,"Dr. Rashel Vitamin C Face and Neck Serum - 50ml"
4027,2,"سيروم فيتامين سي للوجه والرقبة يمن دكتور راشيل 50مل"
4028,1,"Maybelline Fit Me Concealer - Shade 30"
4028,2,"كونسيلر فيت مي من ميبلين رقم 30"
4029,1,"Maybelline Fit Me Concealer - Shade 15"
4029,2,"كونسيلر فيت مي من ميبلين رقم 15"
4030,1,"Maybelline Fit Me Concealer - Shade 40"
4030,2,"كونسيلر فيت مي من ميبلين رقم 40"
4031,1,"Rimmel Professional Eyebrow Pencil - Black Brown 004"
4031,2,"قلم تحديد الحواجب الاحترافي - اسود بني 004 من ريميل"
4032,1,"Flormar Red Lip Liner, Made in Turkey"
4032,2,"قلم تحديد الشفاه احمر فلورمار،صنع في تركيا"
4033,1,"Rimmel Scandal'Eyes Waterproof Kohl Kajal Liner, 01 Black"
4033,2,"قلم كحل للعين مقاوم للماء سكاندال ايز كاجال , اسود 01 من ريميل"
4034,1,"Rimmel Scandal'Eyes Waterproof Kohl Kajal Eyeliner - 05 Nude"
4034,2,"قلم كحل للعين مقاوم للماء سكاندال ايز كاجال ,  بيج فاتح 05 من ريميل"
4035,1,"Flormar Waterproof Lipliner, Made in Turkey"
4035,2,"قلم تحديد الشفاه مقاوم للما فلورمار،صنع في تركيا"
4036,1,"Carefree Daily Intimate Cleansing Mousse with Green Tea and Aloe Vera - 150ml"
4036,2,"رغوة تنظيف يومي للمناطق الحساسة بالشاي الاخضر والصبارمن كيرفري- 150مل"
4037,1,"Hemani Snake Oil for Hair - 250 ml"
4037,2,"زيت الحية للشعر من هيماني  - 250 مل"
4038,1,"e.l.f. Clear Face Primer"
4038,2,"برايمر شفاف من ايلف"
4040,1,"Dove Pear and Aloe Vera Deodorant - 50ml"
4040,2,"مزيل عرق بالكمثرى والالوفيرا من دوف 50 مل"
4041,1,"Mandi Care Argan Oil for Hair and Skin Care - 125 ml"
4041,2,"زيت الأرغان للعناية بالشعر والبشرة من  ماندي كير 125 مل"
4042,1,"Mandi Care Watercress Shampoo - 400 ml"
4042,2,"شامبو الجرجير  من  ماندي كير 400 مل"
4043,1,"Rexona Advanced Protection Anti-Perspirant Spray, Bamboo & Aloe Vera Scent, 200ml"
4043,2,"بخاخ مضاد للتعرق حماية متقدمه براحة البامبو والصبار من ريكسونا 200مل"
4044,1,"Rexona Antibacterial Protection Anti-Perspirant Spray 200ml"
4044,2,"بخاخ مضاد للتعرق الحمايه من الجراثيم من ريكسونا 200مل"
4045,1,"Rexona Tropical Antiperspirant Spray - 200ml"
4045,2,"بخاخ مضاد للتعرق  تروبيكال من ريكسونا 200مل"
4046,1,"Rexona Men Antiperspirant Spray 200ml"
4046,2,"بخاخ مضاد للتعرق للرجال من ريكسونا 200مل"
4051,1,"Mandy Care Licorice Oil for Hair and Skin Care - 125 ml"
4051,2,"زيت عرق السوس  للعناية بالشعر والبشرة من  ماندي كير 125 مل"
4052,1,"Mandy Care Rose Oil for Hair and Skin Care - 125 ml"
4052,2,"زيت الورد للعناية بالشعر والبشرة من  ماندي كير 125 مل"
4053,1,"Mandi Care Castor Oil for Hair and Skin Care - 125 ml"
4053,2,"زيت الخروع للعناية بالشعر والبشرة من  ماندي كير 125 مل"
4054,1,"The Ordinary Lactic Acid 5% + HA Serum 30ml"
4054,2,"سيروم لاكتيك 5%  من ذا اوردينري 30مل"
4055,1,"Sondos Clove Oil, 100 ml"
4055,2,"زيت القرنفل من سندس , 100 مل"
4056,1,"Sondos Lemon Oil, 100 ml"
4056,2,"زيت الليمون من سندس , 100 مل"
4057,1,"Sondos Garlic Oil, 100 ml"
4057,2,"زيت الثوم من سندس , 100 مل"
4058,1,"Sondos Fenugreek Oil, 100 ml"
4058,2,"زيت الحلبه من سندس , 100 مل"
4059,1,"Sondos Camphor Oil for Hair and Skin, 100 ml"
4059,2,"زيت الكافور للشعر والبشرة من سندس , 100 مل"
4060,1,"Sondos Sesame Oil, 100 ml"
4060,2,"زيت السمسم من سندس , 100 مل"
4061,1,"Sondos Jojoba Oil, 100 ml"
4061,2,"زيت جوجوبا من سندس , 100 مل"
4062,1,"Professional Cosmetics Protein Repair Shampoo – 1kg"
4062,2,"شامبو البروتين لاصلاح الشعر من بروفيشنال كوزماتيك – 1كيلو"
4063,1,"The Ordinary Lactic Acid 5% + HA 2% Exfoliating Serum 30ml"
4063,2,"مقشر اللاكتيك اسيد 5% +اتش ايه 2% من ذا اوردينري 30مل"
4064,1,"L'Oreal Elvive Oléo-Keratin + Argan Oil Replacement - 300ml"
4064,2,"بديل الزيت اوليو كيراتين +زيت ارجان من لوريال300مل"
4065,1,"Cofix Antimicrobial Body Wash - 500 ml"
4065,2,"غسول جسم مضاد للميكروبات  من كوفيكس 500 مل"
4066,1,"Enjoy Face and Body Scrub with Red Algae Extract and Vitamin C Derivative - 100 ml"
4066,2,"مقشر للوجه والجسم بخلاصة الطحالب الحمراء ومشتق فيتامين سي من انجوي 100 مل"
4067,1,"Enjoy Face and Body Scrub Enriched with Stem Cells and Natural Antioxidants - 100 ml"
4067,2,"مقشر للوجه والجسم غني بالخلايا الجذعية ومضادات الاكسدة الطبيعية من انجوي 100 مل"
4068,1,"Enjoy Vitamin C Face and Body Scrub - 100 ml"
4068,2,"مقشر للوجه والجسم بفيتامين سي من انجوي 100 مل"
4069,1,"Aichun Beauty Anti-Inflammatory, Brightening and Hydrating Face Serum - 30ml"
4069,2,"سيروم للوجه مضاد للالتهابات وتفتيح وترطيب البشرة من ايشون بيوتي - 30 مل"
4071,1,"Teeth Whitening Powder for Tea and Coffee Stain Removal - 50g"
4071,2,"بودرة أسنان لإزلة اثار الشاي والقهوة 50جم"
4072,1,"Argan Body Massage Oil 100ml"
4072,2,"زيت تدليك الجسم بالارجان 100مل"
4073,1,"Hi-Quin 2% Skin Bleaching Cream - 30g"
4073,2,"كريم هاي كوين 2% لتفتيح البشرة - 30 جم"
4074,1,"Enchanteur Charming Perfumed Talc - 250g"
4074,2,"بودرة معطرة  شارمنج من انشانتير 250جم"
4076,1,"Vichy Roll-On Deodorant for Excessive Perspiration for Sensitive Skin for Men and Women - 50ml"
4076,2,"مزيل عرق رول للتعرق المفرط  للبشرة الحساسة للرجال والنساء من فيتشي- 50مل"
4077,1,"Golden Rose Makeup Fixing Spray - 120ml"
4077,2,"مثبت مكياج من جولدن روز 120مل"
4078,1,"La Roche-Posay Anthelios Tinted BB Gel Sunscreen Fragrance-Free for Sensitive Skin - 50ml"
4078,2,"واقي شمس جل ملون BB  من  لاروش بوزيه خال من العطر للبشرة الحساسة 50 مل"
4079,1,"Sundown Naturals Vitamin E Oil 70,000 IU - 75ml"
4079,2,"زيت فيتامين اي 70000 من سنداون ناتشورالز - 75مل"
4080,1,"Carmex Strawberry Lip Balm Triple Pack - 10g"
4080,2,"مرطب شفاه بالفراولة ثلاث عبوات من كارميكس - 10جم"
4081,1,"Sebamed Face Wash for Normal to Dry Skin - 150ml"
4081,2,"غسول وجه للبشرة العادية الى الجافة من سيباميد 150مل"
4082,1,"Sebamed Clear Face Care Gel for Acne-Prone Skin - 50ml"
4082,2,"جل العناية بالبشرة المعرضة لحب الشباب كلير فيس من سيباميد 50مل"
4083,1,"Sebamed Baby Cream Extra Soft for Delicate Skin from Day One, 50ml"
4083,2,"كريم فائق النعومة لبشرة الطفل الرقيقية منذ اليوم الاول من سيباميد 50مل"
4084,1,"Sebamed Baby Bubble Bath with Chamomile for Delicate Skin - 200ml"
4084,2,"رغوة الحمام مع البابونج لبشرة الطفل الرقيقة  من سيباميد 200مل"
4085,1,"Sebamed Baby Eau de Cologne for a Fragrant Environment, 250 ml"
4085,2,"كولونيا للاطفال لرائحة عطرة في محيط الطفل من سيباميد، 250 مل"
4086,1,"Sebamed Fresh Shower Gel for Sensitive Skin - 200ml"
4086,2,"شاور جل فريش للبشرة الحساسة من سيباميد 200مل"
4087,1,"Sebamed Face Wash for Oily and Combination Skin, 150 ml"
4087,2,"غسول الوجه للبشرة الدهنية والمختلطة من سيباميد، ، 150 مل"
4088,1,"Sebamed Baby Body Milk for Delicate and Dry Skin, 200 ml"
4088,2,"حليب الجسم لبشرة الطفل الرقيقة والجافة من سيباميد، ، 200 مل"
4089,1,"Glysolid Moisturizing Cream 400ml"
4089,2,"كريم مرطب جليسوليد 400مل"
4090,1,"Caviar Eye Cream 35g"
4090,2,"كريم العين بالكافيار35جم"
4091,1,"Eucerin Baby Fragrance-Free Shampoo & Body Wash 400ml"
4091,2,"شامبو وغسول للأطفال خالٍ من العطور من يوسيرين 400 مل"
4092,1,"Coffee Scented Salt Scrub (Exfoliator - Softener - Whitener - Cleanser) 300g"
4092,2,"صنفرة ملح برائحة الكوفي (مقشر-منعم -مبيض-منظف)300جم"
4093,1,"The Ordinary AHA 30% + BHA 2% Peeling Solution - 30ml"
4093,2,"محلول تقشير الوجه باحماض الفواكه  BHA 2%-AHA 30% من ذا اوردينري 30مل"
4094,1,"Shifa Intensive Treatment Serum for Hair Beautifying, Smoothing, and Softening - 100ml"
4094,2,"سيروم معالج قوي لتجميل و تنعيم وتلطيف الشعر من شفا 100مل"
4095,1,"Ajmal Musk Al Aroosa Powder 100g"
4095,2,"بودرة مسك العروسه من اجمل 100 جم"
4100,1,"Ajmal Musk Silk Powder 100g"
4100,2,"بودرة مسك سلك من اجمل 100 جم"
4101,1,"Lacalut Sensitive Toothpaste 75ml"
4101,2,"معجون اسنان لاكوت للاسنان الحساسه 75مل"
4102,1,"Al-Arayes Nail Polish Remover Wipes - 20 Pieces"
4102,2,"مناديل العرايس لإزالة طلاء الاظافر 20قطعة"
4103,1,"Crest 3D White Teeth Whitening Strips - 24 Strips"
4103,2,"لصقات تبييض الأسنان ثري دي وايت من كرست - 24 قطعة"
4104,1,"Midas Bitter Almond Oil - 175ml"
4104,2,"زيت اللوز المر ميداس  175مل"
4105,1,"Sweet Almond Oil for Skin and Body - 185ml"
4105,2,"زيت اللوز الحلو للبشرة والجسم 185مل"
4106,1,"Glycerin oil for skin and body from Medlo 185 ml"
4106,2,"زيت الجلسرين للبشرة والجسم من ميدلو 185مل"
4107,1,"Bioderma Atoderm Ultra-Nourishing Cream for Normal, Dry, and Sensitive Skin - 200ml"
4107,2,"كريم اتوديرم فائق التغذية للبشرة العادية والجافة والحساسة من بيودرما 200مل"
4108,1,"NOW Foods 100% Pure Lime Oil - 30 ml"
4108,2,"زيت الليم نقي 100%  من ناو 30 مل"
4109,1,"NOW Myrrh Essential Oil - 30 ml"
4109,2,"زيت المره العطري  من ناو 30 مل"
4110,1,"NOW Solutions Sesame Seed Oil - 237 ml"
4110,2,"زيت بذور السمسم من ناو سولوشنز - 237 مل"
4111,1,"CeraVe Hydrating Facial Cleanser & Makeup Remover for Normal to Dry Skin - 87ml"
4111,2,"منظف الوجه للبشرة العادية الى الجافه مع مزيل مكياج من سيرافي - 87مل"
4113,1,"Keratin & Protein Complex Repairing and Restoring Conditioner - 1 Liter"
4113,2,"بلسم الكيراتين المركب بالبروتين لإصلاح وترميم الشعر 1 لنر"
4114,1,"L'Oréal Paris Makeup Remover for Face and Sensitive Eyes - 125ml"
4114,2,"مزيل مكياج للوجه والعيون الحساسة من لوريال باريس 125مل"
4115,1,"L'Oréal Paris Skin Makeup Remover - 200ml"
4115,2,"مزيل مكياج للبشرة من لوريال باريس 200مل"
4116,1,"Sebamed Anti-Dandruff Shampoo for Oily Hair - 200ml"
4116,2,"شامبو ضد القشرة للشعر الدهني من سيباميد 200مل"
4117,1,"Vichy Clinical Control 96H Anti-Stain Anti-Perspirant Deodorant for Men - 50ml"
4117,2,"مزيل عرق كلينيكال كنترول مضاد للبقع ومضاد للتعرق لمدة 96ساعة للرجال  من  فيتشي 50مل"
4118,1,"La Roche-Posay Anthelios Invisible Sunscreen Spray, SPF 50, 75ml"
4118,2,"بخاخ واقي شمس غير مرئي انثيليوس من لا روش بوساي، عامل حماية  50، سعة 75 مل"
4119,1,"Keratin Smooth Shampoo for Dry and Frizzy Hair - 600ml"
4119,2,"شامبو كيراتين سموث  للشعر الجاف والمتطاير 600مل"
4120,1,"Pantene Pro-V Defined Curls Shampoo for Wavy Hair - 190 ml"
4120,2,"شامبو بانتين تموجات متناسقة للشعر المموج 190 مل"
4121,1,"Pantene shampoo against hair fall 190 ml"
4121,2,"شامبو بانتين ضد تساقط الشعر 190 مل"
4122,1,"Pantene Shampoo for Healthy and Clean Hair - 190ml"
4122,2,"شامبو بانتين لشعر صحي ونظيف 190 مل"
4123,1,"Pantene shampoo color treated hair 190 ml"
4123,2,"شامبو بانتين عناية بالشعر المصبوغ 190 مل"
4124,1,"Dove Thickening Ritual Shampoo 400ml + Conditioner 320ml"
4124,2,"شامبو 400 مل + بلسم ، 320 مل (روتين الشعر الكثيف) من دوف"
4125,1,"Soft Kids Toothbrush 2-Piece Set with 2 Toys"
4125,2,"فرشاة اسنان اطفال ناعمة 2 قطعة  مع 2لعبه"
4126,1,"Eucerin Sun Protection Gel for Face and Body Specially Formulated for Sun-Sensitive Skin - 150ml"
4126,2,"جل واقي شمس للوجه والجسم مصمم خصيصا للبشرة الحساسة للشمس  من يوسرين 150مل"
4127,1,"Dabur Amla Hair Oil - World's No. 1 with 20% Extra - 360ml"
4127,2,"زيت شعر دابر املا رقم (1)في العالم مع 20%كمية اضافية 360مل"
4128,1,"Cofix Body Wash with Papaya and Licorice Extract - 400ml"
4128,2,"غسول الجسم بخلاصة البابايا وعرق السوس من كوفيكس 400مل"
4129,1,"Nivea Pearl & Beauty Deodorant - 40ml"
4129,2,"مزيل عرق بيرل آند بيوتي من نيفيا- 40مل"
4130,1,"CeraVe Acne Control Gel 40ml"
4130,2,"جل لحب الشباب من سيرافي 40مل"
4131,1,"CeraVe eye cream for dark circles and puffiness, 14 gm"
4131,2,"كريم لمنطقة حول العيون للهالات السوداء و الانتفاخات  من سيرافي 14جم"
4132,1,"Qamar Baby Wet Wipes for Sensitive Skin - 80 Wipes"
4132,2,"مناديل قمر مبللة للأطفال للبشرة الحساسة 80 قطعة"
4133,1,"Al-Seral 100% Natural Bath Loofah"
4133,2,"لوفة السرال  للأستحمام طبيعية 100%"
4134,1,"Dark blonde hair dye 6.0 with collagen"
4134,2,"صبغة شعر اشقر غامق 6.0 بالكولاجين"
4135,1,"Pigeon Mini Pacifier, Size Large, 12+ Months, 1 Piece"
4135,2,"لهاية ميني بعمر 12 شهرًا فما فوق كبير، 1 قطعة من بايجون"
4136,1,"Pigeon Mini Light +6 pacifier, medium size"
4136,2,"لهاية ميني لايت +6 حجم متوسط من بيجون"
4137,1,"Minnie pacifier, age 0 months, small size, train shape, 1 piece from Pigeon"
4137,2,"لهاية ميني بعمر 0شهرًا حجم صغير شكل قطار 1 قطعة من بايجون"
4138,1,"Eucerin 5% Urea Face Cream for Dry Skin - 50ml"
4138,2,"كريم الوجه للبشرة الجافة 5% يوريا من يوسيرن - 50 مل"
4139,1,"Advanced Clinicals Collagen Instant Plumping Serum - 52ml"
4139,2,"سيروم الكولاجين  النفخ الفوري للبشرة  ادفانسد كلينيكالز‏ 52مل"
4140,1,"Advanced Clinicals Anti-Wrinkle Retinol Serum - 52ml"
4140,2,"سيروم ريتينول مضاد للتجاعيد مل ادفانسد كلينيكالز‏ 52مل"
4141,1,"Advanced Clinicals Hyaluronic Serum for Deep Hydration - 52ml"
4141,2,"سيروم الهيالورونيك للترطيب العميق ادفانسد كلينيكالز‏ 52مل"
4142,1,"Thickening Conditioner, Rosemary, Avalon Organics 312g"
4142,2,"بلسم لزيادة كثافة الشعر، بإكليل الجبل، من أفالون أورغانيكس  312 جم"
4143,1,"Sulfate-Free Smoothing Hair Treatment 150ml"
4143,2,"معالج لشعر ناعم خالي من الكبريتات 150مل"
4144,1,"Palmer's Olive Oil Moisturizing Spray For Dry Hair 150ml"
4144,2,"بخاخ مرطب للشعر الجاف بزيت الزيتون من بالمرز 150مل"
4145,1,"Cofix Bright Face Whitening Cream - 120ml"
4145,2,"كريم برايت لتفتيح الوجه من كوفيكس120مل"
4146,1,"Cofix Hand Cream for Sensitive and Eczema-Prone Skin - 275ml"
4146,2,"كريم  لليدين للبشرة الحساسة والمعرضة للإكزيما من كوفيكس275مل"
4147,1,"Cofix Body Lotion for Eczema-Prone, Sensitive, and Itchy Skin - 400ml"
4147,2,"لوشن الجسم للبشرة المعرضة للإكزيما والبشرة الحساسة والمعرضة للحكة من كوفيكس 400مل"
4148,1,"Cofix Body Wash for Eczema-Prone, Sensitive, and Itchy Skin - 400ml"
4148,2,"غسول الجسم للبشرة المعرضة للإكزيما والبشرة الحساسة والمعرضة للحكة من كوفيكس 400مل"
4149,1,"TRESemmé Keratin Smooth Heat Protect Spray, (236 ml)"
4149,2,"بخاخ كيراتين ناعم للحماية من الحرارة ،من تريسيمي‏,   (236 مل)"
4150,1,"SOME BY MI Retinol Intense Advanced Triple Action Eye Cream 30ml"
4150,2,"كريم ريتينول المركز للعناية بمحيط العين من سوم باي مي 30مل"
4151,1,"Cofix Hyaluronic Acid Mouthwash - 300 ml"
4151,2,"غسول الفم بحمض الهيالورونيك 300 مل من كوفيكس"
4152,1,"Cofix Raw African Shea Butter Body Oil Gel - 200 ml"
4152,2,"جل زيت بزبدة الشيا أفريقي خام للجسم من كوفيكس  200 مل"
4153,1,"Cofix Medical Skin Jelly 250ml"
4153,2,"جلي البشرة الطبي من كوفيكس 250مل"
4154,1,"Advanced Clinicals Collagen Repair Lotion, 454g"
4154,2,"لوشن لترميم البشرة بالكولاجين من ادفانسد كلينيكلاس، 454جم"
4155,1,"Advanced Clinicals Aloe Vera Cream with Vitamin C and Vitamin E for Extra Dry and Rough Skin, 454g"
4155,2,"كريم صبار الالوفيرا  مع فيتامين سي وفينامين اي للبشرة شديدة الجفاف والخشنه من ادفانسد كلينيكلاس، 454جم"
4156,1,"Advanced Clinicals Anti Aging Hyaluronic Lotion for Face, Body and Hands, 454g"
4156,2,"كريم لهيالورونيك المضاد للشيخوخة للوجه، والجسم واليدين من ادفانسد كلينيكلاس، 454جم"
4157,1,"Advanced Clinicals Vitamin C Face & Body Cream - For Radiance, Hydration, Brightening, and Treating Dark Spots & Signs of Aging, 454g"
4157,2,"كريم فيتامين سي للوجه والجسم - لنضارة وترطيب وتفتيح البشرة ومعالجة البقع السوداء وعلامات تقدم سن البشرة  من ادفانسد كلينيكلاس، 454جم"
4158,1,"CeraVe Moisturizing Cream for Dry to Very Dry Skin, 177ml"
4158,2,"كريم مرطب للبشرة الجافة وشديدة الجفاف من سيرافي، 177 مل"
4159,1,"Pure Beauty Cosmetic Anti-Wrinkle Patches for Eyes and Lips, 20 Pieces"
4159,2,"لصقات تجميلية مضادة للتجاعيد حول العيون والشفاه من بيور بيوتي، 20 قطعة"
4160,1,"Bioderma Autoderm Sunscreen Spray for Sensitive Skin SPF 50+ 200ml"
4160,2,"بخاخ واقي شمس اوتوديرم للبشرة الحساسة بعامل حماية (50)من بيودرما 200مل"
4161,1,"Rimmel Flex Mascara for Enchanting Eyes - Black, 12 ml"
4161,2,"ماسكارا فليكس لعيون ساحرة من ريميل - اسود، 12 مل"
4162,1,"Rimmel Volume Flash Mascara - Black, 12ml"
4162,2,"ماسكارا فوليوم فلاش من ريميل - اسود، 12 مل"
4163,1,"Essence Extreme Gel Gloss Nail Top Coat"
4163,2,"جل ملمع اظافر من ايسنس"
4164,1,"CeraVe Night Moisturizing Lotion 60ml"
4164,2,"لوشن مرطب ليلي للوجه من سيرافي 60مل"
4165,1,"CeraVe Facial Moisturizing Lotion AM with SPF 30 - 60ml"
4165,2,"لوشن مرطب نهاري مع عامل حماية 30 من اشعة الشمس للوجه من سيرافي 60مل"
4166,1,"Acure Brightening Facial Cleansing Gel - Removes Impurities, Oils & Makeup - 118ml"
4166,2,"جل منظف وجه للتفتيح  وإزالة الشوائب والزيوت والمكياج من اكيور118مل"
4167,1,"OZ Natural Pro Retaxinol 2.5 Face Serum - 30 ml"
4167,2,"سيروم الوجه برو ريتاكسينول 2.5 من اوز ناتشورال الشكل الجديد - 30مل"
4168,1,"Cococare Cocoa Butter Rich Formula Cream for Dry, Rough Skin and Wrinkles - 425g"
4168,2,"كريم بتركيبة غنية بزبدة الكاكاو من كوكوكير للبشرة الجافه والخشنه والتجاعيد 425جم"
4169,1,"La Roche-Posay Cicaplast Baume B5 Soothing Balm with SPF 50, 40ml"
4169,2,"بلسم ملطف للبشرة  مع واقي شمس 50 سيكابلاست بوم B5 من لا روش بوزاي، 40 مل"
4170,1,"Naturals Vitamin C Face Wash, 118 ml"
4170,2,"غسول للوجه بفيتامين C من ناتشورالز، 118 مل"
4171,1,"Dove Body Wash with Loofah, Pine Scent - 250 ml"
4171,2,"غسول الجسم مع لوفه بعطر الصنوبر  من دوف 250 مل"
4172,1,"Dettol Loofah Lemon and Orange Blossom Body Wash 250 ml"
4172,2,"غسول الجسم مع لوفه باليمون وزهر البرتقال  من ديتول 250 مل"
4173,1,"Hyaluronic Acid Body Wash for Normal to Dry Skin - 296 ml"
4173,2,"غسول الجسم للبشرة العادية الى الجافة بحمض الهيالورونيك  296 مل"
4174,1,"Neutrogena Soothing Clear Makeup Remover Gel for Acne-Prone Skin, 200ml"
4174,2,"جل مزيل مكياج سوثنج كلير للبشرة المعرضة للحبوب من نيتروجينا، 200مل ،"
4175,1,"Palmer's Cocoa Butter Formula Lip Balm with SPF 15 Offer - 4g (1+1 Free)"
4175,2,"عرض مرطب الشفاه بزبدة الكاكو مع عامل حماية من اشعة الشمس 15 من بالمرز 4جم (1+1)"
4176,1,"Flexol Vitamin E Face and Neck Moisturizing & Anti-Aging Cream - 85g"
4176,2,"كريم لترطيب الوجه والعنق ومكافحة الشيخوخه بفيتامين هـ من فليكسول 85جم"
4177,1,"Breast Firming, Enlarging, and Plumping Lotion with Collagen - 250ml"
4177,2,"لوشن شد وتكبير ونفخ الصدر مع الكولاجين250مل"
4178,1,"LA Fresh Wet Look Hair Wax, 300 ml"
4178,2,"شمع الشعر ويت لوك، ال اي فريش 300 مل"
4179,1,"Vatika Strong Hold Hair Gel - 250 ml"
4179,2,"جل للشعر تماسك قوى من فاتيكا 250 مل"
4181,1,"Vatika Hair Gel with Lemon and Henna - 250 ml"
4181,2,"جل للشعر باليمون والحنا من فاتيكا 250 مل"
4182,1,"NOW Solutions Wheat Germ Oil - 473 ml"
4182,2,"سائل جنين القمح من ناو - 473 مل"
4183,1,"Eveline Extra Soft SOS Foot Regeneration Cream - 100ml"
4183,2,"كريم اكسترا سوفت اس او اس لتجديد القدمين بسعة 100 مل من ايفلين"
4184,1,"Garnier Ultra Doux Conditioner with Legendary Olives, 400 ml"
4184,2,"بلسم الترا دوكس بالزيتون الاسطوري من جارنيه 400مل"
4185,1,"Dr. Davey Collagen Whitening Body Lotion - 500g"
4185,2,"لوشن مبيض للجسم بالكولاجين من دكتور ديفي  - 500 جم"
4186,1,"Dr. Davey Donkey Milk Whitening and Moisturizing Lotion for Face and Body - 300g"
4186,2,"لوشن تبييض وترطيب الوجه والجسم بحليب الحمار -من دكتور ديفي  - 300 جم"
4187,1,"Dr. Davey Collagen Facial Cleanser - 160ml"
4187,2,"غسول الوجه بالكولاجين من دكتور ديفي  - 160مل"
4188,1,"Dr. Davey Liquid Sunscreen for Sensitive Skin - 100ml"
4188,2,"واقي شمس سائل يناسب البشرة الحساسة -من دكتور ديفي  - 100مل"
4189,1,"Dr. Davey Collagen & Vitamin C Eye Gel - 30ml"
4189,2,"جل تحت العين بخلاصة الكولاجين وفيتامين سي من دكتور ديفي 30مل"
4190,1,"Dr. Davey Goree Whitening Body Cream with Sunscreen - 120ml"
4190,2,"كريم مبيض قوري للجسم مع واقي شمس من دكتور ديفي 120مل"
4191,1,"Dr. Davey Collagen &amp; Bamboo Charcoal Lightening &amp; Whitening Lotion 300ml"
4191,2,"لوشن لتفتيح وتبييض البشرة بالكولاجين وفحم الخيزران من دكتور ديفي  300مل"
4192,1,"SOME BY MI Retinol Intense Advanced Skin & Eye Care Set"
4192,2,"مجموعة ريتينول للعناية المركزة بتجتعيد البشرة ومحيط العين من سوم باي مي"
4193,1,"Some By Mi Intensive Skin Care Serum 30ml"
4193,2,"سيروم للعناية المركزة بالبشرة من سوم باي مي 30مل"
4194,1,"La Roche-Posay Shower Gel for Sensitive Skin - 400ml"
4194,2,"جل استحمام للبشرة الحساسة من لاروش بوزيه 400مل"
4195,1,"Avalon Organics shampoo 325 ml"
4195,2,"شامبو افالون اورجانيكس لمنع تساقط الشعر 325مل"
4196,1,"Vichy 48-Hour Roll-On Deodorant for Men with Sensitive Skin - 50ml"
4196,2,"مزيل عرق رول للبشرة الحساسة 48 ساعة للرجال من فيتشي- 50مل"
4197,1,"Face and Makeup Cleansing Wipes for Normal Skin - 25 Wipes"
4197,2,"مناديل  تنظيف الوجة والمكياج للبشرة العادية 25منديل"
4198,1,"Vaseline Lip Therapy Aloe Vera Lip Balm - 20g"
4198,2,"مرطب شفاه ثيرابي بصبار الالوفيرا من فازلين 20 جم"
4199,1,"Vaseline Lip Therapy Original - 20g"
4199,2,"مرطب شفاه اورجنال من فازلين 20جم"
4200,1,"NIVEA Sea Minerals Body Moisturizing Lotion - 400ml"
4200,2,"لوشن ترطيب  الجسم بالأملاح البحرية   من نيفيا 400مل"
4201,1,"Kuwait Shop Kuwaiti Turmeric Soap 100g"
4201,2,"صابون الكركم الكويتي من كويت شوب 100 جم"
4202,1,"Cute Sudanese Dalakah Coffee Soap, 700g"
4202,2,"صابونيه القهوة بدلكة سودانية من كيوت 700جم"
4203,1,"Keratin Therapy Hair Care Conditioner - 250 ml"
4203,2,"بلسم عناية بالشعر كيراتين ثيرابي - 250 مل"
4204,1,"Keratin Therapy Hair Care Conditioner - 250 ml"
4204,2,"شامبو عناية بالشعر كيراتين ثيرابي - 250 مل"
4205,1,"Cofix Bright Face Whitening Cream 30ml"
4205,2,"كريم برايت لتفتيح الوجه من كوفيكس 30مل"
4206,1,"Palmer's Cocoa Butter Formula Skin Therapy Oil, 30ml"
4206,2,"زيت زبدة الكاكاو للعناية بالبشرة من بالمرز 30 مل"
4207,1,"La Roche-Posay Lipikar Cleansing Bar 150g"
4207,2,"صابون منظف لاروش بوزيه ليبيكار 150 جم"
4208,1,"Hobby Strawberry Shower Gel - 500ml"
4208,2,"جل استحمام بالفرولة من هوبي500 مل"
4209,1,"Pomegranate shower gel from Hobby 500 ml"
4209,2,"جل استحمام بالرمان من هوبي500 مل"
4210,1,"Neutrogena Hydro Boost Water Gel Cleanser - 200ml"
4210,2,"جل مائي منظف هيدرو بوست من نيتروجينا - 200مل"
4211,1,"Eucerin Night Cream with SPF 30 - 50ml"
4211,2,"كريم ليلي بعامل حماية 30SPF من يوسرين- 50مل"
4212,1,"Mielle Organics Rosemary Mint Scalp & Hair Strengthening Oil - 59ml"
4212,2,"زيت إكليل الجبل العضوي والنعناع لفروة الراس وبصيلات الشعر من مييل 59مل"
4213,1,"Real Beauty Liquid and Gel Eyebrow Liner - 002 Dark Brown"
4213,2,"كحل حواجب سائل وجل 002 بني غامق ريل بيوتي"
4214,1,"Cofix Foot and Heel Cream 75ml"
4214,2,"كريم للقدمين والكعبين من كوفيكس 75مل"
4215,1,"Creme 21 Body Lotion for Normal Skin - 600ml"
4215,2,"لوشن الجسم كريم 21 للبشرة العادية 600 مل"
4216,1,"Crest 3D White Extreme Whitening Toothpaste - 75ml"
4216,2,"معجون اسنان للعناية بتقنية التبييض الفائق، من كرست - 75مل"
4217,1,"Hobby Hair Softening and Moisturizing Cream 150ml"
4217,2,"كريم هوبي لتنعيم وترطيب الشعر  150مل"
4218,1,"Glysolid Glycerin Cream - 30 ml"
4218,2,"كريم جليسرين من جليسولد  30 مل"
4219,1,"Pigeon Flexible Silicone Nipples - 3 Pieces"
4219,2,"حلمه سيليكون مرنه من بيجون 3 قطع"
4220,1,"3-Piece Corrugated Silicone Nipple Set - 7+ Months"
4220,2,"طقم حلمات من السيليكون بتصميم متمعج من 3 قطع - 7شهور"
4221,1,"Pigeon 240 ml BPA-free plastic feeding bottle"
4221,2,"رضاعة بلاستيك 240 مل خالية من BPA من بيجن"
4222,1,"Lansinoh Lanolin Nipple Cream for Sore and Cracked Nipples"
4222,2,"كريم لانولين لتشققات حلمة الثدي من لانسينوه"
4223,1,"Pigeon Slim Neck Silicone Nipples | Large Size - 3 Pieces"
4223,2,"حلمة كبير من السيليكون برقبة رفيعة | 3 قطع  من بيجن"
4224,1,"Pigeon Flexible Silicone Nipples - 3 Pieces"
4224,2,"حلمه سيليكون مرنه من بيجون 3 قطع"
4225,1,"Small Silicone Feeding Nipples for Infants 0-3 Months - 1 Piece"
4225,2,"حلمات رضاعة سيليكون مقاس صغير للأطفال من عمر 0 - 3 أشهر - قطعة واحدة"
4226,1,"Pigeon Peristaltic Silicone Nipple for Slim Neck Feeding Bottles - Fast Flow"
4226,2,"حلمة بيريستالتيك لزجاجة الرضاعة بعنقٍ رفيع من السيليكون بتدفقٍ سريع من بيجين"
4227,1,"Breast Pump for Nursing Mothers"
4227,2,"شفاط ثدي للمرضعات"
4228,1,"Pigeon Baby Feeding Bottles 240ml"
4228,2,"بيجون رضاعات للاطفال 240 مل"
4229,1,"Pigeon 200ml Baby Feeding Bottle"
4229,2,"رضاعة عنق 200 مل من بيجن"
4230,1,"Flexible Medium Flow Nipple - 3 Holes, BPA-Free"
4230,2,"حلمه مرنة متوسط 3ق خاليه من BPA"
4231,1,"Pigeon Glass Baby Bottle - 120 ml"
4231,2,"رضاعه قزاز120 مل من بيجن"
4232,1,"Pigeon Cooling Teether for Gums - 4 Months+"
4232,2,"عضاضة اسنان لتبريد اللثة من بيجن فوق 4 شهور"
4233,1,"Glass Feeding Bottle (6+) - 50 ml from Pigeon"
4233,2,"رضاعة زجاجية (6+) – 50 مل من بيجن"
4234,1,"Dabur Amla Snake Oil Hair Serum Heat Protect - 50ml"
4234,2,"سيروم زيت الحية للشعر حماية ضد الحرارة من دابر املا 50مل"
4235,1,"Dabur Amla Snake Oil Frizz Control Hair Serum 50ml"
4235,2,"سيروم زيت الحية للشعر لمقاومة التجعد من دابر املا 50مل"
4236,1,"Dabur Amla Snake Oil Serum Ultra Shine 50ml"
4236,2,"سيروم زيت الحية أقصى لمعان للشعر من دابر املا 50مل"
4237,1,"Purederm Watermelon Lip Gel Mask - 6*15g"
4237,2,"بيورديرم قناع جل لترطيب الشفايف بالبطيخ - 6*15جم"
4238,1,"Scarlett Lashes by Winx 03"
4238,2,"رموش سكارليت من وينكس 03"
4239,1,"Scarlett Lashes by Winx 23"
4239,2,"رموش سكارليت من وينكس 23"
4240,1,"Winx Scarlett Lashes 16"
4240,2,"رموش سكارليت من وينكس 16"
4241,1,"Winx Scarlett Lashes 25"
4241,2,"رموش سكارليت من وينكس 25"
4242,1,"Winx Scarlet Lashes 09"
4242,2,"رموش سكارليت من وينكس 09"
4243,1,"Winx 12 Scarlett Lashes"
4243,2,"رموش سكارليت من وينكس 12"
4244,1,"Cetaphil Moisturizing Cream for Dry and Sensitive Skin - 85g"
4244,2,"سيتافيل كريم ترطيب البشرة الجافة والحساسة 85g"
4245,1,"Dr. Davey Vitamin C Serum for Face and Neck - 30ml"
4245,2,"سيروم فيتامين سي للوجه والرقبة يمن دكتور ديفي 30مل"
4246,1,"3-in-1 Papaya Face Soap - 135g"
4246,2,"صابون الببايا للوجه  3قي 1  135جم"
4247,1,"Jardin d'Oléane Aker Fassi Sugar Scrub - 600g"
4247,2,"مقشر السكر العكر الفاسي من جاردن دي اوليان - 600جم"
4248,1,"Jardin d'Oléane Sugar Scrub with Argan Oil and Coffee - 600 gm"
4248,2,"مقشر السكر بزيت الاركان والقهوة  من جاردن دي اوليان - 600جم"
4249,1,"Jawaher Al Reem Hair Removal Wax with Arabic Gum - 500g"
4249,2,"حلاوة جواهر الريم لإزالة الشعر بالصمغ العربي  500 جم"
4250,1,"Jawaher Al Reem Hair Removal Halawa with Lemon 500 gm"
4250,2,"حلاوة جواهر الريم لإزالة الشعر بالليمون  500 جم"
4251,1,"Whitening Cream for Sensitive Areas with Milk Extract and Collagen - 200ml"
4251,2,"كريم مبيض للمناطق الحساسة بمستخلص الحليب والكولاجين -200 مل"
4252,1,"Pixi Glow Tonic 250ml"
4252,2,"تونر جلو البرتقالي من بيكسي 250مل"
4253,1,"Etude House Korean Lip Gloss, Strawberry"
4253,2,"ملمع للشفاه  كوري من ايتود هاوس، فروله"
4254,1,"Laneige Lip Sleeping Mask Berry - 20g"
4254,2,"ماسك الشفايف الليلي بالتوت من لانيج - 20 جم"
4255,1,"Beauty of Joseon Relief Sun: Rice + Probiotics [SPF50+ PA++++] 50ml"
4255,2,"واقي شمس الكوري ريليف صن الأرز + البروبيوتيك [SPF50 + PA ++++] من بيوتي اوف جوسون 50 مل"
4256,1,"Paula's Choice Skin Perfecting 2% BHA Liquid Exfoliant - 118ml"
4256,2,"سائل مقشر بحمض الساليسيليك سكين برفيكتنج 2٪ BHA  من بولاز تشويس  118 مل"
4257,1,"L'Oréal Elvive Extraordinary Oil Serum for Color-Treated Hair - 100ml"
4257,2,"سيروم وزيت الشعر الفيف اكسترا اورديناري للشعر المصبوغ من لوريال 100مل"
4258,1,"L'Oréal Paris Anti-Hair Fall Serum with Aminexil 102ml"
4258,2,"سيروم ضد تساقط الشعر من لوريال باريس مع أمينيكسيل 102 مل"
4259,1,"Elvive Extra Ordinary Dry Hair Serum and Oil from L'Oreal, 100 ml"
4259,2,"سيروم وزيت الشعر الجاف من الفيف اكسترا اورديناري من لوريال 100مل"
4260,1,"SOME BY MI Retinol Intense Reactivating Mask - 1 Piece"
4260,2,"قناع ريتينول للعناية المركزة من سوم باي مي - 1 قطعة"
4261,1,"La Roche-Posay Effaclar H Iso-Biome Cleansing Cream for Oily and Acne-Prone Skin with Niacinamide - 200ml"
4261,2,"غسول منظف ومرطب للبشرة الدهنية والمعرضة لحب الشباب مع النياسيناميد لاروش بوزيه ايفاكلار ايتش ايزوبيوم   ٢٠٠مل"
4262,1,"Argan Oil & Aloe Vera Hydrating Mask 226g"
4262,2,"ماسك لترطيب بزيت الارغان والصبار 226جم"
4263,1,"Spa Magic Gel Socks for Moisturizing and Softening Feet"
4263,2,"جوارب الجل السحرية لترطيب وتنعيم القدمين من سبا"
4264,1,"Yoko Milk Extract Face Cream 4g"
4264,2,"كريم الوجه بخلاصة الحليب من يوكو 4جم"
4265,1,"Naturals Green Tea Skin Care Serum - 30 ml"
4265,2,"سيروم الشاي الأخضر للعناية بالبشرة من ناتشرالز - 30 مل"
4266,1,"Naturals Vitamin C Skin Care Serum - 30 ml"
4266,2,"سيروم بفيتامين سي للعناية بالبشرة من ناتشرالز - 30 مل"
4267,1,"Labello Lip Gloss, Rose Flavor - 4.8g"
4267,2,"ملمع شفاه من لابيلو، بنكهة الورد 4.8 غرام"
4268,1,"Glysolid Hand Gel 100ml"
4268,2,"جل لليد من جليسوليد100 مل"
4269,1,"Silk Conditioner to save hair from dryness 180 ml"
4269,2,"بلسم كريم سيلك لإنقاذ الشعر من الجفاف 180 مل"
4270,1,"Augeas Intensive Brightening Lotion with Glutathione and Vitamin C for Face and Body - 600ml"
4270,2,"لوشن تفتيح مكثف بالجلوتاثيون وفيتامين C للوجه والجسم من Augeas بسعة 600 مل"
4271,1,"Vitamin E Soap for Wrinkle Reduction and Skin Whitening - 125g"
4271,2,"صابون فيتامين اي لازالة التجاعيد وتبيض البشرة 125جم"
4272,1,"Deep Fresh Deodorant Wet Wipes for Men - 20 Wipes (Special Offer 1+1)"
4272,2,"مناديل ديب فريش المبللة لإزالة العرق للرجال 20 منديل عرض خاص 1 +1"
4273,1,"Deep Fresh Deodorant Wet Wipes for Women - 20 Wipes (Special Offer 1+1)"
4273,2,"مناديل ديب فريش المبللة لإزالة العرق للنساء20 منديل عرض خاص 1 +1"
4274,1,"Rolana Fragrance-Free Baby Wipes - 100ml (Pack of 3)"
4274,2,"مناديل اطفال رولانا بدون عطر  100 مل 3 عبوات"
4275,1,"Harrogate Sulphur Soap for Healthy Skin Original - 100g"
4275,2,"صابون هاروغيت الكبريت لبشرة صحية الاصلي  100 جم"
4276,1,"Global Star Hair Oil Bath and Mask with Keratin and Olive Oil Extract - 1500 ml"
4276,2,"حمام زيت وماسك للشعر جلوبال ستار  بخلاصة الكيراتين وزيت الزيتون  1500 مل"
4277,1,"Tissy Dental Floss Picks - 30 Pieces"
4277,2,"خلال وخيط تنظيف أسنان من تيسي- 30قطعة"
4278,1,"Sebamed Baby Oil Wipes, 70 Pieces"
4278,2,"مناديل زيت للاطفال مكونة من 70 قطعة من سيباميد"
4279,1,"Original glycerin soap 125 g"
4279,2,"صابون جليسرين الاصلي 125جم"
4280,1,"sebamed s Baby Water Wipes, 72 wipes"
4280,2,"منديل بالماء للاطفال من سيباميد 72منديل"
4281,1,"Sebamed shampoo for delicate scalp 250ml"
4281,2,"شاميو سيباميد لفروة الراس الرقيقة 250مل"
4283,1,"Sebamed Baby Diaper Rash Cream 100ml"
4283,2,"كريم طفح الحفاض بيبي سيباميد 100مل"
4284,1,"Sebamed baby cream extra soft 200ml"
4284,2,"كريم سيباميد فائق النعومة للأطفال  200 مل"
4285,1,"Sebamed Baby Body Lotion Ultra Mild 200ml 1+1 Free"
4285,2,"لوشن الجسم بيبي سيباميد فائق النعومة للأطفال  200 مل 1+1مجان"
4286,1,"Nika Green Hair Color Cream + Free Powder Sachet"
4286,2,"كريم صبغة نيكا لون اخضر + كيس بودرة مجان"
4287,1,"Lakme Collage Mix Medium Mahogany Blonde Hair Dye 7/50 - 60 ml"
4287,2,"صبغة كولاجميكس ماهوجني أشقر متوسط 7/50 من لاكمي  60 مل"
4288,1,"Lakme Collage Mix Dark Blonde Violet Ash Hair Dye 6/12 - 60 ml"
4288,2,"صبغة كولاجميكس بنفسجي رمادي اشقر غامق 6/12 من لاكمي  60 مل"
4289,1,"Lakme Collage Mix Light Chestnut Blonde Hair Dye 8/60 - 60 ml"
4289,2,"صبغة كولاجميكس أشقر فاتح كستنائي 8/60 من لاكمي  60 مل"
4290,1,"Lakme Collage Mix Permanent Hair Color - 9/32 Very Light Golden Violet Blonde, 60ml"
4290,2,"صبغة كولاجميكس  أشقر فاتح جدا ذهبي بنفسجي 9/32 من لاكمي  60 مل"
4291,1,"Lakme Collage Mix Hair Color - 12/17 Metallic Ash Blonde, 60ml"
4291,2,"صبغة كولاجميكس  أشقر رمادي معدني 12/17 من لاكمي  60 مل"
4292,1,"Lakme Collage Mix Hair Color - 12/10 Special Light Ash Blonde 60ml"
4292,2,"صبغة كولاجميكس  أشقر رمادي فاتح 12/10 من لاكمي  60 مل"
4293,1,"Collagemix Cream Dye 10/17 Platinum Ash Blonde, 60 ml"
4293,2,"صبغة كريم كولاجميكس أشقر بلاتيني رمادي  10/17 ، 60 مل"
4294,1,"Lakme Collage Mix Light Ash Blonde Cream Hair Color 8/17, 60ml"
4294,2,"صبغة كريم كولاجميكس اشقر رمادي فاتح  من لاكمي  8/17 ، 60 مل"
4295,1,"Lakme Collage Mix Black Hair Dye 1/00 - 60 ml"
4295,2,"صبغة كولاجميكس أسود 1/00 من لاكمي  60 مل"
4296,1,"Lakme Collage Mix Light Brown Hair Dye 5/00 - 60 ml"
4296,2,"صبغة كولاجميكس بني فاتح 5/00 من لاكمي  60 مل"
4297,1,"Lakme Collage Mix Platinum Blonde Hair Dye 10/00 - 60 ml"
4297,2,"صبغة كولاجميكس اشقر بلاتيني 10/00 من لاكمي  60 مل"
4298,1,"Lakme Collage Mix Medium Brown Hair Dye 4/00 - 60 ml"
4298,2,"صبغة كولاجميكس بني متوسط 4/00 من لاكمي  60 مل"
4300,1,"Bioderma Autoderm Ultra-Moisturizing Lip Balm"
4300,2,"مرطب الشفاه  اوتوديرم  فائق الترطيب من بيودرما"
4301,1,"Eucerin Sunscreen for All Skin Types SPF 50 - 50ml"
4301,2,"واقي شمس يوسيرين لجميع أنواع البشرة بعامل حماية SPF 50 - 50 مل"
4302,1,"Eucerin Sun Gel-Cream Oil Control for Oily Skin SPF 50+ - 50ml"
4302,2,"يوسيرين جل كريم واقي شمس للتحكم بالدهون للبشرة الدهنية SPF 50+ - 50 مل"
4303,1,"Eucerin Sun Fluid Photoaging Control SPF 50"
4303,2,"يوسيرين واقي شمس للتحكم في الشيخوخة فوتو إيجينج SPF 50"
4305,1,"Yoko Yogurt Face Cream - 4g"
4305,2,"كريم يوكو للوجه بخلاصة الزبادي - 4 جم"
4306,1,"Yoko Aloe Vera Face Cream for Skin Moisturizing - 4g"
4306,2,"كريم يوكو للوجه بخلاصة الصبار لترطيب البشرة - 4 جم"
4307,1,"Fair & White Original Whitening and Even Tone Cream - 50ml"
4307,2,"كريم فير اند وايت الأصلي لتفتيح وتوحيد لون البشرة - 50 مل"
4308,1,"Original Shirley Cream for Skin Brightening and Evening Tone - 10g"
4308,2,"كريم شيرلي الأصلي لتفتيح وتوحيد لون البشرة - 10 جم"
4309,1,"Moroccan Black Soap - Integrated Care Collection by Wadi Al-Nahl 400g"
4309,2,"الصابون المغربي البلدي من وادي النحل - مجموعة العناية المتكاملة 400 جم"
4310,1,"Wadi Al-Nahl Moroccan Baladi Soap and Special Loofah Set - 300g"
4310,2,"مجموعة الصابون المغربي البلدي والليفة الخاصة من وادي النحل - 300 جم"
4311,1,"L'Oréal Paris Pure Clay Mask - 50ml"
4311,2,"قناع الطين النقي من لوريال باريس - 50 مل"
4312,1,"St. Ives Skin Renewing Collagen & Elastin Moisturizer - 283g"
4312,2,"مرطب سانت ايفز بالكولاجين والإيلاستين لتجديد البشرة - 283 جم"
4313,1,"L'Oréal Paris Casting Crème Gloss Hair Color - 700 Blonde"
4313,2,"صبغة شعر لوريال باريس كاستينج كريم جلوس - 700 أشقر"
4314,1,"L'Oréal Paris Casting Crème Gloss Hair Color 323 Dark Warm Brown Ammonia-Free"
4314,2,"لوريال باريس كاستينج كريم جلوس صبغة شعر 323 بني غامق دافئ خالية من الأمونيا"
4315,1,"Cetaphil Moisturizing Cream for Dry to Very Dry Skin - 100g"
4315,2,"كريم سيتافيل المرطب للبشرة الجافة إلى شديدة الجفاف - 100 جم"
4317,1,"Licorice Body Brightening and Moisturizing Lotion - 500ml"
4317,2,"لوشن تفتيح وترطيب الجسم الجسم بعرق السوس 500مل"
4319,1,"Dove Hand Cream with Avocado Extract and Calendula Oil - 75 ml"
4319,2,"كريم دوف لليدين بخلاصة الأفوكادو وزيت آذريون - 75 مل"
4320,1,"Avalon Skin Whitening and Moisturizing Soap - 100g"
4320,2,"صابون افالون  لتفتيح وترطيب البشرة - 100جم"
4321,1,"Glysolid Soft Intensive Care Cream - 200 ml"
4321,2,"كريم سوفت للعناية المركزة من جليسوليد - 200 مل"
4322,1,"L'Oréal Paris Casting Crème Gloss - 100 Natural Black (Ammonia-Free)"
4322,2,"صبغة لوريال باريس كاستينج كريم جلوس - 100 أسود طبيعي (خالية من الأمونيا)"
4323,1,"Garnier Ultra Doux Avocado Oil & Shea Butter Leave-In Styling Cream - 300ml"
4323,2,"جارنيه الترا دو كريم تصفيف يترك على الشعر بزيت الأفوكادو وزبدة الشيا - 300 مل"
4324,1,"Garnier Ultra Doux Nourishing Almond Milk Leave-In Cream - 300ml"
4324,2,"كريم جارنيه ألترا دو مصفف الشعر بحليب اللوز المغذي - 300 مل"
4325,1,"Maybelline Fit Me Concealer - Shade 25 (Medium)"
4325,2,"كونسيلر فيت مي من ميبلين - درجة 25 (Medium)"
4326,1,"Kamill Classic Moisturizing and Protecting Skin Cream - 30 ml"
4326,2,"كريم كاميل الكلاسيكي لترطيب وحماية البشرة - 30 مل"
4327,1,"La Roche-Posay Cicaplast Baume B5 Soothing Repairing Balm - 100ml"
4327,2,"بلسم سيكابلاست بوم B5 من لا روش بوزاي لترميم البشرة - 100 مل"
4328,1,"L'Oréal Paris Hyaluron Expert Replumping Eye Cream - 15ml"
4328,2,"لوريال باريس هيالورون اكسبيرت كريم مرطب لمحيط العين - 15 مل"
4329,1,"Beesline Moisturizing Honey Soap, 60g"
4329,2,"صابون مرطب بالعسل من بيزلين، 60جرام"
4330,1,"COVIX Care Face Wash for Sensitive and Dry Skin - 250 ml"
4330,2,"غسول الوجه كوفيكس كير للبشرة الحساسة والجافة - 250 مل"
4331,1,"Covix Care Cleanser for Oily and Acne-Prone Skin - 250 ml"
4331,2,"غسول كوفيكس كير للبشرة الدهنية والمعرضة لحب الشباب - 250 مل"
4332,1,"4pcs of Maxx Professional Makeup Sponges"
4332,2,"4 قطع من اسفنجات المكياج الاحترافية من ماكس"
4333,1,"Vichy Mineral-Enriched Roll-On Deodorant 50ml - 48-Hour Protection for Sensitive Skin"
4333,2,"مزيل عرق رول غني بالمعادن من فيتشي 50مل - حماية 48 ساعة للبشرة الحساسة"
4334,1,"Fashkool Garlic Extract Hair Mask - 500 ml"
4334,2,"فاشكول حمام زيت بخلاصة الثوم لتقوية الشعر - 500 مل"
4337,1,"Ajmal Musk Maq Powder - 100g"
4337,2,"بودرة مسك ماك من أجمل - 100 جم"
4339,1,"Listerine Total Care Milder Taste Mouthwash 250ml"
4339,2,"ليسترين توتال كير غسول فم بمذاق معتدل - 250 مل"
4340,1,"Listerine Cool Mint Mild Taste Alcohol-Free Mouthwash 250ml"
4340,2,"غسول الفم ليسترين كوول مينت ذو المذاق المعتدل خالي من الكحول 250 مل"
4341,1,"Dove Damage Care Routine Set: Shampoo 400ml & Conditioner 320ml"
4341,2,"مجموعة دوف روتين العناية بالتلف: شامبو 400 مل وبلسم 320 مل"
4342,1,"Franck Olivier for Women - Eau de Parfum - 75 ml"
4342,2,"عطر فرانك اوليفير للنساء - او دو بارفيوم - 75 مل"
4343,1,"Eva Smokers Tooth Powder with Fluorine - 40g"
4343,2,"بودرة اسنان بالفلورين من ايفا سموكرس 40جم"
4344,1,"Fam Pink Large Sanitary Pads Without Wings, 40 Pads"
4344,2,"فوط فام وردي صحية كبيرة بدون أجنحة - عبوة التوفير 40 فوطة"
4346,1,"Private Super Large Sanitary Pads with Wings - Pack of 30 Pads"
4346,2,"فوط برايفت سوبر حجم كبير بالأجنحة - عبوة 30 فوطة صحية"
4347,1,"Relax Fam Multi-Use Pads, Size 3 Extra Large - 20 Pads"
4347,2,"فوط ريلاكس فام متعددة الاستعمالات مقاس 3 كبيرجدا  20 فوطه"
4348,1,"Baby perfume with cherry scent from Baby Love 30ml"
4348,2,"عطر أطفال برائحة الكرز من بيبي لوف - 30 مل"
4349,1,"Maybelline New York Baby Skin Instant Pore Eraser Primer, Clear, 22ml"
4349,2,"برايمر بيبي سكين خافي العيوب الفوري من ميبيلين نيو يورك - 22 مل"
4350,1,"Eucerin Sun Protection Gel Specially Formulated for Dry and Sensitive Skin - 50ml"
4350,2,"جل واقي شمس مصمم خصيصا للبشرة الجافة والحساسة من يوسرين 50مل"
4351,1,"Avene Sunscreen Cream for Dry and Sensitive Skin - 50 ml"
4351,2,"كريم واقي شمس للبشرة الجافة والحساسة من أفين - 50 مل"
4352,1,"Maybelline New York Fit Me Matte + Poreless Foundation - 128 Warm Nude, 30ml"
4352,2,"كريم اساس فيت مي مات + بور لس   غير لامع بيج فاتح دافئ 128   من مايبيلين نيويورك - 30 مل،"
4353,1,"Bioderma Photoderm Max Sunscreen Fluid Unscented SPF 100 - 40ml"
4353,2,"واقي شمس من بيوديرما فوتوديرم  سائل ماكس غير معطر بمعامل حماية 100 درجة 40مل"
4354,1,"Pastel conditioner with argan oil 400 ml"
4354,2,"بلسم  باستيل بزيت الارجان 400مل للشعر المعالج"
4356,1,"Kuwait Shop Aker Fassi Skin Brightening Soap 100g"
4356,2,"صابون العكر الفاسي المساعد على تفتيح البشرة من كويت شوب 100جم"
4357,1,"Kuwait Shop Transparent Glycerin Soap for Sensitive Skin - 100g"
4357,2,"صابون جلسرين شفاف للبشرة الحساسة من كويت شوب 100جم"
4358,1,"Kuwait Shop Myrrh and Turmeric Soap 100g"
4358,2,"صابون المر والكركم من كويت شوب 100جم"
4359,1,"Kuwait Shop Myrrh Soap 100g"
4359,2,"صابون المره من كويت شوب 100جم"
4360,1,"Uriage Fragrance-Free Sunscreen Cream for Sensitive Skin SPF 50+ - 50ml"
4360,2,"كريم واقي شمس غير معطر  للبشرة الحساسة بعامل حماية +50 من يورياج - 50مل"
4361,1,"Kiehl's Eye Care Cream 14g"
4361,2,"كيلز كريم للعناية بالمنطقة حول العينين 14جم"
4363,1,"Kuwait Shop Bitter Almond Soap for Skin Whitening - 100g"
4363,2,"صابون لوز المر لتفتيح لون البشرة  من كويت شوب 100جم"
4364,1,"Kuwait Shop Oudh & Saffron Soap 100g"
4364,2,"صابون عود بالزعفران   من كويت شوب 100جم"
4365,1,"Lakme Chroma Ammonia-Free Hair Color Lightening 8/00, 60ml"
4365,2,"صبغة شعر خالية من الأمونيا كروما تفتيح 00/8 من لاكمي   ، 60 مل"
4366,1,"Dermovate Moisturizing and Soothing Cream for Sensitive Skin - 25g"
4366,2,"كريم لترطيب البشرة الحساسة  وتهدئتها  من ديرموفيت 25جم"
4367,1,"Miele Rosemary &amp; Mint Strengthening Conditioner 355ml"
4367,2,"بلسم ليف ان روزماري والنعناع لتقوية الشعر من مييل 355 مل"
4368,1,"Mielle Rosemary Mint Strengthening Hair Masque 340ml"
4368,2,"قناع روزماري نعناع لتقوية الشعر من مييل 340مل"
4370,1,"Mielle Organics Rosemary Mint Strengthening Shampoo with Biotin - 355ml"
4370,2,"شامبو  بالنعناع و اكليل الجبل و البيوتين من ميلي اورجانيكس 355مل"
4371,1,"Vatika oil bath with garlic extract, 500 g"
4371,2,"حمام زيت بخلاصة الثوم  من فاتيكا 500 جم"
4372,1,"Wadi Al-Nahl Syrian Black Seed Oil, 125ml"
4372,2,"زيت الحبة السوداء, السوري من وادي النحل 125مل"
4373,1,"Sesame oil to nourish the skin and hair from Wadi Al-Nahil, 125 ml"
4373,2,"زيت  السمسم لتغذية البشرة والشعر  من وادي النحل 125مل"
4374,1,"Wadi Al-Nahl Rosemary Oil - 125ml"
4374,2,"زيت اكليل الجبل من وادي النحل 125مل"
4375,1,"Blover Long-Lasting Matte Lipstick - 109 Nude"
4375,2,"أحمر شفاه مطفي ثابت 109 لحمي من بلوفير"
4376,1,"Blover Long-Lasting Matte Lipstick - 106 Pink"
4376,2,"أحمر شفاه مطفي ثابت 106 زهري من بلوفير"
4377,1,"Blover Long-Lasting Matte Lipstick - 116 Nude Red"
4377,2,"أحمر شفاه مطفي ثابت 116 احمر لحمي من بلوفير"
4378,1,"Nail Polish - Shade 310 by Flormar, 11ml"
4378,2,"طلاء أظافر - درجة لون  310 من فلورمار 11مل"
4379,1,"Nail Polish - Shade 427 by Flormar 11ml"
4379,2,"طلاء أظافر - درجة لون  427 من فلورمار 11مل"
4380,1,"Nail Polish - Shade 310 by Flormar 11ml"
4380,2,"طلاء أظافر - درجة لون  310 من فلورمار 11مل"
4381,1,"Nail Polish - Shade 17 by Rolls"
4381,2,"طلاء أظافر - درجة لون  17 من رولس"
4382,1,"Nail Polish - Shade 11 by Rolls"
4382,2,"طلاء أظافر - درجة لون  11 من رولس"
4383,1,"Nail Polish - Shade 01 by Rolls"
4383,2,"طلاء أظافر - درجة لون  01 من رولس"
4384,1,"Essence Gel Nail Colour - Shade 06, 8ml"
4384,2,"طلاء أظافر  جل- درجة لون  06 من ايسنس 8مل"
4385,1,"Essence Gel Nail Colour - Shade 16, 8ml"
4385,2,"طلاء أظافر  جل- درجة لون  16 من ايسنس 8مل"
4386,1,"Nail polish - shade 20 from Essence, 8 ml"
4386,2,"طلاء أظافر  جل- درجة لون  20 من ايسنس 8مل"
4387,1,"Garnier Color Naturals Crème Hair Dye (Very Light Ash Blonde - 9.1) - 112 ml"
4387,2,"صبغة شعر كولور ناتشرلز كريم  ( لون اشقر رمادي فاتح جدا   - 9.1 ) من جارنير- 112 مل"
4388,1,"Boliver Nail Polish - Shade 603 - 11ml"
4388,2,"طلاء أظافر  - درجة لون  603 من بوليفر  11مل"
4389,1,"Boliver Nail Polish - Shade 657 - 11ml"
4389,2,"طلاء أظافر  - درجة لون  657 من بوليفر  11مل"
4390,1,"Bolver Nail Polish - Shade 617 - 11ml"
4390,2,"طلاء أظافر  - درجة لون  617 من بوليفر  11مل"
4394,1,"Liv Long Lasting Liquid Concealer NC34 Beige 8ml"
4394,2,"خافي عيوب سائل طويل الأمد NC34 بيج من ليف 8مل"
4395,1,"Lef Long-Wear Liquid Concealer NC36 - 8ml"
4395,2,"خافي عيوب سائل طويل الأمد NC36 من ليف 8مل"
4396,1,"Sabel Lashes by Winx 36"
4396,2,"رموش سبل من وينكس 36"
4397,1,"Winx Bloom Lashes 05"
4397,2,"رموش  بلوم من وينكس 05"
4398,1,"Real Techniques Eye Shade + Blend Brush Set - 2 Pieces"
4398,2,"فرش دمج ظلال العيون من ريل تكنيكس 2 فرشة"
4399,1,"Instapop Cheek Makeup Brush for Highlighter or Blush Application"
4399,2,"فرشاة انستابوب لمكياج الخدود لتطبيق الهايلايتر أو بودرة الخدود"
4400,1,"Missha M Perfect Cover BB Cream - No. 27 Honey Beige (50ml)"
4400,2,"بي بي كريم بيرفكت من ميشا 27 هوني بيج 50مل"
4401,1,"Laura Mercier Translucent Loose Setting Powder - Translucent"
4401,2,"بودرة تثبيت لوس سيتينج من لورا مرسييه - شفافة"
4402,1,"Too Way Cake Powder (A002) - from Forever52"
4402,2,"بودرة تو واي كيك (A002) - من فورافر 52"
4403,1,"Two Way Cake Powder (A006) - By Forever52"
4403,2,"بودرة تو واي كيك (A006) - من فورافر 52"
4404,1,"Two Way Cake Powder (A009) - By Forever52"
4404,2,"بودرة تو واي كيك (A009) - من فورافر 52"
4405,1,"Flormar Blush 105 Matte Rose"
4405,2,"أحمر خدود 105 مات روز من فلورمار"
4406,1,"Scandinavian Makeup Setting Spray - 118 ml"
4406,2,"بخاخ مثبت للمكياج من سكندنيفيا  للبشرة العادية - 118مل"
4407,1,"HD Concealer PIC004 from Character"
4407,2,"كونسيلر اتش دي PIC004 من كاركتر"
4408,1,"HD Concealer PIC003 from Character"
4408,2,"كونسيلر اتش دي PIC003 من كاركتر"
4409,1,"#M WSP lashes from Red Cherry"
4409,2,"رموش #M WSP من ريد شيري"
4410,1,"Rimmel Stay Matte Pressed Powder - 040 Transparent, 14g"
4410,2,"بودرة ستاي ميت رقم 040 شفاف من  ريميل  14جرام"
4411,1,"Rimmel Stay Matte Powder No. 002 Translucent 14g"
4411,2,"بودرة ستاي ميت رقم 002 شفاف من  ريميل  14جرام"
4412,1,"Essence Hello Good Stuff! Matte & Glow Bronzing Powder - 20 Cocoa-Cool"
4412,2,"بودرة برونزية مطفية و متوهجة هلو جود ستاف - رقم 20 من ايسنس"
4413,1,"Make Over 22 The New Make 18 Color Eyeshadow Palette"
4413,2,"مجموعة ظلال العيون ذا نيو ميك 18 لون  من ميك اوفر 22"
4414,1,"Bourjois Healthy Mix Foundation - 52 Vanilla, 30ml"
4414,2,"كريم الاساس هيلثي ميكس  من بورجوا  فانيليا رقم 52 ، 30 مل"
4415,1,"Long-Lasting Blush – CH109 No. N11 by Christine"
4415,2,"احمر خدود طويل الأمد – CH109 رقم N11 من كرستين"
4416,1,"RCMA No-Color Powder for All Skin Tones - 85g"
4416,2,"بودرة مكياج بدون لون لجميع ألوان البشرة من ار سي ام أي -85 جم"
4417,1,"Rimmel London Day 2 Night Waterproof Mascara - 001 Black"
4417,2,"ماسكرا دي تو نايت مقاومة للماء من ريميل لندن - 001 اسود"
4418,1,"Forever52 Volumizing Mascara - LMM001"
4418,2,"ماسكارا تكثيف الرموش من فورايفر 52 - LMM001"
4420,1,"Maybelline New York Fit Me Matte + Poreless Foundation - 100 Warm Ivory, 30ml"
4420,2,"كريم اساس فيت مي مات + بور لس   غير لامع بيج  100من مايبيلين نيويورك - 30 مل،"
4421,1,"Maybelline New York Fit Me Matte + Poreless Foundation - 130 Buff Beige, 30ml"
4421,2,"كريم اساس فيت مي مات + بور لس   غير لامع باف بيج  130من مايبيلين نيويورك - 30 مل،"
4422,1,"L'Oréal Paris Infallible Matte Foundation - 32 Amber"
4422,2,"كريم اساس إنفاليبل غير لامع من لوريال باريس 32 Amber"
4423,1,"Maybelline New York Fit Me Matte + Poreless Foundation - 250 Sun Beige, 30ml"
4423,2,"كريم اساس فيت مي مات + بور لس   غير لامع بيج صن  250من مايبيلين نيويورك - 30 مل،"
4425,1,"L'Oréal Paris Infallible Matte Foundation - 25 Rose Vanilla"
4425,2,"كريم اساس إنفاليبل غير لامع من لوريال باريس 25  روز فانيلا"
4426,1,"L'Oréal Paris Infallible Matte Foundation - 32 Amber"
4426,2,"كريم اساس إنفاليبل غير لامع من لوريال باريس 32 Amber"
4427,1,"L'Oréal Paris Infallible Matte Foundation - 110 Rose Vanilla"
4427,2,"كريم اساس إنفاليبل غير لامع من لوريال باريس 110  روز فانيلا"
4428,1,"Essence Liquid Eyeliner - Black, 3ml"
4428,2,"ايلاينر سائل  اسود من ايسنس - ، 3 مل"
4429,1,"Mood Matcher Rouge Twist Lipstick - Pink"
4429,2,"احمر شفاه روج تويست من مود ماتشر - وردي"
4430,1,"Moodmatcher Rouge Twist Lipstick - Yellow"
4430,2,"احمر شفاه روج تويست من مود ماتشر - اصفر"
4431,1,"Moodmatcher Rouge Twist Lipstick - Green"
4431,2,"احمر شفاه روج تويست من مود ماتشر - اخضر"
4432,1,"Lef Waterproof Lip Liner Pencil - Shade 210"
4432,2,"قلم تحديد الشفاه مقاوم للماء  رقم 210 من ليف"
4433,1,"Liv Waterproof Lip Liner Pencil No. 207"
4433,2,"قلم تحديد الشفاه مقاوم للماء  رقم 207 من ليف"
4434,1,"Lef Waterproof Lip Liner - Shade 205"
4434,2,"قلم تحديد الشفاه مقاوم للماء  رقم 205 من ليف"
4435,1,"Liv Waterproof Lip Liner Pencil No. 223"
4435,2,"قلم تحديد الشفاه مقاوم للماء  رقم 223 من ليف"
4436,1,"Essence Hello Good Stuff! Matte & Glow Bronzing Powder - No. 10"
4436,2,"بودرة برونزية مطفية و متوهجة هلو جود ستاف رقم 10 من ايسنس"
4437,1,"Black kajal 01 essence"
4437,2,"كحل كاجال اسود 01 ايسنس"
4438,1,"The POREfessional Matte Primer 15ml"
4438,2,"برايمر  ذا بوريبروفيشنال مات 15مل"
4439,1,"L'Oréal Paris Infallible Mattifying Primer"
4439,2,"برايمر انفاليبل مزيل اللمعان من لوريال باريس"
4440,1,"Boliver A4 Eyebrow Pencil"
4440,2,"قلم حواجب A4 من بوليفر"
4441,1,"NIVEA Body Lotion, Cocoa Butter with Vitamin E, for Dry Skin, 250ml"
4441,2,"لوشن الجسم، كوكا باتر من نيڤيا، زبدة الكاكاو، فيتامين إي، للبشرة الجافة، 250 مل"
4442,1,"Look 812 Black Liquid Eyeliner Pen"
4442,2,"قلم كحل سائل اسود لوك 812"
4443,1,"Rimmel London Scandal'Eyes Kohl Kajal Pencil - Blue"
4443,2,"قلم كحل سكاندال ايزمن  ازرق  ريميل لندن"
4444,1,"Flormar Ultra Thin Eyebrow Pencil - #02"
4444,2,"قلم حواجب  الترا ثين   رفيع# 02 من فلورمار"
4445,1,"Christine Lamsa Long-Lasting Matte Liquid Lipstick - Shade 54"
4445,2,"روج لمسة سائل ثابت مطفي _ رقم 54 من كرستين"
4446,1,"Christine Lamsa Long-Lasting Matte Liquid Lipstick - Shade 20"
4446,2,"روج لمسة سائل ثابت مطفي _ رقم 20من كرستين"
4447,1,"Christine Lamsa Long-Lasting Matte Liquid Lipstick - Shade 37"
4447,2,"روج لمسة سائل ثابت مطفي _ رقم 37 من كرستين"
4448,1,"Rimmel London Professional Eyebrow Pencil - 002 Hazel"
4448,2,"قلم تحديد الحواجب الاحترافي( بندق ) رقم  002 من ريميل لندن"
4449,1,"Professional eyebrow pencil (dark brown) No. 001 from Rimmel London"
4449,2,"قلم تحديد الحواجب الاحترافي( بني غامق ) رقم  001 من ريميل لندن"
4450,1,"Rimmel London Professional Eyebrow Pencil (Black) No. 006"
4450,2,"قلم تحديد الحواجب الاحترافي( اسود) رقم  006 من ريميل لندن"
4451,1,"Natural Crystal Deodorant Stone with Aloe Vera Extract - 70g"
4451,2,"مزيل عرق طبيعي حجر كرستال بخلاصة الصبار 70 جم ."
4452,1,"Advanced Clinicals Collagen Hair Treatment 340g"
4452,2,"الكولاجين المعزز لعلاج الشعر من أدفانسد كلينيكالز 340 جم"
4453,1,"Midlo Sweet Almond Oil for Skin and Body - 185ml"
4453,2,"زيت اللوز الحلو للبشرة والجسم من ميدلو 185مل"
4454,1,"Crown Blend 3-in-1 Firming, Nourishing, and Hydrating Mask"
4454,2,"قناع شد وتغذية وترطيب البشرة كراون بلند 3 في 1"
4455,1,"White Henna for Face and Body"
4455,2,"حنا بيضا للوجه والجسم"
4456,1,"Creme 21 Skin Cream with Almond Oil for Ultra-Dry Skin - 250ml"
4456,2,"كريم لوشن  21 للبشرة مع زيت اللوز  للبشرة شديدة الجفاف250 مل"
4457,1,"Nail Glue"
4457,2,"غراء اظافر"
4458,1,"Dr. Davey Licorice Balm for Cracked Heels - 100g"
4458,2,"بلسم عرق السوس للكعب المتصدع من دكتور ديفي 100 جم"
4459,1,"Giovanni 2chic Ultra-Moist Shampoo with Avocado and Olive Oil - 250 ml"
4459,2,"شامبو 2 تشيك فائق الترطيب بالأفوكادو و زيت الزيتون من جيوفاني - 250 مل"
4460,1,"Dove Ultimate Repair 48h Deodorant Stick - 40ml"
4460,2,"مزيل عرق التميت ريبير 48ساعة  من دوف  40مل"
4461,1,"Snail Mucin Serum 96 to moisturize the skin - Cosrx"
4461,2,"كوسركس - خلاصة القوة المخاطية للحلزون المتطورة 96 ، 100 مل"
4462,1,"COSRX Advanced Snail 92 All In One Cream - 100g"
4462,2,"كريم الحلزون 92 المطور الكل في واحد من كوسركس - 100 جم"
4463,1,"COSRX Ultimate Nourishing Rice Overnight Spa Mask 60g"
4463,2,"قناع سبا ليلي من الارز المغذي كوزراكس 60 جم"
4464,1,"Vaseline Lip Therapy Set - 3 Packs"
4464,2,"مجموعة ترطيب الشفاة 3 عبوات من فازلين"
4465,1,"Wild Depurdent Mouthwash - 400ml"
4465,2,"غسول فم   ديبوردينت من ويلد  400مل"
4466,1,"Nivea Natural Fairness Deodorant Spray for Women - 150ml"
4466,2,"بخاخ مزيل عرق  نيتشرل فيرنيس للسيدات من  نيفيا- 150مل"
4467,1,"Vaseline Aloe Soothing Jelly, 100 ml"
4467,2,"جيلي الترطيب بالصبار من فازلين، 100 مل"
4468,1,"Coconut oil for hair from Parachute 2 liter"
4468,2,"زيت جوز الهند للشعر  من باراشوت 2لتر"
4469,1,"Intimate Lubricant Gel, Cherry Flavor - 50ml"
4469,2,"جل مزلق حميمي، بنكهة الكرز 50مل"
4470,1,"Wadi Al Nahil Ginger Oil 125 ml"
4470,2,"زيت الزنجبيل من وادي النحل 125 مل"
4471,1,"Wadi Al-Nahl Olive Oil - 125 ml"
4471,2,"زيت الزيتون من وادي النحل 125 مل"
4472,1,"Wadi Al-Nahl Umm Al-Jadayel Hair Oil 125 ml"
4472,2,"زيت ام الجدايل من وادي النحل 125 مل"
4473,1,"Disaar Beauty Sunscreen Cream SPF 90, 40g"
4473,2,"كريم واقي شمس  بعامل حماية من اشعة الشمس بدرجة 90 من ديسار بيوتي، 40جم"
4474,1,"Saco Teeth Cleaning Wipes - 20 Wipes"
4474,2,"ساكو مناديل تنظيف الاسنان 20 منديل"
4475,1,"Makeup sponge box GNR1952"
4475,2,"علبة اسفنج مكياج GNR1952"
4476,1,"Gelees Grape Exfoliating Gel 300g"
4476,2,"جل جيليز مقشر العنب 300جم"
4477,1,"Handy hand and surface sanitizer spray 120 ml"
4477,2,"هاندي بخاخ  معقم للأيدي والاسطح 120مل"
4478,1,"Baby Love Scented Water 30ml"
4478,2,"ماء معطر بيبي لوف 30 مل"
4479,1,"G-Max Peach Scented Nail Polish Remover Sponge - 75ml"
4479,2,"جي ماكس اسفنجة مزيلة لطلاء الاظافر بنكهة الخوخ  75مل"
4480,1,"G Max nail polish remover sponge 75 ml"
4480,2,"جي ماكس اسفنجة مزيلة لطلاء الاظافر بنكهة الفروله75مل"
4481,1,"Sulfur Soap for Skin Relief - 100g"
4481,2,"صابون الكبريت لتخفيف مشاكل الجلد 100جم"
4482,1,"Bimo Herbal Cream with Honey and Aloe Vera for Skin Care - 30g"
4482,2,"كريم بيمو عشبي بالعسل والصبار للعناية بالجلد  30 جم"
4483,1,"Intimate lubricating gel, Nutella flavor, 50 ml"
4483,2,"جل مزلق حميمي، بنكهة النوتيلا50مل"
4484,1,"Intimate Lubricant Gel, Pure 50ml"
4484,2,"جل مزلق حميمي، نقي 50مل"
4485,1,"Nivea Men Deep Black Carbon Deodorant Spray 150ml"
4485,2,"نيفيا بخاخ مزيل عرق ديب بلاك كربون رجالي 150 مل"
4486,1,"AloeDent Complete Care Mouthwash, 250ml"
4486,2,"غسول الفم عناية كاملة من ألودنت ,  , 250مل"
4487,1,"Dove Go Fresh Deodorant Stick 40ml"
4487,2,"مزيل العرق جو فريش من دوف 40 مل"
4488,1,"Rexona Cotton Dry Anti-Perspirant Spray 150ml"
4488,2,"بخاخ مضاد للتعرق قطن دري من ريكسونا 150مل"
4489,1,"Nivea Dry Impact Deodorant for Men, Roll On 50 ml"
4489,2,"مزيل للعرق للرجال، دراي إمباكت من نيڤيا، رول أون 50 مل"
4490,1,"NIVEA Pearl & Beauty Deodorant for Women, Roll-On 50ml"
4490,2,"مزيل للعرق للنساء، بيرل اند بيوتي من نيڤيا، رول أون 50 مل"
4491,1,"Rexona Shower Fresh Antiperspirant Spray 150ml"
4491,2,"بخاخ مضاد للتعرق شاور فريش من ريكسونا 150مل"
4492,1,"Rexona Summer Movies Antiperspirant Spray 150ml"
4492,2,"بخاخ مضاد للتعرق سمر موفيز من ريكسونا 150مل"
4493,1,"Garnier SkinActive Fast Fairness Day Cream with SPF, 100ml"
4493,2,"كريم النهار سكين اكتيف فاست فيرنس  مع عامل حماية من اشعة الشمس من غارنييه، 100 مل"
4494,1,"Real Beauty Eyelash Glue 5g"
4494,2,"غراء رموش موف ريل بيوتي 5جم"
4495,1,"Professional dry massage brush - horse bristles with cotton"
4495,2,"بروفيشنال فرشاة التدليك الجاف - شعيرات الخيول مع القطن"
4496,1,"Professional Dry Massage Brush"
4496,2,"بروفيشنال فرشاة التدليك الجاف"
4497,1,"Colgate Kids Toothpaste 2-5 Years Fruit Bubbles 50ml"
4497,2,"معجون أسنان كولجيت للأطفال من 2-5 سنوات  فقاعات الفاكهة 50 مل"
4498,1,"Fair and Lovely Multi Face Cream,80gm"
4498,2,"كريم ملتي للوجه فير آند لفلي ، 80جم"
4499,1,"Fair and Lovely Multi Face Cream,100gm"
4499,2,"كريم ملتي للوجه فير آند لفلي ، 100جم"
4500,1,"Garnier Color Naturals Crème Hair Color (4.6 Burgundy) - 112ml"
4500,2,"صبغة شعر كولور ناتشرلز كريم  ( لون برغندي 4.6) من جارنير- 112 مل"
4501,1,"Rexona Aloe Vera & Bamboo Deodorant Stick - 40ml"
4501,2,"مزيل عرق ستيك بالالفيرا والخيزان  من ريكسونا  40مل"
4503,1,"TheraBreath Bright Mint Mouthwash 500ml"
4503,2,"غسول فم ثيرابريث بالنعناع اللامع  500 مل"
4504,1,"TheraBreath Sparkling Mint Mouthwash 500 ml"
4504,2,"غسول فم ثيرابريث بالنعناع التالق500 مل"
4505,1,"TheraBreath Icy Mint Oral Rinse 500ml"
4505,2,"غسول فم ثيرابريث بالنعناع الجليدي 500 مل"
4506,1,"TheraBreath Mild Mint Oral Rinse 500ml"
4506,2,"غسول فم ثيرابريث بالنعناع الخفيف 500 مل"
4507,1,"BRSKIN Water Dental Flosser"
4507,2,"خيط تنظيف الأسنان المائي  (Water dental floss)BRSKIN"
4508,1,"Body Care Set"
4508,2,"مجموعة العناية بالجسم"
4509,1,"Cooling Laser Hair Removal Device - 3-Year Replacement Warranty"
4509,2,"ليزر التبريد لإزالة الشعر ضمان ثلاث سنوات استبدال"
4510,1,"Eveline Lipstick No. (1)"
4510,2,"احمر شفاه  ايفيلين رقم (1)"
4511,1,"Eveline Lipstick No. (2)"
4511,2,"احمر شفاه  ايفيلين رقم (2)"
4512,1,"Eveline Lipstick Shade No. (3)"
4512,2,"احمر شفاه  ايفيلين رقم (3)"
4513,1,"Eveline Lipstick No. (6)"
4513,2,"احمر شفاه  ايفيلين رقم (6)"
4514,1,"Eveline Lipstick No. (4)"
4514,2,"احمر شفاه  ايفيلين رقم (4)"
4515,1,"Eveline Lipstick No. (5)"
4515,2,"احمر شفاه  ايفيلين رقم (5)"
4516,1,"Eveline lipstick number (7)"
4516,2,"احمر شفاه  ايفيلين رقم (7)"
4517,1,"Eveline Lipstick No. (8)"
4517,2,"احمر شفاه  ايفيلين رقم (8)"
4518,1,"Eveline Lipstick No. (9)"
4518,2,"احمر شفاه  ايفيلين رقم (9)"
4519,1,"Eveline Lipstick Shade No. (10)"
4519,2,"احمر شفاه  ايفيلين رقم (10)"
4520,1,"Eveline Lipstick No. (18)"
4520,2,"احمر شفاه  ايفيلين رقم (18)"
4521,1,"Eveline Lipstick No. (11)"
4521,2,"احمر شفاه  ايفيلين رقم (11)"
4522,1,"Eveline lipstick number (20)"
4522,2,"احمر شفاه  ايفيلين رقم (20)"
4523,1,"Eveline lipstick number (12)"
4523,2,"احمر شفاه  ايفيلين رقم (12)"
4524,1,"Eveline Lipstick No. (13)"
4524,2,"احمر شفاه  ايفيلين رقم (13)"
4525,1,"Eveline Lipstick No. (14)"
4525,2,"احمر شفاه  ايفيلين رقم (14)"
4531,1,"Elishacoy Moist Up Collagen Sleeping Mask - 50ml"
4531,2,"ماسك النوم بالكولاجين لترطيب البشرة من ايليشاكوي50 مل"
4532,1,"Elishacoy Hyaluronic Acid Hydrating Face Cream - 50g"
4532,2,"كريم الوجه المرطب بحمض الهيالورونيك من ايليشاكوي - 50ج"
4543,1,"Beauty Hair &amp; Nail Vitamins for Women - 60 Chewables"
4543,2,"فيتامينات بيوتي للشعر والاظافر للنساء - 60 قطعة قابلة للمضغ"
4544,1,"Revolution Oil Control Fixing Spray 100ml"
4544,2,"بخاخ تثبيت المكياج للتحكم في الزيت من ريفلوشن 100مل"
4545,1,"Revolution Glow Fix Illuminating Setting Spray 100ml"
4545,2,"بخاخ لتثبيت المكياج جلو فيكس المضيء من ريفلوشن 100مل"
4546,1,"Relove HD Super Matte Setting Powder - 7g"
4546,2,"بودرة تثبيت المكياج اتش دي سوبر مات سيتينق من ريلوف 7جم"
4547,1,"Revolution Dual Eyeliner 8g"
4547,2,"آيلاينر ثنائي محدد العيون من ريفولوشن 8جم"
4548,1,"Revolution Ultimate Nudes Eyeshadow Palette - Medium"
4548,2,"باليت ظلال العيون التيميت نودز متوسط من ريفلوشن"
4549,1,"Revolution Ultimate Nudes Eyeshadow Palette - Dark"
4549,2,"باليت ظلال العيون التيميت نودز  داكن من ريفلوشن"
4550,1,"Revolution Fast Base Blush Stick - 14g"
4550,2,"احمر خدود فاست بيس ستيك  من ريفلوشن 14جم"
4551,1,"Revolution Renaissance Flick Eyeliner - Brown 0.8g"
4551,2,"محدد عيون رينسانس فليك من ريفلوشن بني 0.8جم"
4553,1,"Revolution IRL Filter Longwear Foundation - Shade F5"
4553,2,"كريم أساس أي ار فلتر لونغ وير  F5من ريفلوشن"
4554,1,"Revolution IRL Filter Longwear Foundation - F2 (23ml)"
4554,2,"كريم أساس أي ار فلتر لونغ وير  F2 من ريفلوشن 23مل"
4555,1,"Revolution IRL Filter Longwear Foundation - Shade F4, 23ml"
4555,2,"كريم أساس أي ار فلتر لونغ وير  F4 من ريفلوشن 23مل"
4556,1,"Revolution AR Filter Longwear Foundation F6 - 23ml"
4556,2,"كريم أساس أي ار فلتر لونغ وير  F6 من ريفلوشن 23مل"
4557,1,"Revolution IRL Filter Longwear Foundation - F3 (23ml)"
4557,2,"كريم أساس أي ار فلتر لونغ وير  F3 من ريفلوشن 23مل"
4558,1,"Revolution Deep Liquid Eyeliner - White"
4558,2,"ايلاينر سائل ديب  باللون الأبيض  من ريفلوشن"
4559,1,"Revolution Brunch Lipstick Set"
4559,2,"مجموعة أحمر الشفاه (برانش) من ريفلوشن"
4560,1,"Revolution Lover Lipstick Set"
4560,2,"مجموعة أحمر الشفاه (لوفر) من ريفلوشن"
4561,1,"Revolution Mega Bronzer Compact Powder - Shade (01) Cool 15g"
4561,2,"بودرة مضغوطة  ميجا برونزر من ريفلوشن درجة( 01 )كول 15جم"
4562,1,"Revolution Mega Bronzer Pressed Powder - Shade (02) Warm 15g"
4562,2,"بودرة مضغوطة  ميجا برونزر من ريفلوشن درجة( 02 )وارم 15جم"
4563,1,"Revolution Blush & Highlighter Duo Palette"
4563,2,"علبة ثنائية (احمر خدود + هايلايتر) من  ريفيليوشين"
4564,1,"Revolution Blade Pro Eyebrow Pencil - Brown"
4564,2,"قلم تحديد الحواجب بليد برو  ( لون بني) من ريفيليوشين"
4565,1,"Revolution Blade Pro Eyebrow Pencil (Granite)"
4565,2,"قلم تحديد الحواجب بليد برو  ( لون جرانيت) من ريفيليوشين"
4566,1,"Revolution Relove Power Brow Pencil (Brown)"
4566,2,"قلم تحديد الحواجب ريلوف باور ( لون بني) من ريفولوشن،"
4567,1,"Revolution Relove Power Brow Pencil (Granite)"
4567,2,"قلم تحديد الحواجب ريلوف باور ( لون جرانيت) من ريفولوشن،"
4568,1,"Revolution Relove Power Brow Pencil (Dark Brown)"
4568,2,"قلم تحديد الحواجب ريلوف باور ( لون بني غامق) من ريفولوشن،"
4569,1,"Revolution Vintage Lace Blush Palette"
4569,2,"مجموعة احمر الخدود فنتج ليس من ريفلوشن"
4570,1,"Re-Loaded Eyeshadow Palette - Essential Mattes"
4570,2,"باليت ظلال العيون  ري لودد بالوان مطفاة اساسية"
4571,1,"Revolution Conceal & Define Powder Foundation"
4571,2,"بودرة أساس كونسيل اند ديفاين من ريفلوشن"
4572,1,"Bourjois Healthy Mix Foundation - 51 Light Vanilla, 30ml"
4572,2,"كريم الاساس هيلثي ميكس  من بورجوا 51 فانيليا فاتح، 30 مل"
4573,1,"Garnier Micellar Cleansing Water for Sensitive Skin - 700ml"
4573,2,"مزيل مكياج  للبشرة الحساسة من غارنييه - 700مل"
4574,1,"Pantene Pro-V Healthy & Clean Oil Replacement - 275 ml"
4574,2,"بديل الزيت صحي ونظيف من بانتين 275 مل"
4576,1,"Pantene Healthy and Clean Oil Replacement 275 ml"
4576,2,"بديل الزيت اكثر كثافة من بانتين 275 مل"
4577,1,"Cocoa Butter Moisturizing Body Cream - 500 ml"
4577,2,"كريم مرطب للجسم بزبدة الكاكو - 500 مل"
4578,1,"Sebamed Feminine Intimate Wash for Sensitive Skin, Ages 50+, 200 ml"
4578,2,"غسول نسائي للمناطق الحميمة للبشرة الحساسة من عمر 50 فما فوق من سيباميد 200 مل"
4579,1,"Revolution Forever Flawless Allure Eyeshadow Palette"
4579,2,"باليت ظلال العيون(اللور) فوريفر فلوليس  من ريفوليوشن"
4580,1,"Revolution Forever Flawless Unconventional Love Eyeshadow Palette"
4580,2,"مجموعة ظلال العيون فور ايفر فلوليس انكوديشنال لوف من ريفلوشن"
4581,1,"Revolution Conceal & Define Powder Foundation"
4581,2,"بودرة أساس كونسيل اند ديفاين من ريفلوشن"
4582,1,"Revolution Colour Cult Eyebrow Palette - Medium"
4582,2,"باليت حواجب كولور كالت ميديم من ريفوليوشن"
4583,1,"Revolution Water Activated Liquid Eyeliner Pencil - Black and White"
4583,2,"قلم كحل سائل ووتر اكتيفيتد - أسود و أبيض من ريفولوشن"
4584,1,"Vintage Liss Face Highlighting Kit from Revolution"
4584,2,"مجموعة اضاءة الوجه فنتج ليس من ريفلوشن"
4585,1,"I Heart Revolution Banana Scented Loose Setting Powder"
4585,2,"بودرة سائبة للوجه برائحة الموز من اي هارت ريفليوشن"
4586,1,"Revolution Ultimate Nude Shadow Powder"
4586,2,"مسحوق ظلال عيون ريفولوشن التيميت نود"
4587,1,"Revolution x Finding Nemo Clear Lip Gloss - 5ml"
4587,2,"ملمع شفاه شفاف اكس فايندنج نيمو من ريفوليوشن  5 مل"
4588,1,"Revolution Bouquet Lipstick 117"
4588,2,"احمر شفاه بوكيت 117 من ريفوليوشن"
4590,1,"Highlight Liquid Eyeliner"
4590,2,"محدد عين سائل هاي لايت"
4591,1,"MAC dark beige eyebrow pencil"
4591,2,"قلم تحديد الحواجب ماك بيج غامق"
4592,1,"Relove Blade Pro Eyebrow Pencil - Dark Brown"
4592,2,"قلم الحواجب بليد برو من ريلوف - بني غامق"
4593,1,"Relove Dream Super Fill Lip Liner"
4593,2,"قلم تحديد الشفاه سوبر فل من ريلوف دريم"
4594,1,"Revolution Precisely Brow Pencil - Medium Brown"
4594,2,"قلم الحواجب بريسايسلي من ريفولوشن - بني متوسط"
4595,1,"Relove Cream Super Fill Lip Liner"
4595,2,"قلم تحديد الشفاه سوبر فل من ريلوف كريم"
4596,1,"Relove Papi Super Fill Lip Liner"
4596,2,"قلم تحديد الشفاه سوبر فل من ريلوف بابي"
4597,1,"Relove Gleam Super Fill Lip Liner"
4597,2,"قلم تحديد الشفاه سوبر فل من ريلوف جليم"
4598,1,"Relove Wonder Super Fill Lip Liner"
4598,2,"قلم تحديد الشفاه سوبر فل من ريلوف وندر"
4599,1,"Matte Lipstick - 115 Poise by Revolution"
4599,2,"احمر شفاه روج مطفي - 115 بويز من ريفلوشن"
4600,1,"I Heart Revolution Coconut Loose Setting Powder"
4600,2,"بودرة سائبة للوجه بجوز الهند من اي هارت ريفليوشن"
4601,1,"I Heart Revolution Loose Baking Powder - Peach"
4601,2,"بودرة سائبة للوجه برائحة الخوخ.من اي هارت ريفليوشن"
4602,1,"Makeup Revolution Cheek Highlighter (Radiance Bronze)"
4602,2,"هايلاينر للخدود (اديانس برونز)  من ميك اب ريفولوشن"
4603,1,"Makeup Revolution Highlighter - Gold"
4603,2,"هايلاينر  من ميك اب ريفوليوشن ذهبي"
4604,1,"Makeup Revolution Cheek Highlighter (Gold)"
4604,2,"هايلاينر للخدود ( ذهبي) من ميك اب ريفوليوشن"
4605,1,"Revolution Gone Rogue Matte Lipstick 124 - 3.5ml"
4605,2,"احمر شفاه مطفي جون روج 124 من ريفلوشن 3.5مل"
4606,1,"Revolution Gone Rogue 112 Matte Lipstick - 3.5ml"
4606,2,"احمر شفاه مطفي جون روج 112 من ريفلوشن 3.5مل"
4607,1,"Revolution Matte Lipstick - White Wedding 114, 3.5ml"
4607,2,"احمر شفاه مطفي وايت ويدينج  114 من ريفلوشن 3.5مل"
4608,1,"Revolution Matte Lipstick - Heart Race 113, 3.5ml"
4608,2,"احمر شفاه مطفي  هارت ريس 113 من ريفلوشن 3.5مل"
4609,1,"Champagne Super Relief by Revolution face highlighter"
4609,2,"إضاءة وجه شامبانيا سوبر من ريفوليوشن"
4610,1,"Relove Baby Tint Lip & Cheek Tint"
4610,2,"تنت الشفاه و الخدود بيبي تينت  بيبي من ريلوف"
4611,1,"Revolution Matte Bomb Liquid Lipstick (Fancy Pink)"
4611,2,"احمر شفاه روج سائل مات بومب ( فانسي بينك)من ريفلوشن"
4612,1,"Revolution Matte Bomb Liquid Lipstick (Soft Brown, Matte Finish)"
4612,2,"احمر شفاه روج سائل مات بومب ( لون بني لطيف، غير لامع)من ريفلوشن"
4613,1,"Revolution Matte Bomb Liquid Lipstick - Nude Allure"
4613,2,"احمر شفاه روج سائل مات بومب ( نيود الور)من ريفلوشن"
4614,1,"Revolution Matte Bomb Liquid Lipstick - Nude Charm"
4614,2,"احمر شفاه روج سائل مات بومب (نيود تشارم)من ريفلوشن"
4615,1,"Revolution Matte Bomb Liquid Lipstick (Burgundy Star, Matte Finish)"
4615,2,"احمر شفاه روج سائل مات بومب (  بورغندي ستار، غير لامع)من ريفلوشن"
4616,1,"Revolution Matte Bomb Liquid Lipstick - Clueless Fuchsia"
4616,2,"احمر شفاه روج سائل مات بومب (كلوليس فوشي)من ريفلوشن"
4617,1,"L'Oréal Paris Hydra Genius Ultra-Hydrating Gel for Normal to Dry Skin, 70ml"
4617,2,"جل  هيدرا جينيوس لترطيب فائق للبشرة العادية إلى الجافة، من لوريال باريس٧٠ مل"
4618,1,"CeraVe Hydrating Cream-to-Foam Cleanser for Normal to Dry Skin - 473ml"
4618,2,"رغوة تنظيف البشرة العادية الى الجافه  من سيرافي 473مل"
4619,1,"Carefree Unscented Pantyliners - 30 Pieces"
4619,2,"فوط بدون عطر من كيرفري 30 قطعة"
4620,1,"Dove Intensive Body Cream, 250 ml"
4620,2,"كريم الجسم المركز من دوف، 250 مل"
4621,1,"Vatika Olive, Almond and Henna Hot Oil Treatment - 500g"
4621,2,"حمام زيت زيتون ولوز وحناء من فاتيكا 500 جم"
4622,1,"Vatika Naturals Hot Oil Treatment with Egg and Honey - 500g"
4622,2,"حمام زيت بخلاصة البيض والعسل من فاتيكا 1000 جم"
4623,1,"Vatika Egg Enriched Hair Mask 500g"
4623,2,"حمام زيت بخلاصة البيض من فاتيكا 500 جم"
4624,1,"Vatika coconut oil bath with coconut extract, 500 g"
4624,2,"حمام زيت بخلاصة جوز الهند من فاتيكا 500 جم"
4625,1,"Vatika Black Seed Enriched Hair Oil Treatment 500g"
4625,2,"حمام زيت بخلاصة الحبة السوداء من فاتيكا 500 جم"
4626,1,"Fashkool Garlic Extract Hot Oil Conditioning Hair Mask - 1500 ml"
4626,2,"ماسك كريم حمام الزيت بخلاصة الثوم من فاشكول  1500 مل"
4627,1,"Brylcreem Anti-Dandruff Hair Cream, 140 ml"
4627,2,"بريلكريم كريم شعر مضاد للقشرة، 140 مل"
4628,1,"Brylcreem Anti-Dandruff Hair Cream, 210 ml"
4628,2,"بريلكريم كريم شعر مضاد للقشرة، 210 مل"
4629,1,"Brylcreem Hair Styling Cream Red 210ml"
4629,2,"بريلكريم كريم تصفيف الشعر  احمر 210 مل"
4630,1,"Brylcreem Hair Styling Cream Red 140ml"
4630,2,"بريلكريم كريم تصفيف الشعر  احمر 140 مل"
4631,1,"The Ordinary Alpha Arbutin 2% + HA Skin Brightening Serum - 30ml"
4631,2,"سيروم الفا اربوتين 2% + هايلورنيك لتبييض البشرة  من ذا اوردينري 30مل"
4632,1,"Aliver Hair Growth Essential Oil - 30ml"
4632,2,"زيت عطري لنمو الشعر من أليفر 30 مل"
4633,1,"Soskin whitening cream for the body and sensitive areas, 150 ml"
4633,2,"لوشن سوسكن لتبييض الجسم و المناطق الحساسة، 150مل"
4634,1,"Sarah Beauty Eyelash Volumizing and Lengthening Serum"
4634,2,"سيروم تكثيف و تطويل الرموش من ساره بيوتي"
4635,1,"NIVEA Clear Up Face Wash - 50ml"
4635,2,"غسول الوجه كلير اب من نيفيا 50 مل"
4637,1,"Glutathione and Honey Face Brightening & Freckle Removal Cream - 50g"
4637,2,"كريم الجلوتاثيون والعسل  لتفتيح الوجه وازاله النمش 50جم"
4639,1,"Milk Foot Peeling Masks"
4639,2,"جوارب تقشير القدم بالحليب"
4640,1,"Sunflower Leaf Foot Peeling Masks"
4640,2,"جوارب تقشير القدم بورق عباد الشمس"
4642,1,"Papaya Foot Peeling Mask Socks"
4642,2,"جوارب تقشير القدم بالبابايا"
4643,1,"MUM Aloe Vera Deodorant for Sensitive Skin - 75ml"
4643,2,"مزيل عرق  بالصبار للبشرة الحساسة من مام 75مل"
4644,1,"Sara Beauty Hair Growth and Strengthening Oil with Clove, Rosemary, and Biotin - 60ml"
4644,2,"زيت انبات الشعر وتقويته بالقرنفل وإكليل الجبل بيوتين من سارة بيوتي 60مل"
4645,1,"Axe Brand Universal Oil 3ml - Small"
4645,2,"دهان ابو فاس 3 مل صغير"
4646,1,"Vaseline Daily Care Strong UV Sunscreen Stick with Skin Hydration 15g"
4646,2,"واقي شمس العناية اليومية للأشعة فوق البنفسجية القوية مع الحفاظ على رطوبة البشرة  من فازلين 15جم"
4647,1,"Vichy 24-Hour Fruity Freshness Deodorant, 100ml"
4647,2,"مزيل عرق يدوم 24 ساعة من انتعاش الفواكه،  من فيتشي 100 مل"
4648,1,"Maybelline Fit Me Concealer - Shade 20"
4648,2,"كونسيلر فيت مي من ميبلين رقم 20"
4649,1,"Isis Pharma Uveblock Sunscreen Lotion 100ml"
4649,2,"لوشن واقي شمس إيزيس فارما يو في بلوك 100مل"
4650,1,"Johnson's Micellar Makeup Remover Wipes for Ultra-Sensitive Skin & All Skin Types - 25 Wipes"
4650,2,"مناديل ميسيلار مزيل مكياج فائقة الحساسية لجميع انواع البشرة  من جونسون   25 منديل"
4651,1,"Johnson's Micellar Makeup Remover Wipes for Normal and Combination Skin - 25 Wipes"
4651,2,"مناديل ميسيلار مزيل مكياج للبشرة العادية والمختلطة من جونسون   25 منديل"
4652,1,"Johnson's Micellar Makeup Remover Wipes for Combination Skin - 25 Wipes"
4652,2,"مناديل ميسيلار مزيل مكياج للبشرة المختلطة  من جونسون   25 منديل"
4653,1,"Maybelline New York Fit Me Matte + Poreless Powder, (130 Buff Beige)"
4653,2,"بودرة فيت مي مات اند بورليس من ميبيلين نيويورك،( 130 بف بيج)"
4654,1,"Maybelline New York Fit Me Matte + Poreless Powder, (120 Classic Ivory)"
4654,2,"بودرة فيت مي مات اند بورليس من ميبيلين نيويورك،( 120 كلاسيك ايفوري)"
4655,1,"Maybelline New York Fit Me Matte & Poreless Powder (128 Warm Nude)"
4655,2,"بودرة فيت مي مات اند بورليس من ميبيلين نيويورك،( 128 وورم نود)"
4656,1,"Maybelline New York Fit Me Matte & Poreless Powder (220 Natural Beige)"
4656,2,"بودرة فيت مي مات اند بورليس من ميبيلين نيويورك،(  220 ناتشورال بيج)"
4657,1,"Maybelline New York Fit Me Matte & Poreless Powder, (110 Porcelain)"
4657,2,"بودرة فيت مي مات اند بورليس من ميبيلين نيويورك،( 110 بورسلين)"
4658,1,"Organics Hair Mayonnaise with Olive Oil - 434ml"
4658,2,"مايونيز للشعر  زيت زيتون  من اورجانيكس434مل"
4659,1,"Al Tawoos Laurel Soap 140g"
4659,2,"صابون غار الطاووس 140جم"
4661,1,"Special Offer: Vatika Nourish & Protect Shampoo with Olive and Henna - 2 x 400ml"
4661,2,"عرض خاص شامبو مغذي وحماية بالزيتون والحناء من فاتيكا 2في 400مل"
4662,1,"Special offer: Vatika anti-dandruff shampoo with yogurt and honey 2 in 400 ml"
4662,2,"عرض خاص شامبو للحماية من القشرة بالزبادي والعسل  من فاتيكا 2في 400مل"
4663,1,"Parachute Gold Hair Cream with Coconut and Almond - 140ml"
4663,2,"كريم بارشوت جولد  بجوز الهند واللوز  140مل"
4666,1,"Parachute Gold Coconut & Garlic Hair Cream for Deep Root Nourishment and Anti-Hair Fall - 140ml"
4666,2,"كريم بارشوت جولد  بجوز الهند والثوم  لتغذية الجذور العميقة ومضاد لتساقط الشعر140مل"
4667,1,"Parachute cream for men to protect against hair loss, 140 ml"
4667,2,"كريم بارشوت للرجال  للحماية من تساقط الشعر   140مل"
4668,1,"Colgate ZigZag Charcoal Soft Bristle Toothbrush - 4 Pieces"
4668,2,"كولجيت فرشاة اسنان بشعيرات ناعمة بالفحم من زيجزاج - 4 قطع"
4669,1,"Garnier papaya conditioner for damaged hair, 350 ml"
4669,2,"بلسم  البابايا للشعر التالف من جارنية 350مل"
4670,1,"Garnier Cocoa Butter Conditioner for Dry, Frizzy Hair 350ml"
4670,2,"بلسم  بزبدة الكاكاو  للشعر الجاف المجعد من جارنية 350مل"
4671,1,"Clear shampoo + conditioner for men, hair loss protection, 200 ml"
4671,2,"شامبو+بلسم  للرجال  حماية من تساقط الشعر، بخلاصة بن القهوه من كلير  200 مل"
4672,1,"Clear Men Shower Fresh Shampoo with Green Tea & Lemon Extract - 200ml"
4672,2,"شامبو انتعاش الاستحمام للرجال بمستخلص الشاي الاخضر والليمون من كلير  200 مل"
4673,1,"Clear Men Deep Cleansing Charcoal Shampoo - 200ml"
4673,2,"شامبوللتنظيف العميق للرجال بالفحم من كلير  200 مل"
4674,1,"Long-Lasting Nail Polish (Happy Vibes N269)"
4674,2,"طلاء أظافر لونج لاستينج( هابي فايبس N269)"
4675,1,"Long Lasting Nail Polish (Coco N230)"
4675,2,"طلاء أظافر لونج لاستينج( كوكو N230)"
4676,1,"Long Lasting Nail Polish (Beloved N251)"
4676,2,"طلاء أظافر لونج لاستينج( بيلوفد N251)"
4677,1,"Long Lasting Nail Polish (Velvet N243)"
4677,2,"طلاء أظافر لونج لاستينج( فيلفت  N243)"
4678,1,"Long Lasting Nail Polish (Lady N245)"
4678,2,"طلاء أظافر لونج لاستينج(ليدي N245)"
4679,1,"Long Lasting Nail Polish (Vogue N247)"
4679,2,"طلاء أظافر لونج لاستينج( فوج N247)"
4680,1,"Long Lasting Nail Polish (Bag N250)"
4680,2,"طلاء أظافر لونج لاستينج( كيس N250)"
4681,1,"Long Lasting Nail Polish (Future N233)"
4681,2,"طلاء أظافر لونج لاستينج( فيوتشر N233)"
4682,1,"Long Lasting Nail Polish (Cream N221)"
4682,2,"طلاء أظافر لونج لاستينج( كريم N221)"
4683,1,"Long Lasting Nail Polish (Baby Pink N280)"
4683,2,"طلاء أظافر لونج لاستينج(بيبي بينك N280)"
4684,1,"Long Lasting Nail Polish (Midnight N244)"
4684,2,"طلاء أظافر لونج لاستينج(ميد نايت N244)"
4685,1,"Long Lasting Nail Polish (Confidence N229)"
4685,2,"طلاء أظافر لونج لاستينج(كونفيدنس N229)"
4686,1,"Long Lasting Nail Polish (Dream N209)"
4686,2,"طلاء أظافر لونج لاستينج( دريم N209)"
4687,1,"Long Lasting Nail Polish (Queen N212)"
4687,2,"طلاء أظافر لونج لاستينج( كوين N212)"
4688,1,"Long Lasting Nail Polish (Jazz N214)"
4688,2,"طلاء أظافر لونج لاستينج(جاز N214)"
4689,1,"Long-Lasting Nail Polish (Courage N265)"
4689,2,"طلاء أظافر لونج لاستينج(  كوريج N265)"
4690,1,"Long Lasting Nail Polish (Happy N237)"
4690,2,"طلاء أظافر لونج لاستينج( هابي  N237)"
4691,1,"Long Lasting Nail Polish (Secret N238)"
4691,2,"طلاء أظافر لونج لاستينج( سيكرت  N238)"
4692,1,"Long Lasting Nail Polish (Romantic N260)"
4692,2,"طلاء أظافر لونج لاستينج(رومانتك N260)"
4693,1,"Long Lasting Nail Polish (Aphrodite N264)"
4693,2,"طلاء أظافر لونج لاستينج(افروردايتي N264)"
4694,1,"Long-Lasting Nail Polish (Royal N227)"
4694,2,"طلاء أظافر لونج لاستينج( رويال  N227)"
4695,1,"Long Lasting Nail Polish (Lemon Pie N224)"
4695,2,"طلاء أظافر لونج لاستينج( ليمون باي  N224)"
4696,1,"Long Lasting Nail Polish (My Studio N240)"
4696,2,"طلاء أظافر لونج لاستينج( ماي ستوديو N240)"
4697,1,"Office Long Lasting Nail Polish (N218)"
4697,2,"طلاء أظافر لونج لاستينج(اوفيس N218)"
4698,1,"Long Lasting Nail Polish (Le Chocolate N213)"
4698,2,"طلاء أظافر لونج لاستينج( لي تشوكلت N213)"
4699,1,"Long Lasting Nail Polish (Stone N203)"
4699,2,"طلاء أظافر لونج لاستينج( ستون N203)"
4700,1,"Long-Lasting Nail Polish (Sahara N216)"
4700,2,"طلاء أظافر لونج لاستينج(سحارا  N216)"
4701,1,"Long Lasting Nail Polish (Ballerina N278)"
4701,2,"طلاء أظافر لونج لاستينج( بالرينا N278)"
4702,1,"Long Lasting Nail Polish (Cappuccino N215)"
4702,2,"طلاء أظافر لونج لاستينج( كابو تشينو  N215)"
4703,1,"Long Lasting Nail Polish (Black Pearl N235)"
4703,2,"طلاء أظافر لونج لاستينج( بلاك بيرل N235)"
4705,1,"Clear Men 2-in-1 Shampoo + Conditioner Rich in Herbs, Blue - 400ml"
4705,2,"شامبو+بلسم  غني بالاعشاب للرجال  لون ازرق من كلير  400 مل"
4708,1,"Clear Cool Sport Men's Refreshing Mint Shampoo 200 ml"
4708,2,"شامبو شامبو كول سبورت للرجال بالنعناع المنعش من كلير  200 مل"
4709,1,"Clear Men Cool Sport Menthol Refreshing Shampoo - 400ml"
4709,2,"شامبو شامبو كول سبورت للرجال بالنعناع المنعش من كلير  400 مل"
4710,1,"Clear hair styling and hair loss protection cream with coffee extract, 275 ml"
4710,2,"كريم لتصفيف الشعر  وحمايته من التساقط بخلاصة القهوة  من كلير 275 مل"
4711,1,"Parachute Men Anti-Dandruff Hair Cream 140ml"
4711,2,"كريم بارشوت للرجال ضد القشرة   140مل"
4712,1,"Garnier Hair Food Nourishing Banana & Coconut Shampoo 350ml"
4712,2,"شامبو غذاء الشعر المغذي بالموز وجوز الهند من جارنية 350مل"
4713,1,"Lotte Xylitol Berry Mint Gum 58g"
4713,2,"علكة لوت زليتول توت ونعناع 58 جم"
4714,1,"Lotte Xylitol Lemon Mint Gum 58g"
4714,2,"علكة لوت زليتول ليمون ونعناع 58 جم"
4715,1,"Lotte Xylitol Refreshing Mint Gum 58g"
4715,2,"علكة لوت زليتول بنكهة النعناع المنعش 58 جم"
4716,1,"Lotte Xylitol Strawberry & Mint Chewing Gum 58g"
4716,2,"علكة لوت زليتول ببنكهة الفرولة والنعناع 58 جم"
4717,1,"Lotte Xylitol Refreshing Mint Gum 29g"
4717,2,"علكة لوت زليتول بنكهة النعناع المنعش 29 جم"
4718,1,"Lotte Xylitol Lemon and Mint Gum 29g"
4718,2,"علكة لوت زليتول ليمون ونعناع 29 جم"
4719,1,"Lotte Xylitol Berry Mint Gum 29g"
4719,2,"علكة لوت زليتول توت ونعناع 29 جم"
4720,1,"Eagle Brand Cajeput Oil for Pain Relief - 60 ml"
4720,2,"زيت كا جوبوت لتخفيف الالم من ماركة الصقر  60 مل"
4721,1,"Cantu Shea Butter Conditioning Hair Softener & Detangler Spray - 237 ml"
4721,2,"بخاخ منعم ومزيل لتشابك الشعر بزبدة الشيا من كانتو - 237 مل"
4722,1,"Elica Acne Cream - Use as Directed by Physician - 30g"
4722,2,"كريم اليكا لحب الشباب يستخدم وفقا لتعليمات الطبيب 30 جم"
4723,1,"Long Lasting Nail Polish (Midnight N209)"
4723,2,"طلاء أظافر لونج لاستينج(ميد نايت n209)"
4724,1,"MD Deep Matte Lipstick (L021) - 4g"
4724,2,"روج احمر شفاه ديب مات( L021) من ام دي   4 جم"
4725,1,"MD Deep Matte Lipstick (L021) 4 gm"
4725,2,"روج احمر شفاه ديب مات( L021) من ام دي   4 جم"
4726,1,"MD Deep Matte Lipstick (L011) - 4g"
4726,2,"روج احمر شفاه ديب مات( L011) من ام دي   4 جم"
4727,1,"MD Deep Matte Lipstick (L019) - 4g"
4727,2,"روج احمر شفاه ديب مات( L019) من ام دي   4 جم"
4728,1,"MD Deep Matte Lipstick (L024) - 4g"
4728,2,"روج احمر شفاه ديب مات( L024) من ام دي   4 جم"
4729,1,"MD Deep Matte Lipstick (L023) - 4g"
4729,2,"روج احمر شفاه ديب مات( L023) من ام دي   4 جم"
4730,1,"MD Deep Matte Lipstick (L015) - 4g"
4730,2,"روج احمر شفاه ديب مات( L015) من ام دي   4 جم"
4731,1,"MD Deep Matte Lipstick (L006) - 4g"
4731,2,"روج احمر شفاه ديب مات( L006) من ام دي   4 جم"
4732,1,"MD Deep Matte Lipstick (L025) - 4g"
4732,2,"روج احمر شفاه ديب مات( L025) من ام دي   4 جم"
4733,1,"MD Deep Matte Lipstick (L027) - 4g"
4733,2,"روج احمر شفاه ديب مات( L027) من ام دي   4 جم"
4734,1,"MD Deep Matte Lipstick (L009) - 4g"
4734,2,"روج احمر شفاه ديب مات( L009) من ام دي   4 جم"
4735,1,"MD Deep Matte Lipstick (L002) 4 gm"
4735,2,"روج احمر شفاه ديب مات( L002) من ام دي   4 جم"
4736,1,"MD Deep Matte Lipstick (L003) - 4g"
4736,2,"روج احمر شفاه ديب مات( L003) من ام دي   4 جم"
4737,1,"MD Deep Matte Lipstick (L026) - 4g"
4737,2,"روج احمر شفاه ديب مات( L026) من ام دي   4 جم"
4738,1,"MD Deep Matte Lipstick (L007) - 4g"
4738,2,"روج احمر شفاه ديب مات( L007) من ام دي   4 جم"
4739,1,"MD Deep Matte Lipstick (L014) 4 gm"
4739,2,"روج احمر شفاه ديب مات( L014) من ام دي   4 جم"
4740,1,"MD Deep Matte Lipstick (L010) - 4g"
4740,2,"روج احمر شفاه ديب مات( L010) من ام دي   4 جم"
4741,1,"MD Deep Matte Lipstick (L029) - 4g"
4741,2,"روج احمر شفاه ديب مات( L029) من ام دي   4 جم"
4742,1,"MD Deep Matte Lipstick (L008) 4 gm"
4742,2,"روج احمر شفاه ديب مات( L008) من ام دي   4 جم"
4743,1,"MD Deep Matte Lipstick (L028) - 4g"
4743,2,"روج احمر شفاه ديب مات( L028) من ام دي   4 جم"
4744,1,"MD Deep Matte Lipstick (L020) 4 gm"
4744,2,"روج احمر شفاه ديب مات( L020) من ام دي   4 جم"
4745,1,"MD Deep Matte Lipstick (L005) - 4g"
4745,2,"روج احمر شفاه ديب مات( L005) من ام دي   4 جم"
4746,1,"MD Deep Matte Lipstick (L017) - 4g"
4746,2,"روج احمر شفاه ديب مات( L017) من ام دي   4 جم"
4747,1,"MD Deep Matte Lipstick (L013) - 4g"
4747,2,"روج احمر شفاه ديب مات( L013) من ام دي   4 جم"
4748,1,"MD Deep Matte Lipstick (L001) 4 gm"
4748,2,"روج احمر شفاه ديب مات( L001) من ام دي   4 جم"
4749,1,"MD Deep Matte Lipstick (L030) 4 gm"
4749,2,"روج احمر شفاه ديب مات( L030) من ام دي   4 جم"
4750,1,"MD Deep Matte Lipstick (L018) 4 gm"
4750,2,"روج احمر شفاه ديب مات( L018) من ام دي   4 جم"
4751,1,"MD Deep Matte Lipstick (L004) - 4g"
4751,2,"روج احمر شفاه ديب مات( L004) من ام دي   4 جم"
4752,1,"MD Ever Matte Liquid Lipstick (L017)"
4752,2,"روج سائل  ايفر مات( L017) من ام دي"
4753,1,"Ever Matte Liquid Lipstick (L016) from MD"
4753,2,"روج سائل  ايفر مات( L016) من ام دي"
4754,1,"MD Ever Matte Liquid Lipstick (L009)"
4754,2,"روج سائل  ايفر مات( L009) من ام دي"
4755,1,"Ever Matte Liquid Lipstick (L013) from MD"
4755,2,"روج سائل  ايفر مات( L013) من ام دي"
4756,1,"MD Ever Matte Liquid Lipstick (L004)"
4756,2,"روج سائل  ايفر مات( L004) من ام دي"
4757,1,"MD Ever Matte Liquid Lipstick (L005)"
4757,2,"روج سائل  ايفر مات( L005) من ام دي"
4758,1,"MD Ever Matte Liquid Lipstick (L019)"
4758,2,"روج سائل  ايفر مات( L019) من ام دي"
4759,1,"MD Ever Matte Liquid Lipstick (L011)"
4759,2,"روج سائل  ايفر مات( L011) من ام دي"
4760,1,"MD Ever Matte Liquid Lipstick (L001)"
4760,2,"روج سائل  ايفر مات( L001) من ام دي"
4761,1,"MD Ever Matte Liquid Lipstick (L018)"
4761,2,"روج سائل  ايفر مات( L018) من ام دي"
4762,1,"MD Ever Matte Liquid Lipstick (L010)"
4762,2,"روج سائل  ايفر مات( L010) من ام دي"
4763,1,"MD Ever Matte Liquid Lipstick (L006)"
4763,2,"روج سائل  ايفر مات( L006) من ام دي"
4764,1,"MD Ever Matte Liquid Lipstick (L015)"
4764,2,"روج سائل  ايفر مات( L015) من ام دي"
4765,1,"Ever Matte Liquid Lipstick (L012) from MD"
4765,2,"روج سائل  ايفر مات( L012) من ام دي"
4766,1,"MD Ever Matte Liquid Lipstick (L014)"
4766,2,"روج سائل  ايفر مات( L014) من ام دي"
4767,1,"MD Ever Matte Liquid Lipstick (L007)"
4767,2,"روج سائل  ايفر مات( L007) من ام دي"
4768,1,"MD Ever Matte Liquid Lipstick (L008)"
4768,2,"روج سائل  ايفر مات( L008) من ام دي"
4769,1,"MD Waterproof Lip Liner Pencil (No. 224)"
4769,2,"قلم تحديد الشفاه ضد الماء( NO 224) من ام دي"
4770,1,"MD Waterproof Lip Liner Pencil (No. 258)"
4770,2,"قلم تحديد الشفاه ضد الماء( NO 258) من ام دي"
4771,1,"MD Waterproof Lip Liner Pencil (No. 259)"
4771,2,"قلم تحديد الشفاه ضد الماء( NO 259) من ام دي"
4772,1,"MD Waterproof Lip Liner Pencil (No. 213)"
4772,2,"قلم تحديد الشفاه ضد الماء( NO 213) من ام دي"
4773,1,"MD Waterproof Lip Liner Pencil (No. 246)"
4773,2,"قلم تحديد الشفاه ضد الماء( NO 246) من ام دي"
4774,1,"MD Waterproof Lip Liner Pencil (No. 257)"
4774,2,"قلم تحديد الشفاه ضد الماء( NO 257) من ام دي"
4775,1,"Waterproof lip liner pencil (NO 254) from MD"
4775,2,"قلم تحديد الشفاه ضد الماء( NO 254) من ام دي"
4776,1,"MD Waterproof Lip Liner Pencil (No. 247)"
4776,2,"قلم تحديد الشفاه ضد الماء( NO 247) من ام دي"
4777,1,"Secret Eye waterproof eyeliner pencil"
4777,2,"قلم كحل سيكرت اي مقاوم للماء 002"
4778,1,"MD Eyebrow Pencil with Brush - No. 308"
4778,2,"قلم تحديد حاجب بفرشاه رقم 308 من ام دي"
4779,1,"MD Eyebrow Pencil with Brush - Shade 306"
4779,2,"قلم حاجب بفرشاه رقم 306 من ام دي"
4780,1,"MD Brow Pencil with Brush No. 307"
4780,2,"قلم حاجب بفرشاه رقم 307 من ام دي"
4781,1,"MD Matte Waterproof Eyeliner"
4781,2,"ايلاينر سائل مطفي بروفيشنال من ام دي"
4782,1,"MD Professional Liquid Eyeliner"
4782,2,"ايلاينر سائل بروفيشنال من ام دي"
4783,1,"Soft Matte Foundation SMF 01"
4783,2,"كريم اساس سوفت مات SMF 01"
4784,1,"Soft Matte Foundation SMF 02"
4784,2,"كريم اساس سوفت مات SMF 02"
4785,1,"MB Flawless Concealer Fc02"
4785,2,"كونسيلر فلوليس Fc02 من ام بي"
4786,1,"MB Flawless Concealer Fc04"
4786,2,"كونسيلر فلوليس Fc04 من ام بي"
4787,1,"MB Flawless Concealer Fc01"
4787,2,"كونسيلر فلوليس Fc01 من ام بي"
4788,1,"MB 16-Color Concealer Palette"
4788,2,"طقم كونسيلر16 لون من ام بي"
4789,1,"MB 8-Color Concealer + 8-Color Blush Palette"
4789,2,"طقم 8 لون كونسيلر+ 8 لون احمر خدود من ام بي"
4790,1,"Advanced Clinicals Vitamin C Serum for Skin - 52 ml"
4790,2,"ادفانسد كلينيكالز‏ - سيروم فيتامين سي مقاوم للشيخوخة، 52 مل"
4791,1,"Le Visage Plus Hyaluronic Acid Face Serum - 50ml"
4791,2,"سيروم الوجة لو فيزاج بلس  بحمض الهيالورونيك  50مل"
4792,1,"Keratin Smooth Shampoo for Dry and Frizzy Hair - 200ml"
4792,2,"شامبو كيراتين سموث  للشعر الجاف والمتطاير 200 مل"
4793,1,"Vaseline Original Pure Care Jelly, 50 ml"
4793,2,"جيلي العناية العادي من فازلين، 50 مل"
4794,1,"Carefree sanitary napkins, 34 pcs"
4794,2,"فوط بدون عطر من كيرفري 34 قطعة"
4795,1,"Pampers Baby-Dry Diapers, Size 5, 52 Count"
4795,2,"حفاضات بامبرز بيبي دراي مقاس (5) عدد القطع 52"
4796,1,"Pampers Baby-Dry Diapers, Size 3, 68 Count"
4796,2,"حفاضات بامبرز بيبي دراي مقاس (3) عدد القطع( 68 )"
4797,1,"Pampers Baby-Dry Diapers, Size 4, 60 Count"
4797,2,"حفاضات بامبرز بيبي دراي مقاس (4) عدد القطع (60 )"
4798,1,"La Roche-Posay Pigmentclar Eye Cream for Dark Circles and Eye Wrinkles - 15ml"
4798,2,"كريم بيجمنتكلار لتفتيح الهالات السوداء وتجاعيد العين من لا روش بوزيه 15مل"
4799,1,"La Roche-Posay sunscreen cream without perfume 50 ml"
4799,2,"واقي شمس للبشرة الحساسة بلا عطر من  لاروش بوزيه 50 مل"
4800,1,"Imperiolis Light Intensive Moisturizing Cream 30ml"
4800,2,"كريم امبريوليس لايت للترطيب المركز وكريم اساس 30مل"
4801,1,"Revolution Maxi Reloaded Eyeshadow Palette"
4801,2,"مجموعة ظلال العيون ماكسي ريلاوديد من ريفلوشن"
4802,1,"Revolution Take a Breather Cheek Set"
4802,2,"مجموعة الخدود تيك ابريثر من ريفلوشن"
4803,1,"Revolution Don't Hold Back Cheek Set"
4803,2,"مجموعة الخدوددونت هولد باك من ريفلوشن"
4804,1,"Loran's Inner Eye Eyeliner Pencil - EL black 51"
4804,2,"قلم كحل داخل العين من لورنس - EL black 51"
4805,1,"Start Makers Double-Sided Facial Cleansing Brush"
4805,2,"فرشاه تنظيف للوجه ستارت مايكرز وجهين"
4806,1,"Moisturizing and moisturizing styling conditioner for dry hair 60 ml"
4806,2,"بلسم متوازان مصفف ملطف ومرطب للشعر الجاف 60 مل"
4807,1,"Tea Tree Refreshing Balm Triple Action Treatment 60ml"
4807,2,"بلسم منعش بشجرة الشاي لعلاج ثلاثي التأثير 60 مل"
4808,1,"Balanced 50:50 Purifying Moisturizing Shampoo, for normal to dry hair, (60 ml)"
4808,2,"شامبو مرطب ومنقي 50:50 Balanced، للشعر العادي والجاف،(60 مل)"
4809,1,"Deep moisturizing conditioner for damaged hair"
4809,2,"بلسم الترطيب العميق للشعر التالف من  جيوفاني 60 مل"
4810,1,"Revolution Water-Activated Eyeliner 6.8g"
4810,2,"محدد عيون مائي من ريفلوشن 6.8جم"
4811,1,"Revolution Water-Based Eyeliner 6.8g"
4811,2,"محدد عيون مائي من ريفلوشن 6.8جم"
4812,1,"Revolution Liquid Conceal & Correct Concealer - Shade C12"
4812,2,"كونسيلر تصحيح و اخفاء عيوب البشرة  رقم C12، سائل من ريفلوشن"
4813,1,"Concealer to correct and hide skin blemishes, No. C5, liquid from Revolution"
4813,2,"كونسيلر تصحيح و اخفاء عيوب البشرة  رقم C5، سائل من ريفلوشن"
4815,1,"Concealer to correct and hide skin blemishes, No. C11, liquid from Revolution"
4815,2,"كونسيلر تصحيح و اخفاء عيوب البشرة  رقم C11، سائل من ريفلوشن"
4816,1,"Revolution Conceal & Define Liquid Concealer - Shade C7"
4816,2,"كونسيلر تصحيح و اخفاء عيوب البشرة  رقم C7، سائل من ريفلوشن"
4817,1,"Revolution Liquid Concealer & Corrector - Shade C2"
4817,2,"كونسيلر تصحيح و اخفاء عيوب البشرة  رقم C2، سائل من ريفلوشن"
4818,1,"Concealer to correct and hide skin blemishes, No. C10, liquid from Revolution"
4818,2,"كونسيلر تصحيح و اخفاء عيوب البشرة  رقم C10، سائل من ريفلوشن"
4819,1,"Revolution Conceal & Define Liquid Concealer - Shade C8"
4819,2,"كونسيلر تصحيح و اخفاء عيوب البشرة  رقم C8، سائل من ريفلوشن"
4822,1,"Highlighter for the cheeks (Strobe) from Makeup Revolution"
4822,2,"هايلاينر للخدود ( ستروب)  من ميك اب ريفولوشن"
4823,1,"Revolution Water-Based Eyeliner 6.8g"
4823,2,"محدد عيون مائي من ريفلوشن 6.8جم"
4824,1,"Revolution Water-Based Eyeliner 6.8g"
4824,2,"محدد عيون مائي من ريفلوشن 6.8جم"
4825,1,"Revolution Gold Super Highlighter"
4825,2,"إضاءة وجه جولد سوبر من ريفوليوشن"
4826,1,"Revolution Forever Flawless Birds of Paradise Eyeshadow Palette"
4826,2,"باليت ظلال العيون (بيردز اوف برادايز) فوريفر فلوليس  من ريفوليوشن"
4827,1,"Revolution Forever Flawless Decadent Eyeshadow Palette"
4827,2,"باليت ظلال العيون (داكادنت )فوريفر فلوليس  من ريفوليوشن"
4828,1,"Revolution Shimmer Bomb Lip Gloss - Starlight 4.5ml"
4828,2,"ملمع شفاه  لمعة شيمر بومب - ستار لايت من ريفلوشن 4.5مل"
4829,1,"Krem Kap Face and Body Scrub and Whitening Cream with Apricot Extract - 500g"
4829,2,"كريم كاب سنفرة ومبيض للوجه والجسم بخلاصة المشمش 500 جم"
4830,1,"Advanced White Mouthwash - 250 ml"
4830,2,"غسول فم  ادفانسد وايت- 250 مل"
4831,1,"Nivea Natural Fairness Face Wash - 100 ml"
4831,2,"غسول الوجه للتفتيح الطبيعي من نيفيا - 100 مل"
4832,1,"Cetaphil Gentle Skin Cleanser for Oily and Combination Skin - 236ml"
4832,2,"غسول منظف لطيف لبشرة الوجه الدهنية والمختلطه من سيتافيل 236مل :"
4833,1,"Revolution Eyebrow Gel Medium Brown 6ml"
4833,2,"جل حواجب ميديم براون من ريفلوشن 6مل"
4834,1,"Revolution Relove Kohl Eyeliner - Nude"
4834,2,"كحل ومحدد عيون (نود) من ريفولوشن ريلوف"
4835,1,"Revolution Relove Kohl Eyeliner (White)"
4835,2,"كحل ومحدد عيون(ابيض) من ريفولوشن ريلوف"
4836,1,"Revolution Waterproof Mascara, Black"
4836,2,"ماسكارا ضد الماء، أسود من ريفلوشن"
4837,1,"Revolution Kohl Eyeliner Pencil - White"
4837,2,"قلم تحديد العين كحل من ريفلوشن - ابيض"
4838,1,"Revolution Kohl Eyeliner Pencil - Nude"
4838,2,"قلم تحديد العين كحل من ريفلوشن - نود"
4839,1,"Revolution Eyeliner Kohl Pencil - Metallic Brown"
4840,1,"Revolution Satin Kiss Lip Liner - Vampire"
4840,2,"محدد شفاه ساتان كيس  (فامباير)من ريفولوشن"
4841,1,"Revolution Satin Kiss Lipliner (Peach)"
4841,2,"محدد شفاه ساتان كيس  (خوخي)من ريفولوشن"
4842,1,"Revolution Satin Kiss Lip Liner (Pink)"
4842,2,"محدد شفاه ساتان كيس  (زهري)من ريفولوشن"
4843,1,"Revolution Satin Kiss Lip Liner (Brown)"
4843,2,"محدد شفاه ساتان كيس  (لون بني)من ريفولوشن"
4844,1,"Revolution Satin Kiss Lipliner - Chauffeur (Light Pink)"
4844,2,"محدد شفاه ساتان كيس  (زهري فاتح)من ريفولوشن"
4845,1,"Zinty White Eyelash Glue - 5g"
4845,2,"غراء رموش ابيض من  زينتي 5جم"
4846,1,"Pink Nail Glue - Gellys"
4846,2,"غراء اظافر وردي - جيليز"
4848,1,"Taharah Intimate Wash with Musk Scent and Aloe Vera Extract - 200ml"
4848,2,"غسول الطهارة  برائحة المسك مع خلاصة الصبار للمناطق الحساسة 200مل"
4849,1,"Vaseline Healthy Even Tone Hand Cream 75ml"
4849,2,"كريم اليدين ايفين تون  اللون الموحد من فازلين 75 مل"
4850,1,"Vaseline Essential Care Hand Cream - 75 ml"
4850,2,"كريم اليدين العناية الاساسية من فازلين 75 مل"
4851,1,"Vaseline Cocoa Butter Hand Cream 75ml"
4851,2,"كريم اليدين بالكاكاو من فازلين 75 مل"
4852,1,"Nivea Soft Cream for Face, Body, and Hands - 200 ml"
4852,2,"كريم سوفت للوجه والجسم واليدين من نيفيا 200 مل"
4853,1,"Labello Lip Care Balm with Cocoa Butter - 4.8g"
4853,2,"بلسم العناية بالشفاه بزبدة الكاكو من لابيلو - 4,8جم"
4854,1,"Labello Aloe Vera Lip Scrub - 4.8g"
4854,2,"مقشر الشفاة بالصبار من لابيلو - 4,8جم"
4855,1,"Kamill Classic Skin Cream - 250 ml"
4855,2,"كريم للجسم من كاميل مضاد للالتهابات ومرطب ومنعش، مناسب للبشرة العادية، 250 مل"
4857,1,"Casanova Liquid Gold Argan Hair Oil - 300 ml"
4857,2,"زيت شعر الذهب السائل ارغان من كازانوفا - 300 مل"
4859,1,"Sebamed Repair Shampoo - 200ml"
4859,2,"شامبو لإصلاح الشعر من سيباميد  200مل"
4860,1,"Lifebuoy Total 10 Liquid Hand Wash - 500ml"
4860,2,"صابون سائل  لليدين العناية المتكاملة 10 من لايفبوي 500 مل"
4861,1,"Red Cherry Lashes WSP#"
4861,2,"رموش ريد تشيري WSP #"
4862,1,"Essence I Love Punk Jumbo Eyeliner Pencil 2.5g"
4862,2,"قلم تحديد العين  اي لوف بانك جامبو من ايسنس 2.5جم"
4863,1,"Essence Lash & Brow Gel Mascara - Transparent 4ml"
4863,2,"مسكرة شفافة للحواجب والرموش لمنتيشن ستايل  من ايسنس 4مل"
4864,1,"Eau de Toilette Passion for women by Revolution"
4864,2,"او دي تواليت باشن للنساء من ريفوليوشن"
4865,1,"Revolutionary Eau de Toilette by Revolution - 100ml"
4865,2,"او دي تواليت ريفوليوشنري من ريفوليوشن 100مل"
4866,1,"Goddess Eau de Toilette by Revolution 100ml"
4866,2,"عطر جوديس او دي تواليت من ريفوليوشن100مل"
4867,1,"Revolution Floral Seduction Eau De Toilette - 100ml"
4867,2,"عطر فلورال سيداكشن او دي تواليت من ريفوليوشن100مل"
4868,1,"Man Limitless Noir perfume for men Eau de Toilette by Revolution 100ml"
4868,2,"عطر مان ليمتلس نوير للرجال او دي تواليت من ريفوليوشن100مل"
4869,1,"Carbon Souls perfume for men, Eau de Toilette from Revolution, 100 ml"
4869,2,"عطر كاربون بيولز للرجال او دي تواليت من ريفوليوشن100مل"
4870,1,"Man Intense perfume for men Eau de Toilette by Revolution 100ml"
4870,2,"عطر مان انتينس للرجال او دي تواليت من ريفوليوشن100مل"
4871,1,"Revolution Resurrection Eau de Toilette for Men - 100ml"
4871,2,"عطر ريسوريكشن للرجال او دي تواليت من ريفوليوشن100مل"
4872,1,"Pure Beauty Div Silky Whitening Deodorant - 60 ml"
4872,2,"مزيل عرق المفتح ديف سيلكي من بيور بيوتي 60 مل"
4873,1,"Pure Beauty Whitening Deodorant Fresh - 60ml"
4873,2,"مزيل عرق المفتح فريش من بيور بيوتي 60 مل"
4874,1,"Pure Beauty Whitening Deodorant Spring Blossom - 60ml"
4874,2,"مزيل عرق المفتح سبرينغ بلوسوم من بيور بيوتي 60 مل"
4875,1,"Pure Beauty Original Whitening Deodorant - 60 ml"
4875,2,"مزيل عرق المفتح الاصلي من بيور بيوتي 60 مل"
4876,1,"Pure Beauty Whitening Deodorant Berry Blossom for Unisex - 60 ml"
4876,2,"مزيل عرق المفتح بيري بلوسوم للجنسين من بيور بيوتي 60 مل"
4877,1,"Pure Beauty Whitening Deodorant - Light Scent - 60 ml"
4877,2,"مزيل عرق المفتح عطر خفيف من بيور بيوتي 60 مل"
4878,1,"Pure Beauty Sensitive Area Lightening Cream 50ml"
4878,2,"كريم  تفتيح المنطقة الحساسة من بيور بيوتي 50 مل"
4879,1,"La Roche-Posay Hyalu B5 Pure Hyaluronic Acid Face Serum with Vitamin B5, 30ml"
4879,2,"سيروم  حمض الهيالورونك النقي للوجه  هيالو بي 5، مع فيتامين بي 5. من لاروش بوساي 30مل"
4880,1,"Retinol Skin Lightening Cream 30ml"
4880,2,"كريم تفتيح البشرة من ريتينول 30مل"
4881,1,"Effaclar Anti-Shine Moisturizing Cream - New Formula for Oily Skin, by La Roche-Posay, 40 ml"
4881,2,"كريم مرطب ايفاكلار لمنع لمعان البشرة  وتقليل المسام- تركيبة جديدة للبشرة الدهنية، من لا روش بوزاي، 40 مل"
4882,1,"Vaseline Lip Therapy Cocoa Butter for Men, 20g"
4882,2,"مرطب شفاه ثيرابي بزبدة الكاكو للرجال من فازلين 20 جم"
4883,1,"Antalya Thailand Whitening and Brightening Cream for Underarms and Knees - 50 ml"
4883,2,"كريم تبييض وتفتيح لمنطقة الابط- والركبة  من انتاليا تايلاند 50 مل"
4884,1,"Moisturizing cream to moisturize and soften hands from Antalia Thailand 50 ml"
4884,2,"كريم مرطب لترطيب وتنعيم اليدين  من انتاليا تايلاند 50 مل"
4885,1,"Disaar natural collagen beauty soap 100 grams"
4885,2,"صابون الجمال بالكولاجين الطبيعي من ديسار  100 جرام"
4886,1,"A3 skin whitening soap with triple action, 100 g"
4886,2,"صابون اى ثري  مبيض للبشرة بمفعول ثلاثي، 100 جم"
4887,1,"Enamel Strengthening Toothpaste for Sensitive Teeth, 115 ml"
4887,2,"معجون أسنان لتقوية مينا الأسنان المصابة بالتحسس، 115 مل"
4888,1,"Arm & Hammer Charcoal White Toothpaste with Charcoal for Teeth Whitening, 115 ml"
4888,2,"معجون أسنان تشاركول وايت معزز بالفحم لتبييض الاسنان، من ارم اند هامر  115 مل"
4889,1,"Johnson's Glycerin Cream for Cracked Skin Moisturizing - 300ml"
4889,2,"كريم  الجلسرين لترطيب البشرة المتشققة من جونسون 300مل"
4890,1,"Labello Cherry Shine Lip Care Balm - 5.5ml"
4890,2,"بلسم العناية بالشفاه شيري شاين من لابيلو - 5.5 مل"
4891,1,"Labello Original Lip Care Balm - 5.5 ml"
4891,2,"بلسم العناية بالشفاه اورجينال من لابيلو - 5.5 مل"
4892,1,"Thayers Alcohol-Free Rose Petal Facial Toner 355ml"
4892,2,"تونر للوجه خالي من الكحول بتلات الورد من ثايرز 355 مل"
4893,1,"Palmer's skin lightening and whitening lotion and treatment of dark spots - 250 ml"
4893,2,"لوشن تفتيح وتبييض البشرة ومعالجة البقع الداكنه من بالمرز-250-مل"
4894,1,"Thayers Rose Petal Facial Mist Toner 89ml"
4894,2,"تونر بخاخ مست لترطيب  الوجه  بتلات الورد من ثايرز 89 مل"
4895,1,"Vaseline Even Tone Lotion for Radiant and Glowing Skin - 200ml"
4895,2,"لوشن موحد البشرة لبشرة مشرقة ومتالقة من فازلين 200مل"
4896,1,"Bourjois Healthy Mix Foundation - 53 Light Vanilla, 30ml"
4896,2,"كريم اساس هيلثي ميكس  من بورجوا  فانيليا رقم 53 ، 30 مل"
4897,1,"Argan Midas Hair Repair Oil - 100 ml"
4897,2,"زيت ارغان ميداس لاصلاح الشعر - 100 مل"
4898,1,"Al-Arayes Pure Water Wipes for Sensitive and Normal Skin - 30 Wipes"
4898,2,"مناديل العرايس بالماء النقي للبشرة الحساسة والعادية 30منديل"
4899,1,"St. Ives Soothing Oatmeal & Shea Butter Hand Cream 30ml"
4899,2,"كريم اليدين بخلاصة الشوفان وزبدة الشيا من سانت ايفز 30مل"
4900,1,"St. Ives Cocoa Butter & Vanilla Bean Hand Cream 30ml"
4900,2,"كريم اليدين بخلاصة  زبدة الكاكاو وحبوب الفانيليا من سانت ايفز 30مل"
4901,1,"St. Ives Vitamin E & Avocado Hand Cream 30ml"
4901,2,"كريم اليدين بخلاصة فيتامين هـ والأفوكادو من سانت ايفز 30مل"
4902,1,"St. Ives Hand Cream with Acai Extract and Chia Seed Oil - 30ml"
4902,2,"كريم اليدين بخلاصة التوت وزيت بذور الشيا من سانت ايفز 30مل"
4904,1,"Angel Paris Heat Protection Hair Spray with Argan Oil - 250ml"
4904,2,"بخاخ لحماية الشعر من الحرارة بزيت الارجان من انجل باريس 250 مل"
4905,1,"Albi Dream Lotion - For Body, Hand, and Sensitive Area Brightening"
4905,2,"لوشن  ألبي - دريم لتفتيح الجسم واليدين والمناطق الحساسة"
4906,1,"African Black Soap Paste 225g"
4906,2,"معجون الصابون الاسود الافريقي  225 جم"
4907,1,"Shea Moisture Leave-In Strengthening and Repairing Conditioner with Jamaican Black Castor Oil - 340 ml"
4907,2,"بلسم ليف ان مقوي ومرمم الشعر بزيت الخروع الجامايكي الاسود من شيا مويستشر - 340مل"
4908,1,"Shea Moisture Coconut & Hibiscus Curl Enhancing Smoothie - 340ml"
4908,2,"كريم للشعر المجعد بجوز الهند والكركديه من شيا مويستشر - 340مل"
4909,1,"Vaseline Even Tone Body Lotion - Reduces Dark Spots - 200ml"
4909,2,"لوشن موحد البشرة  يقلل من البقع الداكنة من فازلين 200مل"
4910,1,"Enjoy Precision Razor Set - 3 Pieces"
4910,2,"طقم شفرات انجوي للتحديد 3 قطع"
4911,1,"NIVEA Seaweed Face Wash for Combination Skin - 150ml"
4911,2,"غسول للوجه  بالطحالب البحرية للبشرة المختلطة من نيفيا - 150مل"
4912,1,"Dove Intensive Body Cream, 150 ml"
4912,2,"كريم الجسم المركز من دوف، 150 مل"
4913,1,"O'Keeffe's Deep Hydration Lip Balm - 4.2g"
4913,2,"بلسم الترطيب العميق  للشفاه من اوكيفس - 4.2 جم"
4914,1,"O'Keeffe's Unscented Lip Repair Balm - 4.2g"
4914,2,"بلسم الترطيب للشفاه  بدون عطرمن اوكيفس - 4.2 جم"
4915,1,"Mielle Hair Care Set (Oil + Shampoo + Conditioner + Gel + Mask + Cream)"
4915,2,"مجموعة ميلي للعناية بالشعر (زيت +شامبو+بلسم+جل+ماسك+كريم)"
4916,1,"Giovanni Hair Care Set (Cream + Shampoo + Conditioner + Gel + Serum)"
4916,2,"مجموعة جيوفاني للعناية بالشعر (كريم+شامبو+بلسم+جل+سيروم)"
4917,1,"Giovanni Ultra Luxury Smoothing Serum 81 ml"
4917,2,"سيروم تنعيم الشعر الفائق الفاخر من جيوفاني 81 مل"
4918,1,"Giovanni 2 Chic Ultra Luxurious Cherry Blossom &amp; Rose Petal Shampoo - 250ml"
4918,2,"الشامبو الفاخر 2 تشيك الترا لوكجوريوس بزهور الكرز وبتلات الورد من جيوفاني - 250مل"
4919,1,"Giovanni 2chic Frizz Be Gone Luxury Shampoo with Shea Butter and Sweet Almond Oil - 250ml"
4919,2,"الشامبو الفاخر 2 تشيك فريز بي جن  بزبدة الشيا وزيت اللوز الحلو من جيوفاني - 250مل"
4920,1,"Giovanni 2chic Ultra-Sleek Luxury Shampoo with Brazilian Keratin and Moroccan Argan Oil - 250ml"
4920,2,"الشامبو الفاخر 2 تشيك الترا سليك  بالكيراتين البرازيلي و الارغان المغربيمن جيوفاني - 250مل"
4921,1,"Giovanni 2 Chic Ultra Moist Luxury Conditioner for Dry Hair with Avocado and Olive Oil - 250ml"
4921,2,"البلسم الفاخر 2 تشيك الترا مويست للشعر الجاف بالافكادو وزيت الزيتون من جيوفاني - 250مل"
4922,1,"Giovanni 2chic Ultra-Repair Shampoo with Blackberry & Coconut Milk for Damaged Hair - 250ml"
4922,2,"الشامبو الفاخر 2 تشيك لأصلاح الشعر التالف بالتوت الاسود وحليب جوز الهند  من جيوفاني - 250مل"
4923,1,"Giovanni 2chic Ultra-Luxurious Conditioner with Cherry Blossom & Rose Petals - 250ml"
4923,2,"البلسم الفاخر 2 تشيك الترا لوكجوريوس بزهور الكرز وبتلات الورد من جيوفاني - 250مل"
4924,1,"Giovanni 2 Check Luxury Damage Repair Conditioner with Berries and Coconut Milk - 250ml"
4924,2,"البلسم الفاخر 2 تشيك لإصلاح الشعر التالف بالتوت وحليب جوز الهند  من جيوفاني - 250مل"
4926,1,"Giovanni 2chic Ultra-Repair Hair Mask with Blackberry & Coconut Milk for Damaged Hair - 150ml"
4926,2,"قناع الشعر الفاخر 2 تشيك لإصلاح الشعر التالف بالتوت وحليب جوز الهند  من جيوفاني - 150مل"
4927,1,"Giovanni 2chic Frizz Be Gone Luxury Hair Mask with Shea Butter and Sweet Almond Oil - 150ml"
4927,2,"قناع الشعر الفاخر 2 فريز بي جن بزبدة الشياء وزيت اللوز الحلو من جيوفاني - 150مل"
4928,1,"Giovanni 2 Chic Ultra Sleek Luxury Conditioner with Brazilian Keratin and Moroccan Argan - 250 ml"
4928,2,"البلسم  الفاخر 2 تشيك الترا سليك  بالكيراتين البرازيلي و الارغان المغربيمن جيوفاني - 250مل"
4929,1,"Giovanni Blackberry and Coconut Hair Repair Serum 81 ml"
4929,2,"سيروم لأصلاح الشعر بالتوت الاسود وجوز الهند من جيوفاني 81 مل"
4930,1,"Giovanni Ultra-Revive Serum for Curly Hair - 81 ml"
4930,2,"سيروم الترا ريفايف للشعر المجعد من جيوفاني 81 مل"
4931,1,"Giovanni 2chic Frizz Be Gone Anti-Frizz Hair Smoothing & Polishing Serum - 81ml"
4931,2,"سيروم2 تشيك فريز بي جون ضد التجعد لتنعيم الشعر وتلميعه من جيوفاني - 81مل"
4932,1,"Giovanni 2chic Ultra-Moist Super Potion Hair Serum with Avocado & Olive Oil - 81ml"
4932,2,"سيروم2 تشيك الترا مويست بالأفكادو وزيت الزيتون من جيوفاني - 81مل"
4933,1,"Giovanni Leave-In Protective & Moisturizing Hair Spray - 150 ml"
4933,2,"بخاخ ليف ان لحماية الشعر وترطيبة ومعالجته من جيوفاني - 150 مل"
4934,1,"Giovanni 2chic Ultra-Moist Dual Action Protective Leave-In Spray with Avocado & Olive Oil - 118 ml"
4934,2,"رذاذ 2 تشيك الترا مويست للترطيب الفائق للشعر بالأفكادو وزيت الزيتون من جيوفاني 118 مل"
4935,1,"Giovanni 2chic Ultra-Sleek Leave-In Conditioning & Styling Elixir with Brazilian Keratin and Argan Oil for All Hair Types - 118 ml"
4935,2,"رذاذ 2 تشيك الترا سليك بالكيراتين البرازيلي والارجان لجميع انواع الشعر من جيوفاني 118 مل"
4936,1,"Giovanni 2 Check Frizz Bee Conditioner with Shea Butter and Sweet Almond Oil - 118 ml"
4936,2,"بلسم  2 تشيك فريز بي  بزبدة الشيا و زيت اللوز الحلو من جيوفاني - 118 مل"
4937,1,"Giovanni 2 Check Ultra Sleek Conditioner for all hair types - 118 ml"
4937,2,"بلسم  2 تشيك الترا سليك لجميع انواع الشعر من جيوفاني - 118 مل"
4938,1,"Giovanni Hair Mousse Turbo-Charged Hair Styling and Moisturizing - 207 ml"
4938,2,"رغوة ه آير تربو تشارجد تصفيف الشعر وترطيب من جيوفاني - 207 مل"
4939,1,"Giovanni 2 Chic Ultra Volume Hair Density Mousse - 207 ml"
4939,2,"موس 2 شيك الترا فوليم  لزيادة كثافة الشعرمن جيوفاني - 207 مل"
4940,1,"Giovanni 2chic Ultra-Moist Hair Mask for Dry & Damaged Hair with Avocado and Olive Oil - 147ml"
4940,2,"قناع شعر 2 تشيك الترا مويست للشعر الجاف والتالف بالأفوكادو وزيت الزيتون  من جيوفاني 147مل"
4941,1,"Giovanni Smooth As Silk Extreme Hair Protein for Dry and Damaged Hair - 150 ml"
4941,2,"بروتين الشعر سموث آز سيلك إكستريم للشعر الجاف والتالف من جيوفاني - 150مل"
4942,1,"Giovanni Straight Fast Hair Straightener Elixir - 200 ml"
4942,2,"الكسير فرد الشعر ستريت فاست من جيوفاني - 200مل"
4943,1,"Chinese herbal shampoo for all hair types from Giovanni - 250 ml"
4943,2,"شامبو بالأعشاب الصينية لجميع انواع الشعر من جيوفاني - 250مل"
4944,1,"Giovanni Chic Ultra Lucarious Shampoo with Cherry Blossom Extract and Rose Petals - 710ml"
4944,2,"شامبو2 تشيك الترا لوكاريوس بمستخلص زهور الكرز وبتلات الورد من جيوفاني - 710مل"
4945,1,"Sebamed Olive Cleansing Bar for Dry and Sensitive Skin"
4945,2,"صابون التنظيف بزيت الزيتون  للبشرة الجافة والحساسة من سيباميد"
4946,1,"Yadah Be My Lip Tint Set - 4 Different Shades"
4946,2,"مجموعة بي ماي تنت شفاه  4 درجات مختلفة من ياده"
4947,1,"Cetaphil Moisturizing Cream for Very Dry and Sensitive Skin - 450g"
4947,2,"كريم سيتافيل المرطب للبشرة شديدة الجفاف والحساسة450جم"
4948,1,"Some By Mi AHA BHA PHA 30 Days Miracle Serum for Acne-Prone Skin Care & Hydration - 50ml"
4948,2,"سيروم ( AHA BHA PHA)للعناية وترطيب البشرة المعرضة لحب الشباب من سوم باي مي - 50مل"
4949,1,"Sensodyne toothbrush with cap"
4949,2,"فرشاة أسنان سنسوداين مع غطاء"
4950,1,"QV Moisturizing Lotion 500gm"
4950,2,"لوشن مرطب للبشرة من كيو في 500 جم"
4951,1,"Johnson's Body Wash with Berry Extract - 250 ml"
4951,2,"سائل للإستحمام مع خلاصة التوت من جونسون  250 مل"
4952,1,"Giovanni Smoothing Castor Oil Conditioner for all hair types, 340 ml"
4952,2,"بلسم زيت الخروع المنعم  لجميع انواع الشعر من جيوفاني 340 مل"
4953,1,"Giovanni Smoothing Castor Oil Conditioner for all hair types, 340 ml"
4953,2,"شامبو بالافوكادو وزيت الزيتون من جيوفاني710 مل"
4954,1,"Rolana Organic Yellow Shea Butter - 250 ml"
4954,2,"زبدة الشيا الصفراء العضوية من رولانا 250 مل"
4956,1,"Rolana Organic Yellow Shea Butter 100 ml"
4956,2,"زبدة الشيا الصفراء العضوية من رولانا 100 مل"
4957,1,"Rolana Organic White Shea Butter 100ml"
4957,2,"زبدة الشيا البيضاء العضوية من رولانا 100 مل"
4958,1,"Listerine Cool Mint Mouthwash 250ml"
4958,2,"غسول الفم كول منت من ليسترين 250مل"
4959,1,"Garnier Vitamin C Rapid Lightening Night Cream 50ml"
4959,2,"كريم الليل بفيتامين سي للتفتيح السريع من جارنية 50مل"
4960,1,"Goat Milk Sugar Scrub - 500g"
4960,2,"مقشر السكر بخلاصة حليب الماعز  500جم"
4961,1,"Cute Sugar Scrub with Aker Fassi Extract and Argan Oil - 500g"
4961,2,"مقشر السكر بخلاصة العكر الفاسي وزيت الارجان من كيوت 500جم"
4962,1,"Garnier Micellar Water to remove makeup for sensitive skin - 400ml"
4962,2,"مزيل مكياج  للبشرة الحساسة من غارنيية 400 مل"
4963,1,"Lotte Xylitol Strawberry & Mint Chewing Gum 29g"
4963,2,"علكة لوت زليتول ببنكهة الفرولة والنعناع 29 جم"
4964,1,"NOW Solutions Natural Coconut Oil - 207 ml"
4964,2,"زيت جوز الهند الطبيعي من ناو 207 مل"
4965,1,"Mandi Care Sidr Extract Shower Gel - 500 ml"
4965,2,"جل استحمام بخلاصةالسدر  ماندي كير - 500 مل"
4966,1,"Mandy Care Sidr Shampoo for all hair types - 400 ml"
4966,2,"ماندي كير شامبو السدر  لجميع أنواع الشعر - 400 مل"
4967,1,"Mandi Care Tar Shampoo for All Hair Types - 400 ml"
4967,2,"ماندي كير شامبو القطران لجميع أنواع الشعر - 400 مل"
4968,1,"Mandy Care Lavender Shampoo for All Hair Types - 400 ml"
4968,2,"ماندي كير شامبو اللافندر لجميع أنواع الشعر - 400 مل"
4969,1,"Mandi Care Rose Water for Healthy Skin - 250 ml"
4969,2,"ماء الورد لبشرة صحية  من ماندي كير - 250 مل"
4970,1,"Mandy Care Rosemary Extract - 50 ml"
4970,2,"خلاصة إكليل الجبل من ماندي كير - 50 مل"
4971,1,"Cosmetics Solution Body Lotion with Licorice Root and Papaya Extract - 500 ml"
4971,2,"لوشن الجسم بخلاصة جذور العرقسوس والبابايا  من كوزمتكس سولوشن -500 مل"
4972,1,"Mielle Organics Rosemary Mint Strengthening Edge Gel - 57g"
4972,2,"جل الشعر بإكليل الجبل والنعناع من ميلي اورجانيكس - 57 جم"
4973,1,"Parachute Extra Virgin Coconut Oil - 200 ml"
4973,2,"زيت جوز الهند البكر الممتاز من باراشوت - 200 مل"
4974,1,"QV Moisturizing Cream - 125g"
4974,2,"كريم ترطيب البشره من كيوفي - 125جم"
4975,1,"Emami 7 Oils in One Hair Oil with Black Seed for Premature Greying - 200ml"
4975,2,"زيت شعر للشيب المبكر  مكونه من7 زيوت بحبة البركة من ايمامي 200 مل"
4976,1,"Akino Skin Whitening Cream 50g"
4976,2,"كريم تفتيح  البشرة اكينو 50 جم"
4977,1,"Valerian Razors for Face and Body Hair Removal - 3 Pieces"
4977,2,"امواسValerian لإزالة شعر الوجه والجسم 3 قطعة"
4978,1,"Pinch Deli Scent Beach Bum Fragrance 125ml"
4978,2,"بينش دلي سينت عطر بيتش بوم 125 مل"
4979,1,"Carmex Classic Medicated Lip Balm - 10g"
4979,2,"مرطب شفاه كلاسيكي طبي من كارميكس - 10جم"
4981,1,"Kaab El Hawanem Cream with Aker Fassi - 170g"
4981,2,"كريم كعب الهوانم بالعكر الفاسي 170جم"
4982,1,"Beautin Titi Aker Fassi Body and Face Scrub - 300g"
4982,2,"صنفرة  بالعكر الفاسي للجسم والبشرة من بيوتن تيتي 300جم"
4983,1,"Beautin Titi Blue Nila Scrub for Body and Skin - 300g"
4983,2,"صنفرة  بالنيلة الزرقاء للجسم والبشرة من بيوتن تيتي 300جم"
4984,1,"Beautin Titi Licorice Body and Face Scrub - 300g"
4984,2,"صنفرة  بعرق السوس للجسم والبشرة من بيوتن تيتي 300جم"
4985,1,"Johnson's Anti-Bacterial Sea Salt Body Wash - 400ml"
4985,2,"سائل للإستحمام مضاد للبكتيريا بملح البحر من جونسون  400 مل"
4986,1,"Johnson's Vita-Rich Body Wash with Yogurt, Honey, and Oats - 250ml"
4986,2,"سائل للإستحمام  فيتا ريتش مع خلاصة اللبن والعسل والشوفان من جونسون - 250مل"
4987,1,"Sunsilk Soft & Smooth Hair Cream 275ml"
4987,2,"كريم  لشعر ناعم وسلس من صنسيلك  275مل"
4988,1,"Eucerin Hyaluron-Filler Anti-Age & Anti-Pigment Hand Cream, 75ml"
4988,2,"كريم  يدين هيالورون فيلر مضاد للبقع وعلامات تقدم السن من يوسيرين 75 مل،"
4989,1,"Povisional Korean Body Scrub Mitt"
4989,2,"ليفة جسم كورية بوفيشنال"
4990,1,"Cetaphil Gentle Cleansing Bar for Normal to Dry and Sensitive Skin - 127g"
4990,2,"صابونة لتنظيف البشرة العادية الى الجافة الى الحساسة  من سيتافيل 127 جم"
4991,1,"Revolution Color Play Empower Eyeshadow Palette - Multicolor"
4991,2,"مجموعة ظلال العيون كولور بلاي امباور متعدد الالوان  من ريفلوشن"
4992,1,"Olay Skin Care Set Consists of Cleansing Facial Wash 100ml + Brightening Day Cream SPF 24 50g + Brightening Night Cream 50g"
4992,2,"مجموعة اولاي للعناية بالبشرة مكونة من غسول تنظيف الوجه 100مل + كريم النهار لتفتيح البشرة بدرجة حماية SPF 24 سعة 50 جم + كريم الليل لتفتيح البشرة سعة 50جم"
4993,1,"Emami 7 Oils in One Hair Oil with Shea Butter for Dry and Weak Hair - 200 ml"
4993,2,"زيت  للشعر الجاف والضعيف مكونه من7 زيوت بزبدة الشيا من ايمامي 200 مل"
4994,1,"Emami 7-Oil Damage Control Hair Oil, 200 ml"
4994,2,"زيت شعرللتحكم في التلف  مكونه من7 زيوت من ايمامي 200 مل"
4995,1,"Prodigy hair dye, black (1.0), from L'Oreal Paris"
4995,2,"صبغة شعر بروديجي  لون اسود ( 1.0)، من لوريال باريس"
4996,1,"L'Oréal Paris Prodigy Hair Color - Light Golden Brown (5.30)"
4996,2,"صبغة شعر بروديجي  لون بني ذهبي  فاتح ( 5.30)، من لوريال باريس"
4997,1,"VapoRub Wipes with Black Seed - 10 Wipes"
4997,2,"مناديل فابوراب بالحبة السوداء -10 منديل"
4998,1,"Jola Anti-Dandruff Shampoo 500ml"
4998,2,"شامبو جولا مضاد للقشرة 500مل"
4999,1,"Licid Anti-Lice Shampoo for Treatment of Lice and Nits - 200 ml"
4999,2,"شامبو ليسيد المضاد للقمل يستخدم لعلاج القمل وبيضه - 200 مل"
5000,1,"G-Max Peach Scented Nail Polish Remover Wipes - 20 Wipes"
5000,2,"مناديل مزيل لطلاء الأظافر بنكهة الخوخ من جي ماكس 20 منديل"
5001,1,"G-Max Strawberry Scented Nail Polish Remover Wipes - 20 Wipes"
5001,2,"مناديل مزيل لطلاء الأظافر بنكهة الفرولة من جي ماكس 20 منديل"
5002,1,"Glesso Lady Lotion for Dry, Sensitive and Oily Skin with Aloe Vera 500g"
5002,2,"لوشن جليسوو ليدي  للبشرة الجافةوالحساسة  والدهنية   بالصبار  500جم"
5003,1,"G-Max Lemon Scented Nail Polish Remover Wipes - 20 Wipes"
5003,2,"مناديل مزيل لطلاء الأظافر بنكهة الليمون من جي ماكس 20 منديل"
5004,1,"White Musk Intimate Care Wash 240ml"
5004,2,"غسول المسك الابيض للعناية الصحية بالمنطقة الحساسة 240مل"
5005,1,"Sacovée Lotion for Normal to Dry Skin - Face & Body - 250g"
5005,2,"لوشن ساكوفي  للبشرة العادية والجافة للوجه والجسم   250جم"
5006,1,"ChloroCare Mouthwash for Adults and Children 12+ Years - 300ml"
5006,2,"غسول الفم كلوروكير للبالغين والاطفال عمر 12 فما فوق 300مل"
5008,1,"Garnier Makeup Remover for All Skin Types - 100ml"
5008,2,"مزيل مكياج لجميع انواع البشرة من غارنييه - 100مل"
5009,1,"QV Moisturizing Cream - 1kg"
5009,2,"كريم ترطيب البشره من كيوفي - 1كيلو"
5010,1,"Pepsodent Cavity Protection Toothpaste with Brush 150g"
5010,2,"معجون اسنان بيبسودينت حماية من التسوس مع فرشاة 150 جم"
5011,1,"Medline 3-Ply Medical Face Mask (50 Pieces)"
5011,2,"كمامة طبية ثلاث طبقات من مدلاين (50 حبة)"
5012,1,"Enchanteur Charming Perfumed Talc - 125g"
5012,2,"بودرة معطرة  شارمنج من انشانتير 125جم"
5013,1,"Enchanteur Alluring Perfumed Talc - 250g"
5013,2,"بودرة معطرة  اللورنج  من انشانتير 250جم"
5015,1,"Vaseline Body Lotion with Oat Extracts - 400ml"
5015,2,"لوشن جسم بمستخلصات الشوفان من فازلين 400مل"
5016,1,"Vaseline Intensive Care Soothing Hydration Body Lotion with Aloe Vera - 400ml"
5016,2,"لوشن الجسم للعناية المركزة بالصبار الملطف من فازلين - 400مل"
5017,1,"Vaseline Essential Care Body Lotion for Dry and Very Dry Skin - 725 ml"
5017,2,"لوشن الجسم العناية الأساسية للبشرة الجافة والجافة جدا  من فازلين - 725 مل"
5018,1,"Vaseline Cocoa Radiant Body Lotion 725ml"
5018,2,"لوشن جسم بالكاكاو من فازلين 725مل"
5019,1,"Vaseline Body Lotion To Even Skin Tone Pink 725ml"
5019,2,"لوشن فازلين للجسم لتوحيد لون البشرة وردي 725مل"
5020,1,"Vaseline Original Healing Jelly, 450 ml"
5020,2,"جيلي العناية العادي من فازلين، 450 مل"
5021,1,"St. Ives Oatmeal Mask & Scrub - 170g"
5021,2,"قناع ومقشر الشوفان من سانت ايفز - 170جم"
5022,1,"De La Cruz Vitamin E Cream - 12g"
5022,2,"كريم فيتامين هـ من دي لا كروز - 12جم للحد من تجاعيد البشررة"
5023,1,"Vaseline Essential Care Lotion 200ml"
5023,2,"لوشن العناية الاساسية من فازلين 200مل"
5024,1,"Garnier Waterproof Make-up Remover - 400 ml"
5024,2,"مزيل المكياج المقاوم للماء غني بالزيت من غارنييه - 400مل"
5025,1,"Differin Cream for Acne Treatment and Skin Tone Evening - 30g"
5025,2,"كريم ديفرين لعلاج حب الشباب وتوحيد لون البشرة - 30جم"
5026,1,"Natural Factors apple cider vinegar pills - 500 mg - 360 capsules"
5026,2,"حبوب خل التفاح من ناتشورال فاكتورز - 500 ملغم -360 كبسولة"
5027,1,"A-Derma Purifying Foaming Gel for Acne-Prone Skin, 400ml"
5027,2,"جل رغوي منقي للبشرة  المعرضة لحب الشباب من أديرما، 400 مل"
5028,1,"Nunu Baby Powder 200g"
5028,2,"بودرة للاطفال من نونو 200 جم"
5029,1,"Cofix Medical Petroleum Jelly 500ml"
5029,2,"جلي البشرة الطبي من كوفيكس 500مل"
5030,1,"Shifa Raspberry Scrub 300ml"
5030,2,"شفا صنفرة بالتوت 300 مل"
5031,1,"Pantene Anti-Dandruff Shampoo 190ml"
5031,2,"شامبو بانتين ضد القشرة 190 مل"
5032,1,"Pantene Sheer Volume Shampoo 190ml"
5032,2,"شامبو بانتين اكثر كثافة 190 مل"
5033,1,"NOW Solutions Rosehip Seed Oil - 30ml"
5033,2,"زيت بذور ثمر الورد من ناو 30مل"
5034,1,"NOW Ginger Oil - 30 ml"
5034,2,"زيت الزنجبيل من ناو 30 مل"
5035,1,"Intimate Care Set: Wash + Mask + Soap"
5035,2,"مجموعة العناية بالمنطقة الحساسة تتكون من غسول +قناع +صابون"
5037,1,"Abaya Cleaning Wipes - 25 Wipes"
5037,2,"مناديل منظفة للعباية 25 منديل"
5057,1,"Vatika Hair Gel with Aloe Vera and Olive - 250ml"
5057,2,"جل للشعر بالصبار والزيتون من فاتيكا 250 مل"
5061,1,"M-Beauty Ultra-Comfort Long Foot Care Socks"
5061,2,"جوارب طويلة للعناية بالقدم فائق الراحة من ام بيوتي"
5075,1,"Guerlain Lipstick (N 235 - Brown) 3.5g"
5075,2,"روج احمر شفاه(N 235 -لون بني) من جيرلان  3.5جم"
5076,1,"Guerlain Lipstick (N 25 S - Red) 3.5g"
5076,2,"روج احمر شفاه(N 25 S -لون احمر) من جيرلان  3.5جم"
5077,1,"Rouge Lipstick (N 525 - Dark Pink) by Guerlain, 3.5 gm"
5077,2,"روج احمر شفاه(N 525 -لون وردي داكن) من جيرلان  3.5جم"
5081,1,"Guerlain Lipstick (N 699 - Blossom Pink) 3.5g"
5081,2,"روج احمر شفاه(N 699 -لون الزهر) من جيرلان  3.5جم"
5082,1,"Guerlain Lipstick (N 940 - Brown) 3.5g"
5082,2,"روج احمر شفاه(N 940 -لون بني ) من جيرلان  3.5جم"
5086,1,"American medical earring"
5086,2,"حلق طبي امريكي"
5087,1,"Kuwait Shop Brightening Set - Scrub + Cream + Soap"
5087,2,"مجموعة التفتيح من كويت شوب  تتكون من سنفرة  +كريم+صابون"
5088,1,"TheBalm Moonshot Eyeshadow NO 0874"
5088,2,"اي شادو مون شوت NO 0874   ذا بالم"
5089,1,"theBalm Curveball Eyeshadow - No. 0722"
5089,2,"اي شادو كيرفبول NO 0722   ذا بالم"
5090,1,"Mielle Rosemary Mint Daily Styling & Moisturizing Hair Cream - 240 ml"
5090,2,"كريم اكليل الجبل لترطيب و تصفيف الشعر اليومي  من ميلي 240 مل"
5091,1,"Cetaphil Face & Body Lotion for Normal to Dry and Sensitive Skin - 59ml"
5091,2,"لوشن للوجه والجسم للبشرة العادية الى الجافة و الحساسة من سيتافيل 59مل"
5092,1,"Bioderma Cream Pump for Normal, Dry, and Sensitive Skin - 200 ml"
5092,2,"كريم بيوديرما ضغاط  للبشره العاديه والجافه والحساسة 200 مل"
5093,1,"Head & Shoulders Menthol Refresh Anti-Dandruff Shampoo 190ml"
5093,2,"شامبو هيد اند شولدرز بالنعناع المنعش 190 مل"
5094,1,"Pantene Anti-Hair Fall Shampoo - 400ml"
5094,2,"شامبوضد تساقط الشعر   من بانتين 400 مل"
5095,1,"Pantene anti hair loss conditioner 360 ml"
5095,2,"بلسم ضد تساقط الشعر   من بانتين 360 مل"
5096,1,"Pantene Anti-Dandruff 2-in-1 Shampoo + Conditioner - 400ml"
5096,2,"شامبو+بلسم ضد القشرة   من بانتين 400 مل"
5097,1,"Pantene Healthy Clean Shampoo + Conditioner 400 ml"
5097,2,"شامبو + بلسم صحي ونظيف من بانتين 400 مل"
5098,1,"Pantene shampoo for colored hair 400 ml"
5098,2,"شامبو للشعر المصبوغ  من بانتين 400 مل"
5099,1,"Pantene conditioner for colored hair 360 ml"
5099,2,"بلسم للشعر المصبوغ  من بانتين 360 مل"
5100,1,"Colgate Extra Whitening Toothbrush 1+1 Free - Medium"
5100,2,"فرشاة كولجيت اكثر بياض 1+1 مجانا متوسط النعومة"
5101,1,"Colgate Max Fresh Toothbrush 1+1 Free - Soft"
5101,2,"فرشاة كولجيت ماكس فريش  1+1 مجانا ناعمة"
5102,1,"Beautentty Rosemary Shampoo"
5102,2,"شامبو اكليل الجبل من بيوتنتتي"
5103,1,"Jardin Oleane Moroccan Black Soap with Argan Oil - 500g"
5103,2,"الصابون البلدي المغربي بزيت الاركان من جاردن اوليان 500جم"
5104,1,"Miswak F orange flavored toothpaste with free brush 50 gm for children"
5104,2,"مسواك اف معجون بنكهة البرتقال مع فرشاة مجانية 50 جم اطفال"
5105,1,"Vatika Henna Hair Color - Brown"
5105,2,"صبغة شعر حناء - بني من فاتيكا"
5106,1,"MUM Rose Fresh Deodorant - 75ml"
5106,2,"مزيل عرق عبير الورد من مام 75مل"
5107,1,"MUM Fragrance-Free Deodorant - 75ml"
5107,2,"مزيل عرق  خال من العطر من مام 75مل"
5108,1,"Treatment conditioner with ceramides and rose of Jericho extract from L'Oreal Paris, 400 ml"
5108,2,"بلسم معالج من السيراميد وخلاصة  وردة اريحا  من لوريال باريس 400مل"
5109,1,"Jardin Oleane Rosemary Essential Oil Hair Conditioner - 380 ml"
5109,2,"بلسم الشعر بزيت اكليل الجبل الاساسي من جاردن اوليان - 380 مل-تقوية الشعر"
5110,1,"Dove Nourishing Oil Care Shampoo, 200ml"
5110,2,"شامبو دوڤ بالزيوت المغذية، 200مل"
5111,1,"Palmer's Bust Firming Cream - 125g"
5111,2,"كريم شد الصدر من بالمرز - 125جم"
5112,1,"Palmer's Massage Cream for Stretch Marks - 125g"
5112,2,"كريم تدليك لعلامات تمدد الجلد من بالمرز - 125جم"
5113,1,"Nature's Bounty Venus Apricot Face and Body Scrub - 600g"
5113,2,"سنفرة للوجه والجسم بالمشمش فينوس من نايتشرز باونتي - 600 جم"
5115,1,"Dr. Davey Collagen Whitening Body Lotion - 438 gm"
5115,2,"لوشن مبيض للجسم بالكولاجين من دكتور ديفي - 438 جم"
5116,1,"Eskinol Lemon Facial Cleanser, 225 ml"
5116,2,"منظف الوجه بالليمون من اسكينول، 225 مل"
5117,1,"Nizoral Care Scalp Tonic for Dry Scalp 100 ml"
5117,2,"نيزورال كير منشط تجميلي لفروة الرأس الجافه 100 مل"
5120,1,"Head & Shoulders Lemon Fresh Shampoo - 400ml"
5120,2,"شامبو  انتعاش الليمون  من هيد اند شولدرز 400 مل"
5121,1,"Head &amp; Shoulders Charcoal Detox Shampoo 400 ml"
5121,2,"شامبو ديتوكس الفحم من هيد اند شولدرز 400 مل"
5122,1,"Head & Shoulders Clean & Stylish Daily Care Shampoo for Normal Hair - 400ml"
5122,2,"شامبو نظيف وانيق عناية يومية للشعر العادي  من هيد اند شولدرز 400 مل"
5123,1,"Head & Shoulders Refreshing Menthol Shampoo 400ml"
5123,2,"شامبو النعناع المنعش من هيد اند شولدرز 400 مل"
5124,1,"Johnson's Body Wash with Rose Water - 400 ml"
5124,2,"سائل للإستحمام مع ماء الورد من جونسون  400 مل"
5125,1,"Johnson's Body Lotion with Berry Extract - 400ml"
5125,2,"لوشن الجسم مع خلاصة التوت من جونسون  400 مل"
5126,1,"Cofix Daily Intimate Care Wash with White Musk, 215 ml"
5126,2,"غسول العناية اليومية للمناطق الحميمة بالمسك الابيض من كوفيكس 215مل"
5128,1,"Moroccan Bath Loofah (Kessa)"
5128,2,"ليفة للحمام المغربي"
5129,1,"TRESemmé Keratin Smooth &amp; Straight Conditioner 400 ml"
5129,2,"بلسم نعومة وانسيابية الكيراتين من تريسمي  للتحكم في التطاير 400 مل"
5130,1,"TRESemmé Salon Shampoo 400ml"
5130,2,"شامبو صالون من تريسمي 400 مل"
5131,1,"Now 100% pure castor oil, 473 ml"
5131,2,"زيت الخروع نقي 100%  من ناو 473مل"
5132,1,"De La Cruz Acne Treatment Ointment with 10% Sulfur, 73g"
5132,2,"مرهم علاج حب الشباب مع 10% كبريتات من دي لا كروز 73جم"
5134,1,"Nivea Black & White Original Deodorant Spray - 150ml"
5134,2,"بخاخ مزيل عرق بلاك وايت  اورجينال من نيفيا 150مل"
5135,1,"Nivea Natural Fairness Deodorant Spray for Women - 150ml"
5135,2,"بخاخ مزيل عرق اتشرل فيرنس من نيفيا للنساء 150مل"
5136,1,"Nivea Clean Protect Deodorant with Alum Extract, 50 ml"
5136,2,"مزيل  عرق كلين بروتيكت خلاصة الشبة من نيڤيا،  50 مل"
5137,1,"Nivea Dry Comfort Unscented Deodorant, 50 ml"
5137,2,"مزيل عرق دراي كومفورت  بدون رائحة من نيڤيا،  50 مل"
5138,1,"Nivea Dry &amp; Fresh Deodorant, 50 ml"
5138,2,"مزيل عرق دراى اند فريش من نيڤيا،  50 مل"
5139,1,"Nivea Black &amp; White Invisible Deodorant, 50 ml"
5139,2,"مزيل عرق بلاك اند وايت انفيزيبل من نيڤيا،  50 مل"
5140,1,"Nivea Silver Protect Deodorant, 50 ml"
5140,2,"مزيل عرق سيلفر بروتيكت من نيڤيا،  50 مل"
5141,1,"Nivea Deodorant with Fresh Cherry Scent, 50 ml"
5141,2,"مزيل عرق  برائحة الكريز المنعشة من نيڤيا،  50 مل"
5142,1,"Nivea Deep Black Espresso Carbon Deodorant for Men, 50 ml"
5142,2,"مزيل عرق ديب بلاك اسبرسو بالكربون للرجال من نيڤيا،  50 مل"
5143,1,"Dove Cucumber Fresh Deodorant 50 ml"
5143,2,"مزيل عرق انتعاش الخيار من دوف 50 مل"
5146,1,"Rexona Motion Activated Invisible Dry Deodorant 50 ml"
5146,2,"مزيل عرق موشن اكتيفيتد جفاف غير مرئي من ريكسونا 50 مل"
5147,1,"Ambriolis Veladerm Cream Natural Extracts for Dry Skin 75ml"
5147,2,"كريم فيلاديرم مستخلص من المواد طبيعية للبشرة الجافة من امبريوليس 75مل"
5148,1,"Cantu Extra Hold Edge Gel with Shea Butter, 64g"
5148,2,"جل لتثبيت الحواف اكسترا هولد بزبدة الشيا  من كانتو 64جم"
5149,1,"Shower gel with rose scent from Hobby, 500 ml"
5149,2,"جل استحمام برائحة الورد من هوبي500 مل"
5150,1,"Milk salt scrub 4 in 1 (exfoliator-softener-whitener-cleaner) 300g"
5150,2,"صنفرة ملح الحليب 4في 1 (مقشر-منعم -مبيض-منظف)300جم"
5151,1,"Salt scrub with the scent of papaya and carrots (exfoliant - softener - whitener - cleaner) 300 g"
5151,2,"صنفرة ملح برائحة البابايا والجزر (مقشر-منعم -مبيض-منظف)300جم"
5152,1,"Salt scrub with lemon and mint scent (exfoliant - softener - whitener - cleaner) 300 g"
5152,2,"صنفرة ملح برائحة الليمون والنعناع  (مقشر-منعم -مبيض-منظف)300جم"
5153,1,"Niacinamide 10% + Zinc 1% Serum from The Ordinary - 30ml"
5153,2,"سيروم نياسيناميد 10% + زنك 1% من ذا اورديناري - 30مل"
5154,1,"Enchanteur Perfumed Loring Powder, 125g"
5154,2,"بودرة معطرة اللورينج من انشانتير 125جم"
5155,1,"Enchanteur Romantic Perfumed Powder, 125g"
5155,2,"بودرة معطرة  رومانتيك من انشانتير 125جم"
5156,1,"Enchanteur Charming Perfumed Talc - 125g"
5156,2,"بودرة معطرة  شارمنج من انشانتير 125جم"
5157,1,"Natural Factors Apple Cider Vinegar - 500 mg - 180 Capsules"
5157,2,"حبوب خل التفاح من ناتشورال فاكتورز - 500 ملغم -180 كبسولة"
5158,1,"Garnier SkinActive Fast Bright 30x Serum - 15ml"
5158,2,"سيروم سكين اكتيف فاست برايت من جارنيه 30×  15 مل"
5159,1,"Garnier Skin Active Serum for acne-prone skin, 30 ml"
5159,2,"سيروم سكين اكتيف للبشرة المعرضة للحبوب من جارنية 30 مل"
5160,1,"Under eye gel with vitamin B3 extract from Dr. Davey 30 ml"
5160,2,"جل تحت العين بخلاصة فيتامين بي 3 من دكتور ديفي 30مل"
5161,1,"Effaclar Duo+M Cream from La Roche-Posay - 40 ml"
5161,2,"كريم ثلاثي لتصحيح عيوب البشرة من حب الشباب والمسام أيفاكلار ديو+ام من لاروش بوزيه - 40مل"
5162,1,"CeraVe cleansing foam for normal to oily skin, 473 ml"
5162,2,"رغوة منظفه للبشرة العادية الى الدهنية من سيرافي 473مل"
5163,1,"Max Magic Lipstick"
5163,2,"الروج السحري من ماكس"
5164,1,"L'Oreal Elvive Color Protect Conditioner 400ml"
5164,2,"بلسم الفيف  لحماية اللون من لوريال  ٤٠٠ مل"
5165,1,"Enjoy Lemon Face Wash, 225 ml"
5165,2,"منظف الوجه بالليمون من انجوي، 225 مل"
5166,1,"Enjoy Cucumber Facial Cleanser, 225 ml"
5166,2,"منظف الوجه بالخيار من انجوي، 225 مل"
5167,1,"Shifa Anti-Frizz Serum for Damaged Hair - 100ml"
5167,2,"سيروم للشعر التالف مضاد للتجعد من شفا 100مل"
5168,1,"Sondos Rose Oil, 100 ml"
5168,2,"زيت الورد من سندس , 100 مل"
5169,1,"Italian Cosmetic Cotton Pads - 120 Pieces"
5169,2,"قطن تجميل ايطالي  120 قطعة"
5170,1,"Cantu Men's Collection Shea Butter Cream Pomade"
5170,2,"كريم علاج وتصفيف لشعر الرجال من كانتو"
5171,1,"Etude House Korean Lip Gloss - Cherry Ade"
5171,2,"ملمع للشفاه  كوري من ايتود هاوس، لون تشيري ادي"
5172,1,"Bobana Skin Whitening Cream for Sensitive Areas, 60g"
5172,2,"كريم تفتيح البشرة للمناطق الحساسة من بوبانا، 60 جرام"
5173,1,"Dr. Davey Vitamin E 70000 Whitening & Moisturizing Hand and Body Lotion - 300g"
5173,2,"لوشن  تبيض و ترطيب اليد والجسم بفيتامين اي 70000 -من دكتور ديفي  - 300 جم"
5175,1,"Dr. Davey Licorice Extract Face Wash – 100g"
5175,2,"دكتور ديفي غسول وجه بخلاصة عرق السوس – 100 جم"
5176,1,"Dr. Davey Vitamin C Face Cream - 30ml"
5176,2,"كريم فيتامين سي للوجه من دكتور ديفي 30مل"
5177,1,"Mielle Rosemary Mint Scalp & Hair Strengthening Oil - Light, 59ml"
5177,2,"زيت مييلي تقوية فروة الرأس والشعر من مينت لايت، 59 مل"
5178,1,"Emami 7-Oil Damage Control Hair Oil, 300 ml"
5178,2,"زيت شعرللتحكم في التلف  مكونه من7 زيوت من ايمامي 300 مل"
5179,1,"Emami 7 Oils in One Hair Oil with Black Seed for Hair Fall Control - 200ml"
5179,2,"زيت شعر للتساقط  مكونه من7 زيوت بحبة البركة من ايمامي 200 مل"
5180,1,"Long lasting blush - FABULOUS No. N2 from Christine"
5180,2,"احمر خدود طويل الأمد – FABULOUSرقم N2 من كرستين"
5181,1,"Long-Lasting Blush – SPRING SHEEN No. N8 by Christine"
5181,2,"احمر خدود طويل الأمد – SPRING SHEEN رقم N8 من كرستين"
5182,1,"UNIPRO Nail File with Plastic Handle"
5182,2,"مبرد اظافر بمقبض بلاستيكي UNIPRO"
5183,1,"Italian Cotton Buds - 100 Pieces with Paper Sticks"
5183,2,"قطن اذان ايطالي 100حبة عود ورقي"
5184,1,"Uni Pro Silicone Face Brush"
5184,2,"فرشة سيليكونية للوجه يوني برو"
5185,1,"UNIPRO tweezers with colorful decorations and slanted tip"
5185,2,"ملاقط بزخارف ملونة وراس مائل UNIPRO"
5186,1,"Max Elegance Hair Removal Wax Beans"
5186,2,"حبيبات شمع لإزالة الشعر من ماكس اليجانس"
5187,1,"Al Shifa Cotton Pads - 80 Pieces"
5187,2,"شرائح قطن الشفاء  80 قطعة"
5188,1,"Professional body loofah 4520"
5188,2,"ليفة جسم  كورية بروفيشنال  4520"
5189,1,"Korean Bath Sponge"
5189,2,"اسفنجة الاستحمام الكورية"
5190,1,"Professional Colorful Body Loofah 4590"
5190,2,"ليفة جسم  ملونه بروفيشنال  4590"
5191,1,"UNIPRO Nail Scissors with Silver Handle - 5cm"
5191,2,"مقص اظافر بمقبض فضي 5سم  UNIPRO"
5192,1,"UNIPRO Nail Clipper with File"
5192,2,"مقص اظافر بمبرد UNIPRO"
5193,1,"UNIPRO Nail File 12.50cm"
5193,2,"مبرد اظافر 12.50سم UNIPRO"
5194,1,"UNIPRO 7-Step Nail Buffer & Polisher"
5194,2,"ملمع  اظافر 7 خطوات UNIPRO"
5196,1,"UNIPRO Double-Sided Metal Foot Rasp"
5196,2,"محك قدم حديد بوجهين UNIPRO"
5197,1,"UNIPRO Dual-Sided Foot Rasp with Metal and Sanding Surfaces"
5197,2,"محك قدم بوجه حديد ووجه صنفرة UNIPRO"
5198,1,"UNIPRO Double-Sided Foot Rasp & Sanding Tool"
5198,2,"محك قدم بوجهين صنفرة UNIPRO"
5199,1,"UNIPRO Dry Pumice Foot Stone"
5199,2,"محك قدم حجر جاف UNIPRO"
5200,1,"Rose Aroma Large Hair Brush 2889"
5200,2,"فرشة شعر كبير 2889 من روز اروما"
5201,1,"Rose Aroma Shampoo and Massage Brush"
5201,2,"فرشة الشامبو والتدليك  من روز اروما"
5202,1,"Volcanic Clay Moisturizing Hand and Foot Cream 30g"
5202,2,"كريم الطين البركاني المرطب لليدين والقدمين 30جم"
5203,1,"Magic Lip Mask"
5203,2,"ماسك الشفاة السحري"
5204,1,"Intimate Area Soap 100g"
5204,2,"صابون المناطق الحساسة 100جم"
5205,1,"Intimate Wash 350ml"
5205,2,"غسول المناطق الحساسة 350مل"
5206,1,"Intimate Area Mask Set - Multi-Mask Collection"
5206,2,"ماسك المنطقة الحساسة  يتكون من مجموعة من الاقنعة"
5207,1,"Now Solutions Liquid Coconut Oil - 118 ml"
5207,2,"زيت جوز الهند السائل من ناو 118 مل"
5208,1,"NOW Lanolin Oil - 118 ml"
5208,2,"زيت اللانولين من ناو 118 مل"
5210,1,"Vaseline Intensive Care Soothing Hydration Body Lotion with Aloe Vera - 200ml"
5210,2,"لوشن الجسم للعناية المركزة بالصبار الملطف من فازلين - 200مل"
5211,1,"Vicks Throat Soothing and Cleansing Lozenges - Wild Cherry with Eucalyptus, 40g"
5211,2,"اقراص فيكس لترطيب وتطهير الحنجرة - الكرز البري مع الكينا، 40غم"
5212,1,"Labello Pomegranate Shine Lip Care Balm - 4.8g"
5212,2,"بلسم العناية بالشفاه بالرمان من لابيلو - 4,8جم"
5213,1,"Al Saqr Brand Cajeput Oil for Pain Relief - 120 ml"
5213,2,"زيت كا جوبوت لتخفيف الالم من ماركة الصقر 120 مل"
5214,1,"Emper Violet Flower Body Mist - 250 ml"
5214,2,"معطر الجسم زهرة البنفسج من امبر - 250 مل"
5216,1,"Vicks Throat Hydrating and Cleansing Lozenges - Lemon & Menthol, 40g"
5216,2,"اقراص فيكس لترطيب وتطهير الحنجرة - الليمون مع النعناع ، 40جم"
5217,1,"Himalaya Charcoal & Tea Tree Mask - 150ml"
5217,2,"قناع الفحم  والشاي من هيمالايا  150 مل"
5218,1,"Amber Orchid Flower Body Mist - 250 ml"
5218,2,"معطر الجسم زهرة الاوركيد من امبر - 250 مل"
5219,1,"Emper Pink Flower Petals Body Mist - 250 ml"
5219,2,"معطر الجسم بتلات الزهور الوردية  من امبر - 250 مل"
5220,1,"Emper Isabella Body Mist - 200 ml"
5220,2,"معطر الجسم ايزابيلا من امبر - 200 مل"
5221,1,"Emper Body Spray for Men New Design - 200 ml"
5221,2,"معطر الجسم للرجال تصميم جديد من امبر - 200 مل"
5222,1,"Osool Body Mist by Ember - 200 ml"
5222,2,"معطر الجسم اصول من امبر - 200 مل"
5223,1,"Beautin Titi Turmeric 'Cute' Scrub - 300g"
5223,2,"صنفرة  الكركم كيوت من بيوتن تيتي 300جم"
5224,1,"Body loofah"
5224,2,"ليفة جسم sasha"
5225,1,"Rolana Fragrance-Free Baby Wipes - 100 ml"
5225,2,"مناديل اطفال رولانا بدون عطر 100 مل"
5226,1,"Emper Eden Night Body Mist - 250 ml"
5226,2,"معطر الجسم ايدين نايت من امبر - 250 مل"
5227,1,"Moroccan Indigo Powder for Skin Brightening"
5227,2,"بودرة النيلة المغربية لتفتيح لون البشرة"
5228,1,"Turmeric Powder for Face and Body"
5228,2,"بودرة الكركم للوجه و الجسم"
5229,1,"Dove Beauty Cream Bar 135g"
5229,2,"قالب كريم الجمال من دوڤ  135 ج"
5230,1,"Johnson's original American patch"
5230,2,"اللصقة الامريكية الاصلية جونسون"
5231,1,"Smart Therapy Patch for Muscle and Back Comfort"
5231,2,"لصقة سمارت ثيرابي لراحة العضلات والظهر"
5232,1,"Sanitaki Back Care Patch"
5232,2,"لصقة العناية بالظهر سانيتاكي"
5233,1,"Colgate Medium-Soft Toothbrush"
5233,2,"فرشة أسنان  ناعمة متوسطة من كولوجيت"
5234,1,"Koleston hair dye cream with oil replacement (attractive chocolate color 306/7) from Wella - 110 ml"
5234,2,"كريم صبغة شعر كوليستون مع بديل الزيت ( لون شوكولا جذاب 306/7) من ويلا - 110 مل"
5235,1,"Wella Koleston Hair Color Cream with Oil Replacement (Sparkling Hazelnut 307/3) - 110 ml"
5235,2,"كريم صبغة شعر كوليستون مع بديل الزيت ( لون بندقي متألق 307/3) من ويلا - 110 مل"
5236,1,"The Ordinary Retinol 0.2% Anti-Aging Serum - 30ml"
5236,2,"سيروم ريتينول 0.2.مضاد للشيخوخة  من ذا اوردينري 30 مل"
5237,1,"The Ordinary Lactic Acid 10% + HA Exfoliating Serum - 30ml"
5237,2,"مقشر لاكتيك اسيد 10%  من ذا اوردينري 30 مل"
5238,1,"Trichup Healthy, Long and Strong Hair Oil, 100 ml"
5238,2,"زيت الشعرصحي طويل وقوي من تريشوب، 100 مل"
5239,1,"Trichup Black Seed Hair Oil, 100 ml"
5239,2,"زيت الشعرالحبة السوداء من تريشوب، 100 مل"
5240,1,"Trichup Anti-Dandruff Hair Oil, 100 ml"
5240,2,"زيت الشعر ضد القشرة من تريشوب، 100 مل"
5242,1,"Cherry perfume for unisex by Sunset Cafe - Esprit de Parfum, 22 ml"
5242,2,"عطر بالكرز للجنسين من سن سيت كافه - اسبريت دى بارفان، 22 مل"
5243,1,"Avlon Powder Blue perfume from Sunset Cafe 50 ml"
5243,2,"عطر افلون   باودر بلو من سن سيت كافيه 50 مل"
5244,1,"Avalon Perfume by Sunset Cafe - 22 ml"
5244,2,"عطر افلون من سن سيت كافيه 22 مل"
5245,1,"Sunset Cafe Avalon Powder Blue Perfume - 22 ml"
5245,2,"عطر افلون   باودر بلو من سن سيت كافيه 22 مل"
5246,1,"Jolen Hair Bleach Cream - 28g"
5246,2,"كريم تشقير الشعر من جولين -28 جم"
5247,1,"Eskinol Nail Polish Remover Wipes - 10 Wipes"
5247,2,"مناديل مبلله مزيل طلاء الاظافر من اسكينول 10 مناديل"
5248,1,"Pigeon Baby Comb and Brush Set"
5248,2,"طقم مشط وفرشة للاطفال من بيجن"
5249,1,"Al Arayess Nail Polish Remover Wipes - 10 Wipes"
5249,2,"مناديل مبلله مزيل طلاء الاظافر العرايس 10 مناديل"
5250,1,"Pigeon Baby Comb and Brush Set"
5250,2,"طقم مشط وفرشة للاطفال من بيجن"
5251,1,"Carlotta Blooming Eau de Toilette for Women - 75ml"
5251,2,"عطر للنساء بلومينج او دي تواليت من كارلوتا 75مل"
5252,1,"Idol Eau de Toilette perfume for women by Carlotta, 80ml"
5252,2,"عطر للنساء  ايدول  او دي تواليت من كارلوتا 80مل"
5254,1,"Femfresh Re-Balance Powder for Intimate Areas - 200g"
5254,2,"بودرة للمناطق الحميمية من فيم فريش200جم"
5255,1,"Sondos Lavender Oil for Hair and Skin, 100 ml"
5255,2,"زيت اللافندر للشعر والبشرة من سندس , 100 مل"
5256,1,"Cetaphil Gentle Skin Cleanser for Dry and Sensitive Skin - 118ml"
5256,2,"منظف لطيف للبشرة الجافة والحساسة من سيتافيل 118مل"
5257,1,"Glycolic Serum 10% Advanced Clinicals 52ml"
5257,2,"سيروم  الجليكوليك 10% ادفانسد كلينيكالز‏ 52مل"
5258,1,"Enjoy pomegranate condoms, 12 packs"
5258,2,"واقي ذكري بالرمان من انجوي 12عبوة"
5259,1,"Enjoy condoms with coffee, 12 packs"
5259,2,"واقي ذكري بالقهوة من انجوي 12عبوة"
5260,1,"Enjoy Sensitive Condoms - 12 Pack"
5260,2,"واقي ذكري حساس من انجوي 12عبوة"
5261,1,"Enjoy Extra Safe Condoms - 12 Pack"
5261,2,"واقي ذكري اكثر أمان من انجوي 12عبوة"
5262,1,"Placenta Renew White Soap for Body, 135 gm"
5262,2,"صابون ابيض رينيو من بلاسينتا للجسم، 135 جم"
5263,1,"Nose and throat care tablets - menthol with lemon and honey - 36 tablets"
5263,2,"اقراص للعناية  بالانف والحلق - منثول مع الليمون والعسل - 36 قرص"
5264,1,"Clairol Shimmer Lights Violet Shampoo - 473 ml"
5264,2,"شامبو شيمر لايتس البنفسجي من كلايرول - 473 مل"
5265,1,"Kelan nose patches"
5265,2,"لصقات الانف من كيلان"
5266,1,"Enjoy Vitamin C Facial Serum - 50 ml"
5266,2,"سيروم وجه فيتامين سي من انجوي - 50مل"
5267,1,"Anti-Stretch Mark Essential Oil 30ml - GJ034"
5267,2,"زيت اساسي مضاد لعلامات التمدد 30 مل - GJ034"
5268,1,"Thai plastic baby bottle RT0252, capacity 250 ml"
5268,2,"رضاعة اطفال تايلندي بلاستيك RT0252 سعة 250مل"
5269,1,"Nose and throat care tablets - menthol with orange - 36 tablets"
5269,2,"اقراص للعناية  بالانف والحلق - منثول مع برتقال - 36 قرص"
5270,1,"Al Shifa pure cotton buds, 300 sticks"
5270,2,"أعواد الشفا قطن نقية 300عود"
5271,1,"Moroccan Oil Traditional Moroccan Bath Soap with Aker Fassi Extract - 1000ml"
5271,2,"صابون حمام مغربي البلدي بخلاصة العكر الفاسي من موروكان اويل 1000مل"
5272,1,"Moroccan bath soap with eucalyptus extract and original Moroccan loofah from Moroccan Oil 250 ml"
5272,2,"صابون حمام مغربي البلدي بخلاصة الكينا مع ليفة مغربية اصلية من موروكان اويل 250مل"
5273,1,"Hobby Protein Care Shampoo with Rose Extract 400ml"
5273,2,"شامبو عناية البروتين بمستخلص الورد من هوبي 400مل"
5274,1,"Fortifying hair oil with rosemary essential oil, 50 ml"
5274,2,"زيت الشعر المقوي بزيت اكليل الجبل الاساسي ، 50 مل"
5276,1,"driving gloves"
5276,2,"جوانتي قيادة  رمادي"
5277,1,"Pink Polka Dot Driving Gloves"
5277,2,"جوانتي قيادة وردي منقط"
5278,1,"driving gloves"
5278,2,"جوانتي قيادة اصفر منقط"
5279,1,"Brown Polka Dot Driving Gloves"
5279,2,"جوانتي قيادة بني منقط"
5280,1,"Jawaher Al Reem Hair Removal Sugar Paste with Beeswax - 500g"
5280,2,"حلاوة جواهر الريم لإزالة الشعربشمع النحل  500 جم"
5281,1,"Jawaher Al Reem Hair Removal Wax with Olive Oil - 500g"
5281,2,"حلاوة جواهر الريم لإزالة الشعربزيت الزيتون 500 جم"
5282,1,"Jawaher Al Reem Hair Removal Sugar Paste with Black Seed Oil - 500g"
5282,2,"حلاوة جواهر الريم لإزالة الشعربزيت الحبة السوداء  500 جم"
5284,1,"Jawaher Al Reem Hair Removal Halawa with Coconut 500 gm"
5284,2,"حلاوة جواهر الريم لإزالة الشعر بجوز الهند  500 جم"
5285,1,"J.Castal Artificial Nails B1"
5285,2,"أظافر صناعية جي كاستال  B1"
5286,1,"J.Castal Artificial Nails B26"
5286,2,"أظافر صناعية جي كاستال  B26"
5287,1,"J.Castal Artificial Nails - B7"
5287,2,"أظافر صناعية جي كاستال  B7"
5288,1,"J.Castal Artificial Nails B9"
5288,2,"أظافر صناعية جي كاستال  B9"
5289,1,"GE-Castal B8 artificial nails"
5289,2,"أظافر صناعية جي كاستال  B8"
5290,1,"J.Castal Artificial Nails B10"
5290,2,"أظافر صناعية جي كاستال  B10"
5291,1,"J.Castal Artificial Nails B15"
5291,2,"أظافر صناعية جي كاستال  B15"
5292,1,"GE-Castal B21 artificial nails"
5292,2,"أظافر صناعية جي كاستال  B21"
5293,1,"J.Castal Artificial Nails B20"
5293,2,"أظافر صناعية جي كاستال  B20"
5295,1,"jE-Castal B11 artificial nails"
5295,2,"أظافر صناعية جي كاستال B11 - مظهر طبيعي وأنيق"
5296,1,"J.Castal Artificial Nails B12"
5296,2,"أظافر صناعية جي كاستال  B12"
5297,1,"J.Castal Artificial Nails B25"
5297,2,"أظافر صناعية جي كاستال  B25"
5298,1,"J.Castal Artificial Nails B13"
5298,2,"أظافر صناعية جي كاستال  B13"
5299,1,"J.Castal Artificial Nails B14"
5299,2,"أظافر صناعية جي كاستال  B14"
5300,1,"J.Castal Artificial Nails - B27"
5300,2,"أظافر صناعية جي كاستال  B27"
5302,1,"J.Castal Artificial Nails B22"
5302,2,"أظافر صناعية جي كاستال  B22"
5303,1,"J.Castal Artificial Nails B24"
5303,2,"أظافر صناعية جي كاستال  B24"
5304,1,"J.Castal Artificial Nails B4"
5304,2,"أظافر صناعية جي كاستال  B4"
5307,1,"J.Castal Artificial Nails B6"
5307,2,"أظافر صناعية جي كاستال  B6"
5308,1,"J.Castal B2 Artificial Nails"
5308,2,"أظافر صناعية جي كاستال  B2"
5309,1,"J.Castal Artificial Nails B19"
5309,2,"أظافر صناعية جي كاستال  B19"
5310,1,"J.Castal Artificial Nails B9"
5310,2,"أظافر صناعية جي كاستال  B9"
5311,1,"G.Castal Clear Nails"
5311,2,"أظافرشفاف جي كاستال"
5312,1,"G.Castal Glass Nail File"
5312,2,"مبرد اظافر زجاجي جي كاستال"
5313,1,"G.Castal Nail Glue"
5313,2,"لاصق اظافر جي كاستال"
5314,1,"Argan Oil Hair Serum 30ml"
5314,2,"سيروم شعر بزيت الارغان 30مل"
5315,1,"J.Castal Nail Polish - No. 131"
5315,2,"مناكير جي كاستال  رقم 131"
5316,1,"JE.Castal nail polish no. 133"
5316,2,"مناكير جي كاستال  رقم 133"
5317,1,"G.Castal Nail Polish - No. 119"
5317,2,"مناكير جي كاستال  رقم 119"
5318,1,"G.Castal Nail Polish - Shade 132"
5318,2,"مناكير جي كاستال  رقم 132"
5319,1,"G.Castal Nail Polish - Shade 161-1"
5319,2,"مناكير جي كاستال  رقم 161-1"
5320,1,"G.Castal Nail Polish - No. 164"
5320,2,"مناكير جي كاستال  رقم 164"
5321,1,"G.Castal Nail Polish - No. 156"
5321,2,"مناكير جي كاستال  رقم 156"
5322,1,"G.Castal Nail Polish - Shade 159-1"
5322,2,"مناكير جي كاستال  رقم 159-1"
5323,1,"G.Castal Nail Polish - No. 141"
5323,2,"مناكير جي كاستال  رقم 141"
5324,1,"G.Castal Nail Polish - Shade 155"
5324,2,"مناكير جي كاستال  رقم 155"
5325,1,"G.Castal Nail Polish No. 154"
5325,2,"مناكير جي كاستال  رقم 154"
5326,1,"G.Castal Nail Polish - No. 151-2"
5326,2,"مناكير جي كاستال  رقم 151-2"
5327,1,"G.Castal Nail Polish - Shade 158-1"
5327,2,"مناكير جي كاستال  رقم 158-1"
5328,1,"J.Castal Nail Polish - Shade 157-1"
5328,2,"مناكير جي كاستال  رقم 157-1"
5329,1,"J.Castal Nail Polish - Shade 124"
5329,2,"مناكير جي كاستال  رقم 124"
5330,1,"G.Castal Nail Polish - Shade 160"
5330,2,"مناكير جي كاستال  رقم 160"
5331,1,"G.Castal Nail Polish - No. 113"
5331,2,"مناكير جي كاستال  رقم 113"
5332,1,"J.Castal Nail Polish - Shade 134"
5332,2,"مناكير جي كاستال  رقم 134"
5333,1,"J.Castal Nail Polish - Shade 128"
5333,2,"مناكير جي كاستال  رقم 128"
5334,1,"G.Castal Nail Polish - Shade 126"
5334,2,"مناكير جي كاستال  رقم 126"
5335,1,"G.Castel Nail Polish - Shade 130-1"
5335,2,"مناكير جي كاستال  رقم 130-1"
5336,1,"J.Castal Nail Polish - Shade 112"
5336,2,"مناكير جي كاستال  رقم 112"
5337,1,"G.Castal Nail Polish - Shade 165-1"
5337,2,"مناكير جي كاستال  رقم 165-1"
5338,1,"G.Castal Nail Polish - Shade 142"
5338,2,"مناكير جي كاستال  رقم 142"
5339,1,"G.Castal Nail Polish - Shade 120"
5339,2,"مناكير جي كاستال  رقم 120"
5340,1,"G.Castal Nail Polish - Shade 121-1"
5340,2,"مناكير جي كاستال  رقم 121-1"
5341,1,"J.Castal Nail Polish - Shade 152"
5341,2,"مناكير جي كاستال  رقم 152"
5342,1,"G.Castal Nail Polish - No. 153-1"
5342,2,"مناكير جي كاستال  رقم 153-1"
5343,1,"J.Castal Nail Polish No. 147-1"
5343,2,"مناكير جي كاستال  رقم 147-1"
5344,1,"G.Castal Nail Polish - Shade 149-1"
5344,2,"مناكير جي كاستال  رقم 149-1"
5345,1,"G.Castal Nail Polish - Shade 145"
5345,2,"مناكير جي كاستال  رقم 145"
5346,1,"J.Castal Nail Polish - Shade 150"
5346,2,"مناكير جي كاستال  رقم 150"
5348,1,"Pink Triple Blade Razors 4+1 Pieces"
5348,2,"شفرات حلاقة وردية ثلاث شفرات 4+1 قطعة"
5349,1,"Pink Triple-Blade Razors 16+8 Pieces"
5349,2,"شفرات حلاقة وردية ثلاث شفرات 16+8 قطعة"
5350,1,"Pink Triple Blade Razors 8+4 Pieces"
5350,2,"شفرات حلاقة وردية ثلاث شفرات 8+4 قطعة"
5351,1,"Pink Triple-Blade Razors 10+6 Pieces"
5351,2,"شفرات حلاقة وردية ثلاث شفرات 10+6 قطعة"
5352,1,"G.Castal Nail Polish - Shade 125-1"
5352,2,"مناكير جي كاستال  رقم 125-1"
5353,1,"G.Castal Nail Polish - Shade 116-1"
5353,2,"مناكير جي كاستال  رقم 116-1"
5354,1,"G.Castal Nail Polish - No. 111"
5354,2,"مناكير جي كاستال  رقم 111"
5355,1,"JE.Castal nail polish no. 117"
5355,2,"مناكير جي كاستال  رقم 117"
5356,1,"G.Castal Nail Polish - Shade 122"
5356,2,"مناكير جي كاستال  رقم 122"
5357,1,"J.Castal Nail Polish - Shade 123"
5357,2,"مناكير جي كاستال  رقم 123"
5358,1,"G.Castal Nail Polish - No. 127"
5358,2,"مناكير جي كاستال  رقم 127"
5359,1,"G.Castal Nail Polish - Shade 143"
5359,2,"مناكير جي كاستال  رقم 143"
5360,1,"G.Castal Nail Polish - Shade 148-1"
5360,2,"مناكير جي كاستال  رقم 148-1"
5361,1,"G.Castal Nail Polish No. 138"
5361,2,"مناكير جي كاستال  رقم 138"
5362,1,"G.Castal Nail Polish - Shade 101-1"
5362,2,"مناكير جي كاستال  رقم 101-1"
5369,1,"Sunsilk shampoo solution for hair loss - 700 ml"
5369,2,"شامبو صانسيلك الحل لتساقط الشعر - 700مل"
5370,1,"Yoko Cracked Heel Cream - 50 ml"
5370,2,"كريم معالج لتشققات القدمين  من يوكو 50 مل"
5371,1,"Cosmo soothing and soothing balm for cracked feet and elbows, 50 ml"
5371,2,"بلسم  معالج لتشققات وتهدئة القدمين والمرفق من كوزمو 50 مل"
5372,1,"Dr. Good Kids Toothbrush for Ages 3-12 Years"
5372,2,"فرشاة اسنان اطفال الدكتور جود من 3 -12سنه"
5373,1,"Junior Toothpaste Box - Mixed Fruit Flavor with Free Toothbrush from Sewak F"
5373,2,"علبة جونيور  معجون اسنان بنكهة الفواكة المشكلة مع  فرشاة مجانيةمن سواك اف"
5374,1,"Junior Strawberry Flavor Toothpaste Set with Free Brush from Sewak F"
5374,2,"علبة جونيوربنكهة الفرولة  معجون اسنان مع  فرشاة مجانيةمن سواك اف"
5375,1,"Lice and Nit Removal Brush"
5375,2,"فرش  لمحاربة القمل وبيضه"
5376,1,"Loreal Pure Clay Scrub Lotion - 150ml"
5376,2,"غسول منظف بالطين النقي من لوريال - 150مل"
5377,1,"NOW Foods Oregano Oil - 30 ml"
5377,2,"زيت الاوريجانو من ناو 30 مل"
5378,1,"The Original Tongue Brush for Kids"
5378,2,"فرشاة لسان ذا اوريجينال للاطفال"
5379,1,"The Original Tongue Cleaning Gel for Kids - Strawberry Flavor"
5379,2,"جل تنظيف لسان بنكهة الفرولة ذا اوريجينال للاطفال"
5380,1,"Wella New Wave Hair Styling Spray No. 3 - 200ml"
5380,2,"بخاخ  نيو ويف لتصفيف الشعر  رقم 3 من ويلا 200مل"
5381,1,"Cantu Care for Kids Styling Hair Cream 227g"
5381,2,"كريم كير فور كيدز مصفف شعر الاطفال من كانتو 227جم"
5382,1,"Evaclar Deumene La Roche-Posay Cream - 40 ml"
5382,2,"كريم ترطيب وتصحيح البشرة  ايفاكلار ديومن لاروش بوزاي - 40مل"
5383,1,"Honey and Collagen Mask - Spa System - Single Mask"
5383,2,"قناع العسل والكولاجين -سبا سيستم  - قناع واحد"
5384,1,"Aloe Vera and Collagen Face Mask - Spa System - 1 Sheet"
5384,2,"قناع الصبار والكولاجين -سبا سيستم  - قناع واحد"
5385,1,"Rose Petals and Collagen Mask - Spa System - 1 Mask"
5385,2,"قناع بتلات الورد  والكولاجين -سبا سيستم  - قناع واحد"
5386,1,"Pomegranate and Collagen Mask - Spa System - 1 Sheet"
5386,2,"قناع الرمان والكولاجين -سبا سيستم  - قناع واحد"
5387,1,"Charcoal and Collagen Mask - Spa System - 1 Mask"
5387,2,"قناع الفحم والكولاجين -سبا سيستم  - قناع واحد"
5388,1,"Green Tea and Collagen Face Mask - Spa System - 1 Mask"
5388,2,"قناع الشاي الاخضر والكولاجين -سبا سيستم  - قناع واحد"
5390,1,"Closeup Red Toothpaste 25ml"
5390,2,"معجون أسنان كلوس أب احمر 25مل"
5391,1,"QV Baby Moisturising Lotion 500g"
5391,2,"لوشن مرطب للأطفال من كيوفي 500جم"
5392,1,"Dove Pink Beauty Cream Bar 125g"
5392,2,"قالب كريم الجمال زهري من دوڤ  125 جم"
5393,1,"Lifebuoy Total 10 Bar Soap, 70g"
5393,2,"صابون لايفبوي  المتكامل 10،  70 جم"
5394,1,"Dettol Original Bar Soap for Hands 70g"
5394,2,"صابون ديتول الاصلي لليدين 70جم"
5395,1,"Max Fresh Mini Toothbrush Set - Pack of 24"
5395,2,"مجموعة مكونة من 24 فرشاة اسنان صغير ماكس فريش"
5396,1,"Peppermints Breath Freshener Strips - Mint Flavor 5g"
5396,2,"شرائح لرائحة الفم بالنعناع من بيبرمينتس 5جم"
5397,1,"Disaar Sunscreen Lotion - 50g"
5397,2,"لوشن واقي من الشمس من ديسار- 50جرام"
5398,1,"NanoBeauty Fruit Extract Moisturizing Hand Cream - 50g"
5398,2,"كريم نانو  مرطب اليدين بخلاصة الفواكه من نانوبيوتي 50جم"
5399,1,"Fine Baby Junior Diapers +16 Sleeves, Size (6), Number of Pieces (36)"
5399,2,"حفاضات فاين بيبي  جونيور  +16كم  مقاس (6) عدد القطع( 36 )"
5400,1,"Fine Baby Diapers Junior, Size 3 (Medium), 4-9 kg, 52 Pieces"
5400,2,"حفاضات فاين بيبي  جونيور  من 4 الى 9 كم وسط  مقاس (3) عدد القطع( 52 )"
5403,1,"Fine Baby Junior Diapers Box, Size 5 (Maxi), 11-18 kg, 80 Pieces"
5403,2,"صندوق حفاضات فاين بيبي  جونيور من 11 الى 18 كم ماكسي مقاس (5) عدد القطع( 80 )"
5404,1,"Fine Baby Junior Diapers Box, Size 4 Large (7-14 kg), 96 Pieces"
5404,2,"صندوق حفاضات فاين بيبي  جونيورمن 7 الى 14كم مقاس (4) كبير عدد القطع( 96 )"
5451,1,"J.Castal Liquid Lipstick No. 212 - LIP GLOSS"
5451,2,"احمر شفاه سائل رقم212 من جي كاستال LIP GLOSS"
5452,1,"J.Castal Liquid Lipstick No. 208 - LIP GLOSS"
5452,2,"احمر شفاه سائل رقم208 من جي كاستال LIP GLOSS"
5453,1,"J.Castal Liquid Lipstick No. 220 - LIP GLOSS"
5453,2,"احمر شفاه سائل رقم220من جي كاستال LIP GLOSS"
5454,1,"J.Castal Liquid Lipstick No. 206 - LIP GLOSS"
5454,2,"احمر شفاه سائل رقم206 من جي كاستال LIP GLOSS"
5455,1,"J.Castal Liquid Lipstick No. 221 - LIP GLOSS"
5455,2,"احمر شفاه سائل رقم221 من جي كاستال LIP GLOSS"
5456,1,"G.Castal Liquid Lipstick No. 218 - LIP GLOSS"
5456,2,"احمر شفاه سائل رقم218 من جي كاستال LIP GLOSS"
5457,1,"J.Castal Liquid Lipstick No. 219 - LIP GLOSS"
5457,2,"احمر شفاه سائل رقم219 من جي كاستال LIP GLOSS"
5458,1,"G.Castal Liquid Lipstick LIP GLOSS - Shade 209"
5458,2,"احمر شفاه سائل رقم209من جي كاستال LIP GLOSS"
5459,1,"G.Castal Liquid Lipstick No. 203 - LIP GLOSS"
5459,2,"احمر شفاه سائل رقم203 من جي كاستال  LIP GLOSS"
5460,1,"J.Castal Liquid Lipstick No. 211 LIP GLOSS"
5460,2,"احمر شفاه سائل رقم211 من جي كاستال LIP GLOSS"
5461,1,"G.Castal Liquid Lipstick No. 215 - LIP GLOSS"
5461,2,"احمر شفاه سائل رقم215من جي كاستال LIP GLOSS"
5462,1,"J.Castal Liquid Lipstick No. 207 - LIP GLOSS"
5462,2,"احمر شفاه سائل رقم207 من جي كاستال LIP GLOSS"
5465,1,"Eveline Liquid Lipstick - Shade No. 13"
5465,2,"احمر شفاه سائل من  ايفيلين رقم (13)"
5466,1,"Eveline Liquid Lipstick - Shade No. 12"
5466,2,"احمر شفاه سائل من  ايفيلين رقم (12)"
5467,1,"Eveline Liquid Lipstick - Shade No. 25"
5467,2,"احمر شفاه سائل من  ايفيلين رقم (25)"
5468,1,"Eveline Liquid Lipstick - Shade (24)"
5468,2,"احمر شفاه سائل من  ايفيلين رقم (24)"
5469,1,"Eveline Liquid Lipstick No. (33)"
5469,2,"احمر شفاه سائل من  ايفيلين رقم (33)"
5470,1,"Eveline Liquid Lipstick - Shade No. (32)"
5470,2,"احمر شفاه سائل من  ايفيلين رقم (32)"
5471,1,"Eveline Liquid Lipstick - Shade (01)"
5471,2,"احمر شفاه سائل من  ايفيلين رقم (01)"
5472,1,"Eveline Liquid Lipstick - Shade (02)"
5472,2,"احمر شفاه سائل من  ايفيلين رقم (02)"
5473,1,"Eveline Liquid Lipstick - Shade No. 20"
5473,2,"احمر شفاه سائل من  ايفيلين رقم (20)"
5474,1,"Eveline Liquid Lipstick - Shade No. 21"
5474,2,"احمر شفاه سائل من  ايفيلين رقم (21)"
5475,1,"Eveline Liquid Lipstick No. (27)"
5475,2,"احمر شفاه سائل من  ايفيلين رقم (27)"
5476,1,"Eveline Liquid Lipstick - Shade No. 26"
5476,2,"احمر شفاه سائل من  ايفيلين رقم (26)"
5477,1,"Eveline Lip Tint & Stain No. (03)"
5477,2,"تنت مورد شفاه  ايفيلين رقم (03)"
5478,1,"Eveline Liquid Lipstick - Shade No. 16"
5478,2,"احمر شفاه سائل من  ايفيلين رقم (16)"
5479,1,"Eveline Liquid Lipstick No. (17)"
5479,2,"احمر شفاه سائل من  ايفيلين رقم (17)"
5480,1,"Eveline Liquid Lipstick - Shade No. 28"
5480,2,"احمر شفاه سائل من  ايفيلين رقم (28)"
5481,1,"Eveline Liquid Lipstick - Shade No. 29"
5481,2,"احمر شفاه سائل من  ايفيلين رقم (29)"
5482,1,"Eveline Liquid Lipstick - Shade (34)"
5482,2,"احمر شفاه سائل من  ايفيلين رقم (34)"
5483,1,"Eveline Liquid Lipstick - Shade No. 35"
5483,2,"احمر شفاه سائل من  ايفيلين رقم (35)"
5484,1,"Eveline Liquid Lipstick - Shade (03)"
5484,2,"احمر شفاه سائل من  ايفيلين رقم (03)"
5485,1,"Eveline Liquid Lipstick - Shade No. 05"
5485,2,"احمر شفاه سائل من  ايفيلين رقم (05)"
5486,1,"Eveline Liquid Lipstick No. 18"
5486,2,"احمر شفاه سائل من  ايفيلين رقم (18)"
5487,1,"Eveline Liquid Lipstick - Shade No. 19"
5487,2,"احمر شفاه سائل من  ايفيلين رقم (19)"
5488,1,"Eveline Liquid Lipstick - Shade No. 10"
5488,2,"احمر شفاه سائل من  ايفيلين رقم (10)"
5489,1,"Eveline Liquid Lipstick - Shade No. 11"
5489,2,"احمر شفاه سائل من  ايفيلين رقم (11)"
5490,1,"Eveline Liquid Lipstick - Shade (06)"
5490,2,"احمر شفاه سائل من  ايفيلين رقم (06)"
5491,1,"Eveline Liquid Lipstick - Shade No. 22"
5491,2,"احمر شفاه سائل من  ايفيلين رقم (22)"
5492,1,"Eveline Liquid Lipstick - Shade No. 23"
5492,2,"احمر شفاه سائل من  ايفيلين رقم (23)"
5494,1,"Essence Gel Nail Colour - Shade 44, 8ml"
5494,2,"طلاء أظافر  جل- درجة لون  44 من ايسنس 8مل"
5495,1,"Essence Gel Nail Colour - Shade 37, 8ml"
5495,2,"طلاء أظافر  جل- درجة لون  37 من ايسنس 8مل"
5496,1,"Essence Gel Nail Colour - Shade 01, 8ml"
5496,2,"طلاء أظافر  جل- درجة لون  01من ايسنس 8مل"
5497,1,"Essence Gel Nail Colour - Shade 29, 8ml"
5497,2,"طلاء أظافر  جل- درجة لون  29 من ايسنس 8مل"
5498,1,"Nail polish - shade 58 from Essence, 8 ml"
5498,2,"طلاء أظافر  جل- درجة لون  58 من ايسنس 8مل"
5499,1,"Essence Gel Nail Colour - Shade 57, 8ml"
5499,2,"طلاء أظافر  جل- درجة لون  57من ايسنس 8مل"
5500,1,"Essence Gel Nail Colour - Shade 59, 8ml"
5500,2,"طلاء أظافر  جل- درجة لون  59من ايسنس 8مل"
5501,1,"Essence Gel Nail Colour - Shade 12, 8ml"
5501,2,"طلاء أظافر  جل- درجة لون  12من ايسنس 8مل"
5502,1,"Essence Gel Nail Colour - Shade 46, 8ml"
5502,2,"طلاء أظافر  جل- درجة لون  46 من ايسنس 8مل"
5503,1,"Essence Gel Nail Colour - Shade 40, 8ml"
5503,2,"طلاء أظافر  جل- درجة لون  40من ايسنس 8مل"
5504,1,"Essence Gel Nail Colour - Shade 39, 8ml"
5504,2,"طلاء أظافر  جل- درجة لون  39 من ايسنس 8مل"
5505,1,"Essence Gel Nail Colour - Shade 38, 8ml"
5505,2,"طلاء أظافر  جل- درجة لون  38 من ايسنس 8مل"
5506,1,"Essence Gel Nail Colour - Shade 47, 8ml"
5506,2,"طلاء أظافر  جل- درجة لون  47من ايسنس 8مل"
5507,1,"Essence Gel Nail Colour - Shade 08, 8ml"
5507,2,"طلاء أظافر  جل- درجة لون  08 من ايسنس 8مل"
5508,1,"Essence Gel Nail Colour - Shade 14, 8ml"
5508,2,"طلاء أظافر  جل- درجة لون  14من ايسنس 8مل"
5509,1,"Essence Gel Nail Colour - Shade 62, 8ml"
5509,2,"طلاء أظافر  جل- درجة لون  62من ايسنس 8مل"
5510,1,"Essence Gel Nail Colour - Shade 51, 8ml"
5510,2,"طلاء أظافر  جل- درجة لون  51من ايسنس 8مل"
5511,1,"Essence Gel Nail Colour - Shade 01, 8ml"
5511,2,"طلاء أظافر  جل- درجة لون  01 من ايسنس 8مل"
5512,1,"Essence Gel Nail Colour - Shade 001, 8ml"
5512,2,"طلاء أظافر  جل- درجة لون  001 من ايسنس 8مل"
5513,1,"Essence Gel Nail Colour - Shade 05, 8ml"
5513,2,"طلاء أظافر  جل- درجة لون  05 من ايسنس 8مل"
5514,1,"Essence Nail Strengthening Gel 8ml"
5514,2,"جل مقوي اظافر من ايسنس 8مل"
5515,1,"Essence Nail Gloss & Strengthener Gel - 8ml"
5515,2,"جل ملمع و مقوي اظافر من ايسنس 8مل"
5516,1,"Essence Gel Nail Colour - 8ml"
5516,2,"طلاء أظافر  جل- درجة لون  من ايسنس 8مل"
5517,1,"G.Castal Liquid Lipstick No. 221"
5517,2,"احمر شفاه سائل رقم221 من جي كاستال"
5518,1,"Eveline Lip Tint - Shade No. (04)"
5518,2,"تنت مورد شفاه  ايفيلين رقم (04)"
5519,1,"Eveline White Liquid Eyeliner"
5519,2,"كحل سائل اببيض من ايفيلين"
5520,1,"Eveline Black Liquid Eyeliner"
5520,2,"كحل سائل اسود من ايفيلين"
5521,1,"Foot Deodorant Powder 198g"
5521,2,"بودرة للروائح الكريهة للقدم 198 جم"
5522,1,"NWK Lip Tint & Stain"
5522,2,"تنت مورد شفاه nwk"
5548,1,"Essence Skin Glow Serum Primer 30ml"
5548,2,"برايمر سيروم توهج البشره من ايسنس 30مل"
5549,1,"Essence What The Fake! Plumping Lip Filler - Red"
5549,2,"فيلر ملمع شفايف احمر  وات ذا فيك من ايسنس"
5550,1,"Essence What The Fake! Extreme Plumping Lip Filler - 02"
5550,2,"فلير منفخ شفاه 02 وات ذا فيك من ايسنس"
5551,1,"Garnier Ultra Doux Hair Nutrition Mask with Olive Oil - 340ml"
5551,2,"ماسك تغذية الشعر إلترا دوكس من جورنال بزيت الزيتون 340مل"
5552,1,"Journal Baby Shampoo and Conditioner 2 in 1 Bulkers and Soft Almond Ultra Doux 400ml"
5552,2,"شامبو وبلسم اطفال 2في 1 بالكرز والوز الناعم إلترا دوكس من جورنال 400مل"
5553,1,"Energy Armada Blue Hair Styling and Setting Gel - 200ml"
5553,2,"جل تسريح وتثبيت الشعر ازرق انرجي ارمادا 200مل"
5554,1,"Energy Armada Hair Styling and Fixing Gel Red - 200 ml"
5554,2,"جل تسريح وتثبيت الشعر احمر انرجي ارمادا 200 مل"
5555,1,"Energy Armada Hair Styling and Setting Gel Green - 200ml"
5555,2,"جل تسريح وتثبيت الشعر اخضر انرجي ارمادا 200مل"
5556,1,"NIVEA Body Lotion for Extra Dry Skin - 400ml"
5556,2,"لوشن الجسم للبشرة شديدة الجفاف من نيفيا 400مل"
5557,1,"Garnier Ultra Doux Kids 2-in-1 Shampoo and Conditioner with Rice Cream and Oat Milk - 400ml"
5557,2,"شامبو وبلسم للأطفال 2في1 بكريم الارز وحليب الشوفان الترا دوكس من جورنر 400مل"
5558,1,"Johnson's Baby Cologne Morning Dew, Fresh and Gentle Fragrance, 200ml"
5558,2,"كولونيا ندى الصباح للأطفال منعش ولطيف برائحة مورنينغ ديو من جونسون 200 مل"
5560,1,"Mane 'n Tail Moisturizing Horse Conditioner for Hair and Scalp, 355 ml"
5560,2,"بلسم الحصان لترطيب الشعر وفروة الراس من ماني ان تيل، 355 مل"
5561,1,"Mane 'n Tail Deep Moisturizing Conditioner for Hair and Scalp, 355 ml"
5561,2,"بلسم الحصان لترطيب الشعر وفروة الراس من ماني ان تيل، 355 مل"
5562,1,"Skin Smoothing Cream 500ml"
5562,2,"كريم تنعيم البشرة 500 مل"
5563,1,"NOW Solutions European Clay Powder - Bentonite 312g"
5563,2,"مسحوق الطين الهندي البنتونيت  من ناو 312جم"
5564,1,"Frankincense cream to lighten, unify and tighten the skin, natural collagen from Kuwait Shop, 50 grams"
5564,2,"كريم اللبان لتفتيح وتوحيد وشد البشره كولاجين طبيعي من كويت شوب 50جرام"
5565,1,"Nitro Canada Pro-Collagen Oil Replacement for Frizzy Hair Treatment - 300ml"
5565,2,"بديل الزيت بروكولاجين لمعالجة الشعر المجعد من نيترو كندا 300مل"
5566,1,"Nitro Canada Pro-Collagen Oil Replacement for Hair Nourishment and Hydration with Protein - 300ml"
5566,2,"بديل الزيت بروكولاجين لتغذية وترطيب الشعر بالبروتين من نيترو كندا 300مل"
5567,1,"Advanced Italian Botox Collagen Hair Mask - 1000ml"
5567,2,"ماسك الشعر المطور بوتكس كولاجين ايطالي 1000 مل"
5568,1,"Nivea Pearl &amp; Beauty Deodorant Spray for Women, 150ml"
5568,2,"بخاخ مزيل عرق بيرل اند بيوتي من نيفيا للنساء 150مل"
5569,1,"Nivea Fresh Cherry Deodorant for Women with Floral and Fruity Scent - 150ml"
5569,2,"مزيل العرق فريش شيري للنساء برائحة الزهرية والفواكة من نيفيا 150 مل"
5570,1,"Giovanni Mousse Hair Spray 200ml"
5570,2,"بخاخ شعر فوم ماليزي من جيوفاني 200 مل"
5571,1,"Carmex Lip Balm with Sunscreen, Cherry Strawberry Flavor - 3 Pieces (4.25g * 3)"
5571,2,"مرطب شفاة مع واقي شمس بفرولة الكرز ثلاث قطع من كارميكس 4.25*3"
5572,1,"Global Star Herbal Extract Hot Oil Hair Mask - 1.5L"
5572,2,"قناع حمام زيت ماسك للشعر بخلاصة الاعشاب من جلوبال ستار 1.5 لتر"
5573,1,"Pro-Collagen Oil Replacement for Hair Loss Treatment with Coconut - 300ml"
5573,2,"بديل الزيت برو كولاجين لمعالجة تساقط الشعر بجوز الهند 300 مل"
5574,1,"Pro-Collagen Oil Replacement for Damaged Hair Treatment with Argan Oil - 300ml"
5574,2,"بديل الزيت برو كولاجين لمعالجة الشعر التالف بزيت الأرغان 300 مل"
5575,1,"Vagisil Daily Intimate Wash for Women - 354 ml"
5575,2,"غسول نساء يومي للمناطق الحساسه من فاجيسيل 354 مل"
5576,1,"Lipikar Fluid Body Cream for Normal to Dry Skin - 400ml"
5576,2,"كريم الجسم السائل ليبيكار للبشره العادية والجافة 400 مل"
5577,1,"Parodontax Complete Protection Toothpaste to Help Stop Bleeding Gums - 75ml"
5577,2,"معجون اسنان بارودونتكس حمابة متكامل وتوقف نزيف اللثة 75 مل"
5579,1,"Kuwait Shop Dehn Al Oudh Scented Soap 100g"
5579,2,"صابون كويت شوب بعطر دهن العود 100 جرام"
5580,1,"Kuwait Shop Musk Soap for Skin Brightening and Cleansing - 100g"
5580,2,"صابون المسك كويت شوب لتفتيح البشرة وتنظيفها 100 جرام"
5581,1,"Sensodyne Gentle Toothbrush"
5581,2,"فرشاة أسنان هزلي سنسوداين"
5582,1,"Sensodyne Toothbrush"
5582,2,"فرشاة أسنان سنسوداين"
5583,1,"Pure Soft Cotton Pads for Makeup Removal - 80 Pieces"
5583,2,"اقراص قطنية نقية ناعمة لإزالة المكياج 80 قطعه"
5584,1,"Kuwait Shop Moroccan Indigo Soap for Body Fat Removal and Skin Tone Evening - 450g"
5584,2,"صابون النيله المغربيه ازلة دهون الجسم وتوحيد لون البشره من كويت شوب 450 جرام"
5585,1,"Intimate Wash Deodorizing - 240 ml"
5585,2,"غسول للمناطق الحميمة مزيل للرائحة 240 مل"
5586,1,"Cute Sugar Scrub for Skin with Argan Oil and Prickly Pear Oil - 500g"
5586,2,"مقشر السكر كيوت للبشرة بزيت الأرجان وزيت التين الشوكي 500 جرام"
5587,1,"Nail Polish Remover Wet Wipes - 25 Wipes"
5587,2,"مناديل مبلله مزيل طلاء الأظافر 25 منديل"
5588,1,"Vaseline Lip Balm - 4.8g"
5588,2,"مرطب الشفاة من فازلين 4.8 جرام"
5590,1,"Max Elegance Lip Gloss 01"
5590,2,"ملمع شفاه ماكس اليجانس 01"
5591,1,"Max Elegance Lip Gloss 02"
5591,2,"ملمع شفاه ماكس اليجانس 02"
5592,1,"Max Elegance Lip Gloss 05"
5592,2,"ملمع شفاه ماكس اليجانس 05"
5593,1,"Max Elegance Lip Gloss 06"
5593,2,"ملمع شفاه ماكس اليجانس 06"
5594,1,"Max Elegance Lip Gloss 04"
5594,2,"ملمع شفاه ماكس اليجانس 04"
5595,1,"Max Elegance Lip Gloss 03"
5595,2,"ملمع شفاه ماكس اليجانس 03"
5596,1,"Carven C'est Paris for Women - Eau de Parfum, 100ml"
5596,2,"عطر سي باريس للنساء أو دو بارفان  كارفن  100 مل"
5599,1,"La Interdit Eau de Parfum by Givenchy 80ml"
5599,2,"عطر لا انترديت او دو بارفيوم  من جيفنشي   80مل"
5600,1,"Y perfume by Yves Saint Laurent - Eau de Parfum 90 ml"
5600,2,"عطر واي من ايف سان لوران – أو دي بارفيوم  90 مل"
5601,1,"Paradiso Azzurro - Eau de Parfum by Roberto Cavalli 75ml"
5601,2,"عطر  باراديسو أزورو - او دو بارفيوم من روبرتو كافالي 75مل"
5602,1,"Paradiso - Eau de Parfum by Roberto Cavalli 75ml"
5602,2,"عطر  باراديسو  - او دو بارفيوم من روبرتو كافالي 75مل"
5603,1,"Eau de Parfum by Roberto Cavalli 75ml"
5603,2,"عطر او دو بارفيوم من روبرتو كافالي 75مل"
5605,1,"Paradiso Assoluto Red - Eau de Parfum by Roberto Cavalli 75ml"
5605,2,"عطر  باراديسو اسولوتو الاحمر- او دو بارفيوم من روبرتو كافالي 75مل"
5606,1,"Dior Sauvage Eau de Toilette for Men - 100ml"
5606,2,"عطر سوفاج  او دو تواليت من ديور للرجال 100مل"
5607,1,"My Dynasty Princess Eau de Parfum by Princess Marina de Bourbon 100ml"
5607,2,"عطر ماي داينستي برينسيس او دو بارفان من ‎برينسيس مارينا دي بوربون 100مل"
5609,1,"Narciso Crystal Musk - Eau de Parfum by Narciso Rodriguez for Women, 90ml"
5609,2,"عطر نارسيسو كريستال مسك - او دي بارفيوم من نارسيسو رودريغز للنساء  90مل"
5610,1,"Narciso Ambre - Eau de Parfum by Narciso Rodriguez for Women 90ml"
5610,2,"عطر نارسيسو عمبر - او دي بارفيوم من نارسيسو رودريغز للنساء  90مل"
5611,1,"Narciso Rouge - Eau de Parfum by Narciso Rodriguez for Women 90ml"
5611,2,"عطر نارسيسو روج- او دي بارفيوم من نارسيسو رودريغز للنساء  90مل"
5613,1,"Scandal Jean Paul Gaultier Eau de Parfum 80 ml"
5613,2,"عطر او دي بارفان سكاندال من جان بول غوتييه 80 مل"
5614,1,"Scandal Night Eau de Parfum by Jean Paul Gaultier 80 ml"
5614,2,"عطر او دي بارفان سكاندال نايت من جان بول غوتييه 80 مل"
5615,1,"So Scandal Eau de Parfum by Jean Paul Gaultier 80 ml"
5615,2,"عطر او دي بارفان سو سكاندال من جان بول غوتييه 80 مل"
5616,1,"Carolina Herrera 212 VIP Rosé Eau de Parfum - 80ml"
5616,2,"عطر  في اي بي روز او دي بارفان  من  كارولينا هيريرا 212   80 مل"
5617,1,"VIP perfume for men Eau de Toilette by Carolina Herrera 212 100 ml"
5617,2,"عطر في اي بي  للرجال او دي تواليت من  كارولينا هيريرا 212   100 مل"
5619,1,"NYC perfume for men Eau de Toilette by Carolina Herrera 212 100 ml"
5619,2,"عطر NYC للرجال او دي تواليت من  كارولينا هيريرا 212   100 مل"
5620,1,"Sexy Eau de Parfum by Carolina Herrera 212 100 ml"
5620,2,"عطر سكسي  او دي بارفان  من  كارولينا هيريرا 212   100 مل"
5621,1,"VIP Eau de Parfum by Carolina Herrera 212 80 ml"
5621,2,"عطر  في اي بي او دي بارفان  من  كارولينا هيريرا 212   80 مل"
5622,1,"VIP Black Eau de Parfum by Carolina Herrera 212 100 ml"
5622,2,"عطر  في اي بي بلاك او دي بارفان  من  كارولينا هيريرا 212   100 مل"
5623,1,"Pasha de Cartier Edition Noir Eau de Toilette by Cartier 100 ml"
5623,2,"عطر  باشا  الذهبي دي كارتير  ايديشن نوار  او دو تواليت  من  كارتير   100 مل"
5624,1,"Guess Man Eau de Toilette, 75 ml"
5624,2,"عطر أو دو تواليت من  جيس مان، 75 مل"
5625,1,"Guess Seductive Homme Noir Eau de Toilette for Men, 100 ml"
5625,2,"عطر سيداكتيف هوم نوير أو دو تواليت من  جيس مان، 100 مل"
5626,1,"By Marciano Eau de Toilette by Guess Man, 100 ml"
5626,2,"عطر   باي مارسيانو أو دو تواليت من  جيس مان، 100 مل"
5627,1,"Guess Pink for Women Eau de Parfum, 75 ml"
5627,2,"العطر الوردي للنساء او دي بارفان من  جيس ، 75 مل"
5628,1,"Seductive perfume for women, Eau de Toilette by Guess, 75 ml"
5628,2,"عطر سدكتيف للنساء أو دو تواليت من  جيس ، 75 مل"
5629,1,"Pasha Black de Cartier Edition Noir Eau de Toilette by Cartier 100 ml"
5629,2,"عطر  باشا  الاسود دي كارتير  ايديشن نوار  او دو تواليت  من  كارتير   100 مل"
5630,1,"Cartier Baiser Vole for Women - Eau de Parfum, 100ml"
5630,2,"عطر   بايسير فولي للنساء  او دو بارفيوم  من  كارتير   100 مل"
5631,1,"La Panthere Edition for Women Eau de Parfum by Cartier 75 ml"
5631,2,"العطر الزهري لا بانثر  أديشن للنساء  او دو بارفيوم  من  كارتير   75 مل"
5632,1,"La Panthere Limited Edition for Women Eau de Parfum by Cartier 75 ml"
5632,2,"العطر الذهبي لا بانثر ليمتد أديشن للنساء  او دو بارفيوم  من  كارتير   75 مل"
5633,1,"Lady Eau de Parfum by Korloff Paris 88 ml"
5633,2,"عطر ليدي  او دو بارفيوم  من  كورلوف باريس   88 مل"
5634,1,"In White perfume for men Eau de Toilette by Korloff Paris 88 ml"
5634,2,"عطر ان وايت للرجال  او دي تواليت من  كورلوف باريس   88 مل"
5635,1,"Korloff Paris Royal Oud Unisex Eau de Parfum - 88 ml"
5635,2,"عطر رويال عود للجنسين  او دو بارفيوم  من  كورلوف باريس   88 مل"
5636,1,"Labelle Eau de Parfum by Jean Paul Gaultier 100 ml"
5636,2,"عطر لابيل  او دو بارفيوم  من جين بول جوتييه  100 مل"
5637,1,"La Belle Eau de Parfum, the new formula by Jean Paul Gaultier, 100 ml"
5637,2,"عطر لابيل  او دو بارفيوم الصيغة الجديدة من جين بول جوتييه  100 مل"
5638,1,"Symbol Lady Eau de Parfum by Princess Marina de Bourbon 100 ml"
5638,2,"عطر سيمبول ليدي او دو بارفيوم  من برينسيس مارينا دي بوربون  100 مل"
5639,1,"Monsieur Le Prince Elegant Eau de Parfum by Princess Marina de Bourbon 100 ml"
5639,2,"عطر مونسيور لو برنس اليجانت او دو بارفيوم  من برينسيس مارينا دي بوربون  100 مل"
5640,1,"Tendre Reference Eau de Parfum by Princess Marina de Bourbon 100 ml"
5640,2,"عطر  تيندري ريفرينس او دو بارفيوم  من برينسيس مارينا دي بوربون  100 مل"
5641,1,"Monsieur Le Prince Intense Eau de Parfum by Princesse Marina de Bourbon 100ml"
5641,2,"عطر مونسيور لو برنس انتنس او دو بارفيوم  من برينسيس مارينا دي بوربون  100 مل"
5642,1,"Sebionex Hydra Moisturizing Cream - 40 ml"
5642,2,"كريم الإصلاح سيبيونيكس هايدرا خالي من العطور من اي سي ام , 40 مل"
5643,1,"Glysolid Moisturizing Cream 175 ml"
5643,2,"كريم مرطب جليسوليد 175 مل"
5644,1,"Humana Infant Milk Formula Stage 1 (0-6 Months) - 600g"
5644,2,"حليب للرضع من عمر الولادة إلى 6 أشهر من هيومانا 1600جم"
5645,1,"Humana Follow-On Formula Milk for 6 to 12 Months - 1600g"
5645,2,"حليب لمتابعة الرضاعة من عمر 6 الى 12شهر من هيومانا 1600جم"
5646,1,"Nuralac Plus Growing-Up Milk Stage 3, 1 to 3 Years - 900g"
5646,2,"حليب اطفال نيورالاك بلص في طور النمو من 1 الى 3 سنوات 900جم"
5648,1,"Nuralac Plus Growing-Up Baby Milk Stage 3 (1 to 3 Years) - 1.7kg"
5648,2,"حليب اطفال نيورالاك بلص في طور النمو من 1 الى 3 سنوات 1.7كم"
5649,1,"Keratin protein shampoo for damaged and curly hair Concept 500 ml"
5649,2,"شامبو بروتين كيراتين للشعر التالف والمجعد كونسبت 500مل"
5650,1,"Zero Protein and Keratin Hair Mask - 1000g"
5650,2,"ماسك الشعر بالبروتين والكيراتين من زيرو 1000جرام"
5651,1,"Palma Pure Natural Petroleum Jelly for Skin Care - 1000 ml"
5651,2,"جل فازلين طبيعي نقي للعناية بالبشرة من بالما 1000 مل"
5652,1,"Palma Pure Natural Petroleum Jelly for Skin Care - 500ml"
5652,2,"جل فازلين طبيعي نقي للعناية بالبشرة من بالما 500 مل"
5653,1,"Rosemary shampoo, Kuwait Shop, to soften and thicken hair, 450 ml"
5653,2,"شامبو إكليل الجبل كويت شوب لتنعيم وتكثيف الشعر 450مل"
5654,1,"Al-Arousa Aker Fassi Soap Paste - 300g"
5654,2,"صابونية العكر الفاسي العروسة 300 جرام"
5655,1,"Rexona Women's Deodorant and Fragrance Spray 200ml"
5655,2,"بخاخ مزيل العرق ومعطر ريكسونا نسائي 200مل"
5656,1,"Parachute Coconut Enriched Hair Oil with Aloe Vera - 150ml"
5656,2,"زيت جوز الهند بالصبار للشعر من باراشوت 150مل"
5657,1,"Yoko Cracked Heel Cream with Coenzyme Q10 - 50g"
5657,2,"كريم تشقق كعب القدم من يوكو لانزيم Q10 50 جرام"
5658,1,"Spa System Magic Blue Gel Socks for Moisturizing and Softening Feet"
5658,2,"جوارب جل سحرية ازرق لترطيب وتنعيم القدمين من سبا سيستم"
5659,1,"Eucerin Lip Active Lip Balm 4.8g"
5659,2,"مرطب شفاه لب اكتف من يويسرين 4.8 جم"
5661,1,"L'Oréal Paris Hair Color Light Brown 5.0"
5661,2,"صبغة الشعر لوريال باريس بني فاتح 5.0"
5662,1,"Carefree daily pads with aloe vera scent, 30 pads"
5662,2,"فوط يومية كير فري برائحة الصبار 30 فوطة"
5663,1,"NIVEA Baby Shampoo & Bath for Full Body - 500ml"
5663,2,"شامبو للاطفال وسائل استحمام لكامل الجسم من نيفيا 500 مل"
5664,1,"NIVEA Cocoa Butter Body Cream 50ml"
5664,2,"كريم الجسم بزبدة الكاكاو من نيفيا 50مل"
5665,1,"Lady Speed Stick Satin Flower Deodorant for Men & Women - 65g"
5665,2,"مزيل العرق ليد اسبيد استيك بزهرة الستان للجنسين 65 غم"
5667,1,"Mielle Pomegranate & Honey Moisturizing and Detangling Shampoo - 355ml"
5667,2,"شامبو بالرمان والعسل لترطيب وفك التشابك من ميل 355مل"
5668,1,"Mielle Mongongo Oil Thermal & Curl Elixir Spray - 240ml"
5668,2,"بخاخ مونغونجو  يلمع ويثبت الشعر من ميل 240مل"
5669,1,"Pure Beauty Sunscreen Lotion SPF 50+ 200ml"
5669,2,"لوشن واقي شمس بمعامل حماية 50+ من بيور بيوتي 200مل"
5670,1,"Mielle Rice Water Moisturizing & Shine Hair Spray - 118ml"
5670,2,"رذاذ ماء الارز لترطيب ولمعان الشعر من ميلي 118مل"
5672,1,"Mielle Organics Rice Water Split End Therapy 59ml"
5672,2,"علاج تقصف الشعر بماء الارز من ميل اورجانيكس 59مل"
5673,1,"Miele Mint Nourishing Conditioner 52ml"
5673,2,"بلسم مغذي الشعر بالنعناع من ميلي 52مل"
5674,1,"Miele Mint Hair Strengthening Shampoo 52ml"
5674,2,"شامبو تقوية الشعر بالنعناع من ميلي 52مل"
5675,1,"De La Cruz Rosemary Oil for Hair Nourishment and Scalp Care - 236ml"
5675,2,"زيت روز ماري يغذي الشعر ويعالج الفروه  من دي لاكروز 236مل"
5676,1,"De La Cruz Vegetable Glycerin Liquid Oil for Hair and Skin - 236ml"
5676,2,"زيت الجلسرين النباتي سائل للشعر والبشرة  من دي لاكروز 236مل"
5677,1,"De La Cruz Natural Pressed Olive Oil for Hair and Skin - 236ml"
5677,2,"زيت الزيتون طبيعي مظغوط للشعر والبشرة من دي لاكروز 236مل"
5678,1,"De La Cruz Vegetable Glycerin Liquid Oil for Hair and Skin - 59ml"
5678,2,"زيت الجلسرين النباتي سائل للشعر والبشرة  من دي لاكروز 59مل"
5679,1,"De La Cruz Natural Pressed Olive Oil for Hair and Skin - 59ml"
5679,2,"زيت الزيتون طبيعي مظغوط للشعر والبشرة من دي لاكروز 59مل"
5680,1,"De La Cruz Grapeseed Oil for Hair and Skin - 59ml"
5680,2,"زيت بذور العنب المعصور للشعر والبشرة  من دي لاكروز 59مل"
5681,1,"De La Cruz Jojoba Oil for Hair and Skin - 59ml"
5681,2,"زيت جوجوبا للشعر والبشرة  من دي لاكروز 59مل"
5682,1,"De La Cruz Aceite Dul Hair Oil 118ml"
5682,2,"زيت الدب اسيت دول للشعر من دي لاكروز 118مل"
5683,1,"De La Cruz Vitamin E Oil for Hair and Skin - 30ml"
5683,2,"زيت فيتمين اي  للشعر والبشرة  من دي لاكروز 30مل"
5684,1,"De La Cruz Vitamin E Oil for Hair, Skin, and Face - 65ml"
5684,2,"زيت فيتمين اي  للشعر والبشرة والوجة من دي لاكروز 65مل"
5685,1,"Jardin Oleane Moroccan Bath Set with Rose Scent"
5685,2,"المجموعة المغربيه للحمام برائحة الورد من جاردن اوليان"
5686,1,"Moroccan Bath Set with Aker Fassi: Moroccan Soap, Ghassoul Mask, and Loofah by Jardin Oleane"
5686,2,"المجموعة المغربيه للحمام بالعكر الفاسي مكون من صابون مغربي وماسك لاغون وليفه من جاردن اوليان"
5687,1,"Jardin Oleane Moroccan Bath Set with Blue Nila - Includes Soap 80g, Two Masks 100g, and Loofah"
5687,2,"المجموعة المغربيه للحمام بالنيله الزرقاء مكون من صابون 80 جم ووقناعين100جم  وليفه من جاردن اوليان"
5688,1,"Jardin Oleane Rosemary Hair Volumizing Shampoo - 380ml"
5688,2,"شامبو روز ماري لعلاج تكثيف الشعر اكليل الجبل من جاردن اوليان 380مل"
5689,1,"Jardin Oleane Rosemary Oil Hair Strengthening Spray - 250ml"
5689,2,"بخاخ بزيت اكليل الجبل مقوي الشعر من جاردن اوليان 250مل"
5690,1,"Jardin d'Oleane Aloe Vera Water for Face and Body - 250ml"
5690,2,"ماء الألوفيرا للوجه والجسم  من جاردن دي اوليان 250ملش"
5691,1,"Jardin Oleane Coffee Scalp Scrub - 250g"
5691,2,"مقشر فروة الراس بالقهوه من جاردن اوليان 250جرام"
5692,1,"Jardin Oleane Blue Nila Face and Body Scrub Cream - 500ml"
5692,2,"كريم مقشر الوجة والجسم بالنيله الزرقاء من جاردن اوليان 500مل"
5693,1,"Jardin Oleane Coffee Face and Body Scrub Cream - 500ml"
5693,2,"كريم مقشر الوجة والجسم بالقهوه من جاردن اوليان 500مل"
5694,1,"Spa System Magic Purple Gel Socks for Moisturizing and Softening Feet"
5694,2,"جوارب جل سحرية بنفسجي لترطيب وتنعيم القدمين من سبا سيستم"
5695,1,"Sacoflex Massage Cream 100g"
5695,2,"كريم مساج ساكوفليكس 100جرام"
5696,1,"Beauty System Baby Wet Wipes, Unscented & Alcohol-Free, 100 Wipes"
5696,2,"مناديل اطفال بيوتي سيستم مبلله غير معطرة خالي من الكحول 100منديل"
5697,1,"Pure Water Baby Wipes for Sensitive and Normal Skin - 30 Wipes"
5697,2,"مناديل اطفال مبلله بالماء النقي للبشرة الحساسه والعادية 30 منديل"
5698,1,"Cosmo Heel Balm for Dry and Rough Feet - 50ml"
5698,2,"بلسم كعب كوزمو للاقدام الجافة والخشنه 50مل"
5699,1,"Heartleaf 77% Soothing Toner for Skin Hydration and Balance - 250ml"
5699,2,"تونر هارتليف77% لتلطيف وترطيب البشرة وتوازنها 250مل"
5700,1,"COSRX Lip Refresh Vitamin C Lip Plumper 20g"
5700,2,"مرطب الشفاة بفيتمين سي من كوزركس 20جرام"
5701,1,"COSRX Balancium Ceramide Lip Butter Sleeping Mask 20g"
5701,2,"قناع زبدة الشفاة بالانيسيوم من كوزركس 20غرام"
5702,1,"COSRX Full Fit Propolis Lip Sleeping Mask 20g"
5702,2,"قناع للشفاة بالبروبوليس من كوزركس 20غرام"
5703,1,"Bolver Nail Polish No. 640 - 11 ml"
5703,2,"طلاء أظافر رقم 640 من بوليفير 11 مل"
5704,1,"Bolver Nail Polish No. 710 - 11 ml"
5704,2,"طلاء أظافر رقم 710 من بوليفير 11 مل"
5705,1,"Bolver Nail Polish No. 627 - 11 ml"
5705,2,"طلاء أظافر رقم 627 من بوليفير 11 مل"
5706,1,"Bolver Nail Polish No. 647 - 11 ml"
5706,2,"طلاء أظافر رقم 647 من بوليفير 11 مل"
5707,1,"Boliver Nail Polish No. 602 - 11 ml"
5707,2,"طلاء أظافر رقم 602من بوليفير 11 مل"
5708,1,"Nuralac Follow-on Baby Formula, Stage 2, 6 to 12 Months, 900g"
5708,2,"حليب اطفال نيورالاك  في طور متابعة النمو  من 6 الى 12 شهر 900جم"
5709,1,"Fabimilk 2 Follow-on Milk Formula, Cow's Milk-Based, 6-12 Months, 900g"
5709,2,"حليب اطفال فبي ميلك 2  مشتق من حليب الابقار من 6 الى12شهر 900جم"
5711,1,"Bolver Nail Polish No. 15-656 - 11 ml"
5711,2,"طلاء أظافر رقم 15-656 من بوليفير 11 مل"
5712,1,"Bolver Nail Polish No. 739 - 11 ml"
5712,2,"طلاء أظافر رقم 739من بوليفير 11 مل"
5713,1,"Bolver Nail Polish No. 729 - 11 ml"
5713,2,"طلاء أظافر رقم 729من بوليفير 11 مل"
5714,1,"Bolver Nail Polish No. 709 - 11 ml"
5714,2,"طلاء أظافر رقم 709من بوليفير 11 مل"
5715,1,"Bolver Nail Polish No. 654 - 11 ml"
5715,2,"طلاء أظافر رقم 654من بوليفير 11 مل"
5716,1,"Bolver Nail Polish No. 619 - 11 ml"
5716,2,"طلاء أظافر رقم 619من بوليفير 11 مل"
5717,1,"Boliver Nail Polish No. 697 - 11 ml"
5717,2,"طلاء أظافر رقم 697من بوليفير 11 مل"
5718,1,"Boliver Nail Polish No. 14-652 - 11 ml"
5718,2,"طلاء أظافر رقم 14-652من بوليفير 11 مل"
5719,1,"Bolver Nail Polish No. 743 - 11 ml"
5719,2,"طلاء أظافر رقم 743من بوليفير 11 مل"
5720,1,"Bolver Nail Polish No. 618 - 11 ml"
5720,2,"طلاء أظافر رقم 618من بوليفير 11 مل"
5721,1,"Bolver Nail Polish No. 704 - 11 ml"
5721,2,"طلاء أظافر رقم 704 من بوليفير 11 مل"
5722,1,"Bolver Nail Polish No. 624 - 11 ml"
5722,2,"طلاء أظافر رقم 624من بوليفير 11 مل"
5723,1,"Bolver Nail Polish No. 768 - 11 ml"
5723,2,"طلاء أظافر رقم 768من بوليفير 11 مل"
5724,1,"Bolver Nail Polish No. 631 - 11 ml"
5724,2,"طلاء أظافر رقم 631 من بوليفير 11 مل"
5725,1,"Bolver Nail Polish No. 742 - 11 ml"
5725,2,"طلاء أظافر رقم 742من بوليفير 11 مل"
5726,1,"Fabimilk 3 Baby Milk, Cow's Milk-Based Formula for 1-3 Years - 900g"
5726,2,"حليب اطفال فبي ميلك 3  مشتق من حليب الابقار من 1 الى3سنوات  900جم"
5727,1,"Novalac 1 Infant Formula Derived from Cow's Milk, From Birth to 6 Months, 800g"
5727,2,"حليب اطفال نوفالاك 1 مخصص للرضع مشتق من حليب الابقار من الولادة حتى 6 اشهر 800جم"
5728,1,"Lovely Touch Eau de Parfum. From Brand G for men. 100 ml"
5728,2,"عطر لأفلي تاتش  او دي بارفيوم. من برند جي رجالي. 100ملي"
5729,1,"Lovely Touch Eau de Parfum. From Brand G. Women's 100 ml"
5729,2,"عطر لأفلي تاتش  او دي بارفيوم. من برند جي . نسائي 100ملي"
5730,1,"Beauty of Joseon Ginseng Cleansing Oil - 210 ml"
5730,2,"غسول زيتي بخلاصة الجينسنغ من بيوتي أوف جوسون   210 مل"
5731,1,"Beauty of Joseon Glow Deep Serum: Rice + Arbutin - 30ml"
5731,2,"سيروم جلو ديب بخلاصة الأرز + الأربوتين من بيوتي اوف جوسون - 30مل"
5732,1,"Bourjois Twist Up The Volume Mascara - Ultra Black"
5732,2,"ماسكرا تويست اب ذا فوليوم من برجوا - الترا بلاك"
5733,1,"Color Wow Anti-Frizz Spray - 200ml"
5733,2,"بخاخمعالج  لمقاومة تجعد الشعر من كولور واو - 200مل"
5734,1,"PFB Vanish Chromabrite Skin Whitening and Peeling Serum 93g"
5734,2,"سيروم تقشير وتفتيح البشرة كرومابرايت من بي اف بي فانش 93جم"
5735,1,"Eveline Lip Tint - Shade (02)"
5735,2,"تنت مورد شفاه  ايفيلين رقم (02)"
5736,1,"Eveline Lip Tint No. 01"
5736,2,"تنت مورد شفاه  ايفيلين رقم (01)"
5737,1,"Miss Jessie's Grow Strong Mafura Hair Oil 49g"
5737,2,"زيت شعرقرو سترونج مافورا من ميس جيسيس 49جم"
5740,1,"Real Beauty Lip Gloss (Pink Rock)"
5740,2,"ملمع شفاه ( بينك روك)من ريل بيوتي"
5741,1,"Sensodyne toothbrush"
5741,2,"فرشاة أسنان مخصصة لذوي الاسنان الحساسة من سنسوداين"
5742,1,"Schwarzkopf Got2b Glued Spiking Eyebrow Gel Waterproof - 35g"
5742,2,"جل حواجب جوت تو بي للشعر السبايكي ضد الماء من شوارزكوف - 35 جم"
5743,1,"J. Casanova Sandalwood Body Mist - 235ml"
5743,2,"معطر جسم برائحة الصندل من جي.كازانوفا 235مل"
5744,1,"Meet Girlac Fruit Scented Nail Polish Remover"
5744,2,"مزيل طلاء الاظافر نكهات الفواكة ميت جرلك"
5745,1,"Johnson's Micellar Makeup Remover Wipes for Dry Skin - 25 Wipes"
5745,2,"مناديل ميسيلار مزيل مكياج للبشرة الجافة من جونسون   25 منديل"
5746,1,"Mavala Nail Polish Remover 100ml"
5746,2,"مزيل طلاء الاظافر مافالا 100مل"
5747,1,"Professional Cosmetics Protein Shampoo for Hair Repair - 250ml"
5747,2,"شامبو البروتين لاصلاح الشعر من بروفيشنال كوزماتيك – 250 مل"
5748,1,"Keratin complex protein conditioner to repair and restore hair 250"
5748,2,"بلسم الكيراتين المركب بالبروتين لإصلاح وترميم الشعر 250مل"
5749,1,"La Roche-Posay Effaclar Serum for Acne-Prone Skin 30ml"
5749,2,"لاروش بوزية سيروم إيفاكلار ألترا الأحماض المركزة لتقشير وإزالة الرؤوس السوداء والبثور وتقليل حجم المسام - 30مل"
5750,1,"Vichy Liftactiv Supreme Vitamin C Serum for Skin Radiance - 20ml"
5750,2,"سيروم ليفت أكتيف سوبريم بفيتامين سي لنضارة البشرة  من فيتشي - 20مل"
5751,1,"La Roche-Posay Pure Niacinamide 10 Serum for Dark Spot Correction 30ml"
5751,2,"سيروم بيور نياسيناميد 10 لتصحيح البقع الداكنة من لاروش بوساي 30مل"
5752,1,"Crest 3D White Whitening Strips - 28 Strips"
5752,2,"شرائط لاصقة 3D لتبيض الاسنان 28 شريط من كرست"
5753,1,"Johnson's Gentle All-Over Baby Cleaning Wipes 2+1"
5753,2,"مناديل لتنظيف لطيف لكامل بشرة الطفل من جونسون 2+1"
5754,1,"L'Oréal Paris Casting Crème Gloss Hair Color - 535 Light Golden Mahogany Brown"
5754,2,"صبغة شعر كاستينج كريم جلوس-535   لون بني ذهبي فاتح ارجواني من لوريال باريس"
5755,1,"L'Oreal Paris Casting Crème Gloss Hair Color - 600 Dark Blonde"
5755,2,"صبغة شعر كاستينج كريم جلوس-600  لون اشقر غامق من لوريال باريس"
5756,1,"L'Oréal Paris Casting Crème Gloss Hair Color - 550 Light Mahogany Brown"
5756,2,"صبغة شعر كاستينج كريم جلوس-550   لون بني فاتح ارجواني من لوريال باريس"
5757,1,"L'Oreal Paris Casting Crème Gloss Hair Color - 630 Golden Light Blonde"
5757,2,"صبغة شعر كاستينج كريم جلوس-630   لون اشقر فاتح ذهبي من لوريال باريس"
5758,1,"L'Oréal Paris Casting Crème Gloss Hair Color - 300 Dark Brown"
5758,2,"صبغة شعر كاستينج كريم جلوس-300  لون بني داكن  من لوريال باريس"
5759,1,"Papaya and Avocado 8-in-1 Skin Care Soap - 135g"
5759,2,"صابون الببايا بالافوكادو للبشرة 8قي 1  135جم"
5760,1,"Papaya 4-in-1 Skin Soap - 135g"
5760,2,"صابون بابايا  4في 1 للبشرة  135جم"
5761,1,"Clove Oil for Dental Hygiene and Bad Breath Elimination - 9ml"
5761,2,"زيت القرنفل لنظافة الأسنان والتخلص من الروائع الكريهة 9مل"
5762,1,"Mandy Care Frankincense Skin Cream - 75g"
5762,2,"كريم اللبان لشد لبشرة وتفتيحها من ماندي كير 75جم"
5763,1,"Olaplex No. 0 Intensive Bond Building Hair Treatment 155ml"
5763,2,"علاج مكثف لبناء الشعر رقم 0 من اولابلكس 155مل"
5764,1,"Rose Berry Vitamin E Skin Oil - 75ml"
5764,2,"زيت فيتامين E للبشرة  من روز بيري - 75مل"
5765,1,"Yoko Milk Body Lotion for Moisturizing and Whitening - 400ml"
5765,2,"لوشن الحليب للجسم للترطيب والتفتيح من يوكو 400مل"
5767,1,"Ant Oil for Hair Growth Delay - 30ml"
5767,2,"زيت النمل لتأخير نمو الشعر 30مل"
5768,1,"Omani Frankincense Face and Body Oil with Dehn El Oud - 30ml"
5768,2,"زيت لبان الذكر العماني للوجه والبشره بدهن العود 30 مل"
5769,1,"Peacock Moroccan Soap Protection and Softness Anti-Bacterial 125g"
5769,2,"صابون الطاووس المغربي حمايه ونعومه مضاد الجراثيم 125غم"
5771,1,"Taous Moroccan Aloe Vera Soap 125g"
5771,2,"صابون الطاووس المغربي بالاألوفيرا 125غم"
5772,1,"Taous Lavender Soap - Natural Freshness and Softness 125g"
5772,2,"صابون الطاووس بالخزامي انتعاش ونعومه طبيعيه 125غم"
5773,1,"Authentic Moroccan Taous Moisturizing Soap 125g"
5773,2,"صابون الطاووس المغربي اصيل المرطب 125غم"
5775,1,"Snail Extract Skin Whitening Cream 80g"
5775,2,"كريم مببيض للبشره مستخلص الحلزون 80جم"
5776,1,"3D White Luxe Dental Floss - 35 Meters"
5776,2,"خيط تنظيف الاسنان وايت لوكس من ثريدي 35 متر"
5777,1,"Makeup Brush and Sponge Set"
5777,2,"فرشاة واسفنج ماكياج"
5778,1,"Hair Dye Bowl and Brush Set"
5778,2,"اناء وفرش للصبغه"
5779,1,"2-Piece Hair Dye Bowl and Brush Set"
5779,2,"إناء وفرشة صبغه شعر قطعتين"
5780,1,"Makeup sponge box No. 0596"
5780,2,"علبة اسفنج مكياج رقم 0596 من ريل بيوتي"
5782,1,"Kanza Beauty Soap for Skin Whitening with Herbal Extracts - 85g"
5782,2,"صابون الجمال كنزه لتفتيح البشره مع مستخرجات العشبية 85جم"
5783,1,"Saada Beauty Baby Oil Gel - Refreshing Floral Scent 150ml"
5783,2,"زيت جل للأطفال سعادة بيوتي  برائحة الزهور المنعشه 150مل"
5784,1,"NIVEA Shea Smooth Body Lotion with Shea Butter for Dry Skin, 250ml"
5784,2,"لوشن الجسم، شيا سموث ، زبدة الشيا، للبشرة الجافة،من نيڤيا 250 مل"
5785,1,"Saada Beauty Baby Oil Gel with Shea and Cocoa Butter - 150ml"
5785,2,"زيت جل للأطفال سعادة بيوتي بزبدة الشياء والكاكو 150مل"
5786,1,"Nivea Black Carbon Beat Deodorant Spray - 150 ml"
5786,2,"مزيل عرق بلاك كربون بيت سبراى من نيفيا  150 مل"
5787,1,"Nivea Deep Black Carbon Espresso Deodorant Spray 150ml"
5787,2,"مزيل عرق ديب بلاك كربون اسبريسو من نيفيا 150 مل"
5788,1,"Shea Moisture Jamaican Black Castor Oil Strengthen & Restore Conditioner 444ml"
5788,2,"بلسم الشعر شيا مويستشر  لأستعادة القوة واللمعان بزيت الخروع الأسود الجمايكي 444مل"
5789,1,"Dove Men+Care Cool Fresh Roll-On Deodorant - 50ml"
5789,2,"مزيل عرق رول اون كول فريش رجالي من دوف 50 مل"
5790,1,"Essence Be Fitting Blusher - Shade No. 10"
5790,2,"بودرة خدود بي فيتينغ من ايسنس رقم 10"
5791,1,"Essence The Blush - 30 Breathtaking, 5g"
5791,2,"احمر الخدود ذا بلش وردي من ايسنس، رقم 30   5 غرام"
5792,1,"Tinted Kiss Essence Lip Tint & Moisturizer with Refreshing Flavors - 107"
5792,2,"تنت مورد و مرطب للشفايف بنكهات منعشة  من تينتيد كيس ايسنس  107"
5793,1,"Essence Tinted Kiss Hydrating Lip Tint - 106 Berry Blast"
5793,2,"ملون شفاه بنكهة التوت مرطب من تينتيد كيس ايسنس  106"
5794,1,"Essence I Love Flawless Skin Foundation for All Skin Types - Shade 50, 30ml"
5794,2,"كريم اساس  لكل انواع البشرة اي لوف فلوليس سكين ايسنس رقم 50  30مل"
5795,1,"Essence Keep It Up! Fixing Spray Transparent - 50ml"
5795,2,"بخاخ مثبت للمكياج كيب ات اب! شفاف من ايسنس 50مل"
5796,1,"Pumpkins Essence Pretty Please! Creamy Shadow Eyeliner - 01"
5796,2,"قلم تحديد عيون بريتي بليز! كريمي شادو من بامبكينز ايسنس  01"
5797,1,"Essence Eyeliner Pencil - 34 Light Black"
5797,2,"قلم كحل العيون   اسود لايت من  ايسنس 34"
5798,1,"Bitter Almond Body Oil - 185ml"
5798,2,"زيت اللوز المر للجسم 185مل"
5799,1,"Queen Line Foldable Steam Sauna Machine"
5799,2,"جهاز ساونا بخار قابل للصفط كوين لاين"
5802,1,"Shifa Pure Cotton Buds - 200 Pieces"
5802,2,"أعواد أذان قطنية نقية شفا 200 قطعة"
5803,1,"Foot Peeling Mask: Moisturizing and Whitening from RDI - 40g"
5803,2,"قناع تقشير القدمين. ترطيب وتبييض القدمين من ار دي اي 40 جرام"
5804,1,"Sondos Black Seed Oil for Skin and Hair - 100 ml"
5804,2,"زيت الحبة السوداء للبشرة و الشعر سندس 100 مل"
5805,1,"Sondos Sweet Almond Oil for Hair - 120ml"
5805,2,"زيت اللوز الحلو للشعر  سندس -120مل"
5806,1,"QV Moisturizing and Revitalizing Cream for Dry Skin, 250g"
5806,2,"كريم لترطيب واستعادة الحيوية للبشرة الجافة من كيوفي، 250 غرام"
5807,1,"Labello Blackberry Shine Lip Balm - 24h Moisture - 4.8g"
5807,2,"مرطب شفاه لابيلو بنكهة التوت الاسود ترطيب لمدة 24 ساعة - 4.8 جرام"
5808,1,"Labello Watermelon Shine Lip Balm - 24h Moisture - 4.8g"
5808,2,"مرطب شفاه لابيلو بنكهة البطيخ ترطيب لمدة 24 ساعة - 4.8 جرام"
5809,1,"Labello Strawberry Shine Lip Balm 24h Moisture - 4.8g"
5809,2,"مرطب شفاه لابيلو بنكهة الفروله ترطيب لمدة 24 ساعة - 4.8 جرام"
5810,1,"Labello Soft Pink Lip Balm - 24h Moisture - 4.8g"
5810,2,"مرطب شفاه لابيلو بلون زهري خفيف  ترطيب لمدة 24 ساعة - 4.8 جرام"
5811,1,"Eveline Liquid Eyeliner - Brown"
5811,2,"كحل سائل بني من ايفيلين"
5812,1,"4-in-1 Derma Roller Skin Care Set"
5812,2,"مجموعة ديرما رولر 4 في 1 للعناية بالبشرة"
5815,1,"Beauty of Joseon Hydrating Sheet Mask - 25ml"
5815,2,"قناع مرطب للبشرة  بيوتي اوف جوسون - 25مل"
5816,1,"Stainless Steel Nail Clipper with Metal Case 4807"
5816,2,"مقص اضافر مع حافظة معدني مقاوم للصدا  4807"
5817,1,"Stainless Steel Nail Scissors 4804"
5817,2,"مقص اضافر معدني مقاوم للصدا 4804"
5818,1,"Stainless steel nail scissors 4803"
5818,2,"مقص اضافر معدني مقاوم للصدا 4803"
5819,1,"Stainless steel nail scissors 4805"
5819,2,"مقص اضافر معدني مقاوم للصدا 4805"
5820,1,"J.Castal Long-Wear Waterproof Black Eyeliner Pencil"
5820,2,"قلم تحديد العيون اسود ثابت ضد الماء من جي كاستال"
5821,1,"J.Castal Nail Glue - 10g"
5821,2,"غراء الأظافر من جي كاستال 10 جم"
5822,1,"Gab Castal White Eyelash Glue - 5g"
5822,2,"غراء رموش ابيض من جب كاستال 5 جم"
5823,1,"G.Castal Nail Polish Remover - 70ml"
5823,2,"مزيل طلاء الاظافر من جي كاستال 70مل"
5825,1,"Moroccan bath loofah from J. Castale"
5825,2,"ليفةالاستحمام المغربية من جي كاستال"
5826,1,"G.Castal Bath Loofah Glove"
5826,2,"ليفة استحمام قفاز من جي كاستال"
5827,1,"G.Castal Mesh Bath Loofah - 80g"
5827,2,"ليفة استحمام شبكية من جي كاستال 80جرام"
5828,1,"Garnier Color Naturals Cream Ammonia-Free Hair Dye (Deep Black 1.0) - 112 ml"
5828,2,"صبغة شعر كولور ناتشرلز كريم بدون امونيا ( لون اسود غامق1.0 من جارنير- 112 مل"
5829,1,"Garnier Color Naturals Crème Ammonia-Free Hair Dye (9.1 Light Ash Blonde) - 112 ml"
5829,2,"صبغة شعر كولور ناتشرلز كريم بدون امونيا ( لون اشقر فاتح رمادي9.1 من جارنير- 112 مل"
5830,1,"Garnier Color Naturals Crème Ammonia-Free Hair Color (Intense Red 6.60) - 112 ml"
5830,2,"صبغة شعر كولور ناتشرلز كريم بدون امونيا ( لون احمر حاد6.60 من جارنير- 112 مل"
5831,1,"Garnier Color Naturals Crème Hair Dye Without Ammonia (Dark Brown 4.0 - 112 ml)"
5831,2,"صبغة شعر كولور ناتشرلز كريم بدون امونيا ( لون بني غامق 4.0 من جارنير- 112 مل"
5832,1,"Garnier Color Naturals Crème Ammonia-Free Hair Color (5.3 Golden Brown) - 112ml"
5832,2,"صبغة شعر كولور ناتشرلز كريم بدون امونيا ( لون بني ذهبي5.3 من جارنير- 112 مل"
5833,1,"Garnier Color Naturals Cream Ammonia-Free Hair Dye - 9.0 Very Light Blonde (112ml)"
5833,2,"صبغة شعر كولور ناتشرلز كريم بدون امونيا ( لوناشقر فاتح 9.0 من جارنير- 112 مل"
5834,1,"Garnier Color Naturals Cream Ammonia-Free Hair Dye (5.35 Chocolate Brown) - 112 ml"
5834,2,"صبغة شعر كولور ناتشرلز كريم بدون امونيا ( لون بني شوكولاته 5.35من جارنير- 112 مل"
5835,1,"Garnier Color Naturals Crème Ammonia-Free Hair Color - 5.0 Radiant Brown (112ml)"
5835,2,"صبغة شعر كولور ناتشرلز كريم بدون امونيا ( لون بني لامع 5.0 من جارنير- 112 مل"
5836,1,"Garnier Color Naturals Crème Ammonia-Free Hair Color - 2.0 Black (112ml)"
5836,2,"صبغة شعر كولور ناتشرلز كريم بدون امونيا ( لون اسود 2.0 من جارنير- 112 مل"
5837,1,"Garnier Color Naturals Cream Ammonia-Free Hair Dye (4.26 Violet Red) - 112 ml"
5837,2,"صبغة شعر كولور ناتشرلز كريم بدون امونيا ( احمر بنفسجي 4.26 من جارنير- 112 مل"
5838,1,"Garnier Color Naturals Crème Ammonia-Free Hair Color - 7.0 Dark Blonde (112ml)"
5838,2,"صبغة شعر كولور ناتشرلز كريم بدون امونيا ( لون اشقر غامق 7.0 من جارنير- 112 مل"
5839,1,"Garnier Color Naturals Cream Ammonia-Free Hair Color (7.31 Almond - 112ml)"
5839,2,"صبغة شعر كولور ناتشرلز كريم بدون امونيا ( لون لوز 7.31 من جارنير- 112 مل"
5840,1,"Garnier Color Naturals Cream Ammonia-Free Hair Color - 7.1 Dark Ash Blonde, 112ml"
5840,2,"صبغة شعر كولور ناتشرلز كريم بدون امونيا ( لون اشقر رمادي غامق 7.1 من جارنير- 112 مل"
5841,1,"Batiste Hint of Color Dry Shampoo for Dark Hair - 200ml"
5841,2,"شامبو جاف  منعش الشعر مع لمحة من اللون الداكن من باتيست 200مل"
5842,1,"Private Sanitary Pads with Natural Cotton Softness, Normal Size - 8 Pads"
5842,2,"فوط صحية بنعومة القطن الطبيعي حجم عادي برايفت  8فوطة"
5843,1,"ARS electric mosquito killer device"
5843,2,"جهاز قاتل الناموس الكهربائي ارس"
5844,1,"Shifa Bud Beauty Cotton Set - 42g"
5844,2,"مجموعة قطن بود بيوتي من شفاء  42 غرام"
5845,1,"Shifa Instant Whitening Spray for Face and Body with Collagen - 180 ml"
5845,2,"بخاخ تفتيح فوري للوجة والجسم بالكولاجين من شفا 180 مل"
5846,1,"Wadi Al-Nahl Glycerin Oil - 125 ml"
5846,2,"زيت الجلسرين من وادي النحل 125 مل"
5847,1,"Mandi Care Moringa Oil - 125 ml"
5847,2,"زيت المورينجا من  ماندي كير 125 مل"
5848,1,"Mandi Care Mahlab Shampoo - 400 ml"
5848,2,"شامبو المحلب من  ماندي كير 400 مل"
5849,1,"Mandi Care Sidr Water - 250 ml"
5849,2,"ماء السدر  من ماندي كير - 250 مل"
5850,1,"Mandy Care Rose Water with Frankincense - 250 ml"
5850,2,"ماء الورد باللبان الذكر  من ماندي كير - 250 مل"
5851,1,"Rosemary water from Mandy Care - 250 ml"
5851,2,"ماء اكليل الجبل من ماندي كير - 250 مل"
5852,1,"Wax Warmer for Hair Removal"
5852,2,"جهاز تسخين الشمع لإزالة الشعر"
5853,1,"Shifa Pure Cotton Swabs - 100 Pieces"
5853,2,"Shifa pure cotton release swabs 100 pieces"
5854,1,"The Ordinary Retinol 0.5% in Squalane - 30ml"
5854,2,"سيروم ريتينول  نقي 0.5.  من ذا اوردينري 30 مل"
5855,1,"Yoko Milk and Yogurt Body Lotion, 400 ml"
5855,2,"لوشن الجسم بالحليب والزبادي من يوكو، 400 مل"
5856,1,"RDL Papaya Whitening Hand and Body Lotion, 600 ml"
5856,2,"لوشن بابايا ار دي ال مبيض لليدين والجسم , 600 مل"
5857,1,"Beesline Whitening Roll-On Deodorant Cotton Candy 2 x 50ml"
5857,2,"مزيل الرائحة بيزلاين رول اون غزل البنات للتبييض البشره 2 × 50 مل"
5858,1,"Deep Hydration Mask for Curly and Coily Hair, High Porosity Deep Conditioner for Hair Strengthening, 11 oz 312g"
5858,2,"قناع ترطيب عميق للشعر المجعد والملتف، بلسم عميق المسامية لتقوية الشعر، 11 اونصة 312جم"
5859,1,"SheaMoisture Coconut & Hibiscus Kids Styling Gel, 12 oz (340 g)"
5859,2,"جل تصفيف الشعر للاطفال بجوز الهند والكركديه من شيا مويستشر، 12 اونصة (340 غرام)"
5860,1,"Eucerin Advanced Repair Leg and Foot Moisturizing Spray, 5 oz (141g)"
5860,2,"بخاخ ترطيب الساق والقدم من ادفانسد ريبير  من يوسرين 5 اونصة 141جم"
5861,1,"Acure Foaming Cleanser & Moisturizer for Dry Skin - 118ml"
5861,2,"غسول اكيور رغوي منظف ومرطب للبشرة الجافة 118مل"
5862,1,"Acure Clear Glow Liquid Moisturizer for Oily, Normal and Acne-Prone Skin 1.75 fl oz, 50 ml"
5862,2,"مرطب سائل  لامع شفاف للبشرة الدهنية والعادية والمعرضة لحب الشباب 1.75 أونصة سائلة، من اكيور 50مل"
5863,1,"Acure Radical Rejuvenating Eye Cream - 30ml"
5863,2,"كريم العين لإعادة النضارة بشكل جذري من اكيور 30 مل"
5864,1,"Yoko Spa Milk Salt Body Scrub with Lavender - 300g"
5864,2,"ملح يوكو  حمام مقشر الجسم  الحليب باللافندر 300جم"
5865,1,"Papaya Spa Salt Body Scrub - 300g"
5865,2,"ملح سبا بالببايا مقشر للجسم - 300 جم"
5866,1,"CeraVe Micellar Cleansing Water & Eye Makeup Remover - 295ml"
5866,2,"ماء ميسيلار منظف للبشرة مزيل مكياج العيون  من سيرافي 295مل"
5867,1,"Yoko Lemon Spa Salt Scrub 300g"
5867,2,"مقشر ملح سبا بالليمون من يوكو 300جم"
5868,1,"Yoko Whitening and Moisturizing Knee and Elbow Cream - 50g"
5868,2,"كريم يوكو مبيض ومرطب للركبة والمرفق 50 جم"
5869,1,"Cetaphil Daily Facial Cleanser - 8 fl oz (237 ml)"
5869,2,"غسول يومي للوجه بسعة 8 اونصة سائلة من سيتافيل  (237 مل)"
5870,1,"Surrati Rose Water - 270 ml"
5870,2,"ماء الورد من سوراتي بسعة 270 مل"
5872,1,"Yoko Whitening and Anti-Wrinkle Day & Night Cream | 50g"
5872,2,"كريم يوكو تفتيح البشرة المضاد للتجاعيد النهار والليل | 50 جم"
5873,1,"Nunu Baby Powder, 200g"
5873,2,"بودرة نونو للأطفال ، 200 جرام"
5874,1,"Dove Pomegranate and Lemon Verbena Deodorant Stick 40g"
5874,2,"مزيل عرق دوف برائحة الرمان والليمون 40 جم"
5876,1,"Enjoy Nose Cleansing Strips - 6 Strips"
5876,2,"لصقات لتنظيف الانف من انجوي 6 حبات"
5877,1,"Scented Feminine Wipes - Cleanses and Deodorizes, 20 Wipes"
5877,2,"مناديل نسائيه معطرة ينظف ويزيل الروائح 20منديل"
5879,1,"Hair Removal Wax Beans 100g"
5879,2,"حبيبات الشمع لازالة الشعر 100جم"
5880,1,"Elegance Large Hair Mashat"
5880,2,"مشاط شعر ايلجنس كبير"
5881,1,"Elegance Blue Razors 5+3"
5881,2,"شفرات حلاقة ازرق ايلجنس 5+3"
5882,1,"Elegance Pink Razors 5+3"
5882,2,"شفرات حلاقة وردي ايلجنس 5+3"
5883,1,"Elegance Moroccan Bath Loofah"
5883,2,"ليفة حمام مغربي من ايلجنس"
5884,1,"Professional Women's Body and Face Razors - Set of 3"
5884,2,"أمواس نسائية للجسم والوجة من بروفيشنال طقم 3"
5885,1,"Acne Patches XL - 10 Pieces"
5885,2,"لصقات حب الشباب اكس لارج - 10 قطع"
5886,1,"Moisturizing Face Mask - Vitamin E"
5886,2,"قناع مرطب للوجه - فيتامين E"
5887,1,"COSRX Advanced Snail Mucin Power Sheet Mask 25ml"
5887,2,"قناع ورقي بخلاصة الحلزون موسين المطور من كوسركس 25مل"
5888,1,"Cosrx Acne Clear Vet Master 18 Patches 10ml"
5888,2,"رقعات كوسركس حب الشباب كلير فيت ماستر 18 لصقات 10 مل"
5889,1,"Cosrx acne clearing patches 24 patches"
5889,2,"لاصقات لإزالة حب الشباب من كوسركس 24 رقعة"
5890,1,"Himalaya Purifying Sheet Mask with Neem and Tea Tree for All Skin Types - 1 Piece"
5890,2,"قناع ورقي لتنقية جمبع انواع البشرة بخلاصة النيم وشجرة الشاي من هيمالايا - قطعة واحدة"
5891,1,"COSRX Cica Calming True Sheet Mask - Single Mask"
5891,2,"قناع نبتة السيكا من كوسركس - قناع واحد"
5892,1,"Nacific Natural Herb Acne and Blemish Clearing Patches - 18 Patches"
5892,2,"لصقات الأعشاب الطبيعية لازالة الحبوب والآثار من ناسيفيك 18 لصقة"
5893,1,"Max Liquid Lip Gloss - 8.5ml"
5893,2,"ملمع الشفاه روج سائلمن ماكس 8.5مل"
5894,1,"Max Bath Loofah"
5894,2,"ليقة استحمام من ماكس"
5895,1,"Max Elegance Shower Hair Towel Wrap"
5895,2,"منشفة راس للأستحمام من ماكس ايلجنس"
5896,1,"Max Elegance Mesh Bath Loofah with Handle"
5896,2,"ليفة استحمام شبكية مع اليد من ماكس ايليجنس"
5897,1,"Yolande Beauty Natural Hair Eyelashes - No. 20"
5897,2,"رموش شعر طبيعي من يولاندبيوتي رقم 20"
5898,1,"Yolande Beauty Natural Hair Eyelashes - No. 22"
5898,2,"رموش شعر طبيعي من يولاندبيوتي رقم 22"
5899,1,"Yolande Beauty Natural Hair Eyelashes - No. 12"
5899,2,"رموش شعر طبيعي من يولاندبيوتي رقم 12"
5900,1,"False eyelash formula No. 005"
5900,2,"تركيبة رموش صناعي رقم 005"
5901,1,"Max Elegance Natural Black Outer Corner Eyelashes"
5901,2,"تركيبة رموش طرفية طبيعية اسود من ماكس ايليجنس"
5902,1,"False Eyelashes No. 02"
5902,2,"رموش صناعية رقم 02"
5903,1,"Max Original Eyebrow Care Set - Includes Definers, Brush, and Soap"
5903,2,"طقم العناية بالحواجب يتكون من محددات وفرشاة وصابون الاصلي من ماكس"
5904,1,"Frankincense Lamy combs from Wadi Al-Nahil, 40 grams"
5904,2,"لبان لامي أمشاط  من وادي النحل40 جرام"
5905,1,"Wadi Al-Nahl Lami Resin (Amshat) - 28g"
5905,2,"لبان لامي أمشاط  من وادي النحل28 جرام"
5906,1,"A set of makeup sponges of various sizes, 12 pieces, from Max Elegance"
5906,2,"مجموعة اسفنج مكياج متعدد الاحجام 12 قطعه من ماكس ايليجنس"
5907,1,"Max Elegance 5-piece makeup sponge set"
5907,2,"مجموعة اسفنج مكياج  5 قطع من ماكس ايليجنس"
5908,1,"Max Elegance 4-piece makeup sponge set"
5908,2,"مجموعة اسفنج مكياج  4 قطع من ماكس ايليجنس"
5909,1,"Max Magic Hair Removal Tool - Safe and Painless"
5909,2,"الة نزع الشعر السحرية امنة وغير مؤلمة من ماكس"
5910,1,"Max Soft Makeup Remover Wipes - 80 Wipes"
5910,2,"مناديل ناعمه لإزالة المكياج من ماكس 80 منديل"
5911,1,"Max Scented Wet Wipes - Cleansing and Sanitizing Aloe Vera Scent, 20 Wipes"
5911,2,"مناديل مبلله معطرة تطهر وتنظف برائحة الصبار من ماكس20منديل"
5912,1,"Vaseline Deep Moisture Foot and Heel Cream - 55g"
5912,2,"كريم فازلين  الترطيب العميق للقدمين و الكعبين 55 غرام"
5913,1,"Q-Beauty Makeup Cotton Pads - 120 Pieces"
5913,2,"قطن مكياج من كيو بيوتي 120 قطعه"
5914,1,"Green Forzan freshener and deodorizer for bathrooms 125 ml"
5914,2,"معطر فورزان الاخضر ومزيل الروائح الكريهة لدورات المياه 125 مل"
5915,1,"Forzan White Rose Freshener and deodorizer for bathrooms 125 ml"
5915,2,"معطر فورزان الابيض ورد ومزيل الروائح الكريهة لدورات المياه 125 مل"
5917,1,"Makeup sponge 8 pieces from Real Beauty"
5917,2,"اسفنج مكياج 8 قطع من ريل بيوتي"
5919,1,"Licorice Eye Cream 25g"
5919,2,"كريم العين بالعرقسوس 25جم"
5920,1,"Armpit whitening cream and sensitive areas, vitamin C, 50 g"
5920,2,"كريم تبيض الابط و المناطق الحساسه فيتامين سي 50جم"
5921,1,"Cosmetic Vitamin C Face Serum - 30ml"
5921,2,"مصل سيروم فيتامين سي للوجه من كوزمتك 30مل"
5922,1,"Gillys Clear Eyelash Glue - 5g"
5922,2,"غراء رموش شفاف من جيليز 5جم"
5923,1,"Plover M4 Lighting Brush"
5923,2,"فرشاة إضاءة من بلوفيرM4"
5924,1,"Bluefair M11 Eyeliner Brush"
5924,2,"فرشاة تحديد ايلاينر من بلوفير M11"
5925,1,"Bluefair M6 Makeup Blending Brush"
5925,2,"فرشاة دمج المكياج من بلوفير M6"
5926,1,"Belovier M1 Foundation Brush"
5926,2,"فرشاة كريم اساس  من بلوفير M1"
5927,1,"Boliver Concealer Brush M7"
5927,2,"فرشاة خافي عيوب من بوليفر  M7"
5928,1,"Polyver brush set, 12 pieces"
5928,2,"طقم فرش من بوليفر 12 قطعه"
5929,1,"GNR-1829 Makeup Brush Set"
5929,2,"طقم فرش مكياج GNR-1829"
5930,1,"Max Elegance Women's Razors - 3 Pieces"
5930,2,"شفرات حلاقة نسائية من ماكس إليجانس 3 قطع"
5931,1,"Medium Self-Grip Hair Rollers for Salon-Quality Curls (Pack of 20)"
5931,2,"بكرات شعر متوسطة الحجم وذاتية الامساك لتجعيد الشعر بجودة الصالونات (عبوة من 20قطعة)"
5932,1,"Nitro Canada Argan Oil Hair Dye Shampoo - Dark Brown, 420ml"
5932,2,"شامبو صبغة للشعر بزيت الارجان بني غامق من نيترو سينما 420مل"
5933,1,"Argan Oil Hair Care Set: Conditioner 500ml + Shampoo 500ml + Serum 60ml"
5933,2,"مجموعة العناية بالشعر بزيت الأرجان بلسم 500مل +شامبو 500مل+سيروم 60مل"
5936,1,"Eyebrow Razor Set with Blade Guards for Skin Protection - 5 Pieces"
5936,2,"طقم امواس حواجب بواقي للشفرات لحماية البشره 5 قطع"
5937,1,"Gleam Glam Double Action Anti-Hair Loss Shampoo 500ml"
5937,2,"شامبو جليم جلام بمفعول مزدوج لتساقط الشعر 500مل"
5939,1,"Glem Glam Double Action Anti-Hair Loss Balm 500ml"
5939,2,"بلسم جليم جلام بمفعول مزدوج لتساقط الشعر 500مل"
5941,1,"Coconut Gel for Skin Softening and Hydration - 300ml"
5941,2,"جل جوز الهند لتنعيم وترطيب البشرة 300 مل"
5942,1,"Vitamin C Smoothing and Moisturizing Gel - 300ml"
5942,2,"جل فيتامين سي لتنعيم وترطيب البشرة 300 مل"
5943,1,"Lavender Soothing Gel for Dry Skin Radiance - 300ml"
5943,2,"جل الخزامي ملطف لنضارة البشرة الجافة 300 مل"
5944,1,"Photoprotector Sunscreen"
5944,2,"فوتوبروتيكتر للحماية من أشعة الشمس"
5945,1,"Oily Skin Care Body Spray"
5946,1,"Ampoules for immediate care of skin wrinkles"
5948,1,"ISDIN Anti-Hair Loss Shampoo"
5949,1,"Ronalac Milk-Based Formula 400g"
5950,1,"Banafa For Oud Mabsous Bakhoor - 30g"
5950,2,"بخور مبسوس بانافع للعود 30 جرام"
5951,1,"Enhanced Scented Oud Bakhoor - 60g"
5951,2,"بخور عود معطر محسنك 60 جرام"
5952,1,"Banafa Emirati Bakhoor 40g"
5952,2,"بخور اماراتي بانافع 40 جرام"
5953,1,"Banafa Socotra Frankincense Bakhoor"
5953,2,"بخور اللبان السقطري بانافع"
5954,1,"Banafa Al Khanjar Bakhoor 50g"
5954,2,"بخور الخنجر بانافع 50 جرام"
5955,1,"Banafa Monica Bakhoor 50g"
5955,2,"بخور مونيكا بانافع 50 جرام"
5956,1,"Banafa Sodfa Bakhoor 40g"
5956,2,"بخور صدفة بانافع 40 جرام"
5957,1,"Banafa Rawat Oud Scented Bakhoor - 50g"
5957,2,"بخور روعة عود معطر بانافع 50 جرام"
5958,1,"Banafa Goldy Scented Oud Bakhoor - 60g"
5958,2,"بخور عود معطر جولدي بانافع 60 جرام"
5959,1,"Banafa Oud Mushallaf Bakhoor 50g"
5959,2,"بخور عود مشلف بانافع 50 جرام"
5960,1,"Banafa Oud Black Bakhoor - 50g"
5960,2,"بخور عود بلاك بانافع 50 جرام"
5962,1,"Cofix Care Rosemary Hair Conditioner 400ml"
5962,2,"كوفيكس كير بلسم الشعر باكليل الجبل 400مل"
5963,1,"Cofix Care Hair Shampoo with Rosemary and Argan Oil - 400ml"
5963,2,"شامبو الشعر من كوفيكس كير بزيت اكليل الجبل والارغان 400مل"
5964,1,"Cofix Care Rosemary Hair Serum 100ml"
5964,2,"كوفيكس كير سيروم الشعر باكليل الجبل 100مل"
5965,1,"Rosemary and Mint Scalp & Hair Oil 50ml"
5965,2,"زيت فروة الراس والشعر باكليل الجبل والنعناع 50مل"
5966,1,"Anti-Dark Spot Face Serum 50ml"
5966,2,"سيروم الوجه مضاد للبقع الداكنة 50مل"
5967,1,"Face Serum for Radiance and Skin Brightening 50ml"
5967,2,"سيروم الوجه لنضارة واشراقة البشرة 50مل"
5968,1,"Vitamin C Face Serum for Instant Radiance - 50ml"
5968,2,"سيروم الوجه بفتامين سي لاشراقة سريعة 50مل"
5969,1,"Facial Serum for Restoring Skin Elasticity and Youthfulness 50ml"
5969,2,"سيروم الوجه يعيد مرونة البشرة وشبابها 50مل"
5970,1,"Signal Cavity Fighter Toothpaste 75ml 3+1 Free"
5970,2,"معجون سيجنال مكافح التسوس 75 مل 3+1 مجانا"
5971,1,"Franck Olivier Perfumed Body Powder 200g"
5971,2,"بودرة فرنك اوليفر معطرة للجسم 200جم"
5972,1,"Leno Water Wipes - 100 Wipes"
5972,2,"لينو مناديل مائية 100 منديل"
5973,1,"Eucerin Sun Protection Cream for Sensitive Skin - 50ml"
5973,2,"كريم يوسيرين لحماية البشرة الحساسة من أشعة الشمس50مل"
5974,1,"Bioderma Anti-Pigmentation Sunscreen - 40ml"
5974,2,"بيوديرما واقي شمسي لمنع التصبغات 40 مل"
5975,1,"Bioderma Sunscreen 40ml"
5975,2,"بيوديرما واقي شمسي 40مل"
5976,1,"Bioderma Photoderm Aquafluide SPF 50+ New - 40ml"
5976,2,"بيوديرما اكوا فلويد 50+40مل الجديد"
5977,1,"AXIS-Y Dark Spot Correcting Glow Serum 50ml"
5977,2,"سيروم تفتيح البقع الداكنة أكسيس واي 50مل"
5978,1,"Oscar de la Renta perfume 100ml"
5978,2,"عطر اوسكار دي لارنتا  100مل"
5979,1,"Oscar de la Renta Bella Bouquet Eau de Parfum - 3.4 oz"
5979,2,"عطر أوسكار دي لا رنتا بيلا بوكيه 3.4 أوقية"
5980,1,"Montana Collection Edition 4 Eau de Parfum 100ml"
5980,2,"عطر مونتانا كولكشن إيدشن 4 أو دو برفيوم100مل"
5981,1,"Oscar de la Renta Bella Tropical Eau de Parfum 100ml"
5981,2,"عطر أوسكار دي لا رنتا بيلا تروبيكال أو دي بارفان 100 مل"
5982,1,"CoSTUME NATIONAL I Eau de Parfum 100ml"
5982,2,"عطر كوستوم ناشونال اي او دو بارفيوم 100مل"
5983,1,"Oscar de la Renta Bella Rosa Eau de Parfum - 100ml"
5983,2,"عطر اوسكار دي لارينتا بيلا روزا او دو بارفيوم- 100مل"
5984,1,"Van City Varcis Perfume 100ml"
5984,2,"فان سيتي فارسيس عطر 100مل"
5985,1,"Narciso Rouge Perfume 100ml"
5985,2,"عطر نرسيس روج 100 مل"
5986,1,"Van City Sauvage Perfume 100ml"
5986,2,"فان سيتي سافواج عطر 100مل"
5987,1,"Van City Y Life Perfume 100ml"
5987,2,"فان سيتي واي لايف عطر 100مل"
5988,1,"Scandal Gold Eau de Parfum - 100ml"
5988,2,"عطر اسكاندل قولد 100مل"
5989,1,"Van City Alien Perfume 100ml"
5989,2,"فان سيتي اليان عطر 100مل"
5990,1,"Fun City Jokle Bloom EDP 100ml"
5990,2,"فان سيتي جوكل بلوم عطر 100مل"
5991,1,"Van City Coco Perfume 100ml"
5991,2,"فان سيتي كوكو عطر 100مل"
5992,1,"Concentrated Nourishing Facial Serum for Skin Care - 30ml"
5992,2,"سيروم الوجه بعناصر مركزة ومغذية للعناية بالبشرة 30مل"
5993,1,"Concentrated Nourishing Skin Serum for Instant Care - 30ml"
5993,2,"سيروم البشرة بعناصر مركزة ومغذية للعناية بالبشرة بمفعول فوري 30مل"
5994,1,"Hyaluronic Acid Hydrating Face Serum for Skin Care - 30ml"
5994,2,"سيروم الوجه المرطب بحمض الهايلورنيك للعناية بالبشرة 30مل"
5995,1,"Vitamin C Radiance Boosting Serum 30ml"
5995,2,"سيروم بنضارة البشرة بفايتمين سي 30مل"
5996,1,"Vitamin C Facial Radiance Serum for Smooth Skin - 30ml"
5996,2,"سيروم نضارة الوجه بفيتامين سي للحصول على بشرة ناعمة 30مل"
5997,1,"Facial Serum Designed for Skin Hydration and Refreshment - 50ml"
5997,2,"سيروم الوجه مصمم لترطيب وانتعاش البشرة 50 مل"
5998,1,"Hydrating and Refreshing Face Serum 50ml"
5998,2,"سيروم الوجه لترطيب وانتعاش البشرة 50 مل"
5999,1,"Vitamin E Face Serum for Skin Hydration and Refreshment - 50ml"
5999,2,"سيروم الوجه بفيتامين اي لترطيب وانتعاش البشرة 50 مل"
6000,1,"Aloe Vera Face Serum with Hyaluronic Acid for Skin Care - 50ml"
6000,2,"سيروم الوجه بالصبار مع حمض الهايلورنيك للعناية بالبشرة 50مل"
6001,1,"Eucerin Intensive Repair Lotion 150ml"
6001,2,"لوشن إصلاح البشرة المكثف من يوسيرين 150مل"
6002,1,"BabyJoy Diapers Giant Box Size 5"
6002,2,"حفاظات بيبي جوي الصندوق الضخم مقاس 5"
6003,1,"BabyJoy Diapers Giant Box Size 4"
6003,2,"حفاظات بيبي جوي الصندوق الضخم مقاس 4"
6004,1,"BabyJoy Diapers Giant Box Size 6"
6004,2,"حفاظات بيبي جوي الصندوق الضخم مقاس 6"
6005,1,"BabyJoy Diapers Giant Box Size 3"
6005,2,"حفاظات بيبي جوي الصندوق الضخم مقاس 3"
6006,1,"BabyJoy Diapers Giant Box Size 4+"
6006,2,"حفاظات بيبي جوي الصندوق الضخم مقاس 4بلص"
6007,1,"ISDINCEUTICS Antioxidant Skin Rejuvenating Ampoules - 10 Ampoules"
6007,2,"ازدن سوتكس امبولات مضادة للأكسدة لتجديد البشرة 10 امبولة"
6008,1,"L'Oréal Night Cream 50ml"
6008,2,"لوريال باريس - كريم قناع الليل بحمض الهيالورونيك الميكرو ، 50 مل"
6009,1,"Face and body scrub with strawberry 500 ml"
6009,2,"صنفرة للوجه والجسم بالفروله 500 مل"
6010,1,"Apricot Scrub 500ml"
6010,2,"صنفرة مشمش 500مل"
6011,1,"Cocoa Butter Body Scrub"
6011,2,"صنفرة زبدة الكاكو"
6013,1,"Shea Butter Body Scrub"
6013,2,"صنفرة بزبدة الشيا"
6014,1,"Charcoal Scrub 500ml"
6014,2,"صنفرة بالفحم 500 مل"
6015,1,"Pomegranate Face and Body Scrub - 500 ml"
6015,2,"صنفرة الوجه والجسم بالرمان 500 مل"
6016,1,"Frankincense Soap"
6016,2,"صابون اللبان"
6017,1,"Cococare Rich Formula Cocoa Butter Cream for Dry and Rough Skin - 425g"
6017,2,"كريم زبدة الكاكاو لليد والجسم بتركيبته الغنية من كوكوكير للبشرة الجافة والخشنة 425جم"
6018,1,"Garnier Nourishing Almond Milk Leave-In Styling Cream 200ml"
6018,2,"كريم مصفف بحليب اللوز المغذي من جيرني 200مل"
6019,1,"Hismile V34 Colour Corrector Serum 30ml"
6019,2,"هاي سمايل سيروم مصصح لون الاسنان البنفسجي 30ml - V34"
6020,1,"Hair Dye Tool Kit"
6020,2,"مجموعة ادوات صبغه الشعر"
6022,1,"Coconut Hair Oil Enriched with Natural Biotin - 170 ml"
6022,2,"زيت جوز الهند للشعر غني بالبيوتين الطبيعي 170 مل"
6023,1,"Korean Body Scrub Mitt"
6023,2,"ليفة جسم كورية"
6024,1,"Women's Disposable Period and Travel Panties - Size L, 7 Count"
6024,2,"كلوتات نسائية للدورة الشهرية والسفر مقاس L حبات 7"
6025,1,"Original Glycerin Oil 200ml"
6025,2,"زيت جليسرين الاصلي 200مل"
6026,1,"ISDIN Hyaluronic Acid Serum 30ml - Brightening for All Skin Types"
6026,2,"هاليورنيك اسيد من اسدن  30 مل تفتيح جميع انواع البشرة"
6027,1,"ISDIN Acniben Cleansing Foaming Gel for Acne-Prone Skin - 150ml"
6027,2,"غسول رغوي للبشرة المعرضه لحب الشباب 150 مل من اسدن"
6028,1,"Lux Body Wash 600ml - Magical Orchid"
6028,2,"جل استحمام لوكس 600 مل. الأوركيد السحرية"
6029,1,"Lux Secret Poppy Body Wash with Bergamot Oil - 600ml"
6029,2,"لوكس غسول الجسم بوبي بزيت البرغموت من سيكريت 600 مل"
6030,1,"Lux Body Wash with Enchanting Peony Scent 600ml"
6030,2,"جسول لوكس برائحة الفاوانيا الساحرة 600"
6033,1,"United Professional Automatic Rotating Hair Curler"
6033,2,"يونايتد جهاز الكيرلي السريع الأوتوماتيكي قابل للدوران"
6034,1,"United 2 in 1 Hair Straightener and Brush - Green UN-208G"
6034,2,"مكواة شعر وفرشاة 2 في 1 من يونايتد - اخضر UN-208G"
6035,1,"Blue Nila Foaming Sugar Scrub 600g"
6035,2,"مقشر سكر رغوي بالنيله الزرقاء 600ج"
6036,1,"Rose and Coconut Oil Sugar Scrub 600g"
6036,2,"مقشر السكر بالورد وزيت جوز الهند 600 ج"
6037,1,"Frankincense Foaming Sugar Scrub 600g"
6037,2,"مقشر سكر رغوي بالبان الذكر 600ج"
6038,1,"Foaming Sugar and Salt Scrub with French Fragrances - 700g"
6038,2,"مقشر ررغوي بالسكر والملح بالعطور الفرنسيه 700ج"
6039,1,"Aker Fassi Foaming Sugar Scrub 600g"
6039,2,"مقشر سكر رغوي بالعكر الفاسي 600ج"
6040,1,"Movy Plus Ultra Night Daily Pads - 8 Pads"
6040,2,"فوط يومية موفى بلس الترا ليلية 8 فوط"
6041,1,"Movy Ultra Slim Pantyliners - 10 Pads"
6041,2,"فوط يومية موفى الترا رشيقة 10 فوط"
6042,1,"Movy Plus Ultra Thin Daily Liners - 10 Pads"
6042,2,"فوط يومية موفى بلس الترا نحيفة 10 فوط"
6043,1,"Closeup Menthol Fresh Toothpaste 120ml"
6043,2,"معجون كلوس اب انتعاش النعناع 120 مل"
6044,1,"Garnier Nourishing Almond Milk Daily Moisturizing Conditioner 400 ml"
6044,2,"بلسم مرطب يومي بالحليب اللوز المغذي من جارنيه 400 مل"
6049,1,"Siro Vanilla Shower Gel - 750 ml"
6049,2,"جل استحمام فانيلا من سيرو 750 مل"
6050,1,"Plastic Toothpicks - 200 Picks"
6050,2,"عود اسنان بلاستيكي 200 عود"
6051,1,"Signal Charcoal Toothpaste 75ml"
6051,2,"معجون اسنان بالفحم من سجنل 75 مل"
6052,1,"Beautentity Licorice Soap 700g"
6052,2,"صابونيه عرق السوس من بيوتنتتي 700جم"
6053,1,"Stevia Sugar-Free Gum with Natural Cherry and Plum Flavor - 30g"
6053,2,"علكه ستيفيا خالي من السكر بنكهه الكرز والبرقوق الطبيعي 30 جم"
6054,1,"Okema Wax Heater - 442"
6054,2,"جهاز تسخين الشمع من اوكيما -442"
6055,1,"iColors lens solution 100 ml"
6055,2,"محلول عدسات اي كلرز 100 مل"
6056,1,"Aptamil Advance Cesear 1, Infant Formula Milk 0-6 Months, 800g"
6056,2,"أبتاميل أدفانس سيزار 1، تركيبة حليب الرضع 0-6 أشهر، 800 جرام"
6057,1,"Makeup Remover Cotton Pads - 165 Pieces"
6057,2,"قطن تنظيف المكاج 165 قطعه"
6058,1,"Beauty Formulas Odour Control Foot Powder 100g"
6058,2,"بودرة قدم لازاله الرواح من بيوتي فورميولاز 100 جم"
6059,1,"BF3 Bikini Razors"
6059,2,"شفرات حلاقه بكيني من بي اف 3"
6060,1,"Sada Beauty Vitamin C Cream - 50g"
6060,2,"كريم فيتمين سي من سادا بيوتي 50 جم"
6061,1,"Fam, Sanitary Pads, Folded & Compressed, Large with Wings, 30 Pads"
6061,2,"فام، فوط نسائية، مطوية ومضغوطة، كبير بأجنحة، 30 فوطة"
6062,1,"Il Salone Protein Shampoo for Normal to Dry Hair - 500ml"
6062,2,"شامبو بروتين للشعر العادي الى الجاف 500مل من السالون"
6063,1,"Charisma Collection Therapy Less Protein Whey - 150g"
6063,2,"كريزما كوليكشن ثيرابي ليس بروتين للشعر - 150جرام"
6065,1,"Shifa Intensive Nourishing & Anti-Frizz Hair Serum - 100ml"
6065,2,"سيروم مغذي قوي للشعر ومضاد للتجعد الشعر 100مل  من شفا"
6066,1,"Sunsilk Anti-Breakage Shampoo with Almond Oil and Honey - 400ml"
6066,2,"شامبو بزيت اللوز والعسل ضد التقصف 400مل  من sunslik"
6067,1,"Sunsilk Keratin, Almond Oil & Vitamin C Shampoo - 400ml"
6067,2,"شامبو الكيراتين و بزيت اللوز و فيتامين سي 400مل  من sunslik"
6068,1,"Lens Me Contact Lenses - Marble"
6068,2,"عدسات لاصقه لون ماربل من لينس مي"
6069,1,"Olive color contact lenses from Lens Me"
6069,2,"عدسات لاصقه لون اولفين من لينس مي"
6070,1,"Mist color contact lenses from Lens Me"
6070,2,"عدسات لاصقه لون ميست من لينس مي"
6071,1,"Smokey color contact lenses from Lens Me"
6071,2,"عدسات لاصقه لون سموكي من لينس مي"
6072,1,"Lens Me Colored Contact Lenses - Stone"
6072,2,"عدسات ملونة من لنس مي - ستون"
6073,1,"Lens Me Contact Lenses - Honey"
6073,2,"عدسات لاصقه لون هوني من لينس مي"
6074,1,"Lens Me Colored Contact Lenses - Arabia Eye"
6074,2,"عدسات ملونة من لنس مي - أريبيا آي"
6075,1,"Lens Me La Bella Colored Contact Lenses - Cosmetic - Pack of 2 Lenses"
6075,2,"عدسات لنس مي لابيلا - ملونة زينة - عبوة تحتوي على عدستين"
6076,1,"Lens Me Date Lenses"
6076,2,"عدسات لنس مي ديت"
6077,1,"Lens Me Color Contact Lenses - Latte"
6077,2,"عدسات لاصقه لون لاتيه من لينس مي"
6078,1,"L'Oreal Paris Casting Crème Gloss Ammonia-Free Hair Color with Honey - 810 Pearl Blonde"
6078,2,"صبغة كريم ملطفة خاليه من الامونيا لرائحه امتع بالعسل 810 اشقر رمادي من لوريال باريس"
6079,1,"Palette Naturals Medium Brown Hair Dye 4-0 with Cocoa and Oat Milk"
6079,2,"صبغة رقم 0-4 بني متوسط باليت ناتشورالز بالكاكاو وحليب الشوفان"
6080,1,"YONA Korean 24-Hour Care Set"
6080,2,"مجموعة يونا الكورية 24 ساعة YONA"
6081,1,"Mint Extract Teeth Wipes - 12 Individually Wrapped Wipes"
6081,2,"مناديل اسنان بخلاصه النعناع 12 مفلف"
6082,1,"Embryolisse Lait-Crème Concentré for Sensitive Skin - 100ml"
6082,2,"كريم لايت للبشرة الحساسة للوجة والجسم من امبريوليس - 100 مل"
6083,1,"Nano Rose Kojic Body Lotion 500ml"
6083,2,"نانو روز كوجيك لوشن للجسم 500مل"
6085,1,"Kamill Classic Skin Care Cream 100ml"
6085,2,"كاميل كريم العناية بالبشرة كلاسيك 100مل"
6086,1,"Kamill Soft & Dry Moisturizing Hand and Nail Cream - 75ml"
6086,2,"كريم مرطب ناعم وجاف لليدين والأظافر 75 مل مرطب من كاميل"
6087,1,"Eva Skin Care Evazeline Intensive Moisturizing Hand Cream - 60ml"
6087,2,"كريم اليدين للترطيب الفعال سكين كير ايفازلين من ايفا - 60 مل"
6088,1,"Dove Nourishing Hand Cream - 75ml"
6088,2,"دوف كريم مغذي لليدين 75 مل"
6089,1,"كريم التبييض المركز لليدين من فولير 75 مل"
6089,2,"Fuller Concentrated Whitening Hand Cream 75 ml"
6090,1,"Revolution Relove Lip & Cheek Tint - Fuchsia 1.4"
6090,2,"ريفوليوشن ريلوف تنت للشفاه والخدود بلون فوشيا 1.4"
6091,1,"Cantu Shea Butter & Coconut Curling Cream 709g"
6091,2,"كريم لتجعيد الشعر بزبدة الشيا وجوز الهند من كانتو 709ج"
6092,1,"Cetaphil Moisturizing Cream 550g for sensitive and dry skin"
6092,2,"سيتافيل كريم مرطب جرام 550 للبشرة الحساسه والجافه"
6093,1,"Vichy Roll On 72 Hour Antiperspirant Deodorant for Men - 50 ml"
6093,2,"مزيل عرق رول ان 72 ساعة مضاد للتعرق للرجال من فيتشي - 50 مل"
6094,1,"Femfresh Deodorant Spray for Women 50ml"
6094,2,"فيم فريش بخاخ مزيل عرق للنساء 50مل"
6095,1,"Koleston Hair Color 304/0 (Medium Brown)"
6095,2,"صبغة كولستون 304/0 (بني وسط)"
6096,1,"Koleston Maxi Hair Dye 50ml - 305/66 Eggplant Violet"
6096,2,"كوليستون صبغه شعر ماكسي 50 مل 305/66 بنفسجي باذنجاني"
6097,1,"Koleston Hair Color (Medium Blonde 307/0)"
6097,2,"صبغة كوليستون ( أشقر متوسط 307/0)"
6098,1,"Wella Koleston Intense Hair Color Cream - Attractive Chestnut 4/305"
6098,2,"كريم ويلا كوليستون انتنس صبغة شعر كستنائي جذاب 305/4"
6100,1,"Koleston Color Cream (Burgundy 6/304)"
6100,2,"كريمات صبغة كوليستون ( خمري 304/6)"
6101,1,"Femfresh Feminine Soothing and Refreshing Intimate Wipes - 10 Wipes"
6101,2,"مناديل نسائية ملطفة ومنعشة للمناطق الحميمة من فيم فريش - 10 مناديل"
6102,1,"Fair Lady Daily Hand and Nail Care Cream with Milk - 100 ml"
6102,2,"كريم العنايه اليوميه لليدين والاظافر بالحليب من فير ليدي - 100 مل"
6103,1,"Pearl Mix Medium Soft Toothbrush"
6103,2,"فرشاة اسنان متوسطة النعومه من بيرال مكس"
6104,1,"Kunuz Natural Laurel Soap 150g"
6104,2,"صابون الغار الطبيعي 150 جم من كنوز"
6105,1,"Diego Dalla Palma Hair Sensitivity and Anti-Dandruff Spray 150ml"
6105,2,"دييجو دالا بالما بخاخ لحساسيه الشعر والقشره 150 مل"
6106,1,"Garnier Micellar Cleansing Water for Sensitive Skin 200 ml"
6106,2,"غارنييه ماء ميسيلار منظف للبشرة الحساسة 200 مل"
6107,1,"Makuku Daily Care Baby Diapers Size (4) Box of 96 Count"
6107,2,"ماكوكو حفاضات اطفال العناية اليومية مقاس (4) صندوق 96 حبة"
6108,1,"Makuku Jumbo Box Diapers Size (3) 108 Diapers"
6108,2,"ماكوكو حفايض جامبو بوكس مقاس (3) 108 حفاض"
6109,1,"Makuku Ultra Care Diapers Box Size 4, 88 Pieces"
6109,2,"ماكوكو حفاض عنايه فائقه بوكس رقم 4 88 حبه"
6110,1,"Condal shampoo to care for damaged proteins - iris skin"
6110,2,"شامبو كوندال للعنايه بالبروتينات المتضررة-جلد السوسن"
6111,1,"Thermal Spa Body Wash - Iris Leather 500ml"
6111,2,"غسول الجسم اوثيرمال سبا غسول الجسم -جلد السوسن 500 مل"
6112,1,"Revolution Fast Base Blush Stick - Rose - Creamy"
6112,2,"ستيك احمر الخدود فاست بيس من ريفلوشن - روز-كريمي"
6113,1,"Mada Hayat Fragrance-Free Wipes 3 * 80 Pieces"
6113,2,"مناديل مدي حياه خالي من العطر 3 * 80 حبه"
6114,1,"Schick Intuition Lemon Berry Breeze Razors"
6114,2,"أمواس حلاقة بنسيم الليمون والتوت من شيك إنتويشن Schick Intuition"
6115,1,"Dr. Brush Orthodontic and Interdental Cleaning Brushes - 4 Pieces"
6115,2,"دكتور بروش فرشاة التنظيف للتقويم وبين الأسنان - 4 قطع"
6116,1,"Beauty Formulas Retinol Anti-Aging Serum - 30ml"
6116,2,"بيوتي فورمولا سيروم الريتنول المضاد للشيخوخه - 30 مل"
6117,1,"Dove, Advanced Care, Invisible Antiperspirant Deodorant, Sheer Finish, 2.6 oz (74 g)"
6117,2,"دوف، العناية المتقدمة، مزيل عرق مضاد للتعرق غير مرئي"
6118,1,"Get to Be Eyebrow Gel Glue-Duty Waterproof Gel 170ml"
6118,2,"جل حواجب جات تو بي جل لاصق للحواجب مقاوم للماء 170 مل"
6119,1,"Litchee Teeth Cleaning Wipes with Clove Extract - 12 Pieces"
6119,2,"مناديل تنظيف الاسنان بخلاصه القرنفل 12 قطعه من ليتشي"
6120,1,"La Roche-Posay Cicaplast Gel Skin Care 40ml"
6120,2,"لاروش بوزيه - جل سيكابلاست بي 5 عناية علاجية بالبشرة ، 40 مل"
6121,1,"Sairo Coconut Extract Shower Gel - 750ml"
6121,2,"جل استحمام بخلاصة جوز الهند من سايرو 750مل"
6122,1,"Agrado Aqua Blue Bath and Shower Gel - 750ml"
6122,2,"جل استحمام اكوا بلو من اجرادو 750مل"
6123,1,"Sairo Marine Shower Gel 750ml"
6123,2,"جل استحمام بحري من سايرو 750مل"
6124,1,"Sairo Strawberry Scented Shower Gel, 750 ml"
6124,2,"سايرو جل استحمام برائحة الفراولة , 750 مل"
6125,1,"ACM Cleansing Bar for Oily Skin 100g"
6125,2,"ايه سى ام صابون منظف للبشرة الدهنية 100 جرام"
6126,1,"Kundal Macadamia Ultra Hair Serum - Blackberry Bay - 100ml"
6126,2,"كوندال مكاداميا مصل الشعر الفائق - بلاك بيري باي - 100 مل"
6127,1,"Celia Pomegranate and Vanilla Foaming Sugar Scrub - 600g"
6127,2,"مقشر سكر رغوي بالرمان والفانيلا من سيليا - 600 جم"
6128,1,"ISDIN Intimate Hygiene Wash for Sensitive Areas - 200ml"
6128,2,"غسول نسائي للمنطقة الحساسة من ايسدين - 200مل"
6129,1,"Fucidin Post-Laser Cream 2% 30g"
6129,2,"فيوسيدين كريم  2% 30 جم"
6130,1,"Sondos Cyperus Rotundus Oil - 100ml"
6130,2,"زيت السعد من سندس - 100مل"
6131,1,"Focallure Glossy Tint 201"
6131,2,"تنت لامع 201 فوكالور"
6132,1,"COSRX Snail Mucin Set - 4 Pieces"
6132,2,"مجموعة الحلزون من كوسركس - 4 قطع"
6133,1,"L'Oréal Paris Eye Serum for Dark Circles - 20ml"
6133,2,"لوريال باريس سيروم العينين للهالات السوداء 20 مل"
6134,1,"ISDIN Isdinceutics K-Ox Eyes Eye Cream 15ml"
6134,2,"سيروم حول العين كي اوكس اسدن سيتيكس من ايزدن 15 مل"
6135,1,"Hairgain Minoxidil 5% Topical Solution for Men"
6135,2,"هيرجين مينوكسيديل 5% محلول موضعي للرجال"
6136,1,"Casa Aker Fassi Powder - 8g"
6136,2,"بودرة العكر فاسي من كازا - 8ج"
6137,1,"Hawaful Sidr Baladi Ground Powder 250g"
6137,2,"حوافل مسحوق سدر البلدي مطحون 250 جم"
6138,1,"Givma Portable Facial Steamer"
6138,2,"جهاز البخار المتنقل من جيڤما"
6139,1,"Rebune Hair Styling Brush - 2 Pieces W1200"
6139,2,"فرشاة تصفيف الشعر من ريبون - قطعتين W1200"
6140,1,"Enjoy Aloe Vera Flavored Cooling Lubricant 100 ml"
6140,2,"انجوي مزلق شعور البرودة بنكهة الصبار 100 مللي"
6141,1,"Enjoy heat feeling lubricant strawberry flavor 50 ml"
6141,2,"انجوي مزلق شعور الحرارة بنكهة الفراولة 50 مللي"
6142,1,"Femfresh Daily Intimate Wash 50ml - NEW"
6142,2,"فيم فريش غسول يومى للمناطق الحميميه 50مل - NEW"
6143,1,"Chia Seed and Almond Oil Shampoo for Voluminous Hair"
6143,2,"شامبو بذور الشيا وزيت اللوز لشعر اكثر غزارة"
6144,1,"Cornel's Brazilian Keratin Conditioner 500ml"
6144,2,"كورنلز بلسم الكراتين البرازيلي 500مل"
6145,1,"Cosmo - Baby Shampoo, 500 ml"
6145,2,"كوزمو - شامبو للأطفال ، 500 مل"
6146,1,"Cornells Hair Mask with Caffeine and Coconut Oil - 475ml"
6146,2,"ماسك للشعر بخلاصة الكافيين وزيت جوز الهند-كورنيلز 475 مل"
6147,1,"Arm & Hammer Ultra Max Antiperspirant Deodorant Cool Blast 73g"
6147,2,"مزيل عرق الترا ماكس مضاد للتعرق كول بلاست من ارم اند هامر 73ج"
6148,1,"بانتين شامبو برو-في ضد القشرة 2 في 1 - 390 مل"
6148,2,"بانتين شامبو برو-في ضد القشرة 2 في 1 - 390 مل"
6149,1,"Nunu offer baby care set of oil, shampoo and cologne 300 ml"
6149,2,"عرض نونو طقم العناية بالطفل زيت وشامبو وكولونيا 300 مل"
6150,1,"Carsil collagen hair treatment mask 500 ml"
6150,2,"كارسيل ماسك علاج الشعر بالكولاجين 500 مل"
6151,1,"Hawafel Henna, Wasma herb for hair - 250 grams"
6151,2,"حوافل حنة عشبة الوسمة للشعر - 250 جرام"
6152,1,"QV antiperspirant for sensitive skin 80 g"
6152,2,"كيوفي مضاد التعرق للبشرة الحساسة 80 جم"
6153,1,"Chia seeds for a healthy body and healthy skin - 250 grams"
6153,2,"حوافل بذور الشيا لصحة الجسم ونظارة البشرة - 250 جرام"
6154,1,"Turmeric powder for the body from Hawafel 250g"
6154,2,"مسحوق الكركم للجسم من حوافل 250ج"
6155,1,"Kuwait Shop Aker Al Fassi soap for body and skin 500 g"
6155,2,"كويت شوب صابونية العكر الفاسي للجسم والبشرة 500 جم"
6156,1,"Similac Gold Infant Formula (1) 400g"
6156,2,"سيميلاك جولد حليب الرضع (1) 400 جم"
6157,1,"Myrrh and Turmeric Soap Mix from Cute Shop - 500g"
6157,2,"خلطة صابونيه المر والكركم من كيوت شوب500ج"
6158,1,"Palma For You Pure Jelly with Nectar 500ml"
6158,2,"بالما فور يو جيلي بيور مع نكتار 500 مل"
6159,1,"Rexona Workout Deodorant Spray for Women - 150ml"
6159,2,"بخاخ مزيل العرق للسيدات ورك اوت من ريكسونا 150 مل"
6160,1,"Isis Fenugreek Tea - 25 Tea Bags"
6160,2,"ايزيس شاي بالحلبة 25 ظرف"
6161,1,Diet-Tea-for-Weight-Loss-with-Cinnamon-Extract-50-Bags
6161,2,شاي-الرجيم-للتخلص-من-الوزن-الزائد-بخلاصة-القرفة-50-كيس
6162,1,"Isis Natural Thyme Drink - 25 Tea Bags"
6162,2,"مشروب الزعتر طبيعي 25حبة من ايزيس"
6163,1,"Isis Diet Tea with Lemon - 50 Tea Bags"
6163,2,"شاي ريجيم بالليمون ايزيس - 50 فتلة"
6164,1,"Cosmo - Soft & Shine Twist & Lock Styling and Moisturizing Hair Gel, 325g"
6164,2,"كوزمو - سوفت آند شاين تويست اند لوك جل تصفيف وترطيب الشعر ، 325 جم"
6165,1,"Shifa Wet Look Hair Styling Gel - 300 ml"
6165,2,"شفا جل للتصفيف للشعر المبلل - 300 مل"
6166,1,"The One Touch Advanced Mouthwash Capsules - Mint Flavor, 20 Capsules, 15 ml"
6166,2,"غسول الفم بالكبسولات المتطورة بنكهة النعناع من ذا ون تاتش 20 كبسولة 15 مل"
6167,1,"Cetaphil Moisturizing Cream - 453g"
6167,2,"كريم مرطب من سيتافيل للبشرة الجافة جدا الئ الحساسة - 453جرام"
6168,1,"Private Cotton Sanitary Pads with Wings, Large Size - 26 Pads"
6168,2,"برايفت فوط صحية قطنية بالأجنحة حجم كبير -26 فوطة"
6169,1,"Private Night Sanitary Pads 16+8 Free"
6169,2,"برايفت فوط صحية ليلي 16+8 مجانا"
6170,1,"Cosmo - Glycerin Cream, 100 ml"
6170,2,"كوزمو - كريم الجلسرين ، 100 مل"
6171,1,"Montana Collection Edition 1 for men, Eau de Parfum - 100 ml"
6171,2,"مونتانا عطر كولكشن اديشين 1 للرجال أو دو برفان – 100 مل"
6172,1,"عطر غوتشي جيلتي بور فيم او دي بارفيوم للنساء 90 مل"
6172,2,"عطر غوتشي جيلتي بور فيم او دي بارفيوم للنساء 90 مل"
6173,1,"Gucci Gaulty Absolute Parfum Eau de Parfum 90ml"
6173,2,"عطر قوتشي جولتي ابسولوت بورفيم او دو بارفيوم 90مل"
6174,1,"Lea Pure Water Wet Wipes for All Skin Types - 56 Wipes"
6174,2,"مناديل مبللة بالماء النقي لجميع انواع البشرة من ليا 56 منديل"
6175,1,"Pure Licorice Face and Body Scrub - 300ml"
6175,2,"مقشر للوجه والجسم عرق سوس نقي 300مل"
6176,1,"Fino Premium Touch Hair Mask 230g"
6176,2,"قناع الشعر فينو بريميوم تاتش 230 جرام"
6177,1,"Sun Down Naturals Vitamin E Oil for Skin and Face, 70,000 IU, 75 ml"
6177,2,"زيت فيتامين اي E للبشرة والوجه من سن داون ناتشورالز ٧٠٠٠٠ اي يو ٧٥ مل"
6178,1,"Beauty Formulas Illuminating Facial Serum 10% Niacinamide - 30ml (3628) (88697) BF/105"
6178,2,"سيروم الوجه المضيء من بيوتي فورميولاز 10% نياسيناميد - 30 مل (3628) (88697) BF/105"
6180,1,"Skin Peeling and Renewal Serum 10% AHA & 2% BHA 30ml"
6180,2,"سيروم تقشير وتجديد البشرة 10% حمض الفاهيدروكسي و 2% حمض بيتا هيدروكسي 30مل"
6181,1,"Johnson's Baby Shampoo No More Tears - 300ml"
6181,2,"شامبو للأطفال لا دموع بعد اليوم من جونسون - 300 مل"
6182,1,"Cosmo Exfoliating Shower Gel with Sea Minerals Extract, Family Size - 1000ml"
6182,2,"كوزمو جل الاستحمام مقشر بخلاصة معادن البحر حجم عائلي - 1000 مل"
6183,1,"Cosmo British Rose Exfoliating Shower Gel, 1000 ml"
6183,2,"جل استحمام مقشر بالورد البريطاني من كوزمو ، 1000 مل"
6184,1,"Cosmo Lavender Exfoliating Shower Gel, 1000 ml"
6184,2,"جل استحمام مقشر باللافندر من كوزمو, 1000 مل"
6185,1,"Cosmo Papaya Exfoliating Shower Gel, 1000 ml"
6185,2,"جل استحمام مقشر بالبابايا من كوزمو ، 1000 مل"
6186,1,"Biorepair Mouthwash and Tooth Rinse 500ml"
6186,2,"بيوريبير غسول للفم والأسنان 500 مل"
6187,1,"Pure Beauty Forever Love Scented Body Spray for Women - 250ml"
6187,2,"سبراي الجسم المعطر فور ايفر لوف للنساء من بيور بيوتي 250مل"
6188,1,"Pure Beauty Passionate Love Scented Body Spray for Women - 250ml"
6188,2,"سبراي الجسم المعطر باشنت لوف للنساء من بيور بيوتي - 250مل"
6189,1,"Givma Electric Toothbrush"
6189,2,"فرشاة الأسنان الكهربائية من جيڤما"
6190,1,"Tinted Sunscreen Cream for Face and Eye Contour - Panthenol Plus"
6190,2,"كريم واقي شمس للوجه وحول العينين ملون - بانثينول بلس"
6191,1,"Lino Alcohol-Free Wet Wipes with Lemon - 100 Wipes"
6191,2,"لينو مناديل مبللة خالية من الكحول بالليمون - 100 منديل"
6192,1,"Dettol Wet Wipes for Sensitive Skin - 10 Pieces"
6192,2,"مناديل ديتول مبللة للبشرة الحساسة 10 قطع"
6193,1,"Dettol Anti-Bacterial Refreshing Skin Wipes - 10 Wipes"
6193,2,"مناديل مبللة منعشة للبشرة مضادة للبكتيريا مكونة من 10 منديل من ديتول"
6194,1,"RDL Papaya Whitening Body Lotion + Vitamin E - Small Size 210 ml"
6194,2,"لوشن البابايا لتبييض اليدين والجسم من ار دي ال - 210 مل"
6195,1,"Krem Kap Whitening Scrub for Face and Body - 75 ml"
6195,2,"كريم كاب سنفرة مبيض للوجه والجسم - 75 مل"
6196,1,"Beauty Formulas Face & Bikini Wax Strips Set - 36 Pieces"
6196,2,"مجموعة شرائح الشمع لازاله شعر الوجه والبكيني  من بيوتي فورميولا 36 قطعه"
6197,1,"Beauty Formulas Body & Leg Wax Strips with Vitamin E - Travel Pack 20 Pieces"
6197,2,"شرائح شمع الجسم والساقين بفيتامين E من بيوتي فورميولا - عبوة للسفر 20 قطعه"
6198,1,"Beauty Formulas Vitamin E Hair Remover Wax Strips Legs &amp; Body 20pcs"
6198,2,"شرائح الشمع لإزالة شعر الساقين والجسم بفيتامين E من بيوتي فورميولا، 20 قطعة"
6199,1,"Beauty Formulas Vitamin E Hair Remover Wax Strips Legs &amp; Body40pcs"
6199,2,"شرائح الشمع لإزالة شعر الساقين والجسم بفيتامين E من بيوتي فورميولا، 40 قطعة"
6200,1,"Beauty Formulas Feminine Intimate Cleansing Wash with Lavender 250ml"
6200,2,"بيوتي فورميلاز غسول نسائي منظف للمنطقة الحميمية باللافندر 250ml"
6201,1,"Beauty Formulas Feminine Wash Moisturizing & Soothing with Aloe Vera 250ml"
6201,2,"بيوتي فورميلاز غسول نسائي مرطب ومهدئ للمنطقة الحميمية بالصبار 250ml"
6202,1,"Look Korean 3-in-1 Facial Peeling Mask: Peeling Mitt, Mask, and Hydrating Serum"
6202,2,"ماسك تقشير الوجه لوك الكوري ثلاث خطوات قفاز تقشير وماسك وسيروم ترطيب 3*1"
6203,1,"Max Care Clear Vinyl Hand Gloves - Large Size, Box of 100 Gloves"
6203,2,"قفازات يد ماكس كير فنيل شفافه مقاس لارج علبه 100قفاز"
6204,1,"Tongue Cleaning Brush"
6204,2,"فرشاه تنظيف اللسان"
6205,1,"Trisa Tongue Cleaner"
6205,2,"أداة تنظيف اللسان من تريسا"
6206,1,"Back Scratcher with Massager"
6206,2,"محك ظهر مع مساج"
6207,1,"Bio Garden Rosemary Oil Hair Shampoo - 500 ml"
6207,2,"شامبو للشعر بزيت اكليل الجبل من بيو جاردن 500 مل"
6208,1,"Cosmo - Happy Feet Refreshing Foot Gel with Mint, 150 ml"
6208,2,"كوزمو - هابي فيت جل منعش للقدمين بالنعناع ، 150 مل"
6209,1,"ACM Dépiwhite Advanced Intensive Anti-Brown Spot Cream 40ml"
6209,2,"&quot;اي سي ام يبيوايت كريم مكثف مضاد للبقع 40مل &quot;"
6210,1,"ACM Sebionex Cleansing Gel for Oily Skin - 200 ml"
6210,2,"جل منظف للبشرة الدهنية من ايه سي ام سيبيونيكس - 200 مل"
6211,1,"Enjoy delay lubricant 50 ml"
6211,2,"انجوي مزلق للتاخير 50 مللي"
6212,1,"Garnier Naturelle Hair Dye Cream Blue Black 3 Oils"
6212,2,"غارنيية ناتشر لز كريم صبغة أسود مزرق 3 زيوت"
6213,1,"Garnier Color Naturals 10.1 Ash Beige Blonde Hair Dye"
6213,2,"صبغة شعر غارنييه 10.1 أشقر بيج رمادي"
6214,1,"Kuwait Shop Rose Oil - 30 ml"
6214,2,"زيت الورد من كويت شوب 30 مل"
6215,1,"Wella Styling Steel Gel with Strong Hold Effect - 200ml"
6215,2,"جل ستايلينج ستيل بتأثير تثبيت قوي من ويلا - 200مل"
6218,1,"Beauty Formulas Peppermint Foot Peeling Mask - 1 Pair"
6218,2,"قناع النعناع لتقشير القدمين من بيوتي فورميولا زوج واحد"
6219,1,"Christine Blush Powder NO 02"
6219,2,"بلشر أحمر خدود NO 02 من كرستين"
6220,1,"Christine Blush Powder NO 01"
6220,2,"بلشر أحمر خدود NO 01 من كرستين"
6221,1,"Christine Blush Powder NO 05"
6221,2,"بلشر أحمر خدود NO 05 من كرستين"
6222,1,"Christine Blush Powder NO 10"
6222,2,"بلشر أحمر خدود NO 10 من كرستين"
6223,1,"Christine Blush 03"
6223,2,"كرستين أحمر خدود 03"
6224,1,"DAX Vegetable Oil Compound Hair Pomade 213g"
6224,2,"دهان داكس كومبوند بالزيوت النباتية 213 ج"
6225,1,"Mila Detangling Hair Brush - Pink"
6225,2,"ميلا فرشاةلتشابك لشعر /زهري"
6226,1,"Herbal Essences Repairing Moroccan Argan Oil Shampoo 400ml"
6226,2,"ترميم زيت الارغان المغربي شامبو هيربل اسينسيس 400مل"
6227,1,"NOW Solutions Grapeseed Oil for Skin Care - 473 ml"
6227,2,"زيت بذور العنب للعناية بالبشرة من ناو سولوشنز 473 مل"
6228,1,"Gigot Collagen Sunscreen for Skin Brightening and Protection"
6228,2,"واقي شمس جيجوت  كولاجين لتفتيح وحماية البشرة"
6229,1,"Daily Care Soothing & Exfoliating Toner - Brightening & Anti-Wrinkle - 210ml"
6229,2,"تونر العنايه اليوميه مهدئ ومقشر يفتح البشرة ومضاد للتجاعيد 210 مل"
6230,1,"Gigot Collagen Eye Cream Anti-Wrinkle and Intensive Hydration"
6230,2,"جيغوت كريم العين بالكولاجين المضاد للتجاعيد والترطيب المكثف"
6231,1,"SKIN1004 Madagascar Centella Light Cleansing Oil - 200ml"
6231,2,"منظف زيتي لايت مدغشقر سينتيلا من سكين1004 - 200مل"
6232,1,"L'Oréal Elvive Hyaluron Pure Shampoo 400ml - Add Review"
6232,2,"لوريال شامبو شعر ايلفيف هيالورون نقي 400 مل      أضف تقييم"
6233,1,"Kuwait Shop Turmeric Soap for Acne Control and Skin Brightening for Face and Body - 500ml"
6233,2,"كويت شوب صابونية الكركم لمكافحة حب الشباب وتفتيح البشرة للوجه والجسم - 500 مل"
6234,1,"Jigott Natural Retinol Serum - Skin Rejuvenating & Anti-Aging Serum 50ml"
6234,2,"مصل الريتنول الطبيعي من جيجوت مصل تجديد البشرة مضاد للشيخوخه 50 مل"
6235,1,"Shark Moss Disposable Razors"
6235,2,"شفرات حلاقه استعمال مره واحده من شارك موس"
6236,1,"Banana Boat Vitamin C Body Lotion - 450ml"
6236,2,"لوشن جسم بفيتامين سي من بانانا بوت - 450مل"
6237,1,"Votmala Tongue Scraper"
6237,2,"فرشة اللسان فوتمالا"
6238,1,"Youshen Tongue Scraper for Plaque and Bacteria Removal"
6238,2,"يوشن فرشة لسان لازاله الرواسب والبكتريا"
6239,1,"Vollare Nourishing and Strengthening Eyelash and Eyebrow Serum 9ml"
6239,2,"فولاري سيروم مغذي ومقوي للرموش والحواجب 9 مل"
6241,1,"Skin System Titanium Rose Wax Roll-On - 100 ml"
6241,2,"شمع رول تيتانيوم روز من سكن سستم 100 مل"
6242,1,"Hair Removal Wax Strips"
6242,2,"شرائح واكس لنزع الشعر"
6243,1,"Cosmo Beauty Moisturizing Hand Wash with Oud Scent, 750 ml"
6243,2,"غسول لليدين مرطب برائحة العود من كوزمو بيوتي , 750 مل"
6244,1,"Cosmo - Moisturizing Romantic Rose Hand Wash 750ml"
6244,2,"كوزمو - غسول يدين مرطب برائحة الورد الرومنسي 750 مل"
6245,1,"Disinfectant and sterilizer 250 ml x 2 tablets from Dettol"
6245,2,"مطهر ومعقم 250 مل × 2 حبة من ديتول"
6246,1,"Radix Clean Unisex Razors 6*3"
6246,2,"شفرات  حلاقه راديكس كلين للجنسين6*3"
6247,1,"Geleez Rose Scented Makeup Remover Wipes - 100 Wipes"
6247,2,"جيليز مناديل إزالة المكياج بنكهة الورد 100 منديل"
6248,1,"Dettol Skincare Body Wash 500ml"
6248,2,"غسول الجسم للعناية بالبشرة من ديتول 500 ملليلتر"
6249,1,"Dettol Antibacterial Liquid Body Wash Skin Care 500ml with Loofah"
6249,2,"غسول الجسم السائل للعناية بالبشرة المضاد للبكتيريا من ديتول 500مل مع ليفة"
6250,1,"Jardin Oleane Underarm Detox Scrub - 250g"
6250,2,"ديتوكس مقشر تحت الابط من جاردن اوليان 250 جرام"
6251,1,"B-Trust Clove Oil for Teeth - 10ml"
6251,2,"زيت القرنفل للاسنان من بي-ترست 10مل"
6252,1,"ISDIN Lambda Control Deodorant Cream - 50 ml"
6252,2,"اسدن كريم مزيل العرق لامبدا كونترول - 50 مل"
6253,1,"Cerelac wheat and dates with milk / 400g / from 6 months old"
6253,2,"سيريلاك قمح و تمر بالحليب /400غ / من عمر 6 شهر"
6254,1,"Cerelac Wheat & Fruits with Milk / 1kg / From 6 Months"
6254,2,"سيريلاك قمح و فواكه بالحليب / 1كجم / من عمر 6 شهور"
6255,1,"Nestle Cerelac wheat and dates from 6 months - 1 kilo"
6255,2,"نستلة سيريلاك قمح وتمر من 6 شهور - 1 كيلو"
6256,1,"Nestlé Cerelac Mixed Fruits Wheat with Milk - 400g"
6256,2,"نستلة سيريلاك فواكه مشكلة قمح مع حليب - 400 جم"
6257,1,"Cerelac wheat and honey with milk / 400g / from 12 months old"
6257,2,"سيريلاك قمح و عسل بالحليب / 400غ / من عم12شهور"
6258,1,"Double-Sided Wooden Foot File for Dead Skin Removal with Ergonomic Handle for Pedicure"
6258,2,"مبرد قدم خشبي ذو وجهين لإزالة الجلد الميت مع مقبض خشبي لتنظيف الباديكير"
6259,1,"Himalaya Blackhead Clearing Walnut Face Wash 150ml"
6259,2,"غسول الوجه بالجوز لازالة الرؤوس السوداء من هيمالايا 150مل"
6260,1,"Cerelac Rice with Milk / 400g / From 6 Months"
6260,2,"سيريلاك ارز بالحليب/ 400غ / من عمر 6 شهور"
6261,1,"Avent Natural - Glass Baby Bottle 240ml"
6261,2,"أفنت ناتشرال - رضاعة زجاجية 240مل"
6262,1,"Baby Dar plastic baby bottle with handle, 257 ml"
6262,2,"رضاعة للأطفال بلاستيك بمقبض من بيبي دار 257 مل"
6263,1,"Vital Baby NURTURE Feeding Bottle Brush"
6263,2,"فيتال بيبي نورتشر فرشاة تنظيف الرضاعة"
6264,1,"MD Makeup Design Arabic Kohl Eyeliner Pencil KA001"
6264,2,"قلم كحل عربي لتحديد العيون KA001 ميكاب ديزاين من إم دي"
6265,1,"MD Liquid Eyeliner"
6265,2,"محدد عيون سائل من ام دي"
6266,1,"Soft Eyeliner Pencil Beige 22 - Makeup Design MD"
6266,2,"قلم كحل محدد ناعم للعين لون بيج 22 - ميكاب ديزاين ام دي"
6267,1,"Casanova Hair Removal Spray Lemon Scent 175 ml"
6267,2,"بخاخ مزيل الشعر كازانوفا بعطر الليمون 175 مل"
6268,1,"MD Medical Eyeliner No. 01 Black"
6268,2,"ام دي كحل طبي رقم 01 اسود"
6269,1,"Cerelac Wheat & Honey 1kg"
6269,2,"سيريلاك قمح و عسل 1كيلو"
6270,1,"S-26 Gold Stage 3 Baby Milk Formula - 1800g"
6270,2,"إس-26 حليب اطفال جولد المرحلة (3) 1800 جم"
6271,1,"M&amp;K Arol Hair Repair Shampoo 400ml"
6271,2,"شامبو لاصلاح الشعر من ام اند كي ارول 400مل"
6272,1,"Got2b Glued Eyebrow Gel Mascara - 72-Hour Hold, 16ml"
6272,2,"مسكرة جل حواجب جات تو بي تثبيت لمدة 72 ساعة 16 مل"
6273,1,"Lifebuoy Charcoal and Mint Body Wash 700ml"
6273,2,"سائل استحمام الفحم والنعناع من لايف بوي 700مل"
6274,1,"Lifebuoy Antibacterial Body Wash Blue 700ml"
6274,2,"لايف بوي غسول الجسم المضاد للبكتيريا أزرق 700 مل"
6275,1,"Garnier shampoo for damaged and weak hair, acacia honey and beeswax, 1000 ml"
6275,2,"شامبو للشعر التالف والضعيف عسل الاكاسيا وشمع العسل غارنييه 1000مل"
6276,1,"Garnier Ultra Doux Avocado Oil Shampoo for Very Dry and Frizzy Hair, Silicone-Free - 1000ml"
6276,2,"غارنيه الترا دوكس شامبو بزيت الأفوكادو للشعر شديد الجفاف ,والمجعد خالي من السليكون 1000 مل"
6277,1,"Pantene PRO-V Smooth & Silky Shampoo for Coarse Hair - Pump Bottle, 1 Liter"
6277,2,"شامبو PRO-V من بانتين إنسيابي و حرير ينعم الشعر الاشد خشونه عبوة ضاغطه حجم 1 لتر"
6278,1,"Radix Comfortable Razors - Smooth Glide for Soft Skin 2+1"
6278,2,"رادكس شفرات حلاقه مريحه انزلاق سلس لبشرة ناعمه 2+1"
6279,1,"L'Oréal Hyaluronic Acid Hydrating Shampoo for Dehydrated Hair - 600ml"
6279,2,"لوريال شامبو حمض الهيالورنيك المرطب للشعر الفاقد الترطيب 600مل"
6280,1,"Depend Super Fast Nail Polish Remover 35ml"
6280,2,"مزيل مناكير بسرعة فائقة من ديبند 35مل"
6281,1,"Depend Nail Polish Remover for Artificial Nails - 100ml"
6281,2,"مزيل طلاء الأظافر للأظافر الاصطناعية من ديبند 100مل"
6282,1,"Global Star Cuticle Sanitizer & Protective Spray - 80 ml"
6282,2,"بخاخ مطهر حول الأظافر وواقي من جلوبال ستار - 80 مل"
6283,1,"Garnier Nourishing Almond Milk Shampoo 200ml"
6283,2,"شامبو غارنية حليب ولوز مغذي 200 مل"
6284,1,"Marvis Ginger Mint Toothpaste 75ml"
6284,2,"معجون اسنان بالنعناع والزنجبيل من مارفيس 75مل"
6285,1,"Herbal Essences White Strawberry & Sweet Mint Cleansing Shampoo - 400ml"
6285,2,"شامبو الفراولة البيضاء والنعناع لتنظيف الشعر من من هيربل ايسينسيز - 400 مل"
6286,1,"Sensodyne Gentle Care Soft Toothbrush"
6286,2,"فرشاة أسنان عناية لطيفة ناعمة من سنسوداين"
6287,1,"Scherrer 2 perfume for women, Eau de Toilette by Jean-Louis Scherrer, 100ml"
6287,2,"عطر شيرير 2 للنساء او دي تواليت من جان لويس شيرير 100مل"
6288,1,"Ginseng Hair Growth Serum Ampoules - Anti-Hair Loss 10ml x 12 Ampoules"
6288,2,"امبولات سيروم من جنسنج لتعزيز نمو الشعر مضاد للتساقط 10 مل × 12 امبولة"
6289,1,"X-White Hair Dye Shampoo with Argan Oil - Black, 420 ml"
6289,2,"اكس وايت شامبو صبغة الشعر بزيت الأرغان اسود 420 مل"
6290,1,"X-White hair dye shampoo with argan oil, dark brown, 420 ml"
6290,2,"اكس وايت شامبو صبغة شعر بزيت الارغان بني غامق 420 مل"
6291,1,"Johnson's Baby Shampoo Promotional Pack 750ml + 200ml"
6291,2,"شامبو اطفال عبوه ترويجيه من جونسون 750مل + 200مل"
6292,1,"Maybelline Lash Sensational Sky High Waterproof Mascara 01 Very Black"
6292,2,"مايبيلين ماسكارا لاش سينسيشنال سكاي هاي مقاومة للماء 01 فيري بلاك"
6293,1,"MAKUKU Baby Wipes, 99% Water Wipes for Infants and Babies, Unscented and Hypoallergenic for Sensitive Skin, pH Balanced, 180 Wipes (Pack of 3)"
6293,2,"مناديل مبللة للأطفال من ماكوكو، مناديل مائية بنسبة 99%، مناديل مبللة للأطفال والرضع، غير معطرة ولا تسبب الحساسية للبشرة الحساسة، قريبة من درجة حموضة الجلد، 180 منديلًا (عبوة من 3 قطع)"
6295,1,"Jardin Oleane Sunscreen Cream for Face and Body - 50 ml"
6295,2,"كريم واقي شمس للوجه والجسم من جاردن اوليان - 50 مل"
6296,1,"Estelle Vendome Infinite Just Girl Eau de Parfum for Women - 100ml"
6296,2,"عطر انفينيت جست جيرل او دي برفيوم للنساء من استل فيندوم 100مل"
6297,1,"Makuku Air Slim Diapers with Adhesive Tape, Large Size - 34 Pieces"
6297,2,"حفاضات ماكوكو الهوائية الرفيعه شريط لاصق مقاس كبير- 34 قطعه"
6298,1,"Makuku Comfort Fit Baby Diapers Size (2) - 30 Diapers"
6298,2,"ماكوكو كمفورت فيت حفايض للاطفال مقاس (2) - 30 حفاض"
6299,1,"Makuku Slim Air Diapers for Babies Size 3 - 36 Diapers"
6299,2,"ماكوكو حفاضات هوائية رفيعة للاطفال مقاس 3 - 36 حفاضة"
6300,1,"Soft Velvet Nail Polish Remover Wipes, 12 Wipes"
6300,2,"مناديل لإزالة طلاء الأظافر من سوفت فيلفيت 12 منديل"
6301,1,"Mento Fresh Charcoal Gum - Fruit & Mint, 15 Pieces"
6301,2,"علك الفحم منتو فريش فواكة ونعناع 15 قطعه"
6302,1,"Celia Pomegranate and Vanilla Body Mist - 250 ml"
6302,2,"معطر الجسم بالرمان والفانيلا من سيليا - 250 مل"
6303,1,"Skil Sweet Temptation Shimmering Hair & Body Mist - 250 ml"
6303,2,"بخاخ معطر لامع سويت تيمبتيشيون للجسم والشعر من سكيل 250 مل"
6305,1,"Modern sonic toothbrush from YOUTU"
6305,2,"فرشاة الاسنان الكهربائية الحديثة  من YOUTU"
6306,1,"Vital Baby - Fresh Food Feeder for Infants +6 Months Red - 2 Pieces"
6306,2,"فيتال بيبي - أداة الطعام الطازج للرضع +6 أشهر أحمر - عدد 2"
6307,1,"Similac Advance Baby Milk Stage 2 / 800g / From 6 - 12 Months"
6307,2,"سيميلاك ادفانس حليب الاطفال رقم 2/ 800 غ / من عمر 6 - 12 شهر"
6308,1,"Jamzing Gummies Kids Vitamin C Zinc 60 Candy"
6308,2,"جاميزينج جاميز اطفال فيتامين سي وزنك 60 حلوى"
6309,1,"Castal Long-Lasting Liquid Lipstick - 236"
6309,2,"روج شفاه سائل ثابت من كاستال- 236"
6310,1,"Eucerin UreaRepair PLUS 10% Urea Intensive Lotion 250ml"
6310,2,"مستحلب يوريا ريبير بلس 10% يوريا المكثف يوسيرين 250 مل"
6311,1,"Eucerin 5% Urea Skin Replenishing Body Wash 400ml"
6311,2,"غسول الجسم 5% يوريا لتجديد البشرة من يوسيرين 400 مل"
6312,1,"Castal Long-Lasting Liquid Lipstick - Shade 226"
6312,2,"روج سائل ثابت شفاه من كاستال 226"
6313,1,"Herbal Essences Coconut Moisturizing Conditioner 400 ml"
6313,2,"بلسم ترطيب بخلاصة جوز الهند من هيربال ايسنز 400 مل"
6314,1,"Zayn & Myza (ZM) Charcoal Face Scrub with Niacinamide & Aloe Vera Extract - 150ml"
6314,2,"مقشر وجه بالفحم مع خلاصة النياسيناميد و الصبار 150 مل  من  زين اند ميزا (ZM) -"
6315,1,"Exotic green tea facial mask and serum 100 ml"
6315,2,"قناع وسيروم للوجه الشاي الاخضر100مل من ايكزوتك"
6316,1,"Exotic Aker Fassi Face Mask & Serum - 100ml"
6316,2,"قناع وسيروم الوجه بالعكر الفاسي 100مل  من اكزوتك"
6317,1,"Marnys Anti-Stress Face Ampoules - 7 Ampoules x 2 ml"
6317,2,"مارنيز امبولات مضاد للتوتر للوجه 7 امبولات 2 مل"
6318,1,"Vatika Naturals Therapeutic Moisturizing Shampoo - Enriched with Almonds and Honey - for Dry and Frizzy Hair - 1000 ml"
6318,2,"شامبو مرطب علاجي من فاتيكا ناتشورالز - غني باللوز والعسل - للشعر الجاف والمتطاير - 1000 مل"
6319,1,"Marvis Whitening Mint Toothpaste 85ml"
6319,2,"معجون اسنان بالنعناع للتبييض من مارفيس 85مل"
6320,1,"Now Foods Cinnamon Cassia Essential Oil - 30ml"
6320,2,"زيت عطري بالقرفه من ناو - 30مل"
6321,1,"Gellies Clear Nail Glue - 10g"
6321,2,"جيليز غراء اظافر شفاف - 10 جم"
6322,1,"Shine Skin Care Bundle: Cleanser + Toner + Cotton Pads"
6322,2,"بكج شاين للعنايه بالبشرة غسول +تونر +مسحه قطنيه"
6323,1,"Blue Ginger Conditioner Renewing Energizing Micellar Water by Herbal Essences Bio - 400 ml"
6323,2,"بلسم الزنجبيل الازرق تجديد ماء ميسيلر منشط من هيربال إسنسز بيو - 400 مل"
6324,1,"Herbal Essences Bio Smoothing and Renewing Conditioner with Golden Moringa Oil, 400 ml"
6324,2,"بلسم تنعيم الشعر وتجديده بزيت المورينغا الذهبي من هيربل ايسنسز بايو ، بحجم 400 مل"
6325,1,"Nair hair removal cream for sensitive skin with aloe vera extract, 110 grams"
6325,2,"كريم ازالة الشعر للبشرة الحساسة بخلاصة الصبار من نير 110 غرام"
6326,1,"Karseell Maca Essence Hair Oil for Damaged Hair - 50 ml"
6326,2,"كارسيل زيت الماكا للشعر التالف - 50 مل"
6327,1,"Casa Prickly Pear Seed Oil - 30ml"
6327,2,"زيت التين الشوكي من كازا - 30مل"
6328,1,"Bizon Perfume 100ml - Unisex"
6328,2,"عطر بيزون 100 مل رجالي-نسائي"
6329,1,"Al-Arayes Moroccan Bath Soap with Olive Oil - 1000ml"
6329,2,"صابون الحمام المغربي بزيت الزيتون من العرايس 1000مل"
6330,1,"Dove Powder Soft Antiperspirant Deodorant Spray 150ml"
6330,2,"دوف مزيل عرق بخاخ باودر سوفت 150 مل"
6331,1,"Dove Go Fresh Apple & White Tea 150ml"
6331,2,"جو فريش تفاح وشاي أبيض دوف150 مل"
6332,1,"Dove Antiperspirant Deodorant Spray Coconut & Jasmine - 150ml"
6332,2,"دوف مزيل عرق بخاخ بجوز الهند والياسمين - 150 مل"
6333,1,"Carbon Theory Superfood Facial Cleansing Bar 100g"
6333,2,"صابونة تنظيف الوجه سوبر فود من كاربون ثيوري 100 جم"
6334,1,"Carbon Theory Vitamin C & Caffeine Facial Cleansing Bar 100g"
6334,2,"صابونة تنظيف الوجه بفيتامين سي والكافيين من كاربون ثيوري 100 جم"
6335,1,"Revolution Reloaded Wild Nights Eyeshadow Palette"
6335,2,"ريفلوشن باليت ظل عيون ريلوديد وايلد نايتس"
6336,1,"Revolution Lip Contour Kit - Chauffeur (Cookie)"
6336,2,"رفليوشن قلم تحديد الشفاة كوكي"
6337,1,"Revolution Lip Contour Liner - Abam"
6337,2,"رفليوشن قلم تحديد الشفاة ابام"
6338,1,"Revolution Espresso Lip Liner"
6338,2,"رفليوشن قلم تحديد الشفاة اسبرسو"
6339,1,"Revolution Hair Stroke Brow Pen - Dark Brown 0.5ml"
6339,2,"قلم حواجب ريفولوشن سترايك بني داكن من ريفولوشن 0.5مل"
6346,1,"Jigott Peptide Eye Cream for Brightening, Nourishing, and Anti-Wrinkle Care - 50ml"
6346,2,"كريم الببتيد للعين لتفتيح وتغذيه البشرة حول العين والمضاد للتنجاعيد 50 مل من jigott"
6353,1,"Nail clippers set"
6353,2,"طقم مقص أظافر"
6354,1,"Pantene Smooth & Silky Shampoo - 390 ml"
6354,2,"بانتين شامبو انسيابي وحريري  390 مل"
6355,1,"Himalaya Aloe Vera Face Wash Gel 165ml"
6355,2,"غسول جل الصبار لتنظيف الوجه من هيمالايا 165مل"
6356,1,"Global White Teeth Whitening Gel - 5 ml"
6356,2,"جل مبيض للأسنان من جلوبال وايت - 5مل"
6358,1,"A set of plastic travel packing boxes - seven pieces from Attention Care"
6358,2,"محموعة علب بلاستيك للتعبئة للسفر -سبع قطع من اتنشن كير"
6359,1,"Georgina Waterproof Lip Liner - Shade 115"
6359,2,"محدد شفاة ضد الماء رقم  115 من جيورجينا"
6360,1,"Georgina Waterproof Lip Liner - Shade 101"
6360,2,"محدد شفاة ضد الماء رقم  101 من جيورجينا"
6361,1,"Georgina Waterproof Lip Liner - Shade 112"
6361,2,"محدد شفاة ضد الماء رقم  112 من جيورجينا"
6362,1,"Nano Rose Watermelon Lip Balm 03 - 6.5g"
6362,2,"مرطب شفاه بالبطيخ 03 من نانو روز 6.5غ"
6363,1,"L'Oréal Paris Studio Line Special FX 150ml"
6363,2,"لو﷼ باريس ستوديو لاين سبيشيال اف اكس ١٥٠ مل"
6364,1,"Labella White Musk Intimate Wash - 250ml"
6364,2,"غسول المسك الأبيض للمنطقة الحميمية من لابيلا - 250مل"
6365,1,"Taif Rose Intimate Care Wipes - 12 Wipes"
6365,2,"مناديل الورد الطائفي للعنايه بالمناطق الحميمه 12 منديل"
6366,1,"Alfaparf Revolution temporary hair dye, pink, 90 ml"
6366,2,"صبغة شعر مؤقته ريفولوشن زهري من الفابارف 90مل"
6367,1,"Exa whitening cream for sensitive areas, 360 grams"
6367,2,"كريم مبيض ومورد للمناطق الحساسة من إكسا 360 جرام"
6368,1,"Rebune Deep Cleansing Facial Steamer"
6368,2,"ريبون جهاز بخار الوجه للتنظيف العميق"
6369,1,"Rebune is a small, portable muscle massage device with 6 speeds"
6369,2,"ريبون جهاز مساج وتدليك العضلات بحجم صغير محمول بـ 6 سرعات"
6370,1,"Passionate Massage Oil for All Skin Types - 200 ml"
6370,2,"زيت التدليك عاطفي  لجميع انواع البشرة  200 مل"
6371,1,"Organic Aloe Vera After-Sun Cream 250ml"
6371,2,"كريم بعد الشمس العضوي بالصبار 250 مل"
6372,1,"Organic Face Toner for All Skin Types - 250ml"
6372,2,"تونر عضوي للوجه  لجميع انواع  البشرة 250 مل"
6373,1,"Organic Relaxing Massage Oil for All Skin Types - 100% Natural Origin - 250ml"
6373,2,"زيت التدليك العضوي للاسترخاء لجميع انواع البشرة 100% من اصل طبيعي 250 مل"
6374,1,"Arganour Natural Sweet Almond Oil 250ml"
6374,2,"زيت اللوز الحلو الطبيعي من أرغانور 250 مل"
6375,1,"Arganour Organic Aloe Vera Gel 97% Triple Action - 250ml"
6375,2,"جل الصبار العضوي 97% ثلاثي من ارجينيور  250مل"
6376,1,"Arganier Organic Refreshing Massage Oil for All Skin Types - 200ml"
6376,2,"زيت التدليك العضوي منعش لجميع انواع البشرة من ارجينيور 200 مل"
6377,1,"Argenior Tanning Gel - 100 ml"
6377,2,"جل لاسمرار البشرة من ارجينيور 100 مل"
6378,1,"Arganour 100% Pure Argan Oil 50ml"
6378,2,"أرجانور زيت أرغان نقي 100% 50 مل"
6379,1,"Argenior Hyaluronic Acid & Centella Asiatica Face Serum for Hydration and Nourishment for Radiant and Glowing Skin - 30ml"
6379,2,"سيروم الوجه حمض الهيالورونيك  كينتيللا اسياتيكا من ارجينيور يرطب ويغذي لبشرة مشرقه ومتالقه 30 مل"
6380,1,"Organic Micellar Cleansing Water - 250ml"
6380,2,"ماء منظف للوجه ميسيلار العضوي  250 مل"
6381,1,"Sofy Anti-Bacterial Sanitary Pads - Slim - Large with Wings, 52 Pads"
6381,2,"سوفي حفائض نسائية مقاومة للبكتيريا - رقيقة - كبيرة بالأجنحة 52 حفاضة"
6382,1,"Sofy Moisturizing Olive Oil Sanitary Pads, Large - 30 Pads"
6382,2,"فوط نسائية بزيت الزيتون المرطب من سوفي كبير 30 فوط"
6383,1,"Sofy Gentle to Skin Sanitary Pads - Slim - Large with Wings - 30 Pads"
6383,2,"سوفي حفائض نسائية لطيفة على البشرة - رقيقة - كبير بالاجنحة - 30 حفاضة"
6384,1,"Sofy Maxi Compressed Sanitary Pads Large with Wings - 30 Pads"
6384,2,"سوفي حفائض نسائية ماكسي مضغوطة كبير بالاجنحة 30 حفاضة"
6386,1,"Cosmo - Retinol Foaming Face Wash with Face Brush, 175 ml"
6386,2,"كوزمو - غسول الوجه الرغوي بالريتينول مع فرشاة وجه ، 175 مل"
6387,1,"Cosmo Vitamin C Foaming Face Wash with Built-in Brush, 175ml"
6387,2,"غسول الوجه الرغوي بخلاصة فيتامين سي مع فرشاة من كوزمو , 175 مل"
6388,1,"Florence Korean Rice Exfoliating and Whitening Face Wash Gel - 150ml"
6388,2,"غسول جل مقشر ومبيض للوجه بالأرز الكوري من فلورنس 150مل"
6389,1,"Salon System Moisturizing Shaving Gel - 1200 ml"
6389,2,"صالون سيستم جل حلاقة مرطب للبشرة - 1200 مل"
6390,1,"Cosmo - Cleansing Lemon Toner, 250 ml"
6390,2,"كوزمو - تونر منظف بالليمون ،250 مل"
6391,1,"Cosmo - Papaya Skin Cleansing and Whitening Toner, 250 ml"
6391,2,"كوزمو - تونر لتنظيف البشرة وتبييضها بالبابايا ,250 مل"
6392,1,"Cosmo Rose Skin Cleansing Toner - 250ml"
6392,2,"تونر لتنظيف البشرة بالورد من كوزمو 250 مل"
6393,1,"St. Dalfour Philippines Skin Whitening Cream - 50g"
6393,2,"دالفور كريم تفتيح وتبييض البشرة - 50 جرام"
6394,1,"Osha Beauty Antiperspirant Wipes - 10 Pieces"
6394,2,"اوشا بيوتي مناديل مضادة للتعرق - 10 قطع"
6395,1,"Sensation Roll-On Deodorant to lighten and tighten the skin with Q10 serum from Pure Beauty - two pieces"
6395,2,"مزيل عرق رول سنسايشن لتفتيح البشرة وشدها بسيروم Q10 من بيور بيوتي - حبتين"
6396,1,"Anua Heartleaf Pore Control Cleansing Oil - 200ml"
6396,2,"غسول زيتي هارتليف للتحكم في المسام من أنوا - 200مل"
6397,1,"Kler Strawberry and Raspberry Body Lotion - 400 ml"
6397,2,"لوشن للجسم فراولة وتوت 400 مل من كلير"
6398,1,"Klar Musk Body Lotion - 400 ml"
6398,2,"لوشن للجسم بالمسك 400 مل من كلير"
6399,1,"Hair Styling Wax Stick by Lefami Beauty"
6399,2,"رول شمع لتثبيت الشعر من لافمي بيوتي."
6400,1,"TheraBreath Fresh Breath Oral Rinse, Icy Mint - 88.7ml"
6400,2,"ثيرابريث غسول فم لرائحة النفس بالنعناع 88.7مل"
6401,1,"K18 Leave-In Molecular Repair Hair Mask 15ml"
6401,2,"K18 ماسك الشعر لا يحتاج للشطف 15 مل"
6402,1,"K18 Leave-In Molecular Repair Hair Mask - 50 ml"
6402,2,"k18 ماسك لإصلاح الشعر ليف ان - 50 مل"
6403,1,"Mada Hayat Baby Wipes for Sensitive Skin - 100 Wipes"
6403,2,"مدى حياة مناديل اطفال للبشرة الحساسة - 100منديل"
6404,1,"Global Star Disposable Towels (160x80) cm - 25 Pieces"
6404,2,"جلوبال ستار مناشف للإستخدام  مرا واحدة (160x80) سم \25 قطعة"
6405,1,"Global Star Disposable Towels (30x60)cm / 100 Pieces"
6405,2,"جلوبال ستار مناشف للاستخدام الواحد ( 30x60 )سم \ 100 قطعة"
6406,1,"Pigeon baby wet wipes 3 x 80 pieces, suitable for all skin"
6406,2,"بيجون مناديل مبللة للاطفال 3 × 80 حبة مناسب لجميع البشره"
6407,1,"Johnson's Bath Soap with Pomegranate Flower Extract 250 ml"
6407,2,"جونسون صابون لأستحمام مع خلاصة زهرة الرمان 250 مل"
6408,1,"Malaysia Talcum Powder Shower Gel 1000ml"
6408,2,"ماليزيا جل سائل للاستحمام بمسحوق التلك 1000 مل"
6409,1,"Malizia Coconut Milk Bath & Shower Gel 1000ml"
6409,2,"ماليزيا جل سائل للاستحمام بحليب جوز الهند 1000 مل"
6410,1,"Kotex Antibacterial Cotton Daily Pads - 20 Pieces"
6410,2,"فوط يومية قطنية مضادة للبكتيربا من كوتكس - 20 قطعة"
6411,1,"Milk flour for children with wheat 300 grams from Mother's Choice +6 months"
6411,2,"دقيق بالحليب للأطفال بالقمح 300جرام من مذرز تشويس +6 اشهر"
6412,1,"Mother's Choice Fun Shapes Biscuits for Kids - 300g"
6412,2,"بسكويت بأشكال مرحة للأطفال 300جرام من مذرز تشويس"
6413,1,"Tiger Balm Red 19g"
6413,2,"دهان تايجر الأحمر 19 جرام"
6414,1,"Rebune Hair Straightener Ceramic RE-483"
6414,2,"سيراميك مصفف شعر RE-483 من ريبون"
6415,1,"Rebune Power Hair Styler 2 Pieces 1000W RE 2013-2"
6415,2,"استشوار باور مصفف للشعر 2 قطعة 1000 واط من ريبون RE 2013-2"
6416,1,"Creation Creation - Mango Room and Office Freshener, 115 ml"
6416,2,"كريسيون كرياشن - معطر للغرف والمكاتب مانجو ، 115 مل"
6417,1,"Horney Rhino Delay Spray for Men 120 ml"
6417,2,"هورني راينو بخاخ التأخير للرجال 120 مل"
6418,1,"Fine Baby Double Lock Diapers, Size 3, Medium, 4-9 kg, Giant Saver Box, 104 Diapers"
6418,2,"فاين بيبي قفل مزدوج، مقاس 3، وسط، 4-9 كغ، صندوق التوفير العملاق، 104 حفاض"
6419,1,"Fine Baby Double Lock Diapers, Size 6, Junior, 16+ kg, Giant Saving Box, 72 Diapers"
6419,2,"فاين بيبي قفل مزدوج، مقاس 6، كبير جداً، 16+ كغ، صندوق التوفير العملاق، 72 حفاض"
6420,1,"Fine Baby Diapers Box Size (5) - 80 Count"
6420,2,"فاين بيبي حفائض أطفال بوكس مقاس (5) - 80 حبه"
6421,1,"Cosmo Black Castor Oil Hair Styling Gel, 1000g"
6421,2,"جل تصفيف الشعر بزيت الخروع الأسود من كوزمو , 1000 جرام"
6422,1,"Cosmo Moisturizing & Curl Enhancing Styling Cream - 250g"
6422,2,"كريم تصفيف مرطب ومعزز لتجعيد الشعر من كوزمو - 250 جرام"
6423,1,"Hair straightening cream with olive oil and aloe vera from Cosmo, 300 grams"
6423,2,"كريم فرد الشعر بزيت الزيتون و الصبار من كوزمو , 300 جرام"
6424,1,"Giovanni Natural Styling Gel 60ml"
6424,2,"جل تصفيف طبيعي من جيوفاني 60 مل"
6425,1,"Franck Olivier Perfumed Body Oil - 75 ml"
6425,2,"فرانك اوليفر زيت معطر للجسم - 75 مل"
6426,1,"Skin cream, intensive care and protection from Creme 21, 150 ml"
6426,2,"كريم للبشرة عناية مركزة وحماية من كريم 21 150مل"
6427,1,"Irish Intense perfume 100ml"
6427,2,"عطر ايريش انتنسي 100مل"
6428,1,"Garnier Ultra Doux Smoothing Coconut Shampoo for Dry and Frizzy Hair - 350ml"
6428,2,"شامبو منعم بجوز الهند للشعر الجاف والمجعد الترا دو من غارنييه 350مل"
6429,1,"AB Naturals American Mayonnaise Hair Cream with Olive Oil + Egg Protein - 500ml"
6429,2,"كريم المايونيز الأمريكي و زيت الزيتون+ بروتين البيض للشعر من ايه بي ناتشورالز-500مل"
6430,1,"Orbis Argan Oil Shampoo for Damaged and Dry Hair - 700 ml (1+1 Offer)"
6430,2,"شامبو للشعر التالف والجاف بزيت الارجان من اوربيس 700 مل 1+1"
6431,1,"Hair Food Redfox Lanolin Nourishing Hair Cream - 227 grams"
6431,2,"كريم هير فود ريدفوكس لانولين مغذي للشعر - 227غرام"
6432,1,"DAX Pomade Vegetable Oil Compound Hair Cream - 397g"
6432,2,"داكس بوميد كريم شعر مركب بالزيوت النباتية - 397جرام"
6433,1,"Volar Algae Moisturizing Body Cream - 250 ml"
6433,2,"فولار كريم مرطب جسم بالطحالب 250 مل"
6434,1,"MEBO Ointment 0.25% - 30g"
6434,2,"مرهم ميبو 0.25%  30 جم للحروق من الدرجة الاولى"
6435,1,"Garnier Ultra Doux Shine Shampoo with Rice Water & Starch Extract - 600ml"
6435,2,"غارنيه الترا دوكس شامبو للمعان الشعر بخلاصة ماء الأرز والنشا 600 مل"
6436,1,"Garnier Ultra Doux Hair Shampoo with Rice Water & Starch Extract - 200ml"
6436,2,"جارنييه شامبو شعر الترا دوكس بخلاصة ماء الأرز والنشا 200مل"
6437,1,"Johnson's Baby Soap Bar 125g White"
6437,2,"جونسون صابون قالب للاطفال 125 جم ابيض"
6438,1,"SebaMed Baby Cleansing Bar - 150g"
6438,2,"صابونة تنظيف الأطفال من سيبا ميد بيبي - 150غ"
6439,1,"Professional Natural Oval Palm Loofah"
6439,2,"ليفة كف طبيعية بيضاوية Professional- Natural"
6440,1,"Sanita Bambi Baby Diapers Jumbo Box Size #3 Medium, 6-11 kg - 104 Diapers"
6440,2,"سانيتا بامبي حفاضات أطفال بوكس جامبو مقاس #3 متوسط، 6-11 كجم - 104 حفاضة"
6441,1,"Sanita Bambi Baby Diapers Box, Size 3, 140 Diapers"
6441,2,"سانيتا بامبي حفايض أطفال صندوق مقاس( 3 ) عدد 140 حفاضة"
6442,1,"Celia Foaming Sea Salt Scrub with Coconut Oil, Turmeric, and Myrrh - 750g"
6442,2,"مقشر ملح البحر الرغوي بزيت جوز الهند والكركم والمرة من سيليا 750ج"
6443,1,"ISDIN Soothing and Anti-Pigmentation Sunscreen 50ml"
6443,2,"ازدن واقي الشمس المهدىء و المقاوم للتصبغات 50 مل"
6444,1,"Acidine Skin Scrub for Oily Skin - 50 grams"
6444,2,"مقشر البشرة أكنيبين للبشرة الدهنية من ايسدين - 50 جرام"
6445,1,"Jardin Oleane - Edible Watermelon Massage Oil, 250 ml"
6445,2,"جاردن اوليان - زيت تدليك قابل للتذوق بالبطيخ ، 250 مل"
6446,1,"Jardin Oleane - Edible Pineapple Massage Oil, 250 ml"
6446,2,"جاردن اوليان - زيت تدليك قابل للتذوق بالاناناس ، 250 مل"
6447,1,"Jardin Oleane - Edible Bubblegum Massage Oil, 250 ml"
6447,2,"جاردن اوليان - زيت تدليك قابل للتذوق بالعلكة ، 250 مل"
6448,1,"Jardin Oleane - Edible Massage Oil with Vanilla, 250 ml"
6448,2,"جاردن اوليان - زيت تدليك قابل للتذوق بالفانيلا ، 250 مل"
6449,1,"Carlotta Women's Perfume Eau de Toilette - 90ml"
6449,2,"كارلوتا عطر نسائي او دي تواليت - 90مل"
6450,1,"Pigeon Water-Filled Teether - Trumpet Shape"
6450,2,"بيجون عضاضة مائية شكل بوق"
6451,1,"Astera Charcoal Mouthwash - 300 ml"
6451,2,"غسول فم بالفحم من استيرا 300 مل"
6452,1,"Rebune Muscle Massage Device - Black 30W RE-2159"
6452,2,"جهاز مساج ريبون لتدليك العضلات - اسود 30 واط 2159RE"
6453,1,"Candice Al-Jana Rose Body and Hand Lotion - 750ml"
6453,2,"لوشن للجسم واليدين بالجنا روز من كانديس 750 مل"
6454,1,"Gillette 2 Disposable Razors - 10 Pieces"
6454,2,"جيليت 2 مكائن حلاقه عاديه 10 قطع"
6455,1,"Astera Diamond 6-in-1 Daily Mouthwash - 500 ml"
6455,2,"استيرا غسول يومي للفم دايموند 6 في 1 - 500 مل"
6456,1,"AXA Aker Fassi Soap for Dry and Normal Face - 100g"
6456,2,"اكسا صابون العكر الفاسي للوجه الجاف والعادي 100 غرام"
6457,1,"Eveline Scented Nail Polish Remover Wipes"
6457,2,"مناديل معطرة لازالة طلاء الاظافر من ايفلين"
6458,1,"Candice – Musk Scented Shower Gel 1L"
6458,2,"كانديس – جل الإستحمام برائحة المسك1لتر"
6459,1,"Handy Ethanol Alcohol Sanitizer Spray for Hands and Surfaces - 250ml"
6459,2,"هاندي معقم بخاخ بكحول الإيثانول للايدي والاسطح 250ملليلتر"
6460,1,"Yibi Zone 5-Piece Baby Care Set"
6460,2,"يبي زون طقم 5 قطع للعناية بالأطفال"
6461,1,"Shahrazad hair removal sweetness from Shahrazad, large size, 500 grams"
6461,2,"حلاوة شيرة شهرزاد لإزالة الشعر من شهرزاد حجم كبير 500 غرام"
6462,1,"Vital Baby Ultra Comfort Nurture Breast Pads 56 Pads"
6462,2,"وسادات ثدي فائقة الراحة نورتشر من فيتال بيبي 56 وسادة"
6463,1,"Pampers - Ultra Comfort Padded Diapers, Size 4, 9-14 kg, Infused with Aloe Vera Lotion and Vitamin E, Jumbo Pack, 54 Diapers"
6463,2,"بامبرز - حفاضات مبطنة فائقة الراحة، مقاس 4، 9-14 كجم، لوشن مملوء بالصبار وفيتامين E، عبوة ضخمة، 54 حفاضة"
6464,1,"Pampers New & Improved Complete Comfort Diapers with Taped Straps, Size 5, Aloe Vera Lotion & Vitamin E, 46 Count"
6464,2,"بامبرز حفاضات راحة متكاملة الجديدة والمطورة مع الأشرطة مقاس 5 كريم الصبار وفيتامين E عدد 46"
6465,1,"Palmer's Olive Oil Formula Hair Styling Cream 150g"
6465,2,"كريم تصفيف الشعر بتركيبة زيت الزيتون من بالمرز 150ج"
6466,1,"Garnier Ultra Doux Moisturizing Shine Hair Cream with Rice Water & Starch - 200ml"
6466,2,"غارنيه الترادوكس كريم مرطب للمعان الشعر بخلاصة ماء الأرز والنشا 200 مل"
6467,1,"Kuwait Shop Chamomile Baby Shampoo - 250 ml"
6467,2,"شامبو أطفال بالبابونج من كويت شوب 250 مل"
6468,1,"Pocket mirrors for women, a small compact mirror for the wallet"
6468,2,"مرايا الجيب للنساء مراه صغيرة مدمجه للمحفظه"
6469,1,"VENUS Soufflé Flower Shower Foam 200ml"
6469,2,"فينوس سوفلي فلاور شاور(رغوة استحمام) فوم 200 مل VENUS"
6470,1,"VENUS Caramel Shower Foam 200 ml"
6470,2,"فينوس كارميل شاور فوم 200 مل VENUS"
6471,1,"Cofix Pure White Medical Skin Gel - 1000g"
6471,2,"كوفيكس جل ابيض نقي للبشرة  الطبي 1000 جرام"
6472,1,"Nido Baby Milk No. (1) Plus with Natural Honey from 1 to 3 Years 1800 gm"
6472,2,"نيدو حليب أطفال رقم (1) بلس بالعسل الطبيعي من 1 الى 3 سنوات 1800 جم"
6473,1,"Ronagrow Growing-Up Milk (3) Vanilla Flavor 850g"
6473,2,"روناجرو حليب أطفال (3) لمرحلة النمو بالفانيلا 850 جم"
6474,1,"Ronagrow Milk (3) Growing-Up Formula 1700g"
6474,2,"روناجرو حليب (3) لمرحلة النمو  1700 جم"
6475,1,"TB-17/HS10039 Chinion Retractor"
6475,2,"مغيط شنيون TB-17/HS10039"
6476,1,"Clear Men Anti-Dandruff Deep Cleansing Shampoo with Charcoal and Mint 350 ml"
6476,2,"شامبو كلير للرجال ضد القشرة للتنظيف العميق بالفحم والنعناع 350 مل"
6477,1,"Clear Refreshing Menthol Anti-Dandruff Shampoo with Refreshing Mint"
6477,2,"كلير شامبو ضد القشرة المنثول المنعش مع النعناع المنعش"
6478,1,"Nestlé NAN OPTIPRO 2 Follow-up Formula for 6-12 Months, 1800g"
6478,2,"حليب نان اوبتي برو 2 بتركيبة غذائية مناسب لعمر 6-12 شهر، 1800 غرام، من نستله"
6479,1,"Laser White Arbutin Serum for Face Brightening and Pore Tightening - 30ml"
6479,2,"ليزر وايت سيروم الاربوتين لتفتيح الوجة وشد المسام - 30مل"
6480,1,"Enjoy Alpha Arbutin Facial Serum 50 ml"
6480,2,"Enjoy سيروم ألفا أربوتين لتصحيح البقع الداكنة 50 مل"
6481,1,"Lea Unscented Baby Wipes for Sensitive Skin 3x100"
6481,2,"مناديل اطفال غير معطرة من ليا للبشرة الحساسه 3*100"
6482,1,"Maison Alhambra Velos Pura Eau de Parfum - 100 ml, for men"
6482,2,"عطر مايسون الهامبرا فيلوس بورا او دي بارفان - 100 مل، للرجال"
6483,1,"Carlotta Unisex Eau de Toilette - 100 ml"
6483,2,"كارلوتا عطر للجنسين او دي تواليت - 100 مل"
6484,1,"Organic Fragrance Free Baby Laundry Detergent 2000ml, White"
6484,2,"منظف ​​غسيل للأطفال عضوي خالي من العطور 2000 مل، أبيض"
6485,1,"Spa System Body Warming Patches, 10 Pieces"
6485,2,"لاصقات تدفئة الجسم من سبا سيستم, 10 قطع"
6486,1,"Movy Soft Body Bath Loofah - Set of 3"
6487,1,"Pure Life Apricot and Peach Face and Body Scrub - 500ml"
6487,2,"مقشر الوجه والجسم بالمشمش والخوخ من بيور لايف 500 مل"
6488,1,"Depend False Eyelashes - Cleopatra"
6488,2,"ديبند رموش صناعيه كلوباترا"
6489,1,"Depend French Look Artificial Nails Set with Pink Glue - 24 Pieces, 6300 Pink and White"
6489,2,"طقم أظافر صناعية فرينش لوك مع لاصق زهري مكون من 24 قطعة من ديبند 6300 زهري وأبيض"
6490,1,"Golden Touch Onion & Rosemary Hair Cream - 500g"
6490,2,"كريم البصل بإكليل الجبل للشعر من اللمسة الذهبية - 500 جم"
6491,1,"Nivea Pearl & Beauty Deodorant Stick for Women - 50ml"
6491,2,"نيفيا مزيل عرق ستيك بيرل بيوتي نسائي 50مل"
6492,1,"Oral-B Expert Anti-Bacterial Toothbrush 40 Medium (1+1 Free)"
6492,2,"اورال بي فرشة اسنان اكسبيرت ضد البكتريا 40 وسط (1+1 مجانا)"
6493,1,"Franck Olivier One Kiss Hair Mist for Women - 50ml"
6493,2,"عطر الشعر ون كيس للنساء من فرانك اوليفير 50مل"
6494,1,"Franck Olivier Hair Mist - 50ml"
6494,2,"عطر الشعر من فرانك اوليفير 50مل"
6495,1,"Huggies Extra Care Diapers Size 5 - 76 Diapers"
6495,2,"هجيز حفائض عناية فائقة مقاس 5 - 76 حفاضة"
6496,1,"Huggies Extra Care Diapers, Size 4 - 90 Diapers"
6496,2,"هجيز حفائض عناية فائقة مقاس 4 - 90 حفاضة"
6497,1,"Huggies Extra Care Diapers Size 3 - 96 Diapers"
6497,2,"هجيز حفائض عناية فائقة مقاس 3 - 96 حفاضة"
6498,1,"Huggies Size (6) Jumbo Box - 56 Diapers (+15kg)"
6498,2,"هجيز مقاس (6) جامبو بوكس 56 حفاضة +15كجم"
6499,1,"Listerine Original Antiseptic Mouthwash 250ml"
6499,2,"غسول الفم المطهر الأصلي ليسترين 250 مل"
6500,1,"Listerine Fresh Citrus Daily Mouthwash - 250 ml"
6500,2,"ليسترين غسول فم يومي بالحمضات الطازجة - 250 مل"
6501,1,"Nair Hair Removal Cream with Rose Fragrance - 110g"
6501,2,"كريم لازالة الشعر بعطر الورد من نير 110ج"
6502,1,"Max Elegance Electric Hot Cartridge Wax Heater for Hair Removal"
6502,2,"جهاز تسخين كهربائي لإزالة الشعر بالشمع بالخرطوشة الساخنة من ماكس اليجنس"
6503,1,"Maxine Thermal Heat Cap for Hair Oil Treatment - 001-BK16"
6503,2,"ماكسين القبعة الحرارية لتسخين حمام الزيت - 001-BK16"
6504,1,"Heel Support Brace - Size MX"
6504,2,"مشد كعب القدم مقاس mx"
6505,1,"MX Health Standard Elastic Elbow Support, Large"
6505,2,"دعامة كوع مطاطية قياسية MX Health ، كبيرة"
6506,1,"Always Maxi Night Sanitary Pads with Wings, 24 Pieces, Size XL"
6506,2,"مجموعة فوط صحية ماكسي ليلية بأجنحة من أولويز مكونة من 24 قطعة مقاس XL"
6507,1,"Revolution Conceal &amp; Define Powder Foundation P10.2"
6507,2,"بودرة أساس كونسيل اند ديفاين من ريفلوشن P10.2"
6508,1,"Franck Olivier - Eau de Perfume for Women - 50 ml"
6508,2,"فرانك اوليفر - عطر او دو برفيوم للنساء - 50 مل"
6509,1,"Mento Fresh Charcoal Gum - Strawberry & Mint, 15 Pieces"
6509,2,"علك الفحم منتو فريش فراولة ونعناع 15 قطعه"
6510,1,"PediaSure Complete, balanced and complete food +1 for children from 1-3 years, with vanilla flavor, 900 grams"
6510,2,"بدياشور كومبليت غذاء متوازن و متكامل+1 للأطفال من 1-3 سنوات بنكهة الفانيلا 900جرام"
6511,1,"Nexton Baby Jelly (Lightly Scented) 100ml"
6511,2,"نيكستون بيبي جيلي (معطر خفيف) 100 مل"
6512,1,"Cornils Superfoods Baby Nourishing Cream with Berries, Aloe Vera and Calendula, 125 ml"
6512,2,"كورنيلز سوبر فودز كريم مغذي للأطفال مع التوت والصبار والآذريون , 125 مل"
6513,1,"Nexton Baby Bath Liquid - 250 ml"
6513,2,"نيكستون سائل استحمام للأطفال - 250 مل"
6514,1,"Nexton Baby Bath - 500 ml"
6514,2,"نيكستون سائل استحمام للأطفال -500 مل"
6515,1,"Nexton Baby Hair and Body Wash (3-in-1) | 250 ml"
6515,2,"غسول شعر وجسم الطفل نيكستون (3 في 1) | 250 مل"
6516,1,"Vaseline Hair Tonic White 300ml"
6516,2,"فازلين تونك للشعر أبيض 300 مل"
6517,1,"Himalaya orange face wash to remove tan, 150 ml"
6517,2,"غسول الوجه بالبرتقال لازالة الاسمرار من هيمالايا 150 مل"
6518,1,"Shea Miracles - Shea Butter Hair Hydration Mask with Almond Oil & Honey Extract 500g"
6518,2,"شيا ميراكلز - ماسك ترطيب للشعر زبدة الشيا بخلاصة زيت اللوز و العسل 500 جرام"
6519,1,"Shea Miracles Hair Shampoo - 300 ml"
6519,2,"شامبو للشعر من شيا ميراكلز - 300 مل"
6520,1,"Shea Miracles Hair Oil Replacement - 300 ml"
6520,2,"بديل الزيت للشعر من شيا ميراكلز - 300 مل"
6521,1,"The Ordinary Multi-Peptide Serum for Hair Density - 60ml"
6521,2,"سيروم ملتي ببتيد لكثافة الشعر من اورديناري - 60 مل"
6522,1,"Moroccan soap with olive oil 500 ml from Global Star"
6522,2,"صابون مغربي بزيت الزيتون 500 مل من جلوبال ستار"
6523,1,"Global Star Moroccan Soap with Olive Oil - 600g"
6523,2,"صابون مغربي بزيت الزيتون 600 غ من جلوبال ستار"
6524,1,"Cosmo Turmeric & Ginger Face and Body Scrub, 500 ml"
6524,2,"صنفرة للوجه والجسم بالكركم والزنجبيل من كوزمو، 500 مل"
6525,1,"Moroccan Oil Moroccan Bath Soap + Loofah with Argan Oil Extract"
6525,2,"موركان أويل صابون حمام مغربي 850 gm"
6526,1,"Moroccanoil Bath Soap with Blue Nila Extract - 250g"
6526,2,"موروكان اويل صابون حمام بخلاصة نيلي الزرقاء - 250 جرام"
6527,1,"99% Pure Aloe Vera Soothing and Moisturizing Gel - 250 ml"
6527,2,"جل مهدئ ومرطب الصبار نقي %99 - 250 مل"
6528,1,"Garnier Ultra Doux Smoothing Coconut Conditioner for Dry and Frizzy Hair - 350ml"
6528,2,"بلسم منعم بجوز الهند للشعر الجاف والمجعد الترا دو من غارنييه 350مل"
6529,1,"Garnier Papaya Natural Shampoo 350ml"
6529,2,"شامبو غارنية بالبابايا طبيعي 350مل"
6530,1,"Garnier Ultra Doux Nourishing Curly Repair Shampoo with Cocoa Butter and Jojoba Oil - 350ml"
6530,2,"غارنييه شامبو الترا دو لغذاء الشعر المرمم للشعر الكيرلي بزبدة الكاكاو وزيت الجوجوبا - 350مل"
6531,1,"Cosmo Hot Oil Hair Treatment Cream with Onion Oil, 1000 ml"
6531,2,"كريم حمام زيت لمعالجة الشعر بزيت البصل من كوزمو , 1000 مل"
6532,1,"Cosmo Hair Treatment Hot Oil Cream with Garlic and Pro-Vitamin B5, 1000ml"
6532,2,"حمام زيت لمعالجه الشعر بالثوم وبرو فيتامين B5 من كوزمو ,1000 مل"
6533,1,"FAAN 05 DOMINOES 100ML"
6533,2,"FAAN 05 DOMINOES 100ML"
6534,1,"Nino Care Moisturizing Ointment for Baby Skin Care and Prevents Nipple Cracks for Breastfeeding Mothers 30 gm"
6534,2,"نينو كير مرهم مرطب للعناية ببشرة الأطفال ويمنع تشققات الحلمة للمرضعات 30 غم"
6535,1,"Vanicream Gentle Body Wash for Sensitive Skin - 355 ml"
6535,2,"غسول فاني كريم اللطيف للجسم للبشرة الحساسه 355 مل"
6536,1,"Vanicream Liquid Cleanser 237ml"
6536,2,"منظف سائل للبشرة من فانيكريم 237 مل"
6537,1,"Cicaplast B5 Spray: The First Non-Drying Repairing Spray to Preserve Skin Microbiome - 100ml"
6537,2,"يكابلاست﻿ بخاخ بي 5 أول بخاخ مرمم لا يسبب الجفاف ويحافظ على ميكروبيوم البشرة 100مل"
6538,1,"Bioderma Repairing Hand and Nail Cream 50ml"
6538,2,"بيوديرما كريم ترميم اليدين والاظافر 50 مل"
6539,1,"Golden Air Air Freshener - 460ml"
6539,2,"معطر جو من قولدن اير 460مل"
6540,1,"Novalac (2) Infant Formula - 800g"
6540,2,"نوفالاك ( 2 ) حليب اطفال - 800 جم"
6541,1,"Nuralac milk (1) 900 g"
6541,2,"حليب نيورالاك ( 1 ) 900 جم"
6542,1,"Novalac Genio No. (3) - 800g"
6542,2,"نوفالاك _ جينيو رقم (3) حجم 800 جم"
6543,1,"NAN Optipro 3 Baby Milk – 400g"
6543,2,"حليب اطفال نان اوبتي 3 – 400 جم"
6544,1,"NAN Optipro (3) Milk 800g"
6544,2,"حليب نان اوبتي برو (3) 800 جم"
6545,1,"Blemil Plus Optimum (3) Milk - 800g"
6545,2,"حليب بليميل بلس اوبتيمم ( 3 ) 800 جرام"
6546,1,"Mustela Vitamin Barrier Diaper Cream 100ml"
6546,2,"موستيلا كريم الحفاض فيتامين باريير 100 مل"
6547,1,"Original Pure Petroleum Jelly with Glycerin 240ml"
6547,2,"الجلي النقي الاصلي مع الجلسرين 240مل"
6548,1,"Cosmo Vitamin E Petroleum Jelly 500ml"
6548,2,"كوزمو فيتامين اي بتروليوم جيل 500 مل"
6549,1,"Brand Collection 045 - Mini Women's Perfume - 25ml"
6549,2,"عطر نسائي ميني 25مل من براند كولكشن - 045"
6550,1,"Milestone Perfumes Royal Collection - V Victory - Men - EDP - 100ml"
6550,2,"Milestone Perfumes Royal Collection - V Victory - Men - EDP - 100ml"
6551,1,"Head & Shoulders Dry Scalp Care Shampoo 600ml"
6551,2,"هيداندشولدر شامبو عناية لفروة الراس الجافة 600 مل"
6552,1,"Biomil Plus No. 2 milk from 6-12 months old, 400 grams"
6552,2,"حليب بيوميل بلس رقم 2 من عمر 6-12شهر 400جرام"
6553,1,"Biomil Plus Baby Milk No. 2 - 800g"
6553,2,"بيوميل بلس حليب اطفال رقم (2) 800 جم"
6554,1,"Blemil Plus Optimum (2) Milk - 800g"
6554,2,"حليب بليميل بلس اوبتيمم ( 2 ) 800 جرام"
6555,1,"Dabur Amla Kids Hair Detangler - 200ml"
6555,2,"مانع تشابك الشعر للأطفال من دابر املا 200 مل"
6556,1,"Dabur Amla Kids Shampoo 500ml"
6556,2,"شامبو دابر أملا للأطفال 500 مل"
6557,1,"Dabur Amla Nourishing Kids Shampoo 200ml"
6557,2,"شامبو اطفال مغذي للشعر من دابر املا 200مل"
6558,1,"Fab Lab Multi-Option Kids Shower Gel - 475ml"
6558,2,"جل ستحمام للاطفال متعدد الخيارات من فاب لاب 475 مل"
6559,1,"Nickelodeon Teenage Mutant Ninja Turtles 2-in-1 Shower Gel + Bubble Bath for Kids, Wild Berry - 475ml"
6559,2,"نيكلودين سلاحف النينجا شاور جل + فقاعات استحمام بالتوت البري للاطفال - 475 مل"
6560,1,"Nickelodeon Dora Shower Gel + Bubble Bath - Double Foam & Gentle on Skin - 475ml"
6560,2,"نيكلوديون دورا شاور جل + فقاعات استحمام رغوة مضاعفة وناعمة على البشرة - 475 مل"
6561,1,"Aptamil Advance Cesar (2) 6-12 months 800 g"
6561,2,"أبتاميل أدفانس سيزر (2) 6-12 شهر   800 جم"
6562,1,"Springen White Boost Toothpaste with Black Seed Oil - 42 gm"
6562,2,"سبرينجين معجون أسنان وايت بوست بزيت حبة البركة السوداء - 42 جم"
6563,1,"Colgate Bamboo Charcoal Toothpaste with Whitening Strips - 100ml"
6563,2,"معجون اسنان كولجيت بفحم الخيزران مع شرائح التبييض - 100مل"
6564,1,"Pigeon Natural Botanical Bamboo Wet Wipes - 70 Wipes"
6564,2,"مناديل مبللة نباتية طبيعية من الخيزران بيجون 70 منديل"
6565,1,"Dettol Disinfectant Wipes - 80 Wipes"
6565,2,"ديتول مناديل معقمة 80 منديل"
6566,1,"Fragrance-Free Baby Wet Wipes - 80 Wipes"
6566,2,"مناديل تنظيف رطبة بدون عطر للاطفال  80منديبل"
6567,1,"Arm & Hammer Advance White Enamel Care Toothpaste - 115g"
6567,2,"ارم اند هامر معجون الاسنان ادفانس وايت العناية بمينا الاسنان - 115 جم"
6568,1,"Rose Aroma Oval Wooden Hair Brush"
6568,2,"فرشاة شعر خشبية بيضاوية من روز أروما"
6569,1,"Rose Aroma Soft Detangling Hairbrush"
6569,2,"فرشاة روز اروما الناعمه للحد من تشابك الشعر"
6570,1,"Even Wooden Hair Brush EV985"
6570,2,"فرشاة شعر خشبية EV985 من ايفين"
6571,1,"Powerful Hair Dryer Brush with Bristles, Designed for Efficient, Precise, and Gentle Drying and Styling"
6571,2,"فرشاة مجفف شعر قوية مزودة بشعيرات، مصممة لتجفيف الشعر وتصفيفه بكفاءة ودقة وعناية"
6572,1,"Cantu Detangle Ultra Glide Brush"
6572,2,"فرشاة فك التشابك من كانتو"
6573,1,"360 Slim Hair Dryer Brush"
6573,2,"مشط مجفف الشعر 360 مشط مجفف شعر رفيع"
6574,1,"Sensodyne Multi Care Toothbrush for Sensitive Teeth, Soft"
6574,2,"فرشاة أسنان سنسوداين عناية متعددة لحساسية الأسنان ، ناعم"
6575,1,"Oral-B Pro-Expert Clinic Line Pro-Flex Toothbrush, Medium"
6575,2,"اورال بي برو اكسبرت كلينك لاين برو فلكس فرشاة اسنان متوسطه"
6576,1,"Toothbrush 1 + 1 Oral B black charcoal"
6576,2,"فرشاة اسنان 1 + 1 أورال بي فحم أسود"
6577,1,"Oralgin mouthwash for adults 300 ml"
6577,2,"أورالجين غسول الفم للكبار 300 مل"
6578,1,"Dabur Miswak Toothpaste - Herbal Toothpaste with Pure Al-Arak Extract 120g + 50g Free"
6578,2,"دابر المسواك معجون أسنان - معجون الاسنان العشبي بخلاصة الاراك الصافية120 جم + 50 جم مجانا"
6579,1,"Astera Kids Toothpaste for Children 6+ Years, Apple Flavor - 50 ml"
6579,2,"استيرا كيدز معجون أسنان للأطفال + 6 سنوات بنكهة التفاح - 50 مل"
6580,1,"Sensodyne True White Toothbrush, Medium"
6580,2,"فرشاة اسنان سنسوداين , تبيض حقيقي , متوسطة"
6581,1,"G. Jarrah Digital Hair Straightener - FL-1001"
6581,2,"مكواه تمليس الشعر ديجيتال من جي جراح - FL-1001"
6582,1,"Boland Laura Mini Hair Styling and Drying Brush"
6582,2,"فرشاة تصفيف وتجفيف الشعر من بولند لورا ميني"
6584,1,"Ribbon High Speed ​​Styler 6 in 1 3 Temperature Bldc Motor 1500W Self Curling Head"
6584,2,"ريبون مصفف عالي السرعة 6 في 1 محرك Bldc بـ3 درجات حرارة 1500 واط، رأس التفاف ذاتي"
6585,1,"True Mints mouth freshener watermelon flavor 13 grams"
6585,2,"معطر الفم True Mints نكهة البطيخ 13جرام"
6586,1,"True Gum Cinnamon Flavor - 21g"
6586,2,"علك True Gum نكهة القرفة  21 GRAM"
6587,1,"True Mints mouth freshener raspberry flavor 13 grams"
6587,2,"معطر الفم True Mints نكهة التوت 13 جرام"
6588,1,"True Mint Gum Without Sugar 21g"
6588,2,"ترو علكة بالنعناع بدون سكر 21g"
6589,1,"True Gum Raspberry & Vanilla Flavor 21g"
6589,2,"علك True Gum نكهة التوت و الفنيليا 21 جرام"
6590,1,"True Mints mouth freshener, mint flavor, 13 grams"
6590,2,"معطر الفم True Mints نكهة النعناع 13جرام"
6591,1,"Sensodyne Fresh Mint Mouthwash Long-Lasting Protection - 500ml"
6591,2,"غسول فم النعناع المنعش حماية طويلة الأمد من سنسوداين - 500 مل"
6592,1,"AloeDent Children's Fluoride Toothpaste - Strawberry 50ml"
6592,2,"معجون اسنان للاطفال بالفلورايد بالفراولة من الودنت 50مل"
6593,1,"Laser White Charcoal Teeth Whitening Powder 20g"
6593,2,"مسحوق الفحم لتبييض الأسنان من ليزر وايت 20جم"
6594,1,"Parodontax Ultra Clean Toothpaste 75ml"
6594,2,"بارودونتكس معجون اسنان نظافة فائقة 75 مل"
6595,1,"SprinJene Complete Care Toothpaste with Black Seed Oil and Zinc - 142g"
6595,2,"سبرينجين معجون العناية الكاملة للاسنان بالحبة السوداء والزنك - 142جرام"
6596,1,"SpongeBob Kids Toothbrush with Cover"
6596,2,"فرشة أسنان اطفال بغطاء سبونج بوب"
6597,1,"Fab Lab Toothbrush with Stand - Assorted Designs"
6597,2,"فرشاة اسنان مع قاعدة من فاب لاب متعددة الاشكال"
6598,1,"Nunu Baby Shampoo 200ml"
6598,2,"شامبو نونو 200 مل"
6599,1,"100-Count Cotton Swabs Made of Natural Cotton and Wood for Multi-Purpose Use"
6599,2,"أعواد قطنية 100 عود مصنوعة من القطن والخشب الطبيعي للاستخدام المتعدد"
6600,1,"Nunu Baby Oil - 100 ml"
6600,2,"نونو زيت للأطفال - 100 مل"
6601,1,"Nunu Shampoo, Lotion, and Oil 300ml Special Offer"
6601,2,"نونو شامبو ولوشن وزيت 300مل عرض خاص"
6602,1,"Nunu Gentle Baby Lotion 500ml"
6602,2,"نونو لوشن لطيف للأطفال 500 مل"
6603,1,"ISDIN Anti-Hair Loss Lotion Spray 125ml"
6603,2,"بخاخ لوشن ضد تساقط الشعر 125 مل من ايزدن"
6604,1,"ISDIN Nutratopic Soothing and Moisturizing Skin Cream - 200 ml"
6604,2,"كريم ملطف ومرطب للبشرة نيوتراتوبيك من ايسدين 200 مل"
6605,1,"Nutratopic Body and Face Wash for Sensitive Skin from Asdin 400 ml"
6605,2,"نيوتراتوبيك غسول الجسم والوجه للبشرة الحساسة من اسدين 400 مل"
6606,1,"Isdin Ureadin Rx Hydrating Cleansing Cream for Very Dry Skin 180ml"
6606,2,"كريم لتنظيف البشرة شديدة الجفاف ار اكس من ايسدين 180 مل"
6607,1,"ISDIN Ureadin Hydrating Bath Gel with 5% Urea - 400 ml"
6607,2,"اسدين سائل استحمام المرطب باليوريا 5% - 400 مل"
6608,1,"Aisdin Photoprotector Sunscreen Spray for Kids with SPF 50 - 250ml"
6608,2,"بخاخ واقي شمس فوتوبروتيكتور للاطفال مع حماية 50 من الشمس من ايسدين - 250مل"
6609,1,"ISDIN Ureadin Ultra 10 Lotion Plus Skin Repair - 400ml"
6609,2,"لوشن مرطب يوريدين ألترا 10 لإصلاح البشرة من إيسدين 400 مل"
6610,1,"ISDIN Micellar Solution 4-in-1 Hydrating Cleanser for Sensitive Skin - 400 ml"
6610,2,"مزيل مكياج منضف مائي1*4 ميسيلار للبشرة الحساسة من ايسدين 400 مل"
6611,1,"ISDIN Acniben Acne and Blemish Control Treatment - 40ml"
6611,2,"مستحضر اكنيبين لعلاج حب الشباب  والبثور من ايسدين 40 مل"
6612,1,"ISDIN Si-Nails Nail Strengthener Gel 2.50 ml"
6612,2,"جل مقوي الاظافر من من ايسدين 2.50 مل"
6613,1,"Nitro Canada Intense Ash Grey Hair Dye 7.21"
6613,2,"صبغه رصاصي كثيف من نيترو كندا 7.21"
6614,1,"Nitro Canada Cinema Collagen Hair Dye No. 5.0 Light Brown"
6614,2,"نيترو كندا سينما كولاجين صبغة شعر رقم 5.0 بني فاتح"
6615,1,"Vatika Hair Styling Cream with Moroccan Argan Extract 140ml + 140ml Free"
6615,2,"فاتيكا كريم تصفيف الشعر بخلاصة الارغان المغربي 140مل +140مل مجانا"
6616,1,"Vatika hair styling cream with Moroccan argan extract 140 ml + 140 ml free"
6616,2,"فاتيكا كريم تصفيف الشعر بخلاصة الارغان المغربي 140مل +140مل مجانا"
6617,1,"Vatika Black Seed Hair Styling Cream for Strength and Shine - Special Offer 2 Pieces"
6617,2,"كريم تصفيف و تقوية و لمعان الشعر بالحبة السوداء عرض خاص 2 حبة - فاتيكا"
6618,1,"Parachute Advanced Styling Gel Wet Look 250 ml parachute"
6618,2,"باراشوت جل تصفيف الشعر المتطور مظهر مبلل 250 مل parachute"
6619,1,"Distilled lavender water from the House of Roses Taif 120 ml"
6619,2,"ماء اللافندر المقطر من بيت الورد الطائفي 120 مل"
6620,1,"Orange Blossom Water from Bayt Al-Ward Al-Taifi - 300 ml"
6620,2,"ماء الزهر من بيت الورد الطائفي ٣٠٠ مل"
6621,1,"Hi-Mediplast Large Assorted Plasters - Size 4"
6621,2,"لصقة جروح مشكل كبير مقاس 4 Hi-Mediplast"
6622,1,"Cetaphil Gentle Skin Cleanser for Face & Body, Dry to Sensitive Skin - 500ml"
6622,2,"سيتافيل منظف بشرة للجسم والوجه للبشرة الجافة والحساسة 500 مل"
6623,1,"CeraVe Moisturizing Cream for Normal to Dry Skin with SPF, 236ml"
6623,2,"كريم مرطب للبشرة الجافة والعادية بعامل حماية من الشمس 236 مل من سيرافي"
6624,1,"Neutrogena Hydro Boost Eye Cream - 15 ml"
6624,2,"كريم هيدرو بوست للعين من نيوتروجينا - 15 مل"
6625,1,"Laser White Lip Balm 20g"
6625,2,"بلسم الشفاه من ليزر وايت 20جم"
6626,1,"L'Oreal Paris Revitalift Eye Contour Moisturizing Cream for Women 15ml"
6626,2,"كريم مرطب لمحيط العين ريفيتاليفت للنساء من لوريال باريس 15مل"
6627,1,"Panoxyl Oil Control Moisturizer SPF 30 Day 48g"
6627,2,"بانوكسيل مرطب للتحكم بالزيت بعامل حماية من الشمس SPF 30نهاري 48جرلم"
6628,1,"Agenor Night Cream for Face 50ml"
6628,2,"كريم اللييل للوجه من ارجينور 50مل"
6629,1,"L'Oreal Paris Glycolic Acid Radiance Night Cream, 50 ml"
6629,2,"كريم الليل لإشراقة البشرة بحمض الجليكوليك من لوريال باريس، 50 مل"
6630,1,"L'Oreal Paris Revitalift Anti-Wrinkle Day Cream - 50 ml"
6630,2,"كريم النهار ريفيتاليفت مضاد للتجاعييد من لوريال باريس- 50 مل"
6631,1,"De La Cruz Ointment Arnica Very Dry Cracked Skin Ointment 56.7g"
6631,2,"مرهم دي لا كروز مرهم البشرة المتشققة شديدة الجفاف بزهرة الأرنيكا  56.7g"
6632,1,"Benzoyl Peroxide 2.5% Acne Eliminating Gel from Sako"
6632,2,"جل التخلص من حب الشباب بنزويل بيروكسيد 2.5%من ساكو"
6633,1,"Blemish Serum for Acne and Blemishes, Soothing, Brightening 30 ml BRTC, for Female"
6633,2,"سيروم بليميش لعلاج حب الشباب والافرازات الدهنية والعيوب، مهدئ، تفتيح 30 مل بي ار تي سي، للأنثى"
6634,1,"La Roche-Posay Blemish Correcting Cream 15 ml"
6634,2,"كريم مصحح لعيوب البشرة من لاروش بوزيه 15 مل"
6635,1,"Soskin Eye Contour Care 15ml"
6635,2,"سوسكن لعناية حول العين 15 مل"
6636,1,"La Roche-Posay Cicaplast Soothing and Hydrating Balm for Face and Lips, Skin Repairer - 15ml"
6636,2,"لاروش بوزاي سيكابلاست بلسم مرطب ومهدئ لبشرة الوجه والشفاة  و مرمم للجلد 15 مل"
6637,1,"BRTC Soothing Moisturizer for Acne-Prone Skin - 30ml"
6637,2,"بي ار تي سي مرطب مهدئ للبشرة المعرضة لحب الشباب- 30 مل"
6638,1,"K-Sebio Oil Control Cream 50ml"
6638,2,"كي سيبيو كريم للبشرة الدهنية والمختلطة للتحكم في الزيت ٥٠ مل"
6640,1,"De La Cruz Vitamin E Cream for Antioxidant Protection and Anti-Aging - 114g"
6640,2,"كريم فيتامين اي من دي لا كروز لحماية البشرة من الاكسدة وعلامات التقدم بالسن - 114جم"
6641,1,"Biocerin purifying facial cream 50 ml"
6641,2,"بيوسرين كريم لتنقية الوجه 50 مل"
6642,1,"1 Second Nail Polish Remover - 65ml"
6642,2,"مزيل طلاء أظافر اليد 1 سيكند - 65مل"
6643,1,"Glow Nail Polish Remover with Sponge, Peach Scent - 70 ml"
6643,2,"جلو مزيل طلاء الاظافر مع الاسفنجة بالخوخ - 70 مل"
6644,1,"BIOCERINE Collagen and Hyaluronic Acid Firming Serum - 30ml"
6644,2,"سيروم الكولاجين وحمض الهيالورونيك  لشد البشرة 30 مل من BIOCERINE"
6645,1,"Eucerin Intensive Repair Lotion 89ml"
6645,2,"لوشن الاصلاح المكثف من يوسيرين 89مل"
6646,1,"Eucerin Intensive Repair Fragrance-Free Body Lotion - 250 ml"
6646,2,"يوسيرين لوشن إصلاح البشرة المكثف الخالي من العطور- 250 مل"
6647,1,"Eucerin Fragrance-Free Body and Face Cleanser - 500 ml"
6647,2,"منظف الجسم والوجه خالٍ من العطور من يوسرين 500 مل"
6648,1,"Casanova Blue Ocean Body Mist, 235 ml"
6648,2,"كازنوفا معطر جسم برائحة المحيط الازرق، 235 مل"
6649,1,"Ajmal Evoke Perfumed Body Powder - 100g"
6649,2,"بودره معطره للجسم ايفوك من اجمل 100جم"
6650,1,"Stridex Sensitive Skin Acne Control Pads - 90 Pads"
6650,2,"ستريدكس مسحات للبشرة الحساسة للسيطرة على حب الشباب 90 قطعه"
6651,1,"Wella Blondor Hair Lightening Gel 1+3 - Lifts up to 6 Levels - 20g"
6651,2,"ويلا بلوندور جيل لتفتيح الشعر 1+3 - يفتح حتى 6 درجات - 20 جم"
6652,1,"Wella Blondor Hair Lightening Gel 1+3 - Lifts up to 6 Levels - 10g"
6652,2,"ويلا بلوندور جيل لتفتيح الشعر 1+3 - يفتح حتى 6 درجات - 10جم"
6653,1,"Labello Cherry Shine Lip Balm 4.8g"
6653,2,"لابيلو مرطب شفاة لمعان بالكرز 4.8جم"
6654,1,"Florche Makeup Remover Wipes 25 Wipes - FC-006"
6654,2,"مناديل مبللة لإزالة المكياج من فلورتشي 25 منديل - FC-006"
6655,1,"Vatika Nourish & Protect Shampoo with Olive and Henna Extracts - 1000 ml"
6655,2,"فاتيكا شامبو يغذي ويحمي الشعر بخلاصة الزيتون والحناء - 1000 مل"
6656,1,"Vatika Shampoo repairs and maintains hair with honey and egg extracts - 1000 ml"
6656,2,"فاتيكا شامبو يصلح ويحافظ على الشعر بخلاصة العسل والبيض - 1000 مل"
6657,1,"Nivea Men Black &amp; White Deodorant Stick Antiperspirant 48 Hour Protection 50 ml"
6657,2,"مزيل عرق نيفيا للرجال بلاك اند وايت ستيك مضاد للتعرق حماية 48 ساعة 50 مل"
6658,1,"Nivea Fresh Active Deodorant Stick - 50ml"
6658,2,"مزيل رائحة العرق نيفيا ستيك فريش اكتيف - 50 مل"
6659,1,"Poland Laura Professional 4 in 1 Hair Styler"
6659,2,"مصفف الشعر من بولاند لورا الاحترافي 4 في 1"
6660,1,"Boland Laura Hair Dryer with Brush - BA-2025"
6660,2,"استشوار للشعر مع فرشاه من بولاند لورا - BA-2025"
6661,1,"Water-Based Baby Wipes - Alcohol & Fragrance-Free - Special Offer 300 Wipes"
6661,2,"مناديل مبللة بالماء للاطفال خالية من الكحول و العطور عرض خاص 300 منديل"
6662,1,"Beauty System Unscented Baby Wipes, 3×100 / 300 Wipes"
6662,2,"مناديل اطفال غير معطرة من بيوتي سيستم , 3×100 / 300 منديل"
6663,1,"Pigeon teether with light green handle"
6663,2,"بايجون عضاضه بيد اخضر فاتح"
6664,1,"Candice Shower Gel for Skin Cleansing with Aloe Vera Extract - 500ml"
6664,2,"كانديس جل استحمام لتنظيف البشرة بخلاصة جل الصبار - 500مل"
6665,1,"Candice Shower Gel with Jana Flower Extract for Skin Cleansing - 500ml"
6665,2,"كانديس جل استحمام لتنظيف البشرة بخلاصة زهرة الجانا - 500مل"
6666,1,"Candice Fruit Extract Shower Gel 500ml"
6666,2,"جل استحمام خلاصة الفواكه من كانديس 500 مل"
6667,1,"Candice Body and Hand Moisturizing & Nourishing Lotion with Jasmine Extract - 350ml"
6667,2,"كانديس لوشن لترطيب وتغذية الجسم واليدين بخلاصة زهرة الياسمين - 350مل"
6668,1,"Candace Lotion to moisturize and nourish the body and hands with orchid extract - 350 ml"
6668,2,"كانديس لوشن لترطيب وتغذية الجسم واليدين بخلاصة زهرة الاوركيد - 350مل"
6669,1,"Candice Body and Hand Moisturizing & Nourishing Lotion with Fruit Extract - 350ml"
6669,2,"كانديس لوشن لترطيب وتغذية الجسم واليدين بخلاصة الفواكة - 350مل"
6670,1,"Candice Body and Hand Moisturizing and Nourishing Lotion with Aloe Vera Gel Extract - 350ml"
6670,2,"كانديس لوشن لترطيب وتغذية الجسم واليدين بخلاصة جل الصبار - 350مل"
6671,1,"VapoDrops Menthol with Berry Soothing Lozenges for Throat Relief - 16 Lozenges"
6671,2,"أقراص ملطفة لتخفيف التهاب الحنجرة فابودروبس منثول مع التوت 16 قرص"
6672,1,"Elizavecca CER-100 Collagen Coating Protein Ion Injection Hair Treatment 100ml"
6672,2,"إليزافيكا‏ معالج سي إي أر - 100 بروتين كولاجين وسيراميد للشعر 100مل"
6673,1,"Offset 380 waterproof razor"
6673,2,"ماكينة حلاقة من اوفست ضد الماء 380"
6674,1,"Kanchum Baby Balm 300 ml"
6674,2,"كانشوم بلسم للأطفال 300 مل"
6675,1,"Saada Beauty Baby Oil Gel with Lavender Scent - 150 ml"
6675,2,"جل زيت الأطفال برائحة زهرة اللافندر من سعادة بيوتي150 مل"
6676,1,"Dr. Althea Intense Repair Moisturizing Cream for Combination Oily Skin 50 ml"
6676,2,"كريم دكتور الثيا ترطيب البشرة الدهنية المختلطة الاصلاح المكثف 50 مل"
6677,1,"QV Day Cream Moisturizer with SPF 30+ (75g)"
6677,2,"كريم مرطب نهاري مع واقي شمس (+SPF30) من كيوڤي 75 جم"
6678,1,"Shifa Pure Cotton Buds - 200 Pieces"
6678,2,"أعواد أذان قطنية نقية 200 قطعة شفا"
6679,1,"Baby Zone Plastic Cotton Buds - 300 Pieces 8414"
6679,2,"بيبى زون أعواد أذان بلاستيك 300 قطعة 8414"
6680,1,"S-26 Gold Stage 1 Milk / 1800g / From 0 - 6 Months"
6680,2,"حليب اس 26 جولد رقم 1 / 1800 جم / من عمر 0 - 6 شهور"
6681,1,"Ronalac 2 Milk - 850g"
6681,2,"حليب رونالاك 2 - 850 جم"
6682,1,"Aptamil Advance Infant Formula Stage 1 / 900g / 0 - 6 Months"
6682,2,"ابتاميل ادفانس حليب اطفال رقم 1 / 900 غ / من 0 - 6 شهور"
6683,1,"Purever Canada multivitamins candy for children 60 pieces"
6683,2,"بيوريفر كندا فيتامينات متعددة كاندى أطفال 60قطعة"
6684,1,"ISDIN Manus Hand Protection Cream 50ml"
6684,2,"كريم مانوس لحماية اليدين من ايزدن 50 مل"
6685,1,"Sandalwood Scented Talcum Powder 300g"
6685,2,"بودرة تالك برائحة الصندل 300غم"
6686,1,"Ronalac 1 Infant Formula from Birth to 6 Months - 850g"
6686,2,"رونالاك رقم 1 حليب اطفال منذ الولادة حتئئ 6 اشهر 850 جم"
6687,1,"Ronalac Follow-on Baby Milk No. 2 - 1700g (6 to 12 Months)"
6687,2,"رونالاك حليب أطفال رقم (2) 1700 جم من 6الئ 12اشهر"
6688,1,"Sunsilk Strength & Shine Conditioner 340ml"
6688,2,"بلسم لتعزيز قوة و لمعان الشعر صانسيلك 340 مل"
6689,1,"Sunsilk conditioner against hair loss 340 ml"
6689,2,"صانسيلك بلسم ضد تساقط الشعر 340 مل"
6690,1,"Coconut Extract Moisturizing Conditioner 350ml"
6690,2,"بلسم مرطب بخلاصة جوز الهند 350ملليلتر"
6691,1,"Evini Lice Comb 8019"
6691,2,"مشط قمل 8019 من ايفيني"
6692,1,"Head Lice and Egg Removal Comb"
6692,2,"مشط أداة إزالة قمل الرأس والبيض"
6693,1,"Hair building serum that protects against split ends with Vitamin E from Cosmo, 100 ml"
6693,2,"سيروم بناء الشعر يحمي من التقصف بفيتامين (E) من كوزمو ، 100 مل"
6694,1,"Cosmo Keratin Hair Serum 100ml"
6694,2,"كوزمو سيروم للشعر كيراتين 100 مل"
6695,1,"Cosmo Hair Building Serum with Olive Oil, Anti-Breakage Protection - 100ml"
6695,2,"سيروم بناء الشعر يحمي من التقصف بزيت الزيتون من كوزمو ، 100 مل"
6697,1,"Argan Oil Hair Serum 125ml"
6697,2,"سيروم للشعر بزيت ارغان 125مل"
6698,1,"Exotic hair serum keratin 125 ml"
6698,2,"اكزوتيك سيروم للشعر كراتين 125 مل"
6699,1,"Exotic Hair Serum 7 Oils - 125 ml"
6699,2,"اكزوتيك سيروم للشعر 7 زيوت 125 مل"
6701,1,"TRESemmé Keratin Smooth Heat Protection Spray - 200 ml"
6701,2,"بخاخ حماية الشعر من الحرارة نعومة الكيراتين من تريسمي- 200 مل"
6702,1,"Oplus Vitamin E & Argan Oil Hair Reconstructing Serum - 110ml"
6702,2,"سيروم فيتامين هـ وزيت الأرغان لإعادة بناء الشعر من اوبلس - 110مل"
6703,1,"Sunsilk cream leaves hair strong and shiny - 200 ml"
6703,2,"صانسيلك كريم يترك علي الشعر قوة ولمعان - 200 مل"
6704,1,"Vatika - Rock Hard Extreme Hold Hair Gel - 250 ml"
6704,2,"فاتيكا - جل الشعر روك هارد اكستريم هولد - 250 مل"
6705,1,"Global Star Ammonia-Free Hair Color - Dark Brown 100+100"
6705,2,"صبغة شعر جلوبل استار بني غامق خالي من الامونيا 100+100"
6706,1,"Signal Double Effect & Protection - Signal Cavity Fighter Toothpaste 25ml"
6706,2,"سيجنال تاثير وحماية مضاعفة - سيجنال معجون اسنان مكافح التسوس 25مل"
6707,1,"Black Italian Wax Beads for Hair Removal – 1000g"
6707,2,"شمع ايطالي حبيبات من بلاك لإزالة الشعر – 1000جرام"
6708,1,"Hair scissors 13.5 cm Unipro 3382"
6708,2,"مقص شعر 13.5 سم يونبرو 3382"
6709,1,"Val Care baby wet wipes with pure water for girls, 72 wipes"
6709,2,"فال كير مناديل مبللة للأطفال بالماء النقي بناتي 72 منديل"
6710,1,"Similac Advance Stage 1 Infant Formula / 1600g / From 0 - 6 Months"
6710,2,"سيميلاك ادفانس حليب الاطفال رقم 1 / 1600 جم / من عمر 0 - 6 شهور"
6711,1,"Similac Advance Stage 2 Baby Milk / 1600g / From 6 - 12 Months"
6711,2,"سيميلاك ادفانس حليب الاطفال رقم 2 / 1600 جم / من عمر 6 - 12 شهر"
6712,1,"Similac Gold No. 3 baby milk | 1600g"
6712,2,"سيميلاك جولد رقم 3 حليب اطفال | 1600جم"
6713,1,"S-26 Progress Gold Premium Milk Powder Stage 3 - 800g"
6713,2,"حليب إس-26 - بروجرس جولد حليب بودرة فاخر المرحلة 3 - 800 جم"
6714,1,"PediaSure 1+ Toddler Milk Formula, Complementary Food, Chocolate Flavor - 900g"
6714,2,"بدياشور- 1+ حليب أطفال غذاء تكميلي شوكلاته- 900 جم"
6715,1,"Primalac Ultima Infant Formula Stage 1 - 800g"
6715,2,"بريمالاك ألتيما حليب أطفال رقم (1) 800 جم"
6716,1,"S-26 Pro Gold Stage 1 Infant Formula / 800g / From 0-6 Months"
6716,2,"حليب اطفال  اس 26 برو جولد رقم 1/  / 800 جم / من عمر 0-6 شهور"
6717,1,"Lactonic Gold Baby Milk (Stage 3) 800g"
6717,2,"لاكتونك جولد حليب اطفال ( 3 ) 800 جرام"
6718,1,"Similac Advance Gold Stage 1 Milk - 800g"
6718,2,"حليب سيملاك ادفانس جولد رقم 1 800جرام"
6719,1,"NIDO (+1) Little Kids Growing Up Milk - 900g"
6719,2,"نيدو (+1) ليتل كيدز حليب اطفال - 900 جم"
6720,1,"Blemil Plus Optimum Protec Baby Milk (1) 800g"
6720,2,"بليميل بلس حليب أطفال اوبتيمم بروتك (1) 800جم"
6721,1,"Biomil Plus Stage 1 Infant Formula 800g - From 0 to 6 Months"
6721,2,"بيوميل بلس حليب اطفال رقم 1 عبوة 800 جم من عمر 0 - 6 شهور"
6722,1,"Primalac Baby Milk Stage 2 - 800g"
6722,2,"بريمالاك حليب أطفال رقم 2 عبوة 800 جم"
6723,1,"Nana Optipro Milk No. 3 Size – 1800g"
6723,2,"حليب نانا اوبتي برو رقم 3 حجم – 1800جم"
6724,1,"Similac Gold (3) Growth Support Milk 800g"
6724,2,"سيميلاك جولد حليب (3) داعم للنمو 800 جم"
6725,1,"Ronalac Infant Formula Stage 1 / 1700g / From 0 - 6 Months"
6725,2,"رونالاك حليب أطفال رقم 1 / 1700 جم / من عمر 0 - 6 شهر"
6726,1,"S-26 Gold Stage 2 Baby Milk Formula - 800g"
6726,2,"حليب اطفال  إس-26  جولد المرحلة (2) 800 جم"
6727,1,"Primalac Ultima 3 Baby Milk - 800g"
6727,2,"بريمالاك ألتيما حليب أطفال 3 حجم 800 جم"
6728,1,"Lactonic Gold Milk No. 2 - 800g"
6728,2,"حليب لاكتونك جولد رقم 2 800 جم"
6729,1,"Aptamil Advance Junior No. 3, 900 gm"
6729,2,"أبتاميل _ أدفانس جونيور رقم (3) حجم 900 جم"
6730,1,"Humana 2 Follow-on Formula for Babies 6-12 Months - 800g"
6730,2,"هيومانا 2 حليب أطفال من 6 - 12 أشهر - 800 جم"
6731,1,"NIDO (+3) Little Kids Growing Up Milk - 1800g"
6731,2,"نيدو (+3) ليتل كيدز حليب اطفال - 1800 جم"
6732,1,"NAN Infant Formula (1) 800g"
6732,2,"حليب نان  أطفال (1) 800 جم"
6733,1,"Biomil Plus Milk (3) 800 g"
6733,2,"حليب بيوميل بلس ( 3 ) 800 جم"
6734,1,"Ronagrow baby milk (3) for growing up with vanilla 400 g"
6734,2,"روناجرو حليب أطفال (3) لمرحلة النمو بالفانيلا 400 جم"
6735,1,"NAN Milk No. 2 - 400g"
6735,2,"حليب نان رقم 2 - 400 جم"
6736,1,"NIDO (+3) Little Kids Milk Powder - 400g"
6736,2,"نيدو (+3) ليتل كيدز حليب اطفال - 400 جم"
6737,1,"Nuralac Milk (2) 400g"
6737,2,"حليب نيورالاك ( 2 ) 400 جم"
6738,1,"Blemil Plus Optimum (1) Milk - 400g"
6738,2,"حليب بليميل بلس اوبتيمم ( 1 ) 400 جرام"
6739,1,"Nido Red Puppy Milk N. 1 balsa / 400 gm / August 1-3 years"
6739,2,"نيدو حليب أطفال احمر رقم 1 بلس / 400 جم / من عمر 1 - 3 سنة"
6740,1,"PediaSure, Complete, 3-10 years, Vanilla Flavor - 400 g"
6740,2,"بدياشور، كومبليت، من 3-10 سنوات، بنكهة الفانيليا - 400 جم"
6741,1,"Nan baby milk No. 1 400 grams"
6741,2,"حليب اطفال من نان رقم 1 400 جرام"
6742,1,"Similac Advance infant milk No. 2 / 400 g / from 6 - 12 months"
6742,2,"سيميلاك ادفانس حليب الاطفال رقم 2 / 400 غ / من عمر 6 - 12 شهر"
6743,1,"Nuralac baby milk No. (1) 400 g"
6743,2,"نيورالاك حليب أطفال رقم (1) 400 جم"
6744,1,"Nuralac Plus Stage 3 Growing-Up Milk - 400g"
6744,2,"نيورالاك بلص حليب (3) داعم للنمو - 400 جم"
6745,1,"Blemil Plus Optimum (2) Milk - 400g"
6745,2,"حليب بليميل بلس اوبتيمم ( 2 ) 400 جرام"
6746,1,"S-26 Gold Stage 3 Milk Formula - 400g"
6746,2,"حليب اس-26 رقم 3 400 جرام"
6747,1,"Blemil Plus Optimum (3) Milk - 400g"
6747,2,"حليب بليميل بلس اوبتيمم ( 3 ) 400 جرام"
6748,1,"S-26 Gold Milk No. 1 - 400g"
6748,2,"حليب  S-26 جولد رقم (1) 400 جرام"
6749,1,"Similac Gold (3) Growth Support Milk 400g"
6749,2,"سيميلاك جولد حليب (3) داعم للنمو 400 جم"
6750,1,"Extra Strong Hold Hair Spray 400ml"
6750,2,"بخاخ مثبت شعر قوي جدا 400 مل"
6751,1,"Intesa Hair Styling Spray - 500ml"
6751,2,"بخاخ مثبت شعر من انتيسا - 500مل"
6752,1,"Fadfad Anti-Static Spray for Clothes, 300 ml"
6752,2,"فضفاض بخاخ مزيل للكهرباء السكونية عن الملابس، 300 مل"
6753,1,"Natural Black Face Mask with Charcoal for Blackhead Removal - 120g"
6753,2,"ناتشورال قناع اسود للوجه بالفحم لازالة الرؤوس السوداء 120 غرام"
6754,1,"Pure Life Charcoal Face Mask - 625g"
6754,2,"قناع الوجه بالفحم من بيور لايف 625 جم"
6755,1,"L'Oréal Paris Extra Strong Hold Hair Spray - 200ml"
6755,2,"لوريال باريس مثبت شعر قوي للغاية - 200 مل"
6756,1,"Malaysia Giovanni Hair Styling Spray 250ml"
6756,2,"بخاخ تثبيت الشعر من ماليزيا جيوفاني 250 مل"
6757,1,"Pure Life Cucumber and Aloe Vera Face Mask - 625 ml"
6757,2,"قناع الوجه بالخيار والصبار من بيور لايف 625 مل"
6758,1,"Global Star Charcoal Face Mask - 400ml"
6758,2,"قناع الفحم للوجه من جلوبال ستار - 400مل"
6759,1,"Gillette Shaving Foam"
6759,2,"رغوة الحلاقة من جيليت"
6760,1,"Arko Men Shaving Foam for Sensitive Skin, 300ml"
6760,2,"رغوة حلاقة أركو 300 مل للبشرة الحساسة للرجال 300مل"
6761,1,"Precision Spray Hair Mist - Normal Hold"
6761,2,"مثبت للشعر ذو بخ محدد مثبت عادي"
6762,1,"Strong Hold Hairspray 75ml - L'Oreal"
6762,2,"بخاخ مثبت  قوي للشعر سترونج هولد 75مل - لوريال"
6763,1,"Neutrogena Clear & Soothe Soothing and Refreshing Toning Mist 125ml"
6763,2,"نيتروجينا كلير آند سوث بخاخ تونر مهدئ ومنعش للبشرة 125ml"
6764,1,"Wella Newave Softness & Protection Hair Mousse 200ml"
6764,2,"رغوة نيوويف لنعومة وحماية الشعر من ويلا 200مل"
6765,1,"Gillette Lemon Scent Shaving Foam, 200 ml"
6765,2,"رغوة حلاقة برائحة ليمون من جيليت , 200 مل"
6766,1,"Refreshing Deep Cleansing Peeling Gel 150ml"
6766,2,"جل تقشير منعش للتنظيف العميق 150مل"
6767,1,"Neutrogena Hydro Boost Water Gel Cleanser - 200 ml"
6767,2,"نيتروجينا هيدرو بوست جل التنظيف المائي - 200 مل"
6768,1,"Johnson's Fresh Hydration Micellar Jelly Facial Cleanser for Normal Skin, 200 ml"
6768,2,"منظف للوجه فريش هايدريشن جيلي ميسيلار للتنظيف للبشرة العادية ،من جونسون  200 مل"
6769,1,"Pure Life Golden Face Mask - 625 ml"
6769,2,"قناع الوجه الذهبي من بيور لايف 625 مل"
6770,1,"Global Star Mint Face and Body Mask - 500 ml"
6770,2,"قناع النعناع للوجة والجسم من جلوبال ستار 500 مل"
6771,1,"Nivea Protect & Care Shaving Cream 100ml"
6771,2,"نيفيا كريم حلاقة للحماية 100 مل"
6772,1,"Himalaya Herbals Natural Neem and Salicylic Wash to Clear and Treat Acne - 100 ml"
6772,2,"هيمالايا هيربلز غسول بخلاصة النيم والساليسيليك الطبيعي لتصفية ومعالجة حب الشباب - 100 مل"
6773,1,"Himalaya Natural Glow Fairness Face Wash - 100ml"
6773,2,"هيمالايا غسول تفتيح بشرة الوجه لاشراقة طبيعية 100 مل"
6774,1,"Thayers Lemon Witch Hazel Facial Toner with Aloe Vera - 355ml"
6774,2,"تونر الوجه ماء الليمون بالبندق والصبار من ثايرز355 مل"
6775,1,"Himalaya Micellar Face Wash 150 ml with Rose Radiance"
6775,2,"هيمالايا غسول وجه 150 مل ميسيلار باشراقة الورد"
6776,1,"Clean & Clear Deep Action Makeup Remover - 150ml"
6776,2,"مزيل المكياج عميق المفعول من كلين اند كلير - 150مل"
6777,1,"Neutrogena Visibly Clear Anti-Blackhead Facial Scrub Cream - 150ml"
6777,2,"كريم مقشر الوجه مضاد للبقع السوداء فيزيبلي كلير من نيوتروجينا - 150مل"
6778,1,"Himalaya Herbals Purifying Neem Peel-Off Mask - 150ml"
6778,2,"قناع يتقشر بالنيم لتقنية البشرة من هيمالايا ايربلز - 150مل"
6779,1,"Himalaya Blackhead Clearing Walnut Scrub 150ml"
6779,2,"مستحضر الجوز لتقشير الرؤوس السوداء من هيمالايا 150ملليتر"
6780,1,"Himalaya Herbals Moisturizing Almond & Cucumber Peel-Off Mask - 150ml"
6780,2,"قناع مرطب يتقشر باللوز والخيار من هيمالايا ايربلز - 150مل"
6781,1,"Himalaya Purifying Neem & Turmeric Mask - 150ml"
6781,2,"قناع التنقية بعشبة الكركم - النيم من هيمالايا 150ملليتر"
6782,1,"Hydrating Aloe Vera Face Wash for Normal to Dry Skin - 150ml"
6782,2,"غسول وجه مرطب بالصبار ، للبشرة العادية والجافة 150مل"
6783,1,"Jardin Oleane Lavender Blossom Water for Skin Hydration - 250ml"
6783,2,"ماء زهر الخزامى لترطيب البشرة من جاردن اوليان 250مل"
6784,1,"Distilled Rose Water for Skin from Bayt Al Ward Al Taifi, 120ml"
6784,2,"ماء ورد مقطر للبشرة من بيت الورد الطائفي , 120مل"
6785,1,"Himalaya Clear Complexion Whitening Face Wash with Licorice - 150ml"
6785,2,"غسول تبيض الوجه لبشرة نقية مع عرق السوس من هيمالايا 150مل"
6786,1,"Eskinol White Papaya Facial Cleanser - 225ml"
6786,2,"منظف الوجه بالبابايا البيضاء من اسكنول - 225مل"
6787,1,"Enjoy Papaya Deep Face and Makeup Cleanser - 225 ml"
6787,2,"منظف للوجه والمكياج بعمق البابايا من انجوي 225 مل"
6788,1,"Himalaya Herbals Gentle Exfoliating Apricot Scrub - 150ml"
6788,2,"مستحضر المشمش لتقشير البشرة من هيمالايا ايربلز - 150مل"
6789,1,"Organic Rose Water for Face & Makeup - 150ml"
6789,2,"ماء الورد العضوي للوجة الميكاج 150مل"
6790,1,"Himalaya Dark Spot Clearing Turmeric Face Wash 100ml"
6790,2,"هيمالايا غسول الوجه دارك سبوت بالكركم 100مل"
6791,1,"Bayt Al Ward Distilled Frankincense Water Spray - 120 ml"
6791,2,"بخاخ ماء اللبان المقطر من بيت الورد ١٢٠ مل"
6792,1,"Himalaya Herbals Purifying Neem Daily Face Wash - 150ml"
6792,2,"مستحضر النيم اليومي لتنقية البشرة من هيمالايا ايربلز - 150مل"
6793,1,"Eskinol Deep Facial Cleanser with Pure Calamansi Extract - 225ml"
6793,2,"منظف عميق للوجة بخلاصة الكالامنسي النقي من اسكنول - 225مل"
6794,1,"Himalaya Tan Removal Orange Face Scrub 150ml"
6794,2,"هيمالايا مقشر للوجه بالبرتقال لازالة الاسمرار 150مل"
6795,1,"Arko Men Shaving Cream Cool 90g"
6795,2,"أركو كريم الحلاقة للرجال كول 90 جم"
6796,1,"Himalaya Dark Spot Clearing Turmeric Face Scrub 150ml"
6796,2,"هيمالايا مقشر الوجه دارك سبوت بالكركم 150مل"
6797,1,"NIVEA Natural Fairness Face Scrub for Skin Brightening - 100ml"
6797,2,"مقشر لتفتيح البشرة ناتشورال فيرنس من نيفيا 100مل"
6798,1,"Nivea Normal Skin Lotion with Lotus Flower."
6798,2,"غسول البشرة العادية من نيفيا بزهرة اللوتس."
6799,1,"Garnier Daily Exfoliating Wash for Acne Prone Skin 150 ml"
6799,2,"جارنييه غسول مقشر يومي للبشرة المعرضة لحب الشباب 150 مل"
6800,1,"Jasmina Exfoliating and Pore Minimizing Cleansing Gel with Blueberries and Zinc - 150ml"
6800,2,"جل منظف ومقشر ومقلص للمسام بخلاصة التوت الأزرق والزنك من جاسمينا - 150مل"
6801,1,"Pure Cleansing and Exfoliating Gel with Natural Botanical Extracts and Zinc - 150ml"
6801,2,"بيور جل منظف ومقشر بالخلاصات النباتيه الطبيعيه والزنك 150مل"
6802,1,"Enjoy Lemon Face Wash - 225 ml"
6802,2,"انجوي منظف للوجه بالليمون 225 مل"
6803,1,"Sebamed Clear Face Cleansing Foam 150ml"
6803,2,"سيباميد كلير فيس رغوه التنظيف 150مل"
6804,1,"NIVEA Deep Pore Cleansing Face Wash 150ml"
6804,2,"نيفيا غسول للمسام العميقة 150مل"
6805,1,"NIVEA Anti-Acne Face Scrub - 75ml"
6805,2,"مقشر للوجة لحبوب الشباب من نيفيا 75 مل"
6806,1,"Clean & Clear Daily Facial Wash for Bright and Radiant Skin - 150ml"
6806,2,"غسول يومي لبشرة مشرقة ونضرة من كلين اند كلير 150 ملليتر"
6807,1,"Fair & Lovely Face Wash for Oily Skin 150g"
6807,2,"فير أند لفلي غسول الوجه للبشرة الدهنية 150جم"
6808,1,"Laser White Apricot and Orange Face Scrub 175ml"
6808,2,"ليزر وايت مقشر الوجه بالمشمش والبرتقال 175مل"
6809,1,"Enjoy Facial Cleanser - 225ml"
6809,2,"منظف الوجه من انجوي -225مل"
6810,1,"Laser White Deep Whitening Face Wash 150ml - Normal Skin"
6810,2,"ليزر وايت غسول وجه تفتيح عميق 150 مل بشرة عادية"
6811,1,"Pure Life Vitamin C Foaming Face Wash - 175 ml"
6811,2,"بيور لايف غسول وجه رغوي بفيتامين سي 175 مل"
6812,1,"PureLife Aloe Vera Foaming Face Wash 175ml"
6812,2,"غسول وجه رغوي بالالوفيرا من بيورلايف 175مل"
6829,1,"Anti-Aging Hand Treatment 60ml"
6829,2,"مستجضر لليدين لمكافحة التقدم بالعمر60مل"
6851,1,"Original Glycerin Cream 125 ml"
6851,2,"كريم جليسرين الاصلي 125 مل"
6852,1,"Original Glycerin Cream, 250 ml"
6852,2,"كريم جليسرين الأصلي, 250 مل"
6853,1,"Glycerin Original Cream 400ml"
6853,2,"جليسرين كريم الآصلي 400 مل"
6854,1,"Creme 21 Aqua Soft Pro-Vitamin B5 Cream for Normal Skin - 150ml"
6854,2,"كريم اكوا سوفت برو فيتامين بي 5 للبشرة العادية من كريم21 150مل"
6855,1,"Cosmo Anti-Pigmentation & Dark Spot Face Cream - 250ml"
6855,2,"كوزمو كريم وجه مضاد للتصبغ والبقع الداكنة 250 مل"
6856,1,"Cosmo - Anti-Wrinkle Face and Body Cream, 250 ml"
6856,2,"كوزمو - كريم للوجه والجسم مضاد للتجاعيد ، 250 مل"
6857,1,"Cosmo Vitamin C Face Cream 250 ml"
6857,2,"كوزمو كريم وجه بفيتامين سي 250 مل"
6858,1,"Republic Beauty Moroccan Argan Extract Face Cream 50ml"
6858,2,"ريبابليك بيوتي كريم الوجه من مستخلص الأرجان المغربي 50 مل"
6860,1,"Pure Life Glycerin Cream 300ml"
6860,2,"بيور لايف كريم جلسرين300مل"
6861,1,"Glow & Lovely UV Duo Vitamin C Face Cream with SPF, 100ml"
6861,2,"قلو &amp; لفلي كريم للوجه يو في ديو فيتامين سي بعامل حماية من الشمس 100مل"
6862,1,"Glow & Lovely UV Duo Vitamin C Face Cream with SPF - 50ml"
6862,2,"كريم للوجه يو في ديو فيتامين سي  بعلمل حماية من الشمس من جلو &amp; لفلي  50مل"
6863,1,"Dove Beauty Body Cream 250ml"
6863,2,"كريم تجميلي للعناية بالجسم من دوف 250مل"
6864,1,"Johnson's Soft Cream for Face and Body - 300 ml"
6864,2,"جونسون كريم ناعم للوجه والجسم - 300 مل"
6865,1,"Cheek Tint Paste 300ml"
6865,2,"عجينة مورد الخدود 300مل"
6866,1,"Nivea Soft Refreshing Soft Moisturizing Cream - 200ml"
6866,2,"كريم الترطيب ناعم ومنعش سوفت من نيفيا -200مل"
6867,1,"Beauty Body Cream 75ml"
6867,2,"كريم الجمال للجسم 75مل"
6868,1,"Glysolid Moisturizing, Smoothing and Skin Protection Cream | 80ml"
6868,2,"جليسوليد كريم ترطيب وتنعيم وحماية البشرة | 80مل"
6869,1,"Original Pakistani Golden Pearl Whitening Cream"
6869,2,"كريم التفتيح جولدن بيرل الباكستاني الأصلي"
6870,1,"Gigot Rose Hand Cream by Secret Garden - Korean Moisturizing Hand Lotion for Dry Hands - 100ml"
6870,2,"جيجوت كريم لليدين مضاد للشيخوخه روز من سيكريت جاردن - لوشن يد كوري مرطب لليدين الجافة - 100مل"
6871,1,"Johnson's Soft Cream for Face and Body 100 ml"
6871,2,"كريم ناعم للوجه والجسم من جونسون 100 مل"
6872,1,"Pond's Flawless White Day Skin Lightening Cream - 50g"
6872,2,"كريم تفتيح البشرة النهاري فلولس وايت بوندس 50 جرام"
6873,1,"Eveline White Prestige 4D Intensive Whitening Night Cream for Oily and Combination Skin - 50ml"
6873,2,"ايفلين وايت برستيج فوردى كريم تفتيح مكثف ليلي للبشرة الدهنية والمختلطة 50 مل"
6874,1,"Kuwait Shop Moroccan Indigo Cream for Skin Brightening and Evening Tone - 5g"
6874,2,"كريم النيلة المغربية  لتفتيح وتوحيد لون البيشرة 5 جرام من كويت شوب"
6875,1,"Disaar Argan Moisturizing Skin Cream - 50ml"
6875,2,"ديسر كريم ترطيب للبشرة بالارغان 50 مل"
6876,1,"Glow & Lovely Herbal Balance Cream Natural Glow - 100g"
6876,2,"جلو آند لفلي كريم التوازن العشبي اشراقة طبيعية - 100 جم"
6877,1,"Smile Body Brightening Cream with Vitamin E - 75 ml"
6877,2,"كريم التفتيح للجسم بفيتامين اي من سمايل 75 مل"
6878,1,"Licorice Root Face Cream 100g"
6878,2,"كريم الوجه بجذور عرق السوس 100 جرام"
6879,1,"Pond's Flawless Radiance Night Cream - 50ml"
6879,2,"بوندس فلولس راديانس كريم الليل - 50 مل"
6880,1,"Shifa Face and Body Whitening and Softening Cream - 10-Minute Results, 200ml"
6880,2,"شفاء كريم للوجه والجسم مبيض ومنعم للبشره خلال 10 دقايق  200مل"
6881,1,"Exotic Integrated Body Whitening Cream - Moroccan Snow White 75ml"
6881,2,"اكزويتك كريم تبييض المتكامل لكل الجسم  بياض الثلج المغربي 75 مل"
6882,1,"Nivea Moisturizing Cream 150ml"
6882,2,"كريم مرطب من نيفيا 150 مل"
6883,1,"Exotic Blue Nila Integrated Whitening Body Cream 75ml"
6883,2,"اكزوتيك كريم تبيض المتكامل للجسم النيله الزرقاء 75 مل"
6884,1,"Saffron Skin Brightening Cream for a Natural Glow - 100ml"
6884,2,"كريم تفتيح البشرة لاشراقة طبيعيه بالزعفران 100 مل"
6885,1,"Debo Ointment for Burns and Skin Ulcers - 50 ml"
6885,2,"ديبو مرهم لعلاج الحروق وتقرحات الجلد 50 مل"
6886,1,"Body Whitening Cream with Rosemary and Mint from Smile 75ml"
6886,2,"كريم التفتيح للجسم باكليل الجبل والنعناع من سمايل 75 مل"
6887,1,"Top Shirley Beauty Cream 12g"
6887,2,"كريم توب شيرلي للتجميل 12 جم"
6888,1,"Republic Beauty Natural Aloe Vera Extract Face Cream 50ml"
6888,2,"كريم وجه مستخلص الصبار الطبيعي من ريبيبلك بيوتي 50مل"
6889,1,"Fade Out Advanced Brightening Night Cream 50ml"
6889,2,"كريم فايد اوت الليلي المتقدم لتفتيح البشرة 50 مل"
6890,1,"Diana Cream for Skin Brightening 30g"
6890,2,"كريم ديانا لتفتيح البشرة و آثار النمش وحب الشباب. 30 جرام"
6892,1,"Florence Brightening Cream with Lemon and Honey - 75ml"
6892,2,"فلورنس كريم تفتيح بالليمون والعسل 75 مل"
6893,1,"Florence Instant Face and Body Brightener with Collagen for All Skin Types - 180ml"
6893,2,"مفتح فوري للوجه والجسم بالكولاجين لجميع أنواع البشرة من فلورنس 180مل"
6894,1,"Whitening Protection Eye Cream"
6894,2,"كريم الحماية المبيض لمنطقة حول العين"
6895,1,"Exotic Instant Brightening Spray for Face and Body with Moisturizing Vitamins and Collagen - 10 Seconds Effect, 180ml"
6895,2,"اكزويتك بخاخ مفتح فوري للوجه والجسم بالفيتامينات المرطبةللبشرة والكولاجين خلال 10 ثواني 180 مل"
6896,1,"Sebamed Hand and Nail Balm - 75 ml"
6896,2,"بلسم اليدين والأظافر من سيباميد - 75 مل"
6897,1,"Beauty Formulas Organic Hemp Oil Hand Cream - 100ml"
6897,2,"كريم اليدين بزيت النب العضوي 100 مل من بيوتي فورميلا"
6898,1,"Laser White Ugly Duck Instant Whitening Cream - 50ml"
6898,2,"كريم المبيض السريع اجلي داك من ليزر وايت 50 مل"
6899,1,"Kamill Hand & Nail Cream 100ml - Intensive"
6899,2,"كريم كاميل لليدين والأظافر 100 مل - مكثف"
6900,1,"Instant Tint for Face and Sensitive Areas - 180ml"
6900,2,"مورد فوري للوجه والمناطق الحساسة 180 مل"
6901,1,"Yuko Acne and Freckle Remover Cream - 4g"
6901,2,"كريم مزيل حب الشباب والنمش من يوكو - 4 جرام"
6902,1,"Yardley English Lavender Brilliantine Hair Cream"
6902,2,"كريم للشعر انجلش لافندر بريليانتين من ياردلي،"
6903,1,"Sebamed Nourishing Hand Cream for Sensitive Skin - 75 ml"
6903,2,"كريم اليدين المغذي للبشرة الحساسة 75 مل من سيباميد"
6904,1,"ISDIN Anti-Stretch Mark Cream for Pregnancy and Skin Care - 250ml"
6904,2,"كريم لعلاج علامات التمدد الجلدي والحمل من ايسدين 250 مل"
6905,1,"ISDIN Sunscreen Cream for Oily Skin - 50ml"
6905,2,"كريم واقي شمسي للبشرة الدهنية - 50 مل من ايزدين"
6906,1,"ISDIN Nutradeica Anti-Dandruff Shampoo for Dry Dandruff - 200 ml"
6906,2,"شامبو نوتريديكا مضاد للقشرة الجافة من ايسدين - 200 مل"
6907,1,"ISDIN Ureadin Podos Gel Oil Hydrating Foot Care - 75 ml"
6907,2,"زيت جل يوريادين بودوس مرطب للعناية بالقدمين من ايسدين - 75 مل"
6908,1,"Nivea Deodorant 24 Hours - 50ml"
6908,2,"اسدن مزيل العرق 24 ساعة - 50 مل"
6909,1,"ISDIN Intense Control 48h Fresh Deodorant Roll-On - 50ml"
6909,2,"مزيل عرق رول انتنس كونترول 48 ساعة فريش من ايسدين - 50مل"
6910,1,"ISDIN Glycolic 6.1% Exfoliating Gel - Smoothing, Hydrating & Renewing for Oily, Combination, and Acne-Prone Skin - 50g"
6910,2,"جل مقشر جلايكوليك 6.1% منعم ومرطب و مجدد للبشرة الدهنية والمختلطة وحب الشباب من ايسدين 50 جرام"
6911,1,"ISDIN Fusion Water Magic Sunscreen SPF 50"
6911,2,"كريم فيوجن ووتر ماجيك بعامل وقاية من الشمس 50 ايسدن مل مناسدين"
6912,1,"ISDIN Fotoprotector Fusion Water Color Light SPF 50 - 50ml"
6912,2,"واقي من الشمس فوتو بروتكتور فيوجن كولور لايت حماية 50 من ايسدين - 50 مل"
6913,1,"ISDIN FotoUltra 100 Active Unify Fusion Fluid SPF 50+ 50ml"
6913,2,"فوتو الترا 100 سائل نشط موحد للون البشرة بعامل حماية من الشمس 50+ إسدين 50 مل"
6914,1,"ISDIN Skin Repair Moisturizing Gel Cream - 40ml"
6914,2,"جل كريم مرطب اصلاح للبشرة من ايسدين 40 مل"
6915,1,"MK Keratin Hair Repair Shampoo, 1000 ml"
6915,2,"شامبو لإصلاح الشعر بالكيراتين من ام كي , 1000 مل"
6916,1,"Protein Pudding Serum – Violet Muguet - Kundal 150ml"
6916,2,"سيروم بروتين بودينج – فيوليت موغيت - كوندال 150 مل"
6917,1,"Kondal Seika Toner 200ml"
6917,2,"تونر السيكا من كوندال 200 مل"
6918,1,"Vichy Soothing Shampoo for Dry Hair 200ml"
6918,2,"فيشي شامبو ملطف للشعر الجاف 200 مل"
6919,1,"Hair Repair Mask by M&K Roll 400ml"
6919,2,"بلسم لاصلاح الشعر من ام اند كي ارول 400مل"
6920,1,"Kundal Macadamia & Sugar Body Scrub 550g – Cherry Blossom"
6920,2,"مقشر الجسم بالمكاديميا والسكر من كوندال 550 ج – بزهرة الكرز"
6921,1,"Argan Midas Shampoo with Natural Argan Oil - 450 ml"
6921,2,"شامبو ارجان ميداس بزيت الارجان الطبيعي 450 مل"
6922,1,"Arganmidas Natural Argan Oil Shampoo 200ml"
6922,2,"شامبو ارجان ميداس بزيت الارجان الطبيعي 200 مل"
6923,1,"OGX Brazilian Keratin Therapy Shampoo - 385ml"
6923,2,"شامبو الكيراتين البرازيلي من او جي اكس - 385مل"
6924,1,"Dercos Anti-Dandruff Shampoo for Sensitive Scalp from Vichy 200ml"
6924,2,"شامبو ديركوس مضاد للقشرة لفروة الراس الحساسة من فيشي 200 مل"
6925,1,"OGX Hydrate & Defrizz + Kukui Oil Shampoo - 385ml"
6925,2,"شامبو زيت الكوكوي مرطب للشعر ومنعم للتجاعيد من او جي اكس 385 مل"
6926,1,"Charcoal Detox Shampoo for Hair Purity - 385ml"
6926,2,"شامبو ديتوكس بالفحم لنقاء الشعر 385 مل"
6927,1,"Avalon Organics Tea Tree Scalp Treatment Shampoo 325ml"
6927,2,"شامبو علاج فروة الرأس بشجرة الشاي من افالون اورجانيك 325مل"
6928,1,"Density Shampoo - For Curly Hair with 100% Natural Argan Oil 366ml"
6928,2,"شامبو الكثافه-للشعر الكيلي بزيت الارغان الطبيعي 100%  366مل"
6929,1,"Agadir Argan Oil Daily Moisturizing Smoothing Conditioner 366ml"
6929,2,"بلسم زيت الارجان المنعم للترطيب اليومي من اغادير 366مل"
6930,1,"Kondal Derma C.P.R Sika Repair Cream – 50ml"
6930,2,"كوندال ديرما C.P.R بلسم السيكا كريم الإصلاح – 50 مل"
6931,1,"Kundal Pure Body Wash Honey & Macadamia 100ml"
6931,2,"غسول الجسم النقي بالعسل والمكاديميا من كوندال 100 مل"
6932,1,"Kundal Honey & Macadamia Natural Shampoo 100ml – White Musk"
6932,2,"شامبو كوندال بالعسل والمكاديميا الطبيعي 100 مل – بالمسك الأبيض"
6933,1,"Sabaya Multi-Purpose Contact Lens Solution - 100 ml"
6933,2,"محلول عدسات متعدد الاستخدام صبايا - 100 مل"
6934,1,"COSRX AC Collection Acne Patch - 26 Patches"
6934,2,"لصقات كوليكشن ايه سي لحب الشباب من كوسركس - 26 لصقة"
6935,1,"350ml Biotin and Castor Oil Intensive and Long Hair Mask from Sansilk"
6935,2,"بلسم 350 مل بايوتين و خروع كثيف و طويل من صانسيلك"
6936,1,"Pantene Milky Damage Repair Conditioner 360ml"
6936,2,"بانتين بلسم عناية ملكى للتلف 360 مل"
6937,1,"Garnier Ultra Doux Hydrating Almond Milk Conditioner - 360 ml"
6937,2,"غارنييه الترادو بلسم معش بحليب اللوز - 360 مل"
6938,1,"Pantene Sheer Volume Conditioner 360ml"
6938,2,"بانتين بلسم أكثر كثافة 360مل للشعر الرقيق"
6939,1,"Purifying and Shine Ultra Doux Black Charcoal and Black Seed Oil Hair Mask by Garnier 400ml"
6939,2,"بلسم للتنقية واللمعان الترا دو بالفحم الأسود وزيت حبة البركة من غارنييه 400مل"
6940,1,"L'Oréal Keratin Repair Hair Mask - 360ml"
6940,2,"لوريال بلسم كيراتين مرمم للشعر - 360 مل"
6941,1,"Garnier Ultra Doux Legendary Oil Balm 360ml"
6941,2,"غارنيه الترا دوكس بلسم الزيت الأسطوري 360 مل"
6942,1,"Garnier Ultra Doux Oil Replacement Balm with Restorative Castor and Almond Oils - 360ml"
6942,2,"غارنييه الترادوكس بلسم حمام زيت بزيوت الخروع واللوز المرممة 360 مل"
6943,1,"Garnier Hair Mask 360ml Ultra Doux Charcoal and Argan"
6943,2,"غارنييه بلسم شعر 360 مل الترا دوكس الفحم الاسود وحبه البركه"
6944,1,"Garnier Ultra Doux Restoring Conditioner with Acacia Honey - 360ml"
6944,2,"غارنيه الترا دوكس بلسم لتجديد بنية الشع التالف والمتقصف بال بعسل الأكاسيا 360 مل"
6945,1,"Garnier Ultra Doux Conditioner with Avocado Oil and Shea Butter - 360ml"
6945,2,"غارنيه الترا دوكس بلسم بزيت الافوكادو وزبدة الشيا 360 مل"
6946,1,"Sabouha Mix Soap 100g"
6946,2,"صابون خلطة صبوحه 100جرام"
6947,1,"Kuwait Shop Black Seed Soap - 100g"
6947,2,"صابون حبة البركة من كويت شوب - 100 غم"
6948,1,"Kuwait Shop Wheat Germ Soap - 100g"
6948,2,"صابون جنين القمح من كويت شوب 100 جرام"
6949,1,"Goat Milk Soap for Skin Moisturizing and Brightening - Kuwait Shop 100g"
6949,2,"صابون حليب الماعز لترطيب وتفتيح البشرة - كويت شوب 100 غم"
6950,1,"Kuwait Shop Brewer's Yeast Soap, 100g"
6950,2,"صابون خميرة البيرة من كويت شوب، 100 غرام"
6951,1,"Kuwait Shop Black Stone Soap 100g"
6951,2,"كويت شوب صابون الحجر الأسود 100جم"
6952,1,"Kuwait Shop Natural Kuwaiti Rose Soap - 100g"
6952,2,"كويت شوب صابون الورد الكويتي الطبيعي- 100 جم"
6953,1,"Dash Upgraded Water Flosser for Teeth Cleaning"
6953,2,"داش جهاز الخيط المائي المطور لتنظيف الاسنان"
6954,1,"Water Dental Flosser"
6954,2,"جهاز خيط الأسنان المائي"
6956,1,"AXE Excite Deodorant Body Spray 120ml"
6956,2,"اكس مزيل عرق بخاخ 120 مل اكسايت"
6957,1,"AX Deodorant, Anarchy, 120 ml"
6957,2,"مزيل رائحة العرق من آكس، أناركي، 120 مل"
6958,1,"Mam Deodorant Roll On Freshness Deodorant 75ml-"
6958,2,"مزيل رائحة العرق رول مام عبير الانتعاش مزيل العرق 75مل-"
6959,1,"Mam Refreshing Roll-On Deodorant for Men 75 ml"
6959,2,"مزيل عرق رول اون منعش للرجال من مام 75 مل"
6960,1,"Stronger Mam dry deodorant 75 ml"
6960,2,"مزيل عرق جفاف اقوي مام 75مل"
6961,1,"Vichy 48-Hour Intensive Deodorant Roll-On - 50ml"
6961,2,"مزيل عرق مكثف 48 ساعة رول من فيشي- 50مل"
6962,1,"Dove deodorant stick cucumber fresh 40 g"
6962,2,"دوف ستيك مزيل للعرق انتعاش الخيار 40 جم"
6963,1,"Dove Powder Soft Antiperspirant Deodorant Stick for Women 40g"
6963,2,"دوف ستيك مزيل للعرق للسيدات باودر سوفت 40 جم"
6964,1,"Dove Original Deodorant Stick 40g"
6964,2,"مزيل العرق دوف ستيك اورجنال 40 جرام"
6965,1,"Royal Oud Deodorant Cream - 60g"
6965,2,كريم-مزيل-عرق-العود-الملكي-60جم
6966,1,"Vebix Antiperspirant Cream for Men - 25 ml"
6966,2,"كريم للتخلص من مسببات رائحة العرق للرجال من فيبكس - 25 مل"
6967,1,"Dove Original Antiperspirant Deodorant Spray for Women 150ml - 72h Protection"
6967,2,"دوف مزيل عرق بخاخ اوريجنال نسائي 150 مل 72 ساعه"
6968,1,"Dove Anti-Perspirant Deodorant Spray with Cucumber and Green Tea, 150 ml"
6968,2,"مزيل عرق مضاد للتعرق بالخيار والشاي الاخضر من دوف, 150 مل"
6969,1,"MUM Roll-On Deodorant 75ml New Classic"
6969,2,"مام مزيل عرق رول 75 مل كلاسيك جديد"
6970,1,"Bioserin Pink Anti-Perspirant and Skin Whitening - 60ml"
6970,2,"مضاد للتعرق و مفتح للبشرة بينك من بيوسيرين -60مل"
6971,1,"Dove Men+Care Invisible Dry Deodorant Spray 48H - 150ml"
6971,2,"دوف مزيل عرق جاف غير مرئي للرجال 48 ساعه 150 مل"
6972,1,"Invisible Dry Powder Fresh Anti-Perspirant Roll-On Deodorant"
6972,2,"مزيل رائحة رول اون مقاوم للتعرق انفيزبل دراي باودر فريش"
6973,1,"Florence Roll On Ocean Deodorant 50ml"
6973,2,"مزيل رائحة العرق رول اون اوشن من فلورنس 50مل"
6974,1,"Florence Roll On Sport Deodorant 50ml"
6974,2,"مزيل رائحة العرق رول اون سبورت من فلورنس 50مل"
6975,1,"Vebix Roll On Mystic Deodorant for Women, 50 ml, Unscented"
6975,2,"مزيل عرق رول أون ميستيك للنساء من فيبيكس، 50 مل، بدون رائحة"
6976,1,"Florence Roll On Sport Deodorant 50ml"
6976,2,"مزيل رائحة العرق رول اون سبورت من فلورنس 50مل"
6977,1,"Rexona Shower Fresh Anti-Perspirant Deodorant Stick for Women - 40g"
6977,2,"مزيل مضاد للعرق شاور فريش من ريكسونا للنساء - 40غ"
6978,1,"Bio Serene Anti-Perspirant Deodorant and Skin Whitening - Bubblegum 60ml"
6978,2,"بيو سرين مزيل مضاد للتعرق ومفتح للبشرة علكه 60 مل"
6979,1,"Rexona Men Active Dry Anti-Perspirant Deodorant"
6979,2,"مضاد ومزيل العرق اكتيف دراي للرجال من ريكسون"
6980,1,"Rexona deodorant spray for men with charcoal, 150 ml"
6980,2,"مزيل العرق ريكسونا بخاخ للرجال بالفحم ، 150 مل"
6981,1,"Rexona Men Cedarwood & Mint Antiperspirant Spray - 150ml"
6981,2,"مضاد التعرق اسبراي خشب الأرز و نعناع رجالي ريكسونا - 150مل|"
6982,1,"Rexona V8 Men's Antiperspirant Spray - 150ml"
6982,2,"مضاد التعرق اسبراي في 8 رجالي ريكسونا - 150مل"
6983,1,"Florence Blossom Anti-Perspirant Roll-On 50ml"
6983,2,"فلورنس رول مضاد للتعرق بالزهر 50 مل"
6984,1,"Rexona Invisible + Antibacterial Deodorant Stick for Women - 40g"
6984,2,"ريكسونا مزيل عرق ستيك انفيزيبل + مضاد للبكتيريا للنساء - 40 جم"
6985,1,"Rexona Deodorant Stick Extra Cool 40ml"
6985,2,"ريكسونا مزيل العرق ستيك أكتسرا كوول 40مل"
6986,1,"Rexona Men Invisible Antibacterial Deodorant Spray 150ml"
6986,2,"مزيل العرق مضاد للبكتريا غير مرئي للرجال من ريكسونا 150 مل"
6987,1,"Florence Roll-On Antiperspirant with Sweet Pea - 50ml"
6987,2,"فلورنس رول مضاد للتعرق بالجلبان العطر 50 مل"
6988,1,"Florence Passion Roll-On Deodorant - 50ml"
6988,2,"مزيل رائحة العرق رول اون باشن من فلورنس 50مل"
6989,1,"Rexona Anti-Perspirant Stick for Women 48hr Protection Against Sweat and Odor Powder Dry"
6989,2,"مزيل عرق ستيك مضاد التعرق للنساء من ريكسونا ٤٨ ساعة حماية العرق والرائحة باودر دراي"
6990,1,"Eucerin Anti-Perspirant Roll-On, 48h Protection, Unisex, 50ml"
6990,2,"يوسرين رول مضاد للتعرق، 48 ساعة، للجنسين، 50 ملليلتر"
6991,1,"Lafz Hajj & Umrah Skin and Hair Care Set - Alcohol-Free & Fragrance-Free"
6991,2,"لافز مجموعة الحج والعمرة للعناية بالبشرة والشعر خالية من الكحول وبدون رائحة عطرية"
6992,1,"Louis Widmer Scented Deodorant 50 ml"
6992,2,"مزيل عرق لويس ويدمر معطر 50 مل"
6993,1,"Nivea Natural Fresh Deodorant Spray for Women 150ml"
6993,2,"نيفيا مزيل عرق بخاخ ديودرينت انتعاش طبيعي للنساء 150مل"
6994,1,"NIVEA Women's Deodorant Spray with Alum Extract - 150ml"
6994,2,"نيفيا مزيل عرق نسائي خلاصة الشبة 150 مل"
6995,1,"Rexona Bamboo Anti-Perspirant Deodorant Stick for Women - 40g"
6995,2,"مزيل مضاد للعرق بامبو من ريكسونا للنساء - 40غ"
6996,1,"Rexona Invisible Anti-Bacterial Women's Deodorant Spray 150ml"
6996,2,"مزيل عرق بخاخ نسائي للبكتيريا غير مرئي من ريكسونا 150 مل"
6997,1,"Nivea Anti-Perspirant Spray Protect & Care 150ml"
6997,2,"نيفيا مقاوم للتعرق بخاخ بروتيكت كير 150 مل"
6998,1,"Rexona Men Extra Cool Anti-Perspirant Spray 150ml"
6998,2,"ريكسونا مضاد للتعرق إكسترا كول بخاخ رجال 150مل"
6999,1,"Nivea Men Fresh Active Original Deodorant Spray, 48h Protection & Long-Lasting Freshness, 150ml"
6999,2,"مزيل رائحة العرق نيفيا فريش أكتيف الأصلي للرجال 48 ساعة حماية و انتعاش يدوم طويلا ، 150 مل"
7000,1,"Rexona Men Ice Fresh - 72H Anti-Perspirant - 45ml"
7000,2,"ريكسونا للرجال انتعاش الثلج - مضاد للتعرق 72 ساعة - 45 مل"
7001,1,"Zleen Brightening Serum Deodorant Spray with Cucumber & Tea - 150ml (50% Off Second Piece)"
7001,2,"زلين مزيل عرق سيروم بخاخ مفتح للبشرة بالخيار والشاى 150 مل 50% الحبة الثانية"
7002,1,"Pure Beauty Kids Sunscreen Cream SPF 50 - 75 ml"
7002,2,"كريم واقي من الشمس للاطفال ب عامل 50 من بيور بيوتي-75 مل"
7003,1,"Pure Beauty Berry Blossom Deodorant Stick with Skin Whitening Offer (1+1 Free) - Protects and Brightens Skin"
7003,2,"عرض مزيل عرق ستيك بيري بلوسوم مع تفتيح البشرة من بيور بيوتي (حبة + حبة مجاناً) - يحمي ويفتح البشرة"
7004,1,"Nivea Deep Black Carbon Espresso Deodorant Spray 150ml"
7004,2,"بخاخ مزيل عرق دييب بلاك كاربون اسبريسو من نيفيا 150مل"
7005,1,"Nivea Vitamin C & E Spray 150ml"
7005,2,"نيفيا بخاخ فيتامين سي &amp; اي 150 مل"
7006,1,"Sebamed For Men Balsam Deodorant - 50 ml"
7006,2,"مزيل بلسم للرجال من سيباميد 50 مل"
7007,1,"Rexona Workout Deodorant Stick - 40g"
7007,2,"ريكسونا مزيل العرق ستيك ورك اوت - 40 جم"
7008,1,"Nivea Dry Comfort Deodorant Spray 150ml"
7008,2,"نيفيا مزيل عرق بخاخ دراي كومفورت 150مل"
7009,1,"Nivea Whitening Deodorant Spray Classic Touch - 150 ml"
7009,2,"نيفيا مزيل عرق بخاخ مفتح للبشره كلاسيك تاتش 150 مل"
7010,1,"Pure Beauty Sunscreen Cream SPF 100"
7010,2,"كريم واقي شمس بعامل حماية 100 من بيور بيوتي"
7011,1,"Nivea Black & White Invisible Roll-On Deodorant for Women - 50ml"
7011,2,"مزيل عرق رول بلاك اند وايت للنساء-من نيفيا 50مل"
7012,1,"Eucerin Deodorant for Sensitive Skin 48h - 50ml"
7012,2,"مزيل العرق من يوسرين للبشرة الحساسة 48 ساعة 50 مل"
7013,1,"Nivea Protect & Care Deodorant Spray - 150ml"
7013,2,"نيفيا مزيل عرق حمايه وعنايه 150 مل"
7014,1,"Beesline Whitening Roll-On Deodorant - Pacific Islands"
7014,2,"مزيل الرائحة رول اون لتفتيح البشرة من بيزلين - جزر الباسيفيك"
7015,1,"Nivea Dry Comfort Deodorant Stick for Women - 50ml"
7015,2,"مزيل عرق نيفيا ستيك دراي كمفورت نسائي 50 مل"
7016,1,"Pure Beauty Soft Touch Whitening & Firming Roll-On Deodorant with Q10 Serum - 2 Pieces"
7016,2,"مزيل عرق رول سوفت توتش لتفتيح البشرة وشدها بسيروم Q10 من بيور بيوتي - حبتين"
7017,1,"Bezilin Antiperspirant Serum Spray for Smooth Powder Finish 150ml 1+1"
7017,2,"بيزلين مزيل عرق سيروم بخاخ مفتح للبشرة نعومة البودر 150 مل1+1"
7018,1,"Bezlin Roll On Oud Arabic 50ml"
7018,2,"بيزلين رول أون عود عربي عرض 50 مل"
7019,1,"Pure Beauty Original Roll-On Deodorant with Skin Whitening Offer, 60 ml (1+1 Free) - Protects and Brightens Skin"
7019,2,"عرض مزيل عرق رول أون الأصلي مع تفتيح البشرة من بيور بيوتي، 60 مل (حبة + حبة مجاناً) - يحمي ويفتح البشرة"
7020,1,"Beesline Whitening Roll-On Deodorant - Pearl Shine"
7020,2,"مزيل الرائحة رول اون لتفتيح البشرة من بيزلين - تألق اللؤلؤ"
7021,1,"Beesline Whitening Serum Deodorant Spray Damask Rose 150ml - 50% Off Second Piece"
7021,2,"بيزلين مزيل عرق سيروم بخاخ مفتح للبشرة ورد جوري 150 مل 50% الحبة الثانية"
7022,1,"Beesline Whitening Serum Deodorant Spray Hair Delaying 150ml - 50% Off on 2nd Piece"
7022,2,"بيزلين مزيل عرق سيروم بخاخ مفتح للبشرة لتاخير نمو الشعر 150 مل 50% الحبة الثانية"
7023,1,"Beesline Radiant Bright Underarm Whitening Serum & Antiperspirant, Fragrance-Free - Pack of 2 (2 x 150ml)"
7023,2,"بيزلين سيروم بخاخ تفتيح الابطين مضاد للتعرق راديانت برايت اندر ارم بدون عطور حبتين - 2*150 مل"
7024,1,"Full Body Deodorant by Pure Beauty 18g"
7024,2,"مزيل العرق لكامل الجسم من بيور بيوتي 18 غرام"
7025,1,"Deodorant Roll-On for Skin Brightening 2 in 1 by Beiersdorf - Pacific Islands"
7025,2,"مزيل الرائحة رول اون لتفتيح البشرة 2 في 1 من بيزلين - جزر الباسيفيك"
7026,1,"Rexona Anti-Perspirant Deodorant Stick for Women - 40g"
7026,2,"ريكسونا مضاد ومزيل العرق صلب للنساء - 40 غم"
7027,1,"Sebamed Roll-On Deodorant Balm for Sensitive Skin 50ml"
7027,2,"سيباميد رول بلسم مزيل عرق للبشرة الحساسة 50مل"
7028,1,"Nivea Fresh Natural Deodorant Stick 50ml"
7028,2,"نيفيا مزيل عرق ستيك فريش ناتشورال 50 مل"
7029,1,"Pure Beauty Facial Whitening Soap - 70g"
7029,2,"صابونة تفتيح الوجه من بيور بيوتي 70 جرام"
7030,1,"Beesline Whitening Roll-On Deodorant Forest Breeze 1+1"
7030,2,"بيزلين مزيل عرق رول اون ومُفتِّح للبشرة نسمة من الغابة 1+1"
7031,1,"Nivea Black & White Invisible Deodorant Stick for Women - 50ml"
7031,2,"مزيل عرق ستك بلاك وايت نسائي من نيفيا 50 مل"
7032,1,"Beesline Skin Whitening Soap - Papaya - 85g"
7032,2,"صابونه تفتيح البشره من بيزلين - بابايا - 85غ"
7033,1,"Pure Beauty Antibacterial and Germ Protection Soap 70g"
7033,2,"بيور بيوتي صابونة مقاومة للبكتريا والجراثيم 70جرام"
7034,1,"Rexona Women Deodorant Stick Cotton Dry 40g"
7034,2,"مزيل عرق ريكسونا للنساء برائحة القطن الجاف 40 غرام"
7035,1,"Pure Beauty Sunscreen Lotion 200 ml"
7035,2,"بيور بيوتي لوشن واقي من الشمس 200 مل"
7037,1,"Nivea Men Dry Fresh Roll-On Deodorant 50ml"
7037,2,"نيفيا مزيل عرق رول دراي فريش للرجال 50مل"
7039,1,"Beesline Glow & Anti-Wrinkle Serum 10% Niacinamide + 0.05% Retinol - 30ml"
7039,2,"بيزلين سيروم النضارة و مقاومة التجاعيد نياسيناميد 10 نياسيناميد +0.05ريتينول    30 مل"
7041,1,"Jardin Oleane Alum Stone Deodorant - 60g"
7041,2,"مزيل عرق حجر الشب من جاردن اوليان - 60 جرام"
7042,1,"Nivea Fresh Active Deodorant Spray for Men - 150 ml"
7042,2,"نيفيا مزيل عرق فريش أكتيف للرجال - 150 مل"
7043,1,"NIVEA Men Dry Impact Deodorant Stick, 50 ml"
7043,2,"مزيل العرق ستيك دراي امباكت للرجال من نيفيا 50 مل"
7044,1,"Beesline Ultrascreen Sunscreen Cream SPF 50 for All Skin Types 60ml 1+1"
7044,2,"بيزلين كريم ألتراسكرين واقي من الشمس Spf 50 لجميع انواع البشرة 60 مل 1+1"
7045,1,"Crystal Deodorant Stone - Fresh & Pure 70g"
7045,2,"حجر كرستال مزيل رائحة العرق منعش ونقي70جم"
7046,1,"Beesline 4-in-1 Whitening Facial Cleanser - 150ml"
7046,2,"غسول لتفتيح الوجه ٤ب١ من بيزلين - 150مل"
7047,1,"Beesline 4 in 1 Whitening Facial Wash - 150 ml"
7047,2,"بخاخ مزيل العرق و سيروم تفتيح منطقة الابطين راديانت برايت إنارة فورية من بيزلين 50% على الحبة الثانية"
7048,1,"Nivea Men Deep Anti-Perspirant Deodorant Stick 50ml"
7048,2,"نيفيا مزيل عرق ستيك ديب رجالي 50مل"
7049,1,"The Ordinary Salicylic Acid Solution 2% 30 ml"
7049,2,"محلول حمض الساليسيليك 2٪ من ذا اورديناري 30 مل"
7050,1,"La Roche-Posay Thermal Spring Water Spray - 150ml"
7050,2,"بخاخ مياه الينابيع الحرارية من لاروش بوزيه - 150مل"
7051,1,"Goree Whitening Face Wash with Lycopene, Avocado, and Aloe Vera Extracts - 70 ml"
7051,2,"غسول تبييض الوجه من جوري بخلاصة اللايكوبين الأفوكادو والأوفيرا 70 مل"
7052,1,"NOW Solutions Red Mediterranean Clay - 170g"
7052,2,"طين البحر المتوسط الاحمر من ناو 170 جم"
7053,1,"NOW Solutions Shea Butter Body Lotion - 118 ml"
7053,2,"لوشن للجسم زبدة الشيا من ناو - 118 مل"
7054,1,"Palmer's Cocoa Butter Formula Moisturizing Body Oil - 250ml"
7054,2,"زيت مرطب الجسم بزبدة الكاكاو من بالمرز 250 مل"
7055,1,"Organix Super Adult Hair Straightening Cream, 450 gm"
7055,2,"كريم فرد الشعر أورجانيكس سوبر للبالغين من أورجانيكس، 450 جم"
7056,1,"Palmer's Nursing Cream - 30g"
7056,2,"كريم للرضاعة من بالمرز - 30 غرام"
7057,1,"Palmer's Massage Lotion for Stretch Marks - 250 ml"
7057,2,"لوشن التدليك للحد من علامات التمدد من بالمرز - 250 مل"
7058,1,"Natural Essential Oil Pure Lavender Oil 30 ml"
7058,2,"ناتشورال زيت عطري طبيعي بزيت اللافندر النقي 30 مل"
7059,1,"AB Naturals Hair Growth Stimulating Conditioner with Jamaican Black Castor Oil 500ml"
7059,2,"بلسم محفز لنمو الشعر بزيت الخروع الجامايكي الاسود من ايه بي ناتشورالز 500مل"
7061,1,"Garden Olean Strengthening Hair Oil with Rosemary Oil - 100ml"
7061,2,"زيت الشعر المقوي بزيت اكليل الجبل من جاردن اوليان - 100مل"
7062,1,"Laser White Rosemary and Mint Hair and Scalp Strengthening Oil - 30ml"
7062,2,"ليزر وايت زيت اكليل الجبل والنعناع لتقوية الشعر وفروة الرأس - 30مل"
7063,1,"Kaza Akpi Oil - 60ml"
7063,2,"زيت الاكببي من كازا - 60مل"
7065,1,"Ghadir Argan Oil Hair Treatment, 4 fl oz"
7065,2,"غادير زيت الارجان لمعالجة الشعر، 4 اونصة سائلة"
7066,1,"Sunsilk Castor & Almond Hair Oil for Hair Fall Treatment - 250ml"
7066,2,"صانسيلك زيت شعر بالخروع واللوز لمعالجة تساقط الشعر 250 مل"
7067,1,"Skin Brightening Lotion with Aloe Vera and Avocado Extract - 205 ml"
7067,2,"لوشن تفتيح البشرة بخلاصة الالوفيرا والاوفوكادو 205 مل"
7068,1,"Parachute Sampoorna Coconut Hair Oil - 300 ml"
7068,2,"زيت الشعر باراشوت سامبورنا شاملة جوز الهند 300 مل"
7069,1,"Vollare Provi White Night Whitening Cream - 50ml"
7069,2,"كريم التبييض  الليلي المكثف للوجه والرقبة وأعلى الصدر - يقلل من تصبغات البشرة  من فولار كوزمتكس. 50مل"
7070,1,"Shampoo with aloe vera and watercress, against hair loss, 1000 ml"
7070,2,"شامبو بالصبار والجرجير ضد تساقط الشعر، 1000 مل"
7071,1,"Clear Soft & Shiny Anti-Dandruff Shampoo - 600ml"
7071,2,"شامبو نعومة ولمعان من كلير مضاد للقشرة 600 مل"
7072,1,"Sunsilk Bye Bye Hair Fall Shampoo with Collagen and Ceramide, Sulfate-Free - 350ml"
7072,2,"صانسيلك شامبو باي باي تساقط الشعر بالكولاجين والسيراميد خالي من السلفات - 350 مل"
7073,1,"Batiste Dry Shampoo 200ml"
7073,2,"شامبو جاف للشعر بايتستي200 مل"
7074,1,"Renewal & Repair Shampoo Enriched with Egg and Honey for Damaged Hair and Split Ends 400ml"
7074,2,"شامبو التجديد والإصلاح غني بالبيض والعسل للشعر التالف وأطراف الشعر المتقصفة 400ملليلتر"
7075,1,"Clear Men Intensive Purifying Shampoo 350ml"
7075,2,"شامبو تنقية مكثف للرجال 350 مل من كلير"
7076,1,"Clear Men Anti-Dandruff Shampoo Cool Sport Menthol | Pump Bottle | 700ml"
7076,2,"شامبو كلير مضاد للقشرة بالمنثول المنعش للرجال | عبوة ضاغطة |700 مل"
7077,1,"Sunsilk Moisture Bomb Shampoo 350ml"
7077,2,"شامبو سانسيلك مويستشر بومب 350 مل"
7078,1,"Garnier Shiny Shampoo with Black Charcoal and Purified Black Seed Oil, 200 ml"
7078,2,"شامبو لامع بالفحم الاسود وزيت بذور حبة البركة المنقى من غارنييه، 200 مل"
7079,1,"Clear Men Anti-Hairfall Shampoo 600ml"
7079,2,"شامبو كلير للرجال ضد تساقط الشعر 600 مل"
7080,1,"Pert Plus Shampoo with Honey Extract for Daily Care - 1000 ml"
7080,2,"شامبو برت بلس بخلاصة العسل للعناية اليوميه 1000 مل"
7081,1,"Head & Shoulders Menthol Refresh Shampoo - 600ml"
7081,2,"شامبو النعناع المنعش من هيد اند شولدرز - 600 مل"
7082,1,"Garnier Ultra Doux - Honey Shampoo for Damaged and Split Hair 200ml"
7082,2,"جارنييه ألترا دوكس - شامبو بالعسل للشعر التالف المقصف 200مل"
7083,1,"Sunsilk Hydrating Shampoo for Curly Hair - 400 ml"
7083,2,"صانسيلك شامبو لترطيب الشعر الكيرلي - 400 مل"
7084,1,"Sunsilk Shampoo with Biotin and Castor Oil, 24-Hour Long-Lasting Fragrance, 350ml / 400ml"
7084,2,"شامبو صانسيلك مع البايوتين وزيت الخروج وعطر فواح يدوم 24 ساعة 350 مل 400 مل"
7085,1,"Pantene Sheer Volume Shampoo - 600ml"
7085,2,"بانتين شامبو أكثر كثافة 600 مل"
7086,1,"Pantene Healthy & Clean Shampoo 390ml 2-in-1"
7086,2,"بانتين شامبو صحي ونظيف 390 مل 2*1"
7087,1,"L'Oréal Precious Oil Shampoo 600ml"
7087,2,"لوريال شامبو زيوت زهور ثمينة مغذية 600 مل"
7088,1,"Pantene 2-in-1 Anti-Dandruff Shampoo + Conditioner 600ml"
7088,2,"بانتين 2 في 1 شامبو + بلسم ضد القشرة 600 مل"
7089,1,"Rich Jojoba Oil Shampoo for Deep Nourishment for Very Dry Hair - 400 ml"
7089,2,"Shampoo with rich jojoba oil for deep nourishment for very dry hair 400 ml"
7090,1,"Nourishing Shampoo for Normal to Dry Hair with Precious Flower Oils - 400ml"
7090,2,"شامبو مغذي للشعر العادي والجاف زيت زهور ثمينة 400 مل"
7091,1,"Collagen Blonds Shampoo for Healthy and Vibrant Hair - Sulfate Free 350ml"
7091,2,"شامبو كولاجين بلندز لشعر حيوي وصحي المظهر خالي من السلفات  - 350 مل"
7092,1,"Vatika Shampoo with Olive and Henna 400ml - Nourishes & Protects"
7092,2,"شامبو فاتيكا بالزيتون و حنة 400 مل يغذي و يحمي"
7093,1,"Vatika Spanish Garlic Natural Hair Growth Shampoo - 200ml"
7093,2,"شامبو لنمو الشعر الطبيعي بالثوم الاسباني من فاتيكا 200مل"
7094,1,"Pert Plus for Men 4-in-1 Deep Cleaning Shampoo 360ml"
7094,2,"برت بلاس للرجال شامبو 4 في 1 تنظيف عميق 360 مل"
7095,1,"Batiste - Floral Fragrance Dry Shampoo, 200 ml"
7095,2,"باتيست - شامبو جاف برائحة الزهور ، 200 مل"
7096,1,"Elvive Total Repair Shampoo for Damaged Hair - 600ml"
7096,2,"إلفيف شامبو اصلاح الشعر التالف 600مل"
7097,1,"Herbal Essences Damage Repair Shampoo with Pomegranate Extract - 700ml"
7097,2,"شامبو ترميم التلف بخلاصة الرمان من هيربل اسينسز 700 مل"
7098,1,"Vatika Repair & Restore Shampoo with Honey and Egg - 200ml"
7098,2,"شامبو يصلح ويحافظ بالعسل والبيض من فاتيكا 200مل"
7099,1,"Head & Shoulders Anti-Dandruff Shampoo Charcoal Detox - Deep Clean & Instant Itch Relief, 600ml"
7099,2,"&quot;هيد آند شولدرز شامبو ضد القشرة ديتوكس الفحم - تنظيف عميق وراحة فورية من الحكة سعة 600 مل&quot;"
7100,1,"Vatika Nourishing Protein & Egg Shampoo - 200ml"
7100,2,"شامبو بالبروتين المغذي والبيض من فاتيكا - 200مل"
7101,1,"Golden Touch Onion and Rosemary Hair Shampoo - 500 ml"
7101,2,"شامبو البصل بإكليل الجبل للشعر من اللمسة الذهبية - 500 مل"
7102,1,"Herbal Essence Anti-Dandruff Shampoo & Conditioner with Ginseng and Juniper Extract 200ml"
7102,2,"بلسم+ شامبو ضد القشرة خلاصة الاعشاب بمستخلص نباتات الجينسينغ والعرعر 200 مل"
7103,1,"Head & Shoulders Anti-Dandruff Shampoo, Smooth & Silky - 190ml"
7103,2,"شامبو هيد أند شولدرز ضد القشرة، لشعر انسيابي وحريري - 190مل"
7104,1,"Sunsilk Soft & Smooth Shampoo - 190ml"
7104,2,"صانسيلك شامبو ناعم وإنسيابي - 190مل"
7105,1,"Clear Men Anti-Dandruff Cool Sport Menthol Shampoo 190ml"
7105,2,"شامبو مضاد للقشرة ومنثول رياضي رائع رجالي من كلير 190مل"
7106,1,"Clear 3-in-1 Shampoo, Body, and Face Wash for Men Active Cool 400ml"
7106,2,"كلير شامبو وغسول للجسم والوجه 3 في 1 للرجال تبريد نشط 400مل"
7107,1,"Clear Anti-Dandruff Shampoo for Women - Soft & Shiny, 400ml"
7107,2,"كلير شامبو شعر القشره نسائي 400 مل ناعم ولامع"
7108,1,"Sunsilk Strength & Shine Shampoo 200ml"
7108,2,"صانسيلك شامبو لتعزيز قوه و لمعان الشعر 200 مل"
7109,1,"Clear Men Anti-Dandruff Deep Cleansing Shampoo - 190ml"
7109,2,"شامبو ضد القشرة للتنظيف العميق للرجال من كلير 190 مل"
7110,1,"Clear Ultra Care Shampoo 190ml"
7110,2,"شامبو كلير عناية فائقة 190 مل"
7111,1,"Herbal Essences Potent Aloe & Avocado Oil Shampoo for Cleaning and Hydrating Curly Hair, 400ml"
7111,2,"شامبو بخلاصة الصبار الفعال وزيت الافوكادو لتنظيف وترطيب الشعر الكيرلي من هيربل ايسنسز، 400 مل"
7112,1,"Herbal Golden Moringa Oil Shampoo 400ml"
7112,2,"هيبربل شامبو زيت مورينغا ذهبي 400 مل"
7113,1,"Herbal Essences Coconut Extract Hydrating Shampoo 400ml"
7113,2,"شامبو ترطيب الشعر خلاصة جوز الهند 400 مل من هيربال ايسنس"
7114,1,"Herbal Essences Micellar Water & Ginger Clarifying Shampoo - 400ml"
7114,2,"شامبو تنقية الشعر ماء ميسيلار وزنجبيل 400 مل من هيربال ايسنس"
7115,1,"Clear Men Anti-Dandruff Shampoo 190ml"
7115,2,"شامبو مضاد للقشرة رجالي من كلير 190 مل"
7116,1,"Sunsilk Co-Creations Shampoo for Black Shine 200ml"
7116,2,"صانسيلك شامبو كو كريشينز لشعر أسود ولامع 200 مل"
7117,1,"Sunsilk Instant Restore Shampoo for Damaged Hair - 200ml"
7117,2,"صانسيلك شامبو أصلاح فوري للشعر التالف 200"
7118,1,"Bioderma Pigmentbio Night Renewer Brightening Cream 50ml"
7118,2,"بيوديرما بيجمينت بيو كريم تفتيح ليلى 50 مل"
7119,1,"Kundal Protein Damage Care Shampoo, Violet Muguet, 500ml"
7119,2,"شامبو للعناية بالبروتينات المتضررة , فيوليت موغيت من كوندال , 500 مل"
7120,1,"Kundal Honey & Macadamia Natural Shampoo 500ml - Cherry Blossom"
7120,2,"شامبو كوندال بالعسل والمكاداميا الطبيعي 500 مل -بزهر الكرز"
7121,1,"Kundal Pure Body Lotion Honey & Macadamia - Cherry Blossom - 500ml"
7121,2,"كوندال لوشن الجسم النقي بالعسل والمكاداميا - زهر الكرز - 500 مل"
7122,1,"Kundal Night Repair Hair Treatment - Dreamy Comfort - 500ml"
7122,2,"معالج الشعر الإصلاح الليلي من كوندال  براحة الاحلام- 500 مل"
7123,1,"Kundal Tea Tree & Macadamia Deep Cleansing Shampoo 500ml"
7123,2,"شامبو كوندال بشجرة الشاي والمكاداميا للتنظيف العميق 500 مل"
7124,1,"Kundal Night Repair Treatment Shampoo - Dreamy Comfort, 470ml"
7124,2,"شامبو علاجي نايت ريبير للعناية الليلية بالشعر براحة الاحلام من كوندال 470 مل"
7125,1,"Kundal Pure Body Wash with Honey & Macadamia - Cherry Blossom - 500ml"
7125,2,"كوندال غسول الجسم النقي بالعسل والمكاديميا - زهر الكرز - 500 مل"
7126,1,"Night Repair Lotion 100ml"
7126,2,"لوشن الإصلاح الليلي 100 مل"
7127,1,"Maxi Reloaded Eyeshadow Palette by Revolution"
7127,2,"مجموعة ظلال العيون ماكسي ريلاوديد من ريفلوشن"
7128,1,"Revolution 5D Lash Pow Mascara - 12.20ml Black"
7128,2,"ماسكارا 5D لاش باو من ريفوليوشن - 12.20 مل بلاك"
7129,1,"Revolution 5D Whip Lift Mascara"
7129,2,"ريفولوشن مسكره 5 دي ويب لفت"
7130,1,"Relove Stain It Lip Stain Pen"
7130,2,"قلم حبر الشفاه Relove Stain It"
7131,1,"Revolution Conceal & Define Powder Foundation - P5"
7131,2,"بودرة أساس كونسيل اند ديفاين من ريفلوشن- P5"
7132,1,"Relove High Rise Waterproof Mascara - Black"
7132,2,"ماسكارا هاي رايز مقاومة للماء من ريلوف - أسود"
7133,1,"Revolution - Pout Bomb Shimmer Lip Gloss - Chocolate Sparkle"
7133,2,"ريفوليوشن - ملمع شفاه مع شيمر بوت بومب - شوكولاتة سباركل"
7134,1,"Revolution Glow Vitamin C Dewy Under-Makeup Foundation for Women - 12g"
7134,2,"كريم أساس ريفولوشن جلو تحت المكياج بفيتامين سي ديوي للنساء 12 جم"
7135,1,"Revolution Skin Silk Serum Foundation F5"
7135,2,"ريفليوشن كريم اساس سكين سيلك سيروم F5"
7136,1,"Revolution Super Flick Liquid Eyeliner - Black"
7136,2,"ريفلوشن سوبر فليك كحل عين سائل - اسود"
7137,1,"Revolution H2O Hydrate Concealer 12g"
7137,2,"خافي عيوب H20 هيدرات من ريفوليوشن 12 جم"
7138,1,"FreshLook Pure Hazel Monthly Contact Lenses"
7138,2,"عدسات شهريه فريش لوك بيور هيزل"
7139,1,"Freshlook Monthly Contact Lenses - Misty Gray"
7139,2,"عدسات شهريه رمادي ضبابي misty Gray من freshlook"
7140,1,"FreshLook ColorBlends Monthly Contact Lenses - Sterling Gray"
7140,2,"عدسة شهريه من فريش لوك كولوربلندز ستيرلنج جراي"
7141,1,"Fresh Look Monthly Lenses - HONEY"
7141,2,"HONEY monthly lenses from Fresh Look"
7142,1,"FreshLook Monthly Color Contact Lenses - Brown"
7142,2,"فريش لوك عدسات شهرية لون بني"
7143,1,"FreshLook Monthly Contact Lenses - Gray"
7143,2,"فريش لوك عدسات شهرية رمادي"
7144,1,"FreshLook Monthly Contact Lenses - Blue"
7144,2,"عدسلت شهريه من فريش لوك لون ازرق"
7145,1,"FreshLook ColorBlends Monthly Contact Lenses - Powerless Green"
7145,2,"عدسات شهرية بلون باورليس جرين من فريش لوك كولور بليندز"
7146,1,"FreshLook One-Day Pure Hazel Cosmetic Contact Lenses - 5 Pairs"
7146,2,"فريش لوك عدسات لاصقة يومية بلون بندقي نقي تجميلية 5 أزواج"
7147,1,"FreshLook One-Day Color Contact Lenses - Green (Defined) - 5 Pairs"
7147,2,"فريش لوك عدسات لاصقة يومية بلون أخضر محدد تجميلية 5 أزواج"
7148,1,"FreshLook One-Day Pure Hazel Cosmetic Contact Lenses - 5 Pairs"
7148,2,"فريش لوك عدسات لاصقة يومية بلون بندقي نقي تجميلية 5 أزواج"
7149,1,"Gray Daily Lenses from FreshLook - 5 Pairs"
7149,2,"عدسات جراي GRAY اليوميه من فرش لوك 5 زوج"
7150,1,"Cinderella Natural Colored Contact Lenses Daily Use - Marine"
7150,2,"عدسات لاصقة ملونة طبيعية استعمال يومي من سندريلا - مارين"
7151,1,"Colored Contact Lenses Natural Daily Wear from Cinderella - Hollywood"
7151,2,"عدسات لاصقة ملونة طبيعية استعمال يومي من سندريلا - هوليوود"
7152,1,"Cinderella Natural Colored Contact Lenses Daily Disposable - Crystal"
7152,2,"عدسات لاصقة ملونة طبيعية استعمال يومي من سندريلا - كريستال"
7153,1,"Cinderella Queen Natural Daily Disposable Colored Contact Lenses"
7153,2,"عدسات لاصقة ملونة طبيعية استعمال يومي من سندريلا - كوين"
7154,1,"Cinderella Natural Colored Daily Contact Lenses - Sweet Gray"
7154,2,"عدسات لاصقة ملونة طبيعية استعمال يومي من سندريلا - سويت جراي"
7155,1,"Korean Cinderella Space Galaxy Lenses"
7155,2,"عدسات كورية سندرلا سبيس جالكسي"
7156,1,"Cinderella Natural Daily Disposable Colored Contact Lenses - Caramel"
7156,2,"عدسات لاصقة ملونة طبيعية استعمال يومي من سندريلا - كراميل"
7157,1,"Cinderella Natural Colored Contact Lenses Daily Use - Pixel Blue"
7157,2,"عدسات لاصقة ملونة طبيعية استعمال يومي من سندريلا - بيكسل بلو"
7158,1,"Cinderella Natural Colored Daily Contact Lenses - 22 Lazord"
7158,2,"عدسات لاصقة ملونة طبيعية استعمال يومي من سندريلا - 22 lazord"
7159,1,"Colored Contact Lenses Natural Daily Wear from Cinderella - 20 ESPRESSO"
7159,2,"عدسات لاصقة ملونة طبيعية استعمال يومي من سندريلا - 20 ESPRESSO"
7160,1,"Cinderella Natural Daily Disposable Colored Contact Lenses - Argent 21"
7160,2,"عدسات لاصقة ملونة طبيعية استعمال يومي من سندريلا - ارجينت 21"
7161,1,"Colored Contact Lenses Natural Daily Wear from Cinderella - Lime"
7161,2,"عدسات لاصقة ملونة طبيعية استعمال يومي من سندريلا - ليم"
7162,1,"Colored Contact Lenses Natural Daily from Cinderella - Diamond"
7162,2,"عدسات لاصقة ملونة طبيعية استعمال يومي من سندريلا - دياموند"
7163,1,"Cinderella Eye Lens (04 Fresh)"
7163,2,"عدسة سندريلا إي (04 فرش)"
7164,1,"Cinderella Hazel Gray 05 Korean Lenses"
7164,2,"عدسات كورية سندرلا هازل جراي05"
7165,1,"SHEGLAM Eyebrow Pencil - Light Brown"
7165,2,"شجلام قلم حواجب -Light Brown"
7166,1,"SHEGLAM Genius Eyebrow Stamp - Long-Lasting & Waterproof - Chocolate 1.8g"
7166,2,"ختم الحواجب العبقري يدوم طويلا ومقاوم للماء لون شوكولاتة من شيجلام 1.8 جم"
7167,1,"SHEGLAM 101 Lipstick & Lip Liner Duo - Cherry Fudge"
7167,2,"شجلام أحمر شفاه 101 &amp; محدد شفاه Cherry Fudge"
7168,1,"2-in-1 Lipstick & Liner - Glam 101 - Berry Whip by SHEGLAM Matte"
7168,2,"احمر شفاه ومحدد ثنائي - جلام 101 - بيري ويب من شيجلام غير لامع"
7169,1,"Kundal Chica Smile Kids Toothpaste - Peach Flavor 60g"
7169,2,"كوندال تشيكا سمايل معجون اسنان للاطفال بالخوخ 60 جم"
7170,1,"Kundal Chica Smile Kids Toothpaste Caramel Flavor 60g"
7170,2,"كوندال تشيكا سمايل معجون اسنان للاطفال بالكراميل 60 جم"
7171,1,"Chika Smile Toothpaste for Kids Grape Flavor 60gm"
7171,2,"معجون اسنان تشيكا سمايل للاطفال بنكهة العنب 60جم"
7172,1,"Saco Melatonin 1.5 mg Oral Strips - Mint Flavor, 30 Strips"
7172,2,"فيتامين ميلاتونين 1.5 mg ساكو على شكل شرائح مع نكهة النعناع 30 شريحة"
7187,1,"Revlon - Conceal and Define Foundation Powder (P12) - 7g"
7187,2,"ريفلوشن - بودرة كريم اساس كونسيل اند ديفاين رقم ( P12 ) - 7 جم"
7188,1,"Revolution - Conceal & Define Powder Foundation P10"
7188,2,"ريفلوشن - بودرة أساس كونسيل اند ديفاين P10"
7189,1,"Revolution Conceal & Define Powder Foundation - P12.5"
7189,2,"بودرة أساس كونسيل آند ديفاين من ريفلوشن -P12.5"
7190,1,"Revolution Conceal & Define Powder Foundation - P8.5"
7190,2,"ريفيلوشن بودرة أساس كونسيل اند ديفاين - P8.5"
7191,1,"Revolution Conceal & Define Powder Foundation - P9.5"
7191,2,"بودرة أساس كونسيل اند ديفاين من ريفلوشن - 5.P9"
7192,1,"Revolution Conceal & Define Powder Foundation - P4"
7192,2,"ريفيلوشن بودرة أساس كونسيل اند ديفاين - P4"
7193,1,"Revolution Reloaded Highlighter - Make an Impact 10g"
7193,2,"بودرة اضاءة ريلوديد ميك ان ايمباكت من ريفلوشن 10ج"
7195,1,"Makeup Revolution Beam Bright Highlighter - Rose Lustre"
7195,2,"هايلايتر بيم برايت من ريفلوشن - روز لاستر"
7196,1,"Revolution Beam Bright Highlighter - Pink Seduction"
7196,2,"هايلايتر بيم برايت من ريفلوشن - بينك سيداكشن"
7197,1,"Makeup Revolution Skin Silk Serum Foundation - F10"
7197,2,"كريم أساس سيروم سكين سيلك للبشرة F10 من ميك اب ريفولوشن"
7198,1,"Revolution Foundation IRL Filter 23ml - F7"
7198,2,"ريفولوشن كريم اساس اي ار ال فلتر 23مل - F7"
7199,1,"Revolution Beam Bright Highlighter - Bronze Baddie 2.45g"
7199,2,"ريفوليوشن هايلايتر بيم برايت - برونزي بادي 2.45 جم"
7200,1,"Revolution IRL Filter Longwear Foundation - F8.5 Beige (23ml)"
7200,2,"كريم اساس اي ار ال فلتر يدوم طويلا F8.5 بيج من ريفلوشن 23 مل"
7201,1,"Makeup Revolution Skin Silk Serum Foundation F8.5 - 23ml"
7201,2,"كريم أساس سيروم سكين سيلك للبشرة F8.5 من ميك اب ريفولوشن 23مل"
7202,1,"Silk Serum Foundation F6"
7202,2,"كريم أساس سيروم سيلك للبشرة F6"
7203,1,"Revolution Skin Silk Serum Foundation - F4"
7203,2,"ريفليوشن كريم اساس سكين سيلك سيروم f4"
7204,1,"Revolution Skin Silk Serum Foundation F9"
7204,2,"كريم أساس ريفلوشن سكن سيلك سيرومF9"
7205,1,"Revolution Skin Silk Serum Foundation - F8"
7205,2,"كريم أساس سكين سيلك سيروم من ريفلوشن - F8"
7207,1,"Bourjois Healthy Mix Foundation 51.5C - Rose Vanilla 30ml"
7207,2,"كريم اساس هيلثي ميكس من بورجوا  51.5c - روز فانيلا 30مل"
7208,1,"e.l.f. - Halo Glow Liquid Filter, 3 Light/Medium"
7208,2,"ايلف - فلتر سائل هالو جلو ، 3 لايت/ميديم"
7210,1,"Bourjois Healthy Mix Clean Foundation - 51W Light Vanilla - 30ml"
7210,2,"كريم اساس هيلثي مكس كلين من بورجو - 51w لايت فانيليا _ 30 مل"
7211,1,"Bourjois Healthy Mix Foundation - Rose Ivory C50, 30ml"
7211,2,"كريم أساس هيلثي ميكس روز ايفوري C50 من بورجوا 30مل"
7212,1,"Healthy Mix Foundation Clean & Vegan 52.5C Ivory Light from Bourjois 30ml"
7212,2,"كريم أساس هيلثي ميكس نظيف ونباتي 52.5C عاجي فاتح من بورجوا 30 مل"
7213,1,"Bourjois Healthy Mix Foundation - Deep Beige N55, 30ml"
7213,2,"كريم أساس هيلثي ميكس ديب بيج N55 من بورجوا 30مل"
7214,1,"Revolution Bright Light Face Highlighter - Lustre Medium Light"
7214,2,"هايلايتر برايت لايت للوجه لاستر ميديوم لايت من ريفوليوشن"
7215,1,"Revolution Bright Light Face Highlighter - Illuminate Medium"
7215,2,"هايلايتر برايت لايت للوجه من ريفوليوشن - اليمونيت ميديوم"
7216,1,"Revolution Bright Light Face Highlighter - Tan"
7216,2,"هايلايتر برايت لايت للوجه من ريفلوشن - تان"
7217,1,"Maybelline New York Fit Me Matte + Poreless Foundation - 220 Natural Beige"
7217,2,"ميبلين نيويورك كريم الاساس فت مي غير لامع ويغطي المسام 220 بيج طبيعي"
7218,1,"Maybelline New York Fit Me Matte + Poreless Foundation - 120 Classic Ivory"
7218,2,"ميبلين نيويورك كريم الاساس فت مي غير لامع ويغطي المسام 120 عاج راقي"
7219,1,"Bourjois Healthy Mix Concealer 6ml - Shade 54"
7219,2,"بورجوا كونسيلر هيلثي ميكس 6 مل رقم 54 (خافي عيوب)"
7220,1,"Bourjois Air Mat Foundation - 05 Golden Beige"
7220,2,"بورجوا كريم اساس اير مات 05 بيج ذهبي"
7221,1,"Bourjois Air Mat Foundation - 06 Golden Sun"
7221,2,"بورجوا كريم اساس اير مات 06 الشمس الذهبية"
7222,1,"TIRTIR Mask Fit Red Cushion Foundation - 27N Sand"
7222,2,"تير تير كريم اساس ريد كوشن -27N عاجي"
7223,1,"TIRTIR Mask Fit Red Cushion Foundation - 21N Ivory"
7223,2,"تير تير كريم اساس ريد كوشن -21N عاجي"
7224,1,"TIRTIR Mask Fit Red Cushion Foundation - 23N Sand 18g"
7224,2,"تيرتير كريم اساس ريد كوشن - 23N ساند 18 جم"
7225,1,"TIRTIR Mask Fit Red Cushion Foundation - 25N Mocha 18g"
7225,2,"تيرتير كريم اساس ريد كوشن - 25N موكا 18 جم"
7226,1,"Rimmel Exaggerate Liquid Eyeliner - 003 Glossy Black 2.5ml"
7226,2,"كحل ريميل Exaggerate سائل رقم 003 اسود لامع 2.5مل"
7227,1,"First Step Hot Water Bottle"
7227,2,"قربة ماء ساخن من فيرست ستيب"
7228,1,"Wella Koleston Permanent Hair Color 309/1 Special Light Ash Blonde"
7228,2,"صبغة كوليستون الدائمة للشعر 309/1 اشقر رمادي فاتح خاص من ويلا"
7229,1,"Wella Koleston Intense Hair Dye 304/5 Captivating Dark Mahogany"
7229,2,"صبغة الشعر ويلا كولستون إنتنس 304/5 ماهوغاني غامق آسر"
7230,1,"Koleston Hair Color - 2/0 Black"
7230,2,"صبغة شعر كولستون *2/0اسود"
7231,1,"Koleston Hair Color Light Ash Blonde Kit 8/1"
7231,2,"كوليستون صبغة شعر اشقر رمادي فاتح كيت 8/1"
7232,1,"Wella Koleston Hair Color Cream - Dark Brown 3/0, 135ml"
7232,2,"صبغة شعر كوليستون بني داكن 3/0 من ويلا 135مل"
7233,1,"Wella Koliston Kit Hair Dye Light Brown 5/0 - 135ml"
7233,2,"صبغة شعر كيت بني فاتح 5/0 من ويلا كوليستون - 135مل"
7234,1,"Wella Koleston Medium Ash Brown Hair Dye 304/1 - 110ml"
7234,2,"صبغة شعر بني رمادي متوسط 304/1 ويلا كوليستون 110مل"
7235,1,"Koleston Hair Color 303/4 Dark Chestnut"
7235,2,"كوليستون صبعه شعر 303/4كستنائي غامق"
7236,1,"Wella Koleston Hair Color - Intense Light Ash Blonde 11/308"
7236,2,"صبغة ويلا كوليستون - أشقر رمادي فاتح مركز 308/11"
7237,1,"Koleston Hair Color (Deer Brown 7/307)"
7237,2,"صبغه كوليستون (بني غزالي307/7)"
7238,1,"Koleston Hair Color (Medium Matte Blonde 307/2)"
7238,2,"صبغة كوليستون( اشقر متوسط غير لماع 307/2"
7239,1,"Maxi-Peel Anti-Acne Exfoliant Solution 2, 60ml, for Women"
7239,2,"محلول عامل مقشر مضاد لحب الشباب 2 من ماكسي بيل ، 60 مل، للنساء،"
7240,1,"ARS Liquid Mosquito Killer 45ml - 720 Hours / 90 Days"
7240,2,"ارس سائل قاتل الناموس 45 مل 720 ساعة 90 يوم"
7241,1,"First Step Alcohol Swabs - 200 Pieces"
7241,2,"مسحة طبية فرست ستيب 200 حبة"
7242,1,"Baby Zone Silicone Nipples - Size L (6+ Months), 2 Pieces"
7242,2,"بيبي زون حلمة سليكون بكرت 2 قطعة مقاس L من +6 اشهر"
7243,1,"Baby Zone Silicone Nipples, 3 Pieces, Size M, 3+ Months"
7243,2,"بيبي زون حلمة سليكون 3 قطعة مقاس M من 3+ اشهر"
7244,1,"Baby Zone Silicone Teats, 2 Pieces, Size S, 0+ Months"
7244,2,"بيبي زون حلمة سليكون 2 قطعة مقاس S من 0+ اشهر"
7245,1,"Lino Alcohol-Free Wet Wipes with Lavender - 100 Pieces"
7245,2,"لينو مناديل مبللة خالية من الكحول باللافندر 100 قطعه"
7246,1,"Ballet Intense Color Cream 8-0 Light Blonde Hair Dye"
7246,2,"صبغة شعر باليت انتنسف كولور كريم 8-0 اشقر فاتح"
7247,1,"Intense Hair Dye Palette (0-6) Dark Blonde"
7247,2,"باليت صبغة شعر انتنسف (0-6) أشقر غامق"
7248,1,"Hair Dye Cream Palette Light Ash Blonde 8-1"
7248,2,"باليت صبغة شعر كريم اللون أشقر فاتح رماديي 8-1"
7249,1,"Palette Intensive Hair Color Cream - 9.0 Very Light Blonde"
7249,2,"باليت صبغة شعر اشقر فاتح فائق 9.0"
7250,1,"Intense Hair Dye Palette (60-4) Medium Brown Shine"
7250,2,"باليت صبغة شعر انتنسف (60-4) بني متوسط لامع"
7251,1,"Palette Intensive Color Cream Hair Dye - 10-1 Cool Silver Blonde"
7251,2,"باليت صبغة شعر كريم اللون اشقر فضي بارد 10-1"
7252,1,"ICC Cream Hair Dye Palette 65-7 Radiant Nougat"
7252,2,"باليت صبغة شعر كريم آي سي سي65-7 نوجة متألق"
7253,1,"Palette Hair Color - Dark Chocolate 3-65"
7253,2,"باليت صبغة شعر - شوكولا غامق 65-3"
7254,1,"Permanent Cream Hair Color for Women - Marsala Brown 6-80"
7254,2,"صبغة شعر للنساء لون كريمي دائم - بني مرسالا 6-80"
7255,1,"Palette Hair Color - Ash Blonde 10-2"
7255,2,"باليت صبغة شعر - اشقر رمادي 2-10"
7256,1,"Permanent Cream Hair Color for Women, Intense Eggplant 4-89"
7256,2,"صبغة شعر كريم دائمة للنساء، لون باذنجاني مركز89-4"
7257,1,"Palette Permanent Hair Color Cream - 7-0 Medium Blonde, 110 ml"
7257,2,"صبغة شعر دائمة اشقر متوسط 0-7 من باليت 110 مل"
7258,1,"Palette Permanent Hair Color Cream - Brown 5-0"
7258,2,"صبغة الشعر الدائمة على هيئة كريم لون بني 0-5، من باليت"
7259,1,"Palette Permanent Hair Color Cream for Women, 4-88 Intensive Dark Red"
7259,2,"باليت صبغة شعر دائمة للنساء، أحمر غامق مكثف 88-4"
7260,1,"Palette Permanent Hair Color Cream for Women, Medium Chestnut 5-68"
7260,2,"باليت صبغة شعر دائمة للنساء، كستنائي متوسط 68-5"
7261,1,"Palette Intensive Color Creme (1-0) Black"
7261,2,"باليت صبغة شعر انتنسف (0-1) أسود"
7262,1,"Palette Intensive Color Cream Hair Dye - 7-1 Medium Ash Blonde"
7262,2,"باليت صبغة شعر كريم اللون اشقر رمادي متوسط 7-1"
7263,1,"Palette Intensive Hair Color Cream (4-0) Medium Brown"
7263,2,"باليت صبغة شعر انتنسف (0-4) بني متوسط"
7264,1,"Palette Intensive Hair Color Cream (3-0) Dark Brown"
7264,2,"باليت صبغة شعر انتنسف (0-3) بني غامق"
7265,1,"Palette Intensive Color Cream Hair Dye - Blue Black 1-1"
7265,2,"باليت صبغة شعر كريم اللون اسود ازرق 1-1"
7266,1,"Garnier Color Naturals Cream Hair Dye - 3.61 Attractive Raspberry Red"
7266,2,"صبغة شعر كولر ناتشورالز كريم 3.61 أحمر توتي جذاب من غارنييه"
7267,1,"Garnier Hair Color (3.6) Deep Reddish Brown"
7267,2,"صبغة جارنيه (3.6) بني أحمر غامق"
7268,1,"Garnier Olia Ammonia-Free Permanent Hair Color - 10.1 Very Light Ash Blonde"
7268,2,"صبغة شعر دائمة اوليا بدون أمونيا 10.1 اشقر رمادي مشرق من غارنييه"
7269,1,"Garnier Color Naturals Cream - 4.62 Deep Cherry Red"
7269,2,"صبغة جارنييه كولر ناتشورالز كريم أحمر كرزي عميق 4.62"
7270,1,"Garnier Color Naturals Crème Hair Color - 9 Very Light Blonde"
7270,2,"غارنيية ناتشر لز كريم صبغة أشقر فاتح جدأ رقم 9"
7271,1,"Garnier Color Naturals Crème Hair Color - 7.3 Beige Blonde"
7271,2,"صبغة شعر كولر ناتشورالز كريم 7.3 أشقر بيج من غارنييه"
7272,1,"Garnier Color Naturals Hair Color 8.11 Light Ash Blonde"
7272,2,"غارنييه صبغة الشعر ناتشورالز 8.11 اشقر رمادي فاتح"
7273,1,"Garnier Color Naturals Cream Dark Chocolate Brown 4.7"
7273,2,"صبغة جارنييه كولر ناتشورالز كريم بني شوكولاتة غامق 4.7"
7274,1,"Garnier Color Naturals Crème Hair Color - 5N Natural Medium Brown"
7274,2,"غارنيية ناتشر لز كريم صبغة بني متوسط طبيعي رقم 5N"
7275,1,"Garnier Color Naturals Crème Hair Dye - 6.7 Pure Chocolate"
7275,2,"صبغة شعر كولر ناتشورالز كريم 6.7 شوكولا نقي من غارنييه"
7276,1,"Garnier Color Naturals - 2 Deep Shiny Black"
7276,2,"صبغة عارنييه أسود عميق لامع 2"
7277,1,"Garnier Olia Ammonia-Free Hair Color 3.0 Soft Black"
7277,2,"غارنيه أوليا صبغة خالية من الأمونيا 3.0 لون أسود ناعم جارنيير"
7278,1,"Olia Permanent Hair Dye 8.0 Blonde from Garnier"
7278,2,"صبغة شعر دائمة اوليا بدون أمونيا 8.0 اشقر من غارنييه"
7279,1,"Olia Permanent Hair Dye 4.15 Frosty Chocolate"
7279,2,"صبغة شعر دائمة اوليا بدون أمونيا 4.15 شوكولاته ثلجي"
7280,1,"Salon System Disposable Towels - Size 30*60 cm - Pack of 50 Pieces"
7280,2,"صالون سستم مناشف استخدام واحد مقاس 30*60 عبوة 50 قطعه"
7281,1,"Dove Go Fresh Revive Body Wash with Pomegranate 250ml + Loofah"
7281,2,"دوف سائل استحمام حيوية الرمان 250مل+ليفة"
7282,1,"Cooling Gel Pads - For Small Children 4 Pieces (4cm * 10cm)"
7282,2,"كمادات تبريد لصق - للأطفال صغير 4 قطع ( 4cm * 10cm )"
7283,1,"Black Refreshing Pomegranate Moisturizing Face Mask - 30ml"
7283,2,"قناع الوجه المرطب المنعش بالرمان من بلاك- 30مل"
7284,1,"Double Face Wash Brush for Deep Pore Exfoliation and Makeup Massage (Pink)"
7284,2,"فرشاة غسل الوجه المزدوجة لتقشير عميق للمسام وتدليك المكياج (وردي)"
7285,1,"Soft Body Loofah - Bikini GNR-2157"
7285,2,"ليفة الجسم الناعمه - بكيني GNR-2157"
7286,1,"WETELL Disposable Razors for Women with 3 Blades, 3 Count"
7286,2,"ماكينة حلاقة للنساء من ويتيل للاستعمال مرة واحدة مع 3 شفرات، 3 عبوات"
7287,1,"Women's Disposable Period and Travel Panties - Medium Size, 7 Pieces"
7287,2,"كلوتات نسائية للدورة الشهرية والسفر مقاس متوسط 7 قطع"
7288,1,"Women's Disposable Period and Travel Panties - Size XXL - 7 Pieces"
7288,2,"كلوتات نسائية للدورة الشهرية والسفر مقاس  XXL عدد7"
7289,1,"Women's Disposable Period and Travel Panties - Size XL - 7 Pieces"
7289,2,"كلوتات نسائية للدورة الشهرية والسفر مقاس  XL عدد7"
7290,1,"Vaseline Intensive Care Hands and Nails 85 ml"
7290,2,"فازلين للعناية المركزة بالأيدي والأظافر 85 مل"
7291,1,"Beauty Formulas Soft Interdental Brushes"
7291,2,"بيوتي فورميولاز فرشاة ناعمة لتنظيف مابين الاسنان"
7292,1,"Biotin Vitamins for Hair, Skin, and Nails - Cranberry Flavor, 60 Gummies"
7292,2,"بيوتين  فيتامينات للشعر والبشرة والأظافر بنكهة التوت البري 60 قطعة"
7293,1,"Maxfit Japanese Sakura Hair Growth Enhancing Shampoo - 300ml"
7293,2,"شامبو ساكورا الياباني لتعزيز نمو الشعر من ماكسفيت - 300مل"
7294,1,"Crass Kids Toothpaste with Soft Toothbrush 102g"
7294,2,"كراس معجون اسنان للأطفال مع فرشة ناعمة 102 جم"
7295,1,"Dove Body Wash with Loofah - Cucumber & Green Tea - 250ml"
7295,2,"دوف غسول الاستحمام مع ليفة - بالخيار والشاي الاخضر - 250 مل"
7296,1,"Parodont Active Waxed Dental Floss with Mint - 50m"
7296,2,"بارودونت أكتيف خيط تنظيف الأسنان مشمع بالنعناع - 50 متر"
7297,1,"Chance Sugar Intense women's perfume 100 ml"
7297,2,"عطر نسائي  تشانس شوجر انتنس 100 مل"
7298,1,"Carlotta Women's Perfume Eau de Toilette - 75ml"
7298,2,"كارلوتا عطر نسائي او دي تواليت - 75مل"
7299,1,"Carlotta Cool Eau de Toilette for Women - 80ml"
7299,2,"كارلوتا كول عطر نسائي او دي تواليت -80مل"
7300,1,"Women's perfume Mademoisella di Ferrerucci 100 ml"
7300,2,"عطر نسائي مودموزيلا دي فيريرتشي 100 مل"
7301,1,"Caro White Skin Lightening Cream 120ml"
7301,2,"كارو وايت كريم لتفتيح البشرة 120مل"
7302,1,"Caro White Skin Lightening Cream 300ml"
7302,2,"كارو وايت كريم لتفتيح البشرة 300 مل"
7303,1,"Children's toothpaste with miswak and fluoride with mixed fruit flavour-50g"
7303,2,"معجون اسنان للأطفال بالسواك والفلورايد بنكهة الفواكهة المشكلة-50غم"
7304,1,"Queen Line Turkish Medium Black Hair Pins"
7304,2,"بنس شعر متوسط لون اسود تركي من كوين لاين"
7305,1,"Gilles High-Quality Large Black Bobby Pins"
7305,2,"بنس للشعر جودة عالية اسود كبير من جيليز"
7306,1,"Natural Hair Dye Shampoo Dark Brown with Argan Oil 420ml"
7306,2,"شامبو صبغة ناتشرال بني غامق بزيت الارغان 420مل"
7307,1,"Natural Hair Dye Shampoo with Argan Oil 400ml - Natural Black"
7307,2,"ناتشورال شامبو صبغة شعر بزيت الارغان 400 مل - أسود طبيعي"
7308,1,"Al Taous Moisturizing Milk Soap 125g - Thakeer"
7308,2,"الطاووس صابون مرطب بالحليب 125 جم - ذكير"
7309,1,"Taha Natural Lemon Oil - 30 ml"
7309,2,"زيت الليمون الطبيعي من طاها - 30 مل"
7310,1,"Maison Alhambra Leonie Ladies Eau De Parfum Spray for Women - 100ml"
7310,2,"عطر نسائي ايسون الهامبرا ليديز ليوني او دي بارفان سبراي  100 مل"
7311,1,"My Party Maison Hembra Eau de Parfum 100ml"
7311,2,"عطر ماي بارتي ميزون همبرا او دو بارفيوم 100مل"
7312,1,"Maison Alhambra Zaffiro Eau de Parfum with Oud for Unisex - 100ml"
7312,2,"مجموعة الحمراء زفيرو ماء معطر بالعود للجنسين 100 مل"
7313,1,"Jubilant Noir by Maison Alhambra for Women - 3.4 oz EDP Spray"
7313,2,"عطر جوبيلانت نوير من ميزون الحمراء للنساء 100 مل"
7314,1,"Toscano Leather Maison Alhambra Eau De Parfum 80ml"
7314,2,"توسكانو ليذر ميزون الهامبرا أو دو بارفان 80 مل"
7315,1,"Hugo Boss Ma Vie Pure Femme Eau de Parfum 75ml"
7315,2,"عطر هوغو بوس ما في بيور فيم او دو بارفيوم 75مل"
7316,1,"Depend Eyebrow Razors for Women - 3 Pieces"
7316,2,"ديبيند شفرة حواجب للنساء 3 قطع"
7317,1,"Gillette Blue 3 Comfort Disposable Razors for Men - Smoother Shave, Up to 36 Shaves"
7317,2,"ماكينة حلاقة مريحة بسلاسة اكثر حتى 36 حلاقة انعم من جيليت بلو 3 قطعة للرجال"
7318,1,"Gillette Blue 3 Cool Disposable Razors for Men - 6 Pieces"
7318,2,"جيليت بلو 3 كول ماكينة حلاقة للرجال - 6 قطع"
7319,1,"Gillette SkinGuard Sensitive Razor Handle with Replacement Blade for Sensitive Skin"
7319,2,"مقبض ماكينة الحلاقة مع شفرة بديلة سكين جارد سنستيف للبشرة الحساسة من جيليت"
7320,1,"Lina Rose Rafia Plus Aloe Vera Razors - 3 Pieces"
7320,2,"لينا روز مكينة حلاقة رفيا بلس بالصبار - 3 قطع"
7321,1,"Lina Rose Mini Travel Razor with Aloe Vera - 1 Piece"
7321,2,"لينا روز مكينة حلاقة ميني ترفل بالصبار - قطعة واحدة"
7322,1,"Essence Waterproof Eyeliner Pencil, Matte, Black 01"
7322,2,"قلم كحل مقاوم للماء، من ايسنس، غير لامع، أسود 01"
7323,1,"Essence Kajal Eye Pencil - No. 25"
7323,2,"ايسنس قلم تحديد العيون كاجال رقم 25"
7324,1,"Essence Liquid Ink Eyeliner Long-Lasting 010 Blackest Black, 1.1 ml"
7324,2,"محدد عيون سائل طويل الأمد من ايسنس 010 بلاكيست بلاك، 1.1 مل"
7325,1,"Essence Kajal Pencil - 04 White"
7325,2,"قلم كحل كاجال من ايسنس - 04 ابيض"
7326,1,"Essence Juicy Melon Tinted Lip & Cheek Balm"
7326,2,"ايسنس مرطب الشفاه والخدود الملون جوسي ميلون"
7327,1,"Essence Call Me Queen Dramatic False Lash Effect Mascara - 11.5 ml"
7327,2,"ماسكارا كول مي كوين دراماتيك فالس لاش إيفيكت من إيسينس - 11.5 مل"
7328,1,"Essence Lash Princess Waterproof Liquid Eyeliner - Black"
7328,2,"قلم كحل سائل لاش برينسس المقاومة للماء من ايسنس - أسود"
7329,1,"Essence Remove Like It Waterproof Eye Make-up Remover 100 ml"
7329,2,"ايسنس مزيل مكياج العيون المقاوم للماء من ريموف لايك ابوس 100 مل"
7330,1,"Essence I Love Extreme Blue Crazy Volume Mascara"
7330,2,"اسينس ماسكارا اي لاف اكستريم بلو كريزي فوليوم"
7331,1,"Essence Disney Mickey & Friends Lip Gloss 01"
7331,2,"ايسينس ملمع الشفاه ديزني ميكي آند فريندز 01"
7332,1,"Essence Magic Lipstick"
7332,2,"احمر شفاه سحرى من ايسنس"
7333,1,"Essence Lash Princess Curl & Volume Mascara - Black"
7333,2,"ماسكرا لاش برينسيس لتمويج وتكثيف الرموش من ايسنس - أسود"
7334,1,"Electric Glow Color-Changing Lip & Cheek Oil"
7334,2,"زيت توهج كهربائي لتغيير لون الشفاه والخد"
7335,1,"Essence Meta Glow Multi-Reflective Lip Gloss"
7335,2,"ملمع الشفاه ميتا غلو ملتي ريفليكتيف من ايسنس"
7336,1,"Essence Quick Wing Eyeliner - 01 Black"
7336,2,"ايسنس ايلاينر كويك وينج - 01 أسود"
7337,1,"Essence Extreme Shine Volume Lip Gloss – 11"
7337,2,"ايسنس ملمع الشفاه إكستريم شاين فوليوم – 11"
7338,1,"Essence Meta Glow Multi-Reflective Lipgloss"
7338,2,"اسينس ميتا جلو أحمر شفاه سحري"
7339,1,"essence Extreme Shine Volume Lip Gloss, Shade 01 Crystal Clear"
7339,2,"ملمع شفاه اكستريم شاين لتكبير الشفاه من ايسنس، لون 01 شفاف"
7340,1,"Essence Long-Lasting Eye Pencil 39"
7340,2,"قلم عيون طويل الأمد من ايسنس 39"
7341,1,"Essence Stay & Play Gel Eyeliner - 06"
7341,2,"قلم جل ايلاينر ستاي اند بلاي من ايسنس - 06"
7342,1,"Essence Lip Tint 102 - Veneer"
7342,2,"ايسنس تنت شفاه 102 - ڤانير"
7343,1,"Essence Super Fine Eyeliner Pen 01 Deep Black"
7343,2,"قلم تحديد العيون فائق الدقة من ايسنس 01 أسود عميق"
7344,1,"Essence Color It Liquid Eyeliner – 01 Royal Blue"
7344,2,"ايسنس ايلاينر سائل كالر ات – 01 أزرق ملكي"
7345,1,"Habits Apple Cider Vinegar Dietary Supplement Gummies with Folic Acid and Vitamin B12 - 60 Pieces"
7345,2,"هابيتس حلوى مكمل غذائي بخل التفاح و حمض الفوليك و فيتامين بي 12- 60 قطعة"
7346,1,"Oscar de la Renta Bella Blanca Eau de Parfum 100ml"
7346,2,"عطر اوسكار دي لارنتا بيلا بلانكا او دو بارفيوم 100مل"
7347,1,"Anua Heartleaf Soothing Toner for Redness Relief - 500ml"
7347,2,"تونر تقليل احمرار البشرة الحساسة انوا هارت ليف - 500 مل"
7348,1,"Gentle Pre-Shampoo Hair and Scalp Scrub with Shea Butter | 300 ml"
7348,2,"مقشر لطيف قبل الشامبو للشعر وفروة الرأس بزبدة الشيا | 300 مل"
7349,1,"Shea Miracles Hair Oil to Reconstruct Dry and Damaged Hair 100 ml"
7349,2,"زيت للشعر من شيا ميراكلز لإعادة بناء الشعر الجاف والتالف 100 مل"
7350,1,"Shea Miracles Hair Conditioner - 300 ml"
7350,2,"بلسم للشعر من شيا ميراكلز - 300 مل"
7351,1,"Shea Miracles Body Lotion - 300ml"
7351,2,"لوشن للجسم من شيا ميراكلز - 300مل"
7352,1,"Shea Miracles Deep Hydration Mask with Shea Butter, Almond Oil & Honey Extract - 300ml"
7352,2,"شيا ميراكلز ماسك للترطيب العميق بزبدة الشيا وزيت اللوز وخلاصة العسل - 300 مل"
7353,1,"Ribbon dryer 2207 pink, 1200 watts - two pieces"
7353,2,"استشوار ريبون 2207 وردي 1200 واط - قطعتين"
7354,1,"Ribbon straightener with negative ion technology RE-2141"
7354,2,"ريبون مملس بتكنولوجيا الايونات السالبة RE-2141"
7355,1,"Ceramic hair straightener RE-484"
7355,2,"مملس شعر سيراميك RE-484"
7356,1,"Rebune Hair Styler and Dryer RE-2089"
7356,2,"مصفف ومجفف الشعر من ريبون RE-2089"
7357,1,"Rebune ceramic hair straightener RE-2118"
7357,2,"سيراميك مملس شعر من ريبون RE-2118"
7358,1,"Rebune Hair Dryer 2300W RE-2067"
7358,2,"ريبون استشوار مجفف الشعر 2300 واط RE-2067"
7359,1,"Relove Color Play Eyeshadow Palette - Manifest"
7359,2,"مجموعة ظلال العيون كولور بلاي من ريلوف - مانفست"
7360,1,"Revolution Color Play Blushed Duo - Blush & Highlighter"
7360,2,"بلاشر احمر خدود واضاءة هايلايتر كولور بلاي بلشد من ريفلوشن"
7361,1,"Color Play Blushed Daydream Blush and Highlighter"
7361,2,"بلاشر احمر خدود واضاءة هايلايتر كولور بلاي بلشد داي دريم"
7362,1,"Givenchy Le Interdit for women Eau de Parfum Rouge 80 ml"
7362,2,"جيفنشي لي انترديت للنساء او دي برفيوم روج 80 مل"
7363,1,"ACM Sensitelial Dermatological Bar for Dry and Sensitive Skin - 100g"
7363,2,"صابون سينسيتيليال تنظيف البشرة الجافة والحساسة من أي سي إم 100 جرام"
7364,1,"Vibrant Glamour Retinol Anti-Aging Wrinkle Remover Cream, 30g"
7364,2,"كريم ريتينول لاخفاء التجاعيد مكافحة الشيخوخة من فايبرنت جلامور , 30 جم"
7365,1,"The Ordinary Salicylic Acid Solution 2% - 30 ml"
7365,2,"ذا اورديناري محلول حمض الساليسليك بتركيز 2٪ - 30 مل"
7366,1,"The Ordinary Glycolic Acid 7% Exfoliating Toning Solution 100ml"
7366,2,"اورديناري تونر مقشر للبشرة بحمض الجليكوليك بنسبة 7%  100ml"
7367,1,"Rainbow Cream for Radiance and Brightening Cosmetica 500ml 7in1"
7367,2,"كريم الرينبو للنضارة والتفتيح كوزماتيكا 500 مل7in1"
7368,1,"Black Vitamin C Brightening and Hydrating Face Mask - 25 ml"
7368,2,"قناع وجه تفتيح وترطيب فيتامين C من بلاك - 25 مل"
7369,1,"Black Face Radiance Renewal Mask with Citrus Fruit Extract - 30 ml"
7369,2,"بلاك قناع لتجديد نضارة الوجه بخلاصة الفواكه الحمضية - 30 مل"
7370,1,"Black Collagen & Caviar Firming and Revitalizing Sheet Mask - 30ml"
7370,2,"قناع ورقي لشد و تنشيط الوجه بخلاصة الكولاجين و الكافيار من بلاك 30مل"
7371,1,"Neutrogena Skin Detox Cooling Hydrogel Mask for Pure Skin"
7371,2,"قناع ماسك الهيدروجل المنعش ديتوكس لبشرة نقية من نيتروجينا"
7372,1,"Black Hydrating and Refreshing Cucumber Face Mask - 30ml"
7372,2,"قناع الوجه المرطب والمنعش بالخيار - من بلاك 30 مل"
7373,1,"Black Vitamin B3 Nourishing & Moisturizing Face Mask"
7373,2,"قناع وجه مغذى مرطب فيتامين B3 من شركة بلاك"
7374,1,"Global Star Hair Oil Bath & Hair Mask with Honey Extract - 1500ml"
7374,2,"حمام زيت و ماسك للشعر بخلاصة العسل من جلوبال ستار 1500مل"
7375,1,"Global Star Garlic Oil Hair Mask 1500ml"
7375,2,"حمام زيت للشعر ماسك بالثوم من جلوبال ستار 1500مل"
7376,1,"Nahdi Adult Diapers, Medium, 28 Count"
7376,2,"حفائض كبار السن وسط 28 حبة من النهدي"
7377,1,"Nahdi Bed Underpads 60*90 cm - 30 Count"
7377,2,"النهدي مفرش سرير 60*90 سم 30 حبة"
7378,1,"Nahdi Adult Diaper Pants, Large, 8 Pieces"
7378,2,"نهدي حفائض كبار السن كلوت كبير 8 حبات"
7379,1,"Nahdi Underpads 60*90 cm - 30 Pieces"
7379,2,"نهدي مفرش سرير 60*90 سم 30 حبة"
7380,1,"Adult Diaper Pants Extra Large 8 Pieces Size 130-170 cm - Nahdi"
7380,2,"حفائض كبار السن كلوت كبير جدا 8حبة مقاس 170-130 سم nahdi"
7381,1,"Top Victory Ideal Eau de Parfum for Women 90ml"
7381,2,"عطر توب فيكتوري ايديال او دي بارفان للنساء 90 مل"
7382,1,"Moov - Effective Pain Relief Cream for Joints, 100g"
7382,2,"موف - كريم فعّال لتخفيف الآلام المفاصل، 100 جرام"
7383,1,"Sondos Peppermint Oil for Hair and Skin - 100ml"
7383,2,"زيت النعناع للشعر والبشرة 100 مل من سندس"
7384,1,"Sondos Bitter Almond Oil for Skin - 100 ml"
7384,2,"سندس زيت اللوز المر للبشرة - 100 مل"
7385,1,"Isdin Hair Loss Lotion Spray 125ml - Buy 1 Get 1 Free"
7386,1,"ISDIN 48-Hour Deodorant Cream - 50ml (1+1 Free)"
7386,2,"كريم مزيل العرق 48 ساعة من ايسدين - 50 مل 1+1 مجاناُُ"
7387,1,"ISDIN Fotoprotector Fusion Water Magic SPF 50 - 50ml (1+1 Offer)"
7387,2,"ازدن واقي شمس سائل 50 مل المائي ماجيك بعامل حماية   1+1"
7392,1,"NAN Optipro 2 Follow-on Milk Formula - 800g"
7392,2,"حليب نان  أطفال (2 )800 جم"
7393,1,"Rexona Advanced Protection Dry Cotton Deodorant Spray, 150 ml"
7393,2,"مزيل عرق بخاخ حماية متطورة دراي قطن من ريكسونا , 150 مل"
7394,1,"Rexona Shower Fresh Deodorant Spray for Women 150ml"
7394,2,"ريكسونا مزيل عرق حريمي بخاخ انتعاش الاستحمام 150 مل"
7395,1,"Dove Hair Fall Rescue Shampoo 590ml"
7395,2,"دوف شامبو ضد تساقط الشعر 590 مل"
7397,1,"Dermastil Hair and Body Wash for Kids 400ml"
7397,2,"ديرماستيل غسول الجسم والشعر للأطفال 400 مل"
7398,1,"Rilastil Xerolact PB Balm - Nourishing Moisturizer and Anti-Irritation Cream 400ml"
7398,2,"كريم زيرولاكت بي بي مرطب مغذى للبشرة ومضاد للتهيج من ريلاستيل 400مل"
7399,1,"Acnestil Cleansing Gel 400ml"
7399,2,"اكنيستيل جل غسول للبشرة 400 مل"
7400,1,"Xerolact Cleansing Oil 200ml"
7400,2,"زيرولاكت زيت منظف للبشرة 200مل من ريلاستيل"
7401,1,"Xerolact Cleansing Gel 200ml"
7401,2,"زيرولاكت غسول جل للبشرة 200مل"
7402,1,"Rilastil Transparent Sunscreen Spray for Sensitive Skin 200 ml"
7402,2,"ريلاستيل بخاخ شفاف واقي من الشمس للبشرة الحساسة 200 مل"
7403,1,"Zerolact BB Palm Moisturizing Cream for Dry and Sensitive Skin 200ml"
7403,2,"كريم مرطب ومهدئ زيرولاكت بي بي بالم للبشرة الجافة والمتحسسة 200 مل"
7404,1,"D-Clar Depigmenting Daily Cream for Skin Tone Unification - 40ml"
7404,2,"كريم دي كلير ديبيجمينت يومي لتوحيد لون البشرة 40 مل"
7405,1,"Rilastil Acnestil Mat Sebum-Normalizing Moisturizing Cream 40ml"
7405,2,"كريم اكنيستيل مت يقلل لمعان البشرة الدهنية من ريلاستيل 40 مل"
7406,1,"Rilastil Aqua Intense 72H Moisturizing Face Gel Cream - 40ml"
7406,2,"جل كريم مرطب للوجه 40مل اكوا انتنس 72 H من ريلاستيل"
7407,1,"Rilastil Acnestil Attiva Cream for Blemish Correction 40ml"
7407,2,"كريم ريلاستيل اكنيستيل اتيفا لإصلاح عيوب البشرة 40 مل"
7408,1,"D-Clear Sunscreen Cream SPF 50+ 40ml"
7408,2,"كريم دي كلير واقي الشمس أس بي اف 50+40 مل"
7409,1,"Acnestil Sunscreen Cream for Oily Skin SPF 50+ 40ml"
7409,2,"كريم أكنيستيل واقي الشمس للبشرة الدهنية أس بي اف 50+40 مل"
7410,1,"D-Clar Depigmenting Concentrate for Skin Tone Evening and Dark Spots - 30ml"
7410,2,"دي كلير دي بيجمينتنج لتوحيد لون البشرة وللبقع الداكنة 30 مل"
7411,1,"Sondos Rose Oil for Hair and Skin - 100 ml"
7411,2,"سندس زيت الورد للشعر والبشرة - 100 مل"
7412,1,"Derma Bella Eye Puffiness Relief Cream 15g"
7412,2,"ديرما بيلا كريم لتخفيف الانتفاخ تحت العين 15 جم"
7413,1,"Derma Bella Cream for Under-Eye and Forehead Lines 2x30g"
7413,2,"ديرما بيلا كريم للتخلص من الخطوط تحت العين ومنطقة الجبهة 30X2 غ"
7414,1,"Derma Aquax Plus Moisturizing Foam for Dry and Rough Skin - 75 ml"
7414,2,"ديرما اكواكس بلس رغوه مرطبه للبشره الجافه والخشنه 75 مل"
7415,1,"Derma Bella Aquax Moisturizing Cream for Dry and Irritated Skin - 150g"
7415,2,"ديرما بيلا اكواكس كريم مرطب للبشرة الجافة والمتهيجة 150 غ"
7416,1,"Derma Bella Sorafine Daily Moisturizing Foam 75ml"
7416,2,"ديرما بيلا رغوة سورافاين للترطيب اليومي للبشرة 75 مل"
7417,1,"Derma Sorafen Moisturizing Cream and Gel for Oily Skin with Jojoba Extract, 75g"
7417,2,"ديرما سورافين كريموجل مرطب للبشرة الدهنية مع مستخلص الجوجوبا،75 ج"
7418,1,"Derma Photoblock Sunscreen Foam 75g"
7418,2,"ديرما فوتو بلوك رغوة واقي من الشمس 75 جم"
7419,1,"Derma Bella Sunscreen Cream-Gel SPF 50+ (50g)"
7419,2,"ديرما بيلا كريم جل (+50) لحماية البشرة من الشمس 50جم"
7420,1,"Derma Photoblock Plus Sun Protection Cream SPF 50+"
7420,2,"ديرما فوتوبلوك بلس كريم الحماية من الشمس بعامل حماية +50 SPF"
7421,1,"Derma Bella Care Restorative Hand Cream - 75g"
7421,2,"ديرما بيلا للعناية كريم مرمم لليدين 75 غرام"
7422,1,"Derma Bella Luminous Skin Tone Evening Cream 50g"
7422,2,"ديرما بيلا لومينوس كريم توحيد لون البشرة 50جم"
7423,1,"Derma Bella Shaving Cream for Sensitive Areas 90g"
7423,2,"ديرما بيلا كريم لحلاقة المناطق الحساسة 90g"
7424,1,"Derma Bella Soothing Cream for Irritated Skin - 75g"
7424,2,"ديرما بيلا كريم ملطف للبشرة المتهيجة 75جم"
7425,1,"Mostal Hair Thickening Solution for Women and Men 50ml"
7426,1,"Derma Bella Aquax Insect Repellent Cream 75g"
7426,2,"ديرما بيلا أكواكس كريم طارد للحشرات 75 غرام"
7427,1,"Derma Gel for Dark Circles Under Eyes 15g"
7428,1,"Derma Charcoal Mask with Charcoal Extract - 75g"
7429,1,"Photoblock Sun Protection Gel for Oily Skin - 75g"
7430,1,"Derma Bella Sensitive Area Lightening Cream 40g"
7431,1,"Derma Anti-Wrinkle Cream 30g"
7432,1,"Derma Bella Acne Care Salicylic Acid Gel for Acne Treatment 25g"
7433,1,"Derma Bella Wound and Scar Care Cream 25g"
7435,1,"Derma Lip Plumper Gloss &amp; Plumper 15g"
7436,1,"Derma Bella Foaming Cleanser for Normal Skin 150ml"
7437,1,"Derma Bella Acne Cleansing Gel for Oily Skin 150ml"
7438,1,"Derma Bella Face Wash for Sensitive and Dry Skin - Deep Cleansing & Hydrating - 150ml"
7440,1,"Neoretin Discrom Control Gel Cream SPF50+ 30ml"
7443,1,"Endocare Hyaluboost Age Barrier Serum 30ml"
7445,1,"Cantabria Biretix Cleansing Gel for Purifying 400ml"
7445,2,"كانتابريا بيراتكس جل تنظيف للتطهير 400 مل"
7446,1,"Triple Action Blemish Control Gel - 50ml"
7446,2,"جل ثلاثي المفعول للقضاء على شوائب البشرة 50 مل"
7447,1,"Bobana Body Lotion with Tropical Fruits Scent - 240 ml"
7447,2,"بوبانا لوشن للجسم برائحة الفواكة الاستوائية - 240 مل"
7448,1,"Calamina Lotion 250ml"
7448,2,"كلامينا لوشن - Calamina lotion 250ml"
7449,1,"Vaseline Intensive Care Healthy Hands & Stronger Nails Cream 200ml"
7449,2,"كريم للعناية المركزة بالاظافر و اليدين من فازلين 200 مل"
7450,1,"Cococare Pure and Natural Shea Butter Cream - 110g"
7450,2,"كريم زبدة الشيا النقية والطبيعية من كوكو كير - 110 جم"
7451,1,"Cococare Shea Butter for Hand and Body - 425g"
7451,2,"زبدة الشيا لليد والجسم من كوكو كير - 425غ"
7452,1,"Vaseline Gluta-Hya Flawless Glow Serum Burst Lotion for Dark Spots - 200ml"
7452,2,"فازلين لوشن جلوتا-هيا فلوليس جلو للبقع الداكنه 200 مل"
7453,1,"Dove Body Love Glowing Care Body Lotion 250ml"
7453,2,"لوشن الجسم دوف بودي لوف للعناية المتوهجة 250 مل"
7454,1,"Cosmo Soothing Aloe Vera Body Lotion - 750ml"
7454,2,"لوشن مهدئ للجسم بخلاصة الصبار من كوزمو - 750 مل"
7455,1,"ZM Zayn & Myza Vitamin C Body Lotion, 500 ml"
7455,2,"لوشن الجسم بفيتامين سي من زد إم زين ومايزا، 500 مل"
7456,1,"Raw White Shea Butter - 50g - Kuwait Shop Factory"
7456,2,"زبدة الشيا الابيض الخام - 50 جرام - مصنع كويت شوب"
7457,1,"Raw Yellow Shea Butter - 50g - Kuwait Shop Factory"
7457,2,"زبدة الشيا الاصفر الخام - 50 جرام - مصنع كويت شوب"
7459,1,"Kotex Maxi Night Pads - 24 Pads"
7459,2,"كونتكس مكاسي فوط ليلية 24 فوطة"
7460,1,"Kotex Natural Maxi Night Protection Sanitary Pads - 44 Pieces"
7460,2,"فوط نسائية كوتكس ناتشورال ماكسي حماية ليلية 44 قطعة"
7461,1,"Skala 12-in-1 Hair Treatment and Repair Cream & Mask"
7461,2,"كريم وماسك لعلاج وترميم الشعر 12 في 1 من سكالا"
7462,1,"Skala Crespinho Anti-Frizz Shampoo 325ml"
7462,2,"شامبو سكالا 325ملي ضد التجعد كرسبينيو"
7463,1,"Skala Expert Cornstarch Extract Conditioner 325ml"
7463,2,"بلسم بخلاصة نشا الذرة من سكالا اكسبرت 325 مل"
7464,1,"Skala Expert - Crespo Divino Shampoo with Keratin and Collagen Extract"
7464,2,"سكالا اكسبرت - شامبو كريسبو ديفينو بخلاصة الكيراتين والكولاجين"
7465,1,"Skala Expert Divino Potinho Conditioner for Kids, Hair Treatment, Curly Hair, 325ml"
7465,2,"بلسم سكالا إكسبرت كريسبينيو ديفينو للأطفال، علاج للشعر، شعر مجعد، 325 مل"
7466,1,"Skala Matizador Violet Shampoo 325ml"
7466,2,"شامبو ماتيزادور فيوليت من سكالا 325 مل"
7467,1,"Skala Hydrating Shampoo with Castor Oil and Shea Butter - 325 ml"
7467,2,"سكالا شامبو مرطب للشعر بزيت الخروع وزبدة الشيا - 325 مل"
7468,1,"Skala Expert - Love Pot Collection for Damaged Hair Repair"
7468,2,"سكالا اكسبرت - مجموعة لوف بوت لاصلاح الشعر التالف"
7469,1,"Skala Crespo Shampoo and Conditioner for Coily Hair 325ml"
7469,2,"شامبو وبلسم كريسبو للشعر المجعد للغاية من سكالا 325 مل"
7470,1,"Skala Expert - Crespo Divino Set: Keratin and Collagen Extract Shampoo & Conditioner"
7470,2,"سكالا اكسبرت - مجموعة كريسبو شامبو وبلسم بخلاصة الكيراتين والكولاجين"
7471,1,"Skala Expert Babosa Shampoo + Conditioner Set for Curly Hair, 2 x 325 ml"
7471,2,"مجموعة بابوسا شامبو + بلسم للشعر المجعد من سكالا اكسبرت , 2 × 325 مل"
7472,1,"Skala Mais Cachinhos Shampoo and Conditioner Set for Kids' Curly Hair, 2 x 325 ml"
7472,2,"مجموعة شامبو و بلسم ميس كاشينهوس للشعر المجعد للأطفال من سكالا , 2 × 325 مل"
7473,1,"Skala Crespinos Set: Curly Hair Care Shampoo and Conditioner"
7473,2,"سكالا مجموعة كريسبينوس شامبو وبلسم العناية بالشعر المجعد"
7474,1,"Skala Expert - Cocoa Extract Shampoo and Conditioner Set"
7474,2,"سكالا اكسبرت - مجموعة شامبو وبلسم بخلاصة الكاكاو"
7475,1,"Skala Expert Cornstarch Shampoo + Conditioner Set - 325ml"
7475,2,"مجموعة نشأ الذرة شامبو + بلسم من سكالا اكسبرت 325 مل"
7476,1,"Skala Expert - Mais Cachos Set: Shampoo and Conditioner with D-Panthenol and Shea Butter"
7476,2,"سكالا اكسبرت - مجموعة ميس كاشوز شامبو وبلسم بخلاصة الديبانثينول وزبدة الشيا"
7478,1,"Skala Expert Apple Cider Vinegar Moisturizing Cream for Dry and Frizzy Hair - 1000g"
7478,2,"كريم مرطب بخل التفاح للشعر الجاف والمجعد من سكالا اكسبرت - 1000 جرام"
7479,1,"Skala Charcoal Hair Treatment Cream, 1000g"
7479,2,"كريم معالج للشعر بالفحم من سكالا , 1000 جرام"
7480,1,"Skala Expert Divine Color 2-in-1 Hair Treatment Cream - 1000g"
7480,2,"كريم معالج للشعر إكسبرت ديفاين كولور 2 في 1 من سكالا اكسبرت - 1000 جرام"
7481,1,"Skala Expert Gelatina Cachos Hair Gel - 1000g"
7481,2,"سكالا اكسبرت جل الشعر جلاتينا كاشوز - 1000 جم"
7482,1,"Skala Expert - Vitamin Complex & Hyaluronic Nourishing Cream - 1000g"
7482,2,"سكالا اكسبرت - كريم مجموعة الفيتامينات المغذية والهيالورونيك - 1000جم"
7483,1,"Skala Expert Mais Lisos Cream with Rice Protein Extract - 1000g"
7483,2,"كريم ميس ليسوز بخلاصة بروتينات الأرز من سكالا اكسبرت 1000 جرام"
7484,1,"Sunsilk Soft & Smooth Leave-On Cream - 200 ml"
7484,2,"صانسيلك كريم يترك علي الشعر ناعم وانسيابي - 200 مل"
7485,1,"Sunsilk Leave-In Cream, Defined Curls - 200ml"
7485,2,"صانسيلك كريم يترك علي الشعر، كيرلز محددة - 200 مل"
7486,1,"Got2b Hair Wax 57g - KOMA"
7486,2,"جوت تو بي واكس للشعر 57 جم- - KOMA"
7487,1,"Mielle Organics Rosemary Mint Strengthening Shampoo with Biotin - 355ml"
7487,2,"شامبو بالنعناع و اكليل الجبل و البيوتين من ميلي اورجانيكس 355مل"
7488,1,"SKIN1004 Madagascar Centella Poremizing Quick Gold Clay Mask Stick - 27g"
7488,2,"قناع الطين ستيك مدغشقر سينتيلا لتنظيف المسام من سكين1004 - 27جرام"
7489,1,"Oplus Argan Hair Serum for Daily Use - 120 ml"
7489,2,"سيروم للشعر بالأرغان للاستخدام اليومي من اوبلس - 120 مل"
7490,1,"SKIN1004 Madagascar Centella Poremizing Fresh Ampoule 50ml"
7490,2,"سنتيلا مدغشقر سكين 1004 امبول لتنقية وتقليل مسام البشرة 50 مل"
7491,1,"Laser White Instant Crystal Hair Serum 120ml"
7491,2,"ليزر وايت سيروم كريستال فوري للشعر 120 مل"
7492,1,"Bobana Hair Serum with Jojoba Oil - 100ml"
7492,2,"بوبانا سيرم للشعر بزيت الجوجوبا 100 مل"
7493,1,"Arual M&K Total Repair Treatment Serum - Nutrition and Protection - 100ml"
7493,2,"سيروم معالج لاصلاح التام التغذية والحماية للشعر إم &amp; كي من اروال -100مل"
7494,1,"Centella Pore Tightening & Deep Cleansing Foam Cleanser"
7494,2,"غسول رغوة سنتيلا لشد المسام و التنظيف العميق 125ML"
7495,1,"Eucerin Aquaphor Body Ointment Spray 250ml"
7495,2,"مرهم بخاخ للجسم اكوافور من يوسيرين 250مل"
7496,1,"SKIN1004 Madagascar Centella Hyalu-Cica Silky-Fit Sun Stick 20g"
7496,2,"سكين1004 ستيك سنتيلا هيالو-سيكا سيلكي فيت صن ستيك واقي شمس 20جرام"
7497,1,"Shifa Keratin Hair Serum 100ml"
7497,2,"شفا سيروم الكيراتين 100مل"
7498,1,"Natural and Vegan Sunscreen SPF50"
7498,2,"واقي الشمس الطبيعي والنباتي SPF50"
7499,1,"Bioderma Photoderm Ultra-Light Moisturizing Lotion SPF 50+ - 200ml"
7499,2,"لوشن مرطب فوتوديرم لايت الترا بعامل حماية 50+ من بايوديرما - 200مل"
7500,1,"Nutri-Active N15 Professional Split Ends Serum"
7500,2,"سيروم نيوتري أكتيف N15 احترافي للأطراف المتقصفة"
7501,1,"ISDIN Night Serum for Oily Skin - 27 ml"
7501,2,"سيروم ليلي للبشرة الدهنية من ازدن 27 مل"
7502,1,"Baby Zone Wooden Cotton Buds, 500 Count"
7502,2,"اعواد اذان قطنية خشبية من بيبي زون , 500 حبة"
7503,1,"Pertex Oil Control Solution 100ml"
7503,2,"محلول بيرتيكس للتحكم في الزيوت 100 مل"
7504,1,"Iraltone Sebum-Regulating Shampoo 200ml"
7504,2,"شامبو إيرالتون لتنظيم الدهون 200 مل للشعر|"
7505,1,"Vaseline Aloe Soothing Jelly 250 ml"
7505,2,"فازلين جلي العناية بالصبار 250 مل"
7506,1,"Pantene Pro-V Daily Care 2-in-1 Shampoo & Conditioner 1000ml"
7506,2,"شامبو وبلسم بانتين برو-في ديلي كير 1000 مل"
7507,1,"Sensodyne Repair & Protect Toothbrush"
7507,2,"سنسوداين فرشاة اسنان ترميم و حماية"
7508,1,"Lava Round Cotton Pads 100% Natural Cotton - 80 Pads"
7508,2,"لافا مسحات قطنية دائرية 100% قطن طبيعي- 80 قرص"
7509,1,"Makeup Revolution Bright Light Face Glow Foundation - 23ml"
7509,2,"كريم أساس برايت لايت فيس جلو من ميك أب ريفولوشن - 23 مل"
7510,1,"Revolution Fast Base Blush Stick - Bare"
7510,2,"ستيك احمر الخدود فاست بيس من ريفلوشن - بير"
7511,1,"Makeup Revolution Re-Loaded Palette Seduction"
7511,2,"باليت ظلال عيون ريلوديد سيداكشن من ميك أب ريفلوشن"
7512,1,"Makeup Revolution Pout Tint Lip Gloss"
7512,2,"احمر شفاه بوت تينت من ميك أب ريفولوشن"
7513,1,"Al Surrati Luxury Air Freshener Spray - Musk Powder - 500 ml"
7513,2,"السرتي معطر جو بخاخ فاخر بودرة المسك - 500 مل -"
7514,1,"Beauty of Joseon Revive Eye Serum: Ginseng + Retinal 30g"
7514,2,"كريم لشد العين بالريتينول و الجينسنغ بيوتي اوف جو سون 30جرام"
7515,1,"Rexona Roll-On Deodorant for Men 50ml"
7515,2,"ريكسونا مزيل عرق رول للرجال 50 مل"
7516,1,"Celia Caffeine and Laurel Oil Conditioner for All Hair Types - 500 ml"
7516,2,"بلسم الكافيين وزيت الغار لتقوية الشعر لجميع انواع الشعر من سيليا 500 مل"
7517,1,"Celia Clove and Aloe Vera Conditioner for All Hair Types - 500 ml"
7517,2,"بلسم قرنفل و ألوفيرا لجميع انواع الشعر من سيليا 500 مل"
7518,1,"Celia Rosemary, Lavender, and Hemp Oil Conditioner - 500ml"
7518,2,"بلسم أكليل الجبل واللافندر وزيت القنب من سيليا 500مل"
7519,1,"Celia Caffeine and Laurel Oil Shampoo for All Hair Types - 500 ml"
7519,2,"شامبو الكافيين وزيت الغار لجميع انواع الشعر من سيليا 500 مل"
7520,1,"Celia Rosemary, Lavender, and Hemp Oil Shampoo - 500 ml"
7520,2,"شامبو أكليل الجبل واللافندر وزيت القنب من سيليا 500 مل"
7521,1,"Celia Anti-Dandruff Shampoo with Blue Chamomile and Tea Tree Oil - 350ml"
7521,2,"شامبو ضد القشرة بالبابونج الازرق وزيت شجرة الشاي من سيليا 350مل"
7522,1,"Celia Aker Fassi Shower Gel - 500 ml"
7522,2,"شاور جل العكر الفاسي من سيليا 500 مل"
7523,1,"Celia Pomegranate and Vanilla Shower Gel - 500 ml"
7523,2,"جل استحمام بخلاصة الرمان والفانيلا من سيليا 500 مل"
7524,1,"Celia Oud Scented Shower Gel - 500 ml"
7524,2,"جل استحمام برائحة العود من سيليا - 500 مل"
7525,1,"Celia African Black Soap Shower Gel - 500 ml"
7525,2,"جل استحمام الصابون الافريقي من سيليا 500 مل"
7526,1,"Celia Frankincense Shower Gel - 500 ml"
7526,2,"جل استحمام سيليا باللبان - 500 مل"
7527,1,"Celia Aker Fassi Sugar Scrub - 600g"
7527,2,"مقشر سكر بالعكر الفاسي 600 جرام من سيليا"
7528,1,"Celia Body Sugar Scrub with Licorice Extract - 600g"
7528,2,"مقشر السكر للجسم بخلاصة عرق السوس من سيليا - 600 جم"
7529,1,"Celia Foaming Body Sugar Scrub with Musk and Powder - 600g"
7529,2,"مقشر سكر رغوي للجسم بالمسك والباودر من سيليا - 600ج"
7530,1,"Celia Coffee Foaming Sugar Scrub - 600g"
7530,2,"مقشر السكر الرغوي بالقهوة من سيليا 600 جرام"
7531,1,"Celia Foaming Cherry Sugar Scrub - 600g"
7531,2,"مقشر سكر رغوي بالكرز من سيليا 600 جرام"
7532,1,"Celia Foaming Sea Salt Scrub with Shea Butter and Lavender - 700g"
7532,2,"مقشر ملح البحر الرغوي بزبدة الشيا واللافندر من سيليا - 700ج"
7533,1,"Celia Foaming Sugar and Salt Scrub with Lemon and Mint - 700g"
7533,2,"مقشر رغوي بالسكر والملح بالليمون والنعناع من سيليا - 700غ"
7534,1,"Celia Prickly Pear Foaming Sugar Scrub - 600g"
7534,2,"مقشر سكر رغوي التين الشوكي من سيليا 600 جرام"
7535,1,"Pomegranate and Vanilla Body Sugar Scrub 600g"
7535,2,"مقشر سكر للجسم بالرمان والفانيلا 600 جرام"
7536,1,"Celia Scalp Scrub with Tea Tree Oil and Ginger - 300g"
7536,2,"مقشر فروه الراس بزيت شجره الشاي والزنجبيل سيليا 300جم"
7537,1,"Celia Coffee and Ginger Scalp Scrub - 180g"
7537,2,"مقشر فروة الراس بالقهوة والزنجبيل من سيليا - 180 جرام"
7538,1,"Celia Rosemary and Lavender Scalp Scrub"
7538,2,"مقشر فروة الرأس بإكليل الجبل واللافندر من سيليا"
7539,1,"Celia Aker Fassi Butter Soap - 500 ml"
7539,2,"سيليا صابونية زبدة سيليا بالعكر الفاسي - 500 مل"
7540,1,"Celia Musk and Powder Butter Soap - 500 ml"
7540,2,"صابونية زبدة بالمسك والباودر من سيليا - 500 مل"
7541,1,"Celia Butter Soap with Turmeric and Myrrh - 500g"
7541,2,"صابونية سيليا زبدة بالكركم والمرة 500 جرام"
7542,1,"Celia Blue Nila Butter Soap - 500g"
7542,2,"صابونية سيليا زبدة بالنيلة الزرقاء 500 جرام"
7543,1,"Celia Pomegranate and Vanilla Butter Body Soap - 500 ml"
7543,2,"صابونية للجسم زبدة بالرمان والفانيلا من سيليا - 500 مل"
7544,1,"Global Star Sauna Suit - Size XXL"
7544,2,"جلوبال ستار بدلة ساونا مقاس XXL"
7545,1,"Fam Sanitary Pads Large Size with Wings - 50 Pads Economy Pack"
7545,2,"فام فوط صحية حجم كبير بالأجنحة 50 فوطة عبوة أقتصادية"
7546,1,"Sairo Mint Mouthwash for Daily Use - 500 ml"
7546,2,"غسول الفم بالنعناع للاستخدام اليومي من سايرو - 500 مل"
7547,1,"Listerine Miswak Daily Mouthwash - 250 ml"
7547,2,"ليسترين مسواك غسول يومي للفم - 250 مل"
7548,1,"Cosmo Fragrance-Free Hajj & Umrah Kit, 300ml"
7548,2,"مجموعة الحج والعمرة خالية من العطور من كوزمو , 300 مل"
7549,1,"Aptamil Baby Milk Formula Stage 2 - 900g"
7549,2,"ابتاميل حليب اطفال رقم (2) 900 جرام -"
7550,1,"Oshba & Zeit Cyperus Rotundus Oil - 113 ml"
7550,2,"زيت السعد من عشبة وزيت 113 مل"
7551,1,"Gentle and Safe Cleaning Wipes - 3 x 64 Wipes"
7551,2,"مناديل تنظيف لطيفة وامنه 3*64 منديل"
7552,1,"Fair & White Vitamin C Body Lotion for Brightening and Even Tone - 500ml"
7552,2,"فير اند وايت جسم لوشن فيتامين سي للتبيض وتوحيد اللون 500 مل"
7553,1,"Boland Laura Hair Curler and Waver 480V BA-462"
7553,2,"بولاند لورا جهاز تمويج وتجعيد الشعر 480فولت BA-462"
7554,1,"Rebune Super Hair Dryer 2-Piece Set RE-2017-2"
7554,2,"استشوار ريبون سوبر قطعتين RE-2017-2"
7555,1,"Rebune Hair Curler RE-2030"
7555,2,"ريبون فير شعر RE-2030"
7556,1,"RE-2082 Automatic Rotating Hair Curler"
7556,2,"مكواة كيرلي الشعر أتوماتيكية الدوران RE-2082"
7557,1,"BRSKIN Laser Hair Removal Device"
7557,2,"ليزر لإزالة الشعر BRSKIN"
7558,1,"Rebune 1200W Hair Dryer Brush RE-2201-1"
7558,2,"استشوار الشعر فرشاة 1200 واط RE-2201-1 من ريبون"
7559,1,"Armaf Beauty Enchanting Brow Fiber Mascara, Dark Brown 02"
7559,2,"مسكرة  حواجب انشانتنج برو فايبر من ارماف بيوتي , Dark Brown 02"
7560,1,"Armaf Beauty Max High Coverage Matte Foundation with SPF 20, Porcelain 30ml"
7560,2,"كريم أساس مطفي ماكس هاي كوفريدج بعامل حماية من الشمس 20 من أرماف بيوتي , بورسلان 30 مل"
7561,1,"Armaf Beauty What A Glow Single Powder Highlighter - Amber, 4.7g - 02"
7561,2,"اضاءة بودرة احادي وات أ جلو امبير من ارماف بيوتي ، 4.7 جرام- 02"
7562,1,"Armaf Beauty What A Cheek Powder Blush - Cinnamon Bun, 5.7g - 04"
7562,2,"احمر خدود بودرة وات ايه تشيك سينمون بون من ارماف بيوتي ، 5.7 جرام-04"
7563,1,"Armaf Beauty Enchanting Brow Powder, Cappuccino"
7563,2,"بودرة حواجب انشانتنج برو من ارماف بيوتي , Cappuccino"
7564,1,"Armaf Beauty Master Stroke Lengthening and Curling Mascara - Black | 12ml"
7564,2,"ماسكارا ماستر ستروك لتطويل وتجعيد الرموش من ارماف بيوتي - اسود | 12م"
7565,1,"Armaf Beauty Mega Lash Extra Volume Waterproof Mascara"
7565,2,"ماسكارا ميغا لاش حجم إضافي ومقاومة للماء من ارماف بيوتي"
7566,1,"Armaf Beauty Glide It Creamy Eyeliner Pencil - Wood"
7566,2,"قلم كحل كريمي جلايد إت من أرماف بيوتي ، Wood"
7567,1,"Armaf Beauty Enchanting Eyebrow Pencil with Brush, Ebony"
7567,2,"قلم تحديد الحواجب الساحر مع فرشاه من ارماف بيوتي , Ebony"
7568,1,"Armaf Beauty Glide It Creamy Kohl Eyeliner Pencil"
7568,2,"قلم كحل كريمي جلايد إت من ارماف بيوتي , Kohl"
7569,1,"Armaf Beauty Noir Diamond Lac Intense Black Liquid Eyeliner, 1 ml"
7569,2,"قلم تحديد العيون السائل نوير دايموند ليك انتيست بلاك من ارماف بيوتي ، 1 مل"
7570,1,"Armaf Beauty Tint It Up Liquid Lip and Cheek Tint, Sienna"
7570,2,"احمر الخدود والشفاه السائل تينت ات اب من ارماف بيوتي , Sienna"
7571,1,"Armaf Beauty Lip Gloss, Pine 06"
7571,2,"ملمع الشفاه من ارماف بيوتي , Pine 06"
7572,1,"Armaf Beauty Intense Shine Lip Gloss, Cotton Candy - 05"
7572,2,"ملمع شفاه إنتنس شاين من أرماف بيوتي , Cotton Candy -05"
7573,1,"Armaf Beauty Stay A More Liquid Matte Lipstick, Heather-02"
7573,2,"أحمر شفاه سائل مطفي ستاي أ مور من أرماف بيوتي , هيذر-02"
7574,1,"Armaf Beauty True Matte Liquid Lipstick, La Rosa-01"
7574,2,"احمر شفاه سائل ترو مات من ارماف بيوتي ، La Rosa-01"
7575,1,"Armaf Beauty Creamy Touch Semi-Matte Lipstick, Marie-10"
7575,2,"احمر شفاه كريمي تاتش شبه مطفي من ارماف بيوتي , Marie-10"
7576,1,"Armaf Beauty Matte Max Concealer - High Cover with SPF - Tan-06"
7576,2,"كونسيلر مات ماكس خافي- عيوب- بعامل حمايه -هاي كوفر من أرماف بيوتي , تان-06"
7577,1,"Armaf Beauty Deep In Lake Eyeliner, Aquamarine-03"
7577,2,"محدد عيون ديب إن ليك من ارماف بيوتي , Aquamarine-03"
7578,1,"Armaf Beauty Velvet Matte Lipstick, Giselle"
7578,2,"أحمر شفاه فيلفيت مات من ارماف بيوتي ، Giselle"
7579,1,"Gluta-Hya Serum Burst Lotion with Sun Protection - 180ml"
7579,2,"لوشن جلوتا هيا معزز بالسيروم مع عامل حماية من اشعة الشمس 180مل"
7580,1,"Giovanni - Golden Wheat Deep Cleanse Shampoo for Normal to Oily Hair 250ml"
7580,2,"جيوفاني - جولدن ويت شامبو التنظيف العميق للشعر العادي إلى الدهني 250 مل"
7581,1,"Syoss Keratin Shampoo for Brittle Hair - 500ml"
7581,2,"شامبو كيراتين للشعر الذي يتقصف بسهولة من سيوس 500 مل"
7582,1,"Syoss Repair Therapy Shampoo for Dry and Damaged Hair - 500ml"
7582,2,"سيوس شامبو علاجي لإصلاح الشعر  الجاف والتالف 500 مل |"
7583,1,"Syoss Hair Shampoo (Ceramide) - For Weak & Brittle Hair 500ml"
7583,2,"سيوس شامبو الشعر ( سيراميد ) - للشعر الضعيف و سهل التقصف 500 مل"
7584,1,"Syoss Renew 7 Shampoo for Damaged Hair - 500 ml"
7584,2,"سيوس شامبو تجديد7 للشعر التالف 500 مل"
7585,1,"Roles Nail Polish 51 - Roles Nail Polish Store - roles usa"
7585,2,"طلاء أظافر رولس 51 - متجر مناكير رولس - roles usa"
7586,1,"Rebune Ceramic Hair Straightener Black Re-2023"
7586,2,"ريبون مكواة فرد شعر سيراميك سوداء Re-2023"
7587,1,"Rebune Hair Straightener RE-2133"
7587,2,"سيراميك شعر من ريبون RE-2133"
7588,1,"EPS Digital Hair Styling and Straightening Device"
7588,2,"جهاز رقمي  تصفيف وتسبيل الشعر ئي بي اس"
7589,1,"Rebune Upgraded 2-Brush Hair Styler 1200W RE-2201-2"
7589,2,"استشوار الشعر فرشتين المطور 1200 واط RE-2201-2 من ريبون"
7590,1,"Rebune Professional Hair Styler with Two Attachments RE - 2025"
7590,2,"مصفف الشعر الاحترافي مع ملحقين من ريبون RE - 2025"
7591,1,"Rebune 2-in-1 Ionic Hair Dryer Brush RE-8888"
7591,2,"استشوار فرشة ريبون 2 في 1 بالايونات RE-8888"
7592,1,"Private Cotton Soft Night Sanitary Pads with Wings - 24 Pads"
7592,2,"برايفت فوط صحيه قطنية ليلية بالأجنحة -24فوطة"
7594,1,"Nivea Orange Freshness Deodorant - 50ml"
7594,2,"نيفيا مزيل عرق انتعاش البرتقال 50 مل"
7595,1,"Dove Pomegranate Roll-On Deodorant - 50ml"
7595,2,"دوف مزيل العرق رول اون بالرمان- 50 مل"
7596,1,"Dove Roll-On Antiperspirant Deodorant Powder Soft 50ml"
7596,2,"مزيل العرق دوف رول باودر سوفت 50 مل"
7597,1,"Femfresh Intimate Wash with Aloe Vera 250ml"
7597,2,"فيم فريش غسول المناطق الحميمية مع الصبار 250مل"
7598,1,"Fab Lab 30% Vitamin C Skin Glow Face & Body Wipes - 80 Wipes - 675g"
7598,2,"فاب لاب 30%فيتامين سي سكين غلو مناديل مبللة للوجة والجسم -80 منديل-675 جرام"
7599,1,"Heliocare 360° Mineral Tolerance Fluid SPF 50+ 50ml"
7599,2,"هيليوكير 360° سائل معدني متسامح بعامل حماية من الشمس 50+ 50 مل"
7600,1,"Neoretin Discrom Control Peeling Pads - 6 Pieces in Kuwait | Klinic"
7600,2,"ضمادات نيوريتين ديسكورم لتقشير البشرة - ٦ قطع في الكويت | كلينك"
7601,1,"Lifebuoy Hand Wash, Total 10, for 100% Stronger Germ Protection - 200ml"
7601,2,"غسول اليدين لايف بوي، توتال 10، لحماية أقوى بنسبة 100% من الجراثيم 200 مل"
7602,1,"Lifebuoy Antibacterial Hand Wash Lemon Fresh - 200ml"
7602,2,"غسول اليدين ضد البكتريا من لايفبوي انتعاش الليمون -200مل"
7603,1,"Lifebuoy Mild Care Hand Wash - 200ml"
7603,2,"لايف بوي غسول اليدين عناية ناعمة - 200 مل"
7604,1,"Lifebuoy Apple & Ginger Hand Wash - 100% Stronger Germ Protection - 200ml"
7604,2,"لايف بوي غسول اليدين بالتفاح والزنجبيل 100% حماية أقوى من الجراثيم -200"
7605,1,"Lifebuoy Charcoal & Mint Hand Wash - 200ml"
7605,2,"ايفبوي غسول اليد بالفحم و النعناع - 200 م"
7606,1,"Cantabria Labs Endocare Gelcream Biorepair 30ml"
7606,2,"كانتابريا لابز إندوكير جل كريما ريبارادورا مضاد للديدان 30 مل"
7607,1,"Endocare Intensive Rapid Repair Ampoules 7 x 1 ml"
7607,2,"أمبولات إندوكير لإصلاح سريع مكثف 7 × 1 مل"
7608,1,"Skala Expert Amido de Milho Hair Moisturizing Cream with Corn Starch Extract, 1000g"
7608,2,"كريم اكسبرت اميدو دي ميلهو مرطب للشعر بخلاصة نشأ الذرة من سكالا , 1000 جرام"
7609,1,"Skala Hair Cream and Conditioner - Strengthening and Moisturizing for All Hair Types, 1000g"
7609,2,"سكالا كريم وبلسم للشعر يقوي ويرطب جميع انواع الشعر 1000 جم"
7610,1,"Hawaful Pure Medical Vaseline 1000g"
7610,2,"فازلين طبي نقي 1000 جم - حوافل"
7611,1,"Nose Strips - 10 Pieces"
7611,2,"لصقات انف 10حبات"
7612,1,"Agiss - Deep Cleansing Nose Strips - 10 Strips"
7612,2,"أجيس - لصقات تنظيف عميق للأنف - عدد 10"
7613,1,"Global Star Deep Cleansing Nose Strips - 22 Pieces"
7613,2,"لاصقات التنظيف العميق للأنف من جلوبال ستار - 22 قطعة"
7614,1,"Endocare Eye and Lip Contour 15ml"
7614,2,"كونتور العين والشفاه من اندوكير 15 مل"
7615,1,"5-Piece Hair Dye Tool Set"
7615,2,"مجموعه ادوات صبغة الشعر 5  قطع"
7616,1,"Hawaful Moroccan Loofah for Skin Exfoliation and Dead Cell Removal"
7616,2,"ليفة مغربية لتقشير البشرة و إزالة الخلايا الميتة من حوافل"
7618,1,"Dove Daily Care Conditioner for Dry Hair - 340ml"
7618,2,"دوف بلسم العناية اليومية للشعر الجاف 340 مل"
7619,1,"Beauty System Inspired Fragrance Body Lotion - 500ml | Blue"
7619,2,"لوشن الجسم بعطور مستوحاة من بيوتي سيستم - 500 مل | Blue"
7620,1,"Reef Rafi Alan Perfume Set - Eau de Parfum 100ml + 30ml Body Mist"
7620,2,"رافي عطر الان، من ريف او دي برفيوم 100 مل +30 مل معطر جسم"
7621,1,"Aloe Eva Shampoo with Aloe Vera and Lanolin for Dry Hair Care - 2*320g"
7621,2,"الو ايفا شامبو بالصبار واللانولين للعناية بالشعر الجاف - 2*320جرام"
7622,1,"Dabur Amla Snake Oil Serum Anti-Split Ends 50ml"
7622,2,"سيروم زيت الحية يحمي الشعر من التقصف من دابر املا 50مل"
7623,1,"Dabur Amla Snake Oil Serum for Dry and Damaged Hair - 50 ml"
7623,2,"دابر-أملا سيروم زيت الحية للشعر الجاف و المتضرر 50 مل"
7624,1,"Global Star Disposable Towel Set for Face, Body, and Hair - 3 Sizes, 3 Pieces"
7624,2,"جلوبال ستار طقم منشفة للوجه والجسم والشعر استخدام مرة واحدة 3مقاسات-3حبة"
7625,1,"Sacha Pomegranate Extract Face Mask"
7625,2,"قناع وجه بخلاصة الرمان من ساشا"
7626,1,"Sacha Honey and Strawberry Extract Face Mask"
7626,2,"قناع وجه بخلاصة العسل والفرولة من ساشا"
7627,1,"Mostal Nourishing Eyelash and Eyebrow Serum 10 ml"
7627,2,"موستال سيروم مغذي للرموش والحواجب 10 مل"
7628,1,"Aquax Deo Cream for Excessive Perspiration Relief 75g by Derma"
7628,2,"اكواكس ديو كريم لتخفيف التعرق المفرط 75 جرام من ديرما"
7629,1,"Femfresh Deodorant Spray for Intimate Areas with 20% Off - 125 ml"
7629,2,"فيم فريش بخاخ مزيل للعرق للمناطق الحساسة مع خصم 20% - 125 مل"
7630,1,"Femfresh Soothing and Refreshing Feminine Wipes (Special Offer) 4 Pieces"
7630,2,"مناديل نسائيه ملطفة و منعشة (عرض خاص ) 4 قطع - فيم فرش"
7631,1,"Philips Nose and Ear Hair Trimmer NT1650"
7631,2,"مكينة حلاقة شعر الأنف والأذن من فيليبس NT1650"
7632,1,"Rebune Hair Dryer Replacement Brush, RE-301 Brush"
7632,2,"فرشة غيار أستشوار، فرشاة ريبون RE-301"
7635,1,"Yoko Berry Spa Milk Salt for Skin Whitening - 300g"
7635,2,"يوكو ملح الحليب بالتوت سبا لتفتيح البشرة - 300ج"
7637,1,"Moroccan Oil Moroccan Bath Soap with Aker Fassi Extract + Loofah 250ml"
7637,2,"موروكان اويل صابون حمام مغربى خلاصة العكر الفارسي + ليفة 250 مل"
7638,1,"Al-Arayes Moroccan Bath Soap with Olive Oil - 700 ml"
7638,2,"صابون الحمام المغربي بزيت الزيتون من العرايس - 700 مل"
7639,1,"Adidas Active Skin & Mind Energy Kick Shower Gel, 400 ml"
7639,2,"جل استحمام اكتيف سكين اند مايند انيرجي كيك من اديداس، 400 مل"
7640,1,"Adidas Deep Sleep Shower Gel - 250 ml"
7640,2,"شاور جل أديداس النوم الهادئ 250 مل"
7641,1,"Adidas Roll Shower Gel - 250 ml"
7641,2,"شاور أديداس رول - 250 مل"
7642,1,"Adidas Active Skin & Mind Energy Kick Shower Gel - Refreshing Lemon - 250ml"
7642,2,"جل استحمام اكتيف سكين اند مايند انيرجي كيك من اديداس -ليمون منعش-، 250مل"
7643,1,"Adidas Quiet Sleep Shower Gel 400ml"
7643,2,"شاور جل أديداس النوم الهادئ 400 مل"
7644,1,"Adidas Power Roll Shower Gel - 400 ml"
7644,2,"شاور أديداس رول طاقة - 400 مل"
7645,1,"Adidas Extra Care Shower Gel - 250 ml"
7645,2,"شاور أديداس عناية فائقة - 250 مل"
7646,1,"Adidas Super Care Shower Gel - 400ml"
7646,2,"شاور أديداس عناية فائقة - 400مل"
7647,1,"Adidas Energy Kick Body Spray 100ml"
7647,2,"مزيل عرق بخاخ  أديداس إنرجي كيك 100 مل"
7648,1,"Adidas Pure Fresh Roll-On Deodorant - 50ml"
7648,2,"مزيل العرق أديداس بيور فريش رول أون 50 مل"
7649,1,"Dove Go Fresh Revive Beauty Bar with Pomegranate - 135g"
7649,2,"دوف صابون الجمال جو فريش بالرمان - 135 جم"
7650,1,"Shifa Face and Body Scrub Cream with Apricot - 500 ml"
7650,2,"شفا كريم صنفرة الوجه والجسم بالمشمش 500 مل"
7651,1,"Shifa Face and Body Scrub with Berry Extract - 500 ml"
7651,2,"شفا صنفرة للوجه والجسم بخلاصة التوت - 500 مل"
7652,1,"Shifa Scrub with Lemon Extract - 500 ml"
7652,2,"صنفرة شفا بخلاصة الليمون 500 مل"
7653,1,"Hair Net Set - 6 Pieces"
7653,2,"مجموعة شبكة شعر 6 حبات"
7654,1,"88 Total White Thai Underarm Whitening Cream - 35g"
7654,2,"كريم 88 توتال وايت التايلندي لتفتيح تحت الإبط 35 جرام"
7655,1,"Gelees Soothing Aloe Vera Gel - 300ml"
7655,2,"جل الصبار المهدئ من جيليز - 300 مل"
7656,1,"TUNG Original Tongue Cleaning Gel, Strawberry Flavor - 85g"
7656,2,"تونج جل تنظيف اللسان الأصلي بنكهة الفراولة - 85 جم"
7657,1,"L'Oréal Paris Anti-Breakage Conditioner for Hair Prone to Fall - 360ml"
7657,2,"بلسم مقاوم للتكسر للشعر القابل للتساقط من لوريال باريس 360 مل"
7658,1,"Parachute Advansed Coconut Hair Oil with Rosemary - 200ml"
7658,2,"باراشوت ادفانسيد زيت جوز الهند للشعر باكليل الجبل 200 مل"
7659,1,"Wadi Al-Nahl 100% Natural Castor Oil - 125ml"
7659,2,"وادي النحل زيت الخروع طبيعي 100% 125مل"
7660,1,"Fam Maxi 30 Pads Large Size"
7660,2,"فام ماكسي 30 فوطة حجم كبير"
7661,1,"Daily Facial Exfoliating Wash 150ml | Clean & Clear"
7661,2,"غسول يومي لتقشير الوجه 150 مل | كلين اند كلير"
7662,1,"Gillette Venus 3-Blade Smooth & Clean Razor with Moisture Strip + 2 Extra Refill Heads"
7662,2,"أداة حلاقة فينوس 3 شفرات ناعمة ونظيفة مع الترطيب 2 رأس إضافي من جيليت"
7663,1,"Biorever Canada Calcium with Vitamin D - 60 Gummies"
7663,2,"بيوريفر كندا كالسيوم مع فيتامين د 60 حلوى مضغ"
7664,1,"Biorever Canada Omega-3 with DHA & EPA for Kids - 60 Gummies"
7664,2,"بيوريفر كندا أوميجا 3 وحمض DHA,EPA للأطفال - 60 حلوى مضغ"
7665,1,"Parachute | Anti-Hair Fall Shampoo with Coconut & Onion Extract"
7665,2,"باراشوت | شامبو ضد تساقط الشعر بخلاصة جوز الهند والبصل"
7666,1,"Mandi Care Royal Moisturizing and Nourishing Oil for Hair and Beard Care - 125 ml"
7666,2,"ماندي كير زيت ملكي مرطب ومغذي للعناية بالشعر واللحية - 125 مل"
7667,1,"Glysolid Body Lotion with Musk - 500 ml"
7667,2,"لوشن للجسم بالمسك من جليسوليد 500 مل"
7668,1,"Glysolid Musk Body Lotion - 250 ml"
7668,2,"جليسوليد لوشن بالمسك للجسم - 250 مل"
7669,1,"Shifa Turmeric Scrub with Natural Granules - 500 ml"
7669,2,"سنفرة شفا بخلاصة الكركم والحبيبات الطبيعية 500 مل"
7670,1,"Shifa Face and Body Scrub with Cocoa Butter Extract - 500 ml"
7670,2,"صنفرة شفاء للوجه والجسم بخلاصة زبدة الكاكاو 500 مل"
7671,1,"Sairo Sea Salts Shower Gel - 750 ml"
7671,2,"جل استحمام بخلاصة املاح البحر من سايرو 750 مل"
7672,1,"Sairo Shower Gel - 750 ml"
7672,2,"سايرو جل استحمام - 750 مل"
7673,1,"Mar Way Finger Shower Glove Loofah - Assorted Colors (Random Color)"
7673,2,"ليفة قفاز استحمام اصابع الوان من مار واي ( لون عشوائي )"
7674,1,"Eucerin Advanced Repair Hand Cream 78g"
7674,2,"كريم اصلاح اليدين المتقدم من يوسيرين 78ج"
7675,1,"Vichy Normaderm Phytosolution, 200 ml, Deep and Effective Cleansing"
7675,2,"فيتشي نورماديرم فيتوسولوشن, 200 مل, تنظيف عميق وفعّال للبشرة الدهنية"
7676,1,"Global Star Hair Oil Replacement and Mask with Botox Extract"
7676,2,"حمام زيت و ماسك للشعر بخلاصة بوتوكس من جلوبال ستار"
7677,1,"Global Star Oil Replacement and Hair Mask with Henna Extract - 1500ml"
7677,2,"جلوبال ستار قناع حمام زيت وماسك للشعر بخلاصة الحناء 1500مل"
7678,1,"Global Star Grape Seed Hair Mask and Oil Replacement for Hair Hydration and Nourishment - 1500 ml"
7678,2,"جلوبال ستار ماسك وحمام زيت شعر بذور عنب لترطيب وتغذية الشعر 1500 مل"
7679,1,"Global Star Sidr Hair Mask and Oil Replacement for Hydration and Nourishment - 1500 ml"
7679,2,"جلوبال ستار ماسك وحمام زيت شعر سدر لترطيب وتغذية الشعر 1500 مل"
7680,1,"Sensodyne Rapid Action Toothbrush - Soft"
7680,2,"فرشاة اسنان سنسوداين مفعول سريع - ناعمة"
7681,1,"Nivea Black & White Invisible Silky Smooth Deodorant Spray 150ml"
7681,2,"نيفيا مزيل العرق بلاك ايند وائيت سيلكى سموت 150 مل"
7682,1,"Nivea Invisible Black & White Deodorant Spray 150ml"
7682,2,"نيفيا إنفيزيبل مزيل الرائحة العرق بلك اند وائيت 150 مل"
7683,1,"Nivea Black & White Silky Smooth Deodorant Spray 150ml"
7683,2,"نيفيا مزيل العرق بلاك ايند وائيت سيلكى سموت 150 مل"
7684,1,"Nivea Men Fresh Sensation Deodorant Spray 150ml"
7684,2,"نيفيا بخاخ مزيل عرق عربي 150 مل رجال فريش سينسيشن"
7685,1,"Invisible Dry Deodorant Spray 150ml"
7685,2,"بخاخ مزيل العرق الجاف غير المرئي 150 مل"
7686,1,"Signal Complete Natural Herbs Toothpaste 75ml"
7686,2,"سيجنال كومبليت  معجون أسنان أعشاب طبيعية 75 مل"
7687,1,"Signal Complete Toothpaste Pink Salt & Chamomile 75ml"
7687,2,"سيجنال معجون اسنان كمبليت الملح الوردي و البابونج 75 مل"
7688,1,"Signal Integral 8 Toothpaste with Sodium Bicarbonate - 75ml"
7688,2,"سيجنال معجون الاسنان المتكامل 8 بيكربونات الصوديوم 75مل"
7689,1,"Kundal Daily Watery Hydrating Sunscreen 40ml"
7689,2,"كوندال واقي شمس المرطب المائي اليومي 40 مل"
7690,1,"Urex Intimate Care Wash with Iris Extract - 300 ml"
7690,2,"يوركس غسول العناية الشخصية خلاصة زهرة السوسن - 300 مل"
7691,1,"Urex Intimate Care Wash with Chamomile Extract - 300 ml"
7691,2,"يوركس غسول العناية الشخصية مع خلاصة البابونج - 300 مل"
7692,1,"Urex Personal Care Wash with Oat Extract - 300 ml"
7692,2,"يوركس غسول العناية الشخصية خلاصة الشوفان - 300 مل"
7693,1,"Armaf Beauty Glide It Creamy Eyeliner Kohl Pencil - Snow"
7693,2,"ارماف بيوتي محدد عيون قلم كحل كريمي جلايد ات - سنو"
7694,1,"Armaf Beauty Extra Mile Lengthening Mascara, 8 ml"
7694,2,"ماسكارا إكسترا مايل لإطالة الرموش من ارماف بيوتي , 8 مل"
7695,1,"Armaf Beauty Lengthening and Curling Mascara - Black"
7695,2,"مسكرة لتطويل الرموش وتجعيدها من ارماف بيوتي , اسود"
7696,1,"Armaf Beauty Professional Eyeshadow Brush Set, Nos. 06, 07 & 08 - 3 Pieces"
7696,2,"مجموعة فرش ظلال العيون الاحترافية من ارماف بيوتي , رقم 06 و07 و08 3 قطع"
7697,1,"Huggies Extra Care Diapers Size 4 - 68 Diapers"
7697,2,"هجيز حفايض عناية فائقة مقاس ( 4 ) عدد 68 حفاضة"
7698,1,"Huggies Extra Care Diapers Size 3 - 76 Diapers"
7698,2,"هجيز حفائض عناية فائقة مقاس 3 - 76 حفاضة"
7699,1,"Huggies – Jumbo Pack Baby Diapers Size 4+ (64 Count)"
7699,2,"هاجيز – حفاضات جامبو باك للأطفال مقاس إضافي (+4) 64 حبة"
7700,1,"Huggies Extra Care Diapers Size 5 - 60 Diapers"
7700,2,"هجيز حفائض عناية فائقة مقاس 5 - 60 حفاضة"
7701,1,"Huggies Extra Care Diapers Size 6 - 42 Diapers"
7701,2,"هجيز حفائض عناية فائقة مقاس 6 - 42 حفاضة"
7702,1,"Huggies Extra Care Diapers Size 1 - 64 Diapers"
7702,2,"هجيز حفائض عناية فائقة مقاس 1 - 64 حفاضة"
7703,1,"Huggies Extra Care Diapers Size 2 - 64 Diapers"
7703,2,"هجيز حفائض عناية فائقة مقاس 2 - 64 حفاضة"
7704,1,"Nutri V Apple Cider Vinegar Weight Loss Supplement Gummies - 60 Pieces"
7704,2,"جاميز مكمل غذائي لنقص الوزن بنكهة خل التفاح الطبيعي من نيوتري في - 60 قطعة"
7705,1,"Medical Alcohol Swabs, 100 Pieces Pack"
7705,2,"مسحات كحولية طبية, عبوة 100 قطعة"
7706,1,"Armaf Beauty Parfait Fix Fair Compact Powder, 8g"
7706,2,"بودرة مضغوطة بارفايت فيكس فير من ارماف بيوتي ، 8 جرام"
7707,1,"Armaf Beauty Matte Max High Cover Concealer - Beige"
7707,2,"كونسيلر مات ماكس هاي كوفر من أرماف بيوتي , بيج"
7708,1,"Armaf Beauty Max High Coverage Matte Foundation with SPF 20, Chestnut 30ml"
7708,2,"كريم أساس مطفي ماكس هاي كوفريدج بعامل حماية من الشمس 20 من أرماف بيوتي , شيست نت 30 مل"
7709,1,"Eucerin Anti-Pigment Night Cream 50ml"
7709,2,"يوسيرين كريم ليلي للوجه ضد التصبغ 50 مل"
7710,1,"LOVERTE Multi-Purpose Moisturizer - Grapefruit Flavor, 15ml"
7710,2,"رطب متعدد الاستخدامات بنكهة الجريب فروت، 15 مل | LOVERTE"
7711,1,"Q+A - Vitamin C Brightening Serum 30ml"
7711,2,"كيو+اي - سيروم فيتامين سي لتفتيح البشرة 30 مل"
7712,1,"Q+A - Hyaluronic Acid Hydrating Cleanser 125ml"
7712,2,"كيو+اي - غسول مرطب بحمض الهيالورونيك 125 مل"
7713,1,"Q+A - Ceramide Body Lotion - Moisturizing & Nourishing - 250ml"
7713,2,"كيو+اي - لوشن مرطب ومغذي للجسم بالسيراميد - 250 مل"
7714,1,"Bioclin Bio-Squam Anti-Dandruff Shampoo for Oily Dandruff 200ml"
7714,2,"شامبو بيوسكوام مضاد للقشرة الدهنية من بيوكلين 200مل"
7715,1,"Q+A - Niacinamide Daily Toner 100ml"
7715,2,"كيو+اي - نياسيناميد تونر يومي 100 مل"
7716,1,"Beauty System Advanced Mouthwash Capsules, Mint Flavor, 13 ml × 20"
7716,2,"غسول فم بالكبسولات المتطورة بنكهة النعناع من بيوتي سيستم , 13 مل × 20"
7717,1,"Il Salone Protein Shampoo 500ml + Hair Mask 250ml"
7717,2,"إل صالون شامبو 500مل + ماسك الشعر 250مل بالبروتين"
7718,1,"Fair & White Vitamin C Brightening Serum - 30ml"
7718,2,"سيروم مفتح للبشرة غني بفيتامين سي من فير أند وايت - 30 مل"
7719,1,"Fair & White Vitamin C Skin Brightening Cream - 50ml"
7719,2,"كريم فيتامين سي لتفتيح البشرة من فير اند وايت - 50 مل"
7720,1,"Pharma C Anti-Wrinkle Face Serum 30ml"
7720,2,"سيروم فارما سي المضاد للتجاعيد للوجه 30 مل"
7721,1,"La Roche-Posay Lipikar Syndet AP+ Creamy Wash for Extra Dry Skin - 400ml"
7721,2,"غسول كريمي للبشرة شديدة الجفاف ليبيكار سيندت اي بي بلس من لاروش بوزيه - 400مل"
7724,1,"Depend Super Quick Nail Polish Remover 250ml"
7724,2,"ديبند مزيل طلاء اظافر سريع جدا 250 مل"
7725,1,"Moisturizing and Softening Shaving Gel with Aloe Vera and Jojoba Oil"
7725,2,"جل حلاقة مرطب ومنعم للبشرة بخلاصة الصبار و زيت الجوجوبا ..."
7727,1,"Aali Al Maqam Perfume 200ml"
7727,2,"عطر عالي المقام 200مل"
7728,1,"Agiva Raspberry Vinegar Anti-Dandruff & Hair Strengthening - 400ml"
7728,2,"خل التوت ضد قشرة الراس ومقوي للشعر من اجيفا - 400 مل"
7729,1,"Regaine Hair Loss Treatment Foam for Men 5% - 73ml"
7729,2,"ريجين رغوة لعلاج تساقط الشعر للرجال 5% - 73 مللي"
7730,1,"Naturel Core Hazel Lenses - Monthly"
7730,2,"عدسات ناتشورال كور هازل-شهريه"
7731,1,"Essence Makeup Fixing Spray | Lightweight Formula"
7731,2,"بخاخ تثبيت المكياج ايسنس | خفيف على البشرة"
7732,1,"CeraVe Moisturizing Cream for Dry Skin - 340g"
7732,2,"كريم مرطب للبشرة الجافة من سيرافي 340ج"
7733,1,"Pure Life Women's Disposable Panties for Period and Travel, 7 Pieces, Size 3XL"
7733,2,"بيور لايف كالوتات نسائية للدورة الشهرية والسفر ،7كالوتات،مقاس3XL"
7734,1,"Titanio Water Flosser Oral Irrigator - 230ml Capacity"
7734,2,"تيتانيو جهاز خيط مائي لتنظيف الأسنان بالمياه سعة 230 مل"
7735,1,"Waterproof Rechargeable Electric Water Flosser - 230ml USB"
7735,2,"منظف ​​أسنان كهربائي مقاوم للماء وقابل لإعادة الشحن عبر 230مل  USB"
7736,1,"Jergens Oud Softening Lotion - Intensive Moisturizing - 400ml"
7736,2,"جرجنز لوشن العود المنعم - ترطيب مكثف-400 مل"
7737,1,"Jergens Ultra Hydrating Overnight Repair Nightly Restoring Lotion 400ml"
7737,2,"جرجنز لوشن ترطيب مكثف اصلاح البشرة خلال الليل 400 مل"
7738,1,"Jergens Daily Moisture Lotion 400ml"
7738,2,"لوشن جرجنز ترطيب يومي 400 مل"
7739,1,"Jergens Original Scent Body Lotion - 400ml"
7739,2,"جرجنز _ لوشن الجسم بالرائحة الأصلية 400مل"
7740,1,"Jergens Age Defying Multi-Vitamin Moisturizer - 400ml"
7740,2,"مرطب مقاوم لشيخوخة البشرة 400 مل من جرجنز"
7741,1,"Jergens Skin Firming Moisturizing Lotion - Skin Tightening - Intensive Hydration"
7741,2,"جرجنز لوشن مرطب تماسك البشرة - شد البشرة - ترطيب مكثف"
7742,1,"Anua - Heartleaf Quercetinol Pore Deep Cleansing Foam - 150ml"
7742,2,"انوا - رغوة هارت ليف كيرسيتينول للتنظيف العميق - 150 مل"
7743,1,"Anua Niacinamide 10% + TXA 4% Dark Spot Correcting Serum, 30ml"
7743,2,"انوا سيروم نياسيناميد 10% + TXA 4% لتصحيح البقع الداكنة , 30 مل"
7744,1,"Beauty of Joseon Green Plum Refreshing Toner 150ml"
7744,2,"بيوتي اوف جوسون تونر البرقوق الأخضر المنعش 150 مل"
7745,1,"Beauty of Joseon Ginseng Essence Water - 150ml"
7745,2,"ماء بخلاصة الجينسنغ من بيوتي اوف جوسون - 150مل"
7746,1,"Beauty of Joseon Glow Serum: Propolis + Niacinamide, 30ml"
7746,2,"بيوتي أوف جوسون سيروم العكبر توهج لبشرة مشرقة، 30 مل"
7747,1,"Beauty of Joseon Calming Serum: Green Tea + Panthenol - 30ml"
7747,2,"سيروم مهدئ للبشرة بالشاي الأخضر + البانثينول من بيوتي اوف جوسون - 30مل"
7748,1,"CeraVe Moisturizing Lotion for Dry to Extra Dry Skin – 473 ml"
7748,2,"لوشن مرطب للبشرة الجافة وشديدة الجفاف من سيرافي – 473 مل"
7749,1,"CeraVe Baby Moisturizing Lotion 237ml"
7749,2,"سيرافي لوشن ترطيب الجسم للأطفال 237 مل"
7750,1,"CeraVe Hydrating Facial Cleanser for Normal to Dry Skin - 473 ml"
7750,2,"سيرافي غسول الوجه المرطب للبشرة العادية و الجافة - 473 مل"
7751,1,"Cetaphil Gentle Skin Cleanser - 473 ml"
7751,2,"منظف لطيف من سيتافيل - 473 مل"
7752,1,"CeraVe Hydrating Cream-to-Foam Cleanser - 236 ml"
7752,2,"منظف مرطب رغوي وكريم من سيرافي- 236 مل"
7753,1,"Hashemi Miswak is a natural miswak"
7753,2,"مسواك الهاشمي سواك طبيعي"
7754,1,"Jergens Deep Restoring Body Moisturizer with Soothing Musk Scent - 400ml"
7754,2,"جرجنز لوشن مرطب عميق للجسم برائحة المسك الملطف 400 مل"
7755,1,"Celia Body Butter with Green Tea, Lemongrass, Shea, and Cocoa - 300g"
7755,2,"زبدة للجسم بالشاي الأخضر وعشبة الليمون والشيا والكاكاو من سيليا 300 جرام"
7756,1,"Celia Shea & Lavender Body and Hand Moisturizer - 300g"
7756,2,"مرطب شيا باللافندر للجسم واليدين من سيليا - 300جم"
7757,1,"Celia Shea & Blue Nila Moisturizer for Body and Hands - 300g"
7757,2,"مرطب شيا بالنيلة الزرقاء للجسم واليدين من سيليا - 300جم"
7758,1,"Celia Shea & Licorice Extract Moisturizer for Body and Hands - 300g"
7758,2,"مرطب شيا بخلاصة عرق السوس للجسم واليدين من سيليا - 300جم"
7759,1,"Labella Reusable Shower Gel-Infused Sponge"
7759,2,"اسفنجة معبأة بجل الاستحمام قابلة لإعادة الاستخدام من لابيلا"
7760,1,"Cinema Secrets - Makeup Brush Cleaner Pro Starter Kit 236ml"
7760,2,"سينما سيكرت -محلول منظف لفرش المكياج 236 مل"
7761,1,"Cinema Secrets - Makeup Brush Cleanser 120ml"
7761,2,"سينما سيكرت -محلول منظف لفرش المكياج 120مل"
7762,1,"UNIPRO 3-Piece Nail Clipper Set - Assorted Colors"
7762,2,"يوني برو 3مقصات أظافر بكرت بألوان مختلفة UNIPRO"
7763,1,"Uni Pro Silicone Massage & Exfoliating Cream Distribution Brush – Effective Cleaning & Massaging"
7763,2,"فرشة سيليكونية للتدليك وتوزيع كريم التقشير يوني برو تنظيف وتدليك فعال"
7764,1,"Luca Lip Balm Light Mauve 01"
7764,2,"لوكا مرطب الشفاه موف فاتح 01"
7765,1,"Luca Lip Tint & Moisturizer - 04 Deja Pro"
7765,2,"لوكا احمر ومرطب الشفاه - 04 ديجا برو"
7766,1,"Luca Lip Tint & Moisturizer - 05 The Surf"
7766,2,"لوكا احمر ومرطب الشفاه - 05 ذا سيرف"
7767,1,"Luca Dreamy Under Churros Concealer - 05 Natural Medium"
7767,2,"كونسيلر دريمي اندر تشوروز متوسط طبيعي من لوكا- 05"
7768,1,"Luca Cream Blush - 05 Can't Go Wrong"
7768,2,"لوكا احمر خدود كريمي - 05 كانت قو رونق"
7769,1,"Heliocare Advanced Sunscreen Spray 200ml SPF"
7769,2,"بخاخ واقى شمس هيلوكير أدفانسد 200 مل معامل حماية"
7770,1,"Sulfur Soap 125g (TAHA)"
7770,2,"صابونة الكبريت 125ج (TAHA)"
7771,1,"Lens Me Caramel Lenses - Cosmetic Colored Lenses - Pack of 2 Lenses"
7771,2,"عدسات لنس مي كاراميل - ملونة زينة - عبوة تحتوي على عدستين"
7772,1,"Lens Me Color Contact Lenses - Drama"
7772,2,"لنس مي عدسات ملونة - دراما"
7773,1,"Lens Me Date Lenses - Colored Cosmetic Lenses - Pack of 2 Lenses"
7773,2,"عدسات لنس مي ديت - ملونة زينة - عبوة تحتوي على عدستين"
7774,1,"Victoria Body Mist Vanilla - 250 ml"
7774,2,"عطر فكتوريا للجسم ميست فانيليا 250 مل"
7776,1,"Collagen Glow Bites Gummies Dietary Supplement Natural Strawberry Flavor - 60 Gummies"
7776,2,"جاميز كولاجين جلو بايتس مكمل غذائي بنكهة الفراولة الطبيعية - 60 حبه"
7777,1,"Filli Dazzling Tulip Body Mist 150ml"
7777,2,"فيلي معطر جسم دازلنج توليب 150 مل"
7778,1,"Veil Body Mist, 150 ml, Amber"
7778,2,"بخاخ للجسم من فييل، 150 مل، بالعنبر"
7779,1,"Creation Creation Secret Spark Hair and Body Fragrance Mist - 120ml"
7779,2,"بخاخ معطر للشعر والجسم سيكرت سبارك من كريسيون كرياشن - 120مل"
7780,1,"Gloria Smile V34 Color Corrector Purple Toothpaste 30ml"
7780,2,"جلوريا سمايل معجون اسنان مصحح للون V34 بنفسجي 30 مل"
7781,1,"Diva Monthly Contact Lenses - Olivian (Power -1.25)"
7781,2,"عدسات ديفا الشهرية - اوليفيان Olivian‏ مقاس 1.25"
7782,1,"Color Wow Dream Coat Anti-Frizz Spray - Humidity and Frizz Resistance 50ml"
7782,2,"كلار واو دريم كوت بخاخ لمقاومة تجعد الشعرسبراي مقاومة النفشة والرطوبة 50 مل"
7783,1,"Regaine for Men 5% Hair Spray Solution - Prevents Hair Loss & Promotes Growth 60ml"
7783,2,"ريجين للرجال 5% بخاخ شعر محلول يمنع التساقط وينمي الشعر 60 مل"
7784,1,"Priorin N Hair Growth Supplement - 90 Capsules"
7784,2,"برايورين ان لنمو الشعر 90 كبسولة"
7785,1,"Celia Musk and Powder Body Lotion - 400g"
7785,2,"لوشن المسك والباودر من سيليا 400 جرام"
7786,1,"Celia Pomegranate and Vanilla Body Lotion - 400g"
7786,2,"لوشن الرمان والفانيلا من سيليا 400 جرام"
7787,1,"Celia Argan and Sweet Almond Oil Lotion 400ml"
7787,2,"سيليا لوشن الارغان وزيت اللوز الحلو 400مل"
7788,1,"Kanechom Strength and Vitality Conditioner for Oily and Falling Hair with Biotin and Jaborandi 350ml"
7788,2,"كانشوم بلسم قوة وحيوية للشعر الدهني والمتساقط بالبيوتين والجابوراندي 350ml"
7789,1,"Kanechom Protection and Restoration Conditioner for Damaged Hair - 350ml"
7789,2,"كانشوم بلسم حماية وترميم للشعر التالف - 350 مل"
7790,1,"Kanechom Vegan Keratin Hair Conditioner for Softness and Shine - 350ml"
7790,2,"كانشوم بلسم الكيراتين النباتي للشعر نعومة ولمعان - 350 مل"
7791,1,"COSRX Advanced Snail Peptide Eye Cream - 25ml"
7791,2,"كريم متطور للعين بخلاصة الببتيد والحلزون من كوسركس - 25 مل"
7792,1,"Lakme Collage Mix Color Intensifier 0/10 Green 60ml - Bashara"
7792,2,"لاكمي كولاج مكس مكثف اللون 0/10 أخضر 60مل - بشرة"
7793,1,"Original Natural Taous Soap - 4 Pieces x 125g"
7793,2,"صابون الطاووس طبيعي الأصلي - 4 قطع 125غ"
7794,1,"Victoria - Glossy Lips Body Mist, 250ml"
7794,2,"فيكتوريا _ بخاخ معطر الجسم جلوسي ليبز حجم 250مل"
7795,1,"Roushun Aloe Vera 99% Soothing & Moisturizing Gel - 300ml"
7795,2,"روشن جل  اولفيرا الصبار 99٪ مرطب مهدئ 300 مل"
7796,1,"Exa Blue Nila Soap Paste - 700g"
7796,2,"صابونية النيلة الزرقاء من ماركة اكسا - 700 جرام"
7797,1,"K-Secret - Seoul 1988 Eye Cream Retinal Liposome 4% - 30ml"
7797,2,"كي سيكريت - كريم العيون سيول 1988 ريتينال ليبوسوم 4% - 30مل"
7798,1,"Professional Natural Bristle Back Scrubber with Wooden Handle 4565"
7798,2,"بروفيشينال ليفة ظهر من الشعر الطبيعي بعصا خشبية 4565"
7799,1,"Professional Wooden Back Loofah"
7799,2,"ليفة خشبية للظهر من بروفيشنال"
7800,1,"Professional Bath Loofah with Wooden Handle"
7800,2,"لوف استحمام بمقبض خشبي من بروفيشنال"
7801,1,"Al Surrati - Air Freshener Spray, Red Rouge, 500 ml"
7801,2,"السرتي - بخاخ معطر جو, رد روج, 500 مل"
7802,1,"Intensive Retinol Skin Renewal Serum - 30ml"
7802,2,"سيروم ريتينول المكثف لتجديد البشرة - 30 مل"
7803,1,"Spa System Cuticle Remover Spray - 250 ml"
7803,2,"بخاخ مزيل الجلد الميت المحيط بالأظافر من سبا سيستم - 250 مل"
7804,1,"Beauty System Toothbrush, Toothpaste, and Dental Floss Set - 10 Pieces"
7804,2,"بيوتي سيستم فرشاة ومعجون مع خيط تنظيف الاسنان 10 قطعة"
7805,1,"Global Star Sauna Suit - Size XXXL"
7805,2,"جلوبال ستار بدلة ساونا مقاس XXXL"
7806,1,"Global Star Long Sleeve Sauna Suit for Weight Loss and Slimming - Size Small (S)"
7806,2,"لوبال ستار بدلة ساونا اكمام طويلة لخسارة وتخفيف الوزن - المقاس سمول S"
7807,1,"Exa Turmeric Soap with Natural Oil Extracts for Soft Skin, Instant Hydration, and Dark Spot Brightening - 700g"
7807,2,"إكسا صابونية الكركم بخلاصة الزيوت الطبيعية لبشرة ناعمة و الترطيب السريع و تفتيح الأماكن الداكنة 700جرام"
7808,1,"Exa Frankincense Soap with Natural Oil Extracts - 700g"
7808,2,"اكسا صابونية لبان الذكر بخلاصة الزيوت الطبيعية 700جم"
7809,1,"Aksa Aker Fassi Body Soap - 700g"
7809,2,"صابونية العكر الفاسي من ماركة اكسا - 700 جرام"
7810,1,"Diva Monthly Contact Lenses - Olivian, Size 1"
7810,2,"عدسات شهريه   من ديفا - اوليفيان مقاس 1"
7812,1,"St. Ives Radiant Skin Face Scrub - 170g"
7812,2,"مقشر الوجه لبشرة متألقة من سانت ايفز - 170غ"
7813,1,"Snail Candy Scrub Balls for Skin Brightening and Evening Tone - 300g"
7813,2,"سنيل كاندي كرات سكراب لتفتيح وتوحيد لون البشرة - 300 غرام"
7814,1,"Glee's Licorice & Snail Scrub - 300g"
7814,2,"مقشر عرق السوس الحلزون سنيل من جيليز - 300 غ"
7815,1,"Exa Snow White Body Soap - 700g"
7815,2,"صابونية بياض الثلج من ماركة اكسا - 700 جرام"
7816,1,"Exa Sidr Mask - 500g"
7816,2,"ماسك السدر من ماركة اكسا - 500 جرام"
7817,1,"Jardin Oleane Soap Paste with Argan Oil and Aker Fassi - 450g"
7817,2,"جاردن اوليان صابونية بزيت االارغان والعكر الفاسى 450جرام"
7818,1,"Exa Coffee and Clove Scalp Scrub - 300ml"
7818,2,"مقشر فروة الرأس القهوة والقرنفل من اكسا -300مل"
7819,1,"AXA Tea Leaf & Ginger Scalp Scrub - 300ml"
7819,2,"مقشر فروة الراس ورق الشاي والزنجبيل من ماركة اكسا - 300 مل"
7820,1,"EXA Lavender Scalp Scrub - 300 ml"
7820,2,"اكسا مقشر فروة الرأس بخلاصة اللافندر - 300 مل"
7821,1,"AXA Rosemary Scalp Scrub - 300ml"
7821,2,"اكسا, مقشر, فروة, الرأس, اكليل الجبل, - 300مل"
7822,1,"Peppermints Mouth Freshener Beads - Strawberry Flavor, 18 Beads"
7822,2,"بيبرمنتس كرات معطرة للفم بنكهة الفراولة 18 قرص"
7823,1,"Supre Tan - Cherry Bomb Body Tanning Lotion 235ml"
7823,2,"سوبري تان - لوشن تسمير الجسم تشيري بومب 235 مل"
7824,1,"Rebune Hair Dryer 2200W - RE2079"
7824,2,"ريبون مجفف شعر 2200 واط - RE2079"
7825,1,"Rebune 2200W Hair Dryer RE-2143"
7825,2,"مجفف الشعر الهوائي ريبون 2200 واط RE-2143"
7826,1,"Aptamil Advance Junior Baby Milk Stage 3 (1 to 3 Years) - 800g"
7826,2,"ابتاميل ادفانس جونيور حليب اطفال رقم (3) من 1 الي 3 سنوات - 800 جرام"
7827,1,"Aptamil Advance 1 Infant Formula for 0-6 Months 800g"
7827,2,"ابتاميل أدفانس ١ تركيبة للرضع من ٠-٦ أشهر 800 جم"
7828,1,"Marvis - Whitening Mint Toothpaste, 25ml"
7828,2,"مارفيس - معجون اسنان مبيض بالنعناع ، 25 مل"
7829,1,"Emjoi Opti Mini Shaver for Curved and Small Areas with Smoothing Function"
7829,2,"ماكينة حلاقة اوبتي ميني للمناطق المنحنية والصغيرة مع التنعيم من إمجوي"
7830,1,"Jointace for Cartilage and Joint Health Maintenance - 60 Capsules"
7830,2,"جوينت آيس للحفاظ على صحة الغضاريف والمفاصل 60 كبسولة"
7831,1,"Jointace Chondroitin 60 Tablets"
7831,2,"جوينت ايس كوندرويتن 60 حبة"
7832,1,"Pharmaton Dietary Supplement with Ginseng for Energy and Vitality - 30 Capsules"
7832,2,"فارماتون مكمل غذائي مع الجينسنج للطاقة والنشاط - 30 كبسوله"
7833,1,"Redoxon Vitamin C 1000 mg Effervescent - 15 Tablets"
7833,2,"ريدوكسون فيتامين سي 1000 ملغ فوار - 15 قرص"
7834,1,"Jamjoom Pharma Melatonin 5 mg - 100 Capsules"
7834,2,"جمجوم فارما ميلاتونين 5 مجم 100 كبسولة"
7835,1,"Habits Elderberry Dietary Supplement Gummies with Vitamin D3, C + Zinc - 60 Berry Flavored Pieces"
7835,2,"هابيتس حلوى مكمل غذائي بمستخلص البلسان فيتامين دي3 وسي+ زنك - 60 قطعة بنكهة التوت"
7836,1,"GP Vitamin D3 1000 IU - 60 Capsules"
7836,2,"جي بي فيتامين د3 1000 وحدة 60 كبسولة"
7837,1,"GP Ashwaq, Ashwagandha Extract, 300g - 50 Capsules"
7837,2,"جي بي، أشواق، خلاصة الاشواغاندا، 300 جم - 50 كبسولة"
7838,1,"JP Omega-3 Fish Oil 1000 mg, 60 Capsules"
7838,2,"زيت السمك أوميجا 3 من جيه بي بتركيز 1000 ملجم، 60 كبسولة-JP"
7839,1,"Jamjoom Pharma CoQ10 200 mg - 30 Capsules"
7839,2,"جمجوم فارما كو كيو 10 حجم 200 مجم 30 كبسولة"
7840,1,"Vitalife 30 Capsules"
7840,2,"فيتالايف 30 كبسولة"
7841,1,"Fresh Mint Breath Strips - 24 Strips"
7841,2,"فريش شرائح معطرة للفم بنكهة النعناع 24 شريحة"
7842,1,"Fresh More Breath Freshener Strips Strawberry Flavor - 24 Strips"
7842,2,"فريش مور شرائح معطرة للفم بنكهة الفراولة - 24 شريحة"
7843,1,"Femfresh Feminine Powder 200g - 2 Pieces (20% Off)"
7843,2,"فيم فرش بودرة نسائية 200جم 2 حبه 20%"
7844,1,"SHEGLAM Eyebrow Powder with Stamp - Espresso"
7844,2,"شيجلام بودرة حواجب مع طابع لتحديد الحواجب - درجة اسبريسو"
7845,1,"HD Ammonia-Free Dark Brown Hair Color Cream"
7845,2,"كريم صبغ الشعر البني الغامق الخالي من الامونيا من HD"
7846,1,"Lakmé Color Developer Oxygen Cream (18 Vol) (5.4%) 90ml"
7846,2,"لاكمي كريم اوكسجين كولور ديفلوبر بتركيز (18 Vol) (5.4%) 90 مل"
7847,1,"Mom's Bath Body Korean Exfoliating Mitt - Pink"
7847,2,"مامز باث بودي ليفة التقشير الكورية وردي"
7848,1,"Rafas Dawn Roll-On Alcohol-Free Perfume - 6ml"
7848,2,"عطر رفاس دون رول خالي من الكحول - 6مل"
7849,1,"Jawi Green Balm 20g"
7849,2,"بلسم اخضر جاوي 20جم"
7850,1,"Eveline White Prestige Hand Care Set 2 x 100ml"
7850,2,"مجموعة العناية باليدين وايت برستيج 2 × 100 مل من ايفلين"
7851,1,"Johnson's Intense Hand Cream for Very Dry Skin - 75ml"
7851,2,"كريم اليدين المكثف للبشرة الجافة جدًا من جونسون 75 مل"
7852,1,"Lava Natural Cordyceps Hydrating Face Mask"
7852,2,"لافا قناع ترطيب للوجة طبيعي كورديسيبس"
7853,1,"Color Me Gold Femme Eau de Parfum for Women - 50ml"
7853,2,"عطر جولد فيم كولور مي او دي بارفان للنساء 50 مل"
7854,1,"Aptamil Advance Junior 3 Growing Up Milk, Vanilla Flavor, 1-3 Years, 1200g Value Pack"
7854,2,"أبتاميل أدفانس جونيور 3 حليب أطفال بطعم الفانيلا 1-3 سنوات 1200 جم عبوة التوفير"
7855,1,"Carotone Skin Brightening and Whitening Cream - 135ml"
7855,2,"كاروتون كريم تفتيح وتبييض البشرة - 135مل"
7856,1,"Derma Roller for Skin and Hair Treatment - 1.5mm"
7856,2,"ديرما رولر لعلاج البشرة و الشعر مقاس 1.5مم"
7857,1,"Derma Roller for Skin Treatment and Acne Scars - Size 0.3mm"
7857,2,"ديرما رولر لعلاج البشرة واثار حب الشباب مقاس 0.3"
7858,1,"Mazaj Al-Keif Turmeric Powder for Face and Body - 100g"
7858,2,"بودرة الكركم للوجه والجسم من مزاج الكيف -100جرام"
7859,1,"Skin System Beeswax Hair Removal Wax"
7859,2,"شمع العسل لإزالة الشعر من سكين سيستم"
7860,1,"Beauty Formulas Eco-Friendly Bamboo Toothbrush"
7860,2,"فرشاة أسنان صديقة للبيئة من بيوتي فورمولا مصنوعة من الخيزران"
7861,1,"Fablab Spiderman Toothbrush with Toy"
7861,2,"فابلاب فرشاة اسنان سبايدرمان مع لعبة"
7862,1,"L'Oreal Paris Deep Cleansing Gel for Combination to Oily Skin with Hyaluronic and Salicylic Acid, 200ml"
7862,2,"جل منظف بعمق للبشرة المختلطة والدهنية بحمض الهيالورونيك والساليسيليك من لوريال باريس ، 200 مل"
7863,1,"Rexona Men Roll-On Deodorant Extra Cool - 50ml"
7863,2,"ريكسونا مزيل عرق رول أون إكسترا كول للرجال - 50مل"
7864,1,"Invisible Black & White Original Anti-Perspirant Roll-On for Women - 50 ml"
7864,2,"مقاوم التعرق انفيزبل اسود وابيض الاصلي رول للنساء 50 مل"
7865,1,"Cosmo Moisturizing Cherry Blossom Hand Wash - 750ml"
7865,2,"غسول يدين مرطب بزهرة الكرز من كوزمو - 750 مل"
7866,1,"Cosmo Soul Fresh Lemon Liquid Hand Wash - 750ml"
7866,2,"سول اليدين سائل برائحة الليمون فريش من كوزمو - 750 مل"
7867,1,"Depend False Eyelashes - Vanessa"
7867,2,"ديبند رموش صناعيه فانيسيا"
7868,1,"Depend Eyebrow and Face Trimmer & Shaper Dep90411"
7868,2,"ديبند ماكينة قص وتحديد الحواجب و الوجه Dep90411"
7869,1,"Pomegranate Musk Al Tahara Oil - Hood Perfumes 12ml"
7869,2,"زيت مسك الطهارة رمان - موقع هود للعطور 12 مل"
7870,1,"Qviss Lava Lashes"
7870,2,"رموش كيوفيس لافا"
7871,1,"High-Quality Horse Hair Winged Eyelashes - Sand 111"
7871,2,"رموش بشعر الحصان عاليه الجوده طرفيه ساند 111"
7872,1,"Harmony Lash by Benetti London, 100% Natural Soft Lashes HL119"
7872,2,"هارموني لاش من بينيتي لندن، رموش طبيعية 100%، ناعمة HL119"
7873,1,"Harmony Lash by Benetti London, 100% Natural Soft Lashes HL122"
7873,2,"هارموني لاش من بينيتي لندن، رموش طبيعية 100%، ناعمةHL122"
7874,1,"Endocare Expert Drops Firming Protocol Serum (2 x 10 ml)"
7874,2,"إندوكير إكسبرت سيروم بروتوكول لشد البشرة (2 × 10 مل)"
7875,1,"Fam Night Folded with Wings - 48 Pads"
7875,2,"فام ليلية مطوية بالأجنحة 48 قطعة"
7876,1,"Sasha Aloe Vera Extract Face Mask"
7876,2,"ساشا قناع وجه بخلاصة الصبار"
7877,1,"Sacha Charcoal Extract Face Mask"
7877,2,"ساشا قناع وجه بخلاصة الفحم"
7878,1,"Sacha Snail Extract Face Mask"
7878,2,"ساشا قناع وجه بخلاصة الحلزون"
7879,1,"Sacha Face Mask with Hyaluronic Acid Extract"
7879,2,"ساشا قناع وجه بخلاصة حمض الهيالورونيك"
7880,1,"Makuku Ultra Care Baby Diapers Size (4) 44 Pieces - Tape"
7880,2,"ماكوكو حفاضات اطفال رعاية فائقة مقاس (4) 44 حبة-شريط"
7881,1,"Makuku Ultra Care Baby Diapers Size (3) 50 Count"
7881,2,"ماكوكو حفاضات اطفال رعاية فائقة مقاس (3) 50 حبة"
7882,1,"Makuku Baby Diaper Pants Ultra Care Size (6) 30 Count"
7882,2,"ماكوكو كلوت اطفال رعاية فائقة مقاس (6) 30 حبة"
7883,1,"Makuku Ultra Care Baby Diaper Pants Size (5) 36 Count"
7883,2,"ماكوكو كلوت اطفال رعاية فائقة مقاس (5) 36 حبة-كلوت"
7884,1,"Makuku Baby Diaper Pants Ultra Care Size (7) 26 Count"
7884,2,"ماكوكو كلوت اطفال رعاية فائقة مقاس (7) 26 حبة"
7885,1,"Humana Little Heroes (3) Pro Milk Formula 800g"
7885,2,"هيومانا تركيبة حليب ليتيل هيروز (3) برو 800 جرام"
7886,1,"Pert Plus Anti-Dandruff Shampoo with Coconut Oil and Lemon - 1 Liter"
7886,2,"برت بلاس شامبو ضد القشرة بزيت جوز الهند والليمون - 1 لتر"
7887,1,"Pert Plus Olive Oil Shampoo for Dry Hair - 1000 ml"
7887,2,"برت-بلس شامبو زيت الزيتون للشعر الجاف 1000 مل"
7888,1,"Dettol Fresh Yellow Soap 165ml"
7888,2,"صابون ديتول اصفر منعش 165 مل"
7889,1,"Dettol Cool Antibacterial Bath Soap Bar, Mint & Bergamot Scent, 165g"
7889,2,"Dettol بارد مضاد للاستحمام البكتيري بار النعناع ورائحة البرغموت 165 جرام"
7890,1,"Dettol Skincare Soap Bar - 165g"
7890,2,"صابون ديتول للعناية بالبشرة - 165 جرام"
7891,1,"Johnson's Baby Shampoo - 750ml + 200ml Baby Oil"
7891,2,"جونسون بيبي شامبو جونسون للأطفال - 750 + 200 مل زيت أطفال"
7892,1,"Stella White Teeth Whitening Strips - 28 Strips"
7892,2,"ستيلا وايت لصقات تبييض الأسنان 28 لصقة"
7893,1,"Elegant Honey and Carrot Soap for Skin Lightening, Whitening, and Pigmentation Treatment - 100g"
7893,2,"اليجانت صابون العسل والجزر لتفتيح وتبييض البشرة ومعالجة التصبغات - 100 جرام"
7894,1,"Herbal Glo - 2-in-1 Shampoo & Conditioner with Vitamin B5 - 350 ml"
7894,2,"هيربل جلو - شامبو مع بلسم مع فيتامين بي 5 - 350 مل"
7895,1,"Ziaja Med Anti-Dandruff Shampoo for Oily Hair 300 ml"
7895,2,"زياجا ميد شامبو للشعر الدهنى ضد القشرة 300 مل"
7896,1,"Lalux Facial Cleansing Gel 150ml, for Dry and Sensitive Skin"
7896,2,"لالوكس غسول جل للوجه 150مل، للبشرة الجافة والحساسة"
7897,1,"Carbon Theory Daily Hydrating and Renewing Skin Serum 30ml"
7897,2,"سيروم ترطيب وتجديد البشرة اليومي من كاربون ثيوري 30 مل"
7898,1,"Johnson's Body Wash with Berry Extract - 400 ml"
7898,2,"جونسون صابون لأستحمام مع خلاصة التوت 400 مل"
7899,1,"Wellziad Mint Flavored Teeth Whitening Strips, 28 Strips"
7899,2,"لصقات تبيض الاسنان بنكهة النعناع من ويلزياد, 28 شريط"
7900,1,"Bioscreen Niacinamide Radiance Serum 30ml"
7900,2,"بيوسرين سيروم نياسيناميد لاشراقة البشرة 30 مل"
7901,1,"Petris On Refreshing Strawberry & Cream Shower Gel - 750 ml"
7901,2,"جل استحمام منعش بالفراولة والكريمة من بيتريس اون - 750 مل"
7902,1,"Beatrice On Vanilla and Macadamia Shower Gel - 750 ml"
7902,2,"جل استحمام بالفانيليا والمكاديميا من بيتريس اون - 750 مل"
7903,1,"Beatrice On Sweet Apple Shower Gel - 750 ml"
7903,2,"جل استحمام بالتفاح الحلو من بيتريس اون - 750 مل"
7904,1,"Jellys Pure Soap for Skin Whitening - 100g"
7904,2,"صابون بيور النقي لتفتيح البشرة من جيليز - 100 جم"
7905,1,"Amber Flowers Secret Pink Bloom Body Mist for Women - 250ml"
7905,2,"إمبر فلاورز سيكرت معطر جسم نسائي بينك بلوم 250 مل"
7906,1,"Emper Fabre Magic Body Mist - 250ml"
7906,2,"امبير معطر جسم فابري ماجيك 250 م"
7907,1,"Amber Flower Secret Scarlet Breeze Body Mist - 250 ml"
7907,2,"امبر فلاور سكرت معطر جسم سكرلت بريز -250 مل"
7908,1,"Cantabria Neoretin Ultra Depigmenting Emulsion 30ml"
7908,2,"مستحلب نيوريتين ألترا لإزالة التصبغات 30 مل من كانتربريا"
7909,1,"Neoretin Body Lotion for Sensitive Areas Control - 100ml"
7909,2,"لوشن الجسم نيوريتين للتحكم في المناطق الحساسة100مل"
7910,1,"Biretix Double Correction Serum 30ml"
7910,2,"سيروم بيريتكس للتصحيح المزدوج 30 مل"
7911,1,"Iraltone 2-in-1 Eyelash and Eyebrow Booster Serum 10ml"
7911,2,"سيروم إيرالتون ٢ في ١ لتعزيز نمو الرموش والحواجب ١٠ مل"
7912,1,"Endocare Glycopure Creamy Cleanser 150ml"
7912,2,"اندوكير غلايكوبرفكت منظف كريمي 150 مل"
7913,1,"Hauda Soft Oval Bath Loofah"
7913,2,"ليفة استحمام ناعمة بيضاوية من هاودا"
7914,1,"Balmy Natural Exfoliating Face & Body Loofah - 3 Pieces"
7914,2,"ليفة جسم طبيعية مقشرة للوجه من بالمي - 3قطعة"
7915,1,"Jardin Oleane Premium Moroccan Loofah for Removing Dead Skin and Impurities - Brown"
7915,2,"الليفة المغربية الممتازة لإزالة الجلد الميت والشوائب من جاردن اوليان , لون بني"
7916,1,"Palmy Natural Round Body Loofah V2"
7916,2,"ليفة جسم طبيعية دائرية من بالمي V2"
7917,1,"Dream Water Sleep Shot with Melatonin - 74 ml"
7917,2,"مساعد للنوم دريم واتر شوت ميلاتونين 74 مل"
7918,1,"Marvis Jasmin Mint Toothpaste 85ml"
7918,2,"معجون اسنان بالياسمين والنعناع من مارفيس 85 مل"
7920,1,"Marvis Whitening Mint Toothpaste for Smokers, 85ml"
7920,2,"معجون أسنان بالنعناع لتبييض الأسنان للمدخنين، 85 مل، من مارفس"
7921,1,"Nahdi Adult Diaper Pants, Large, 8 Count"
7921,2,"النهدي حفائض كبار السن كلوت كبير 8 حبة"
7922,1,"Fine Care Adult Pull-Ups Diapers, Large Size, 14 Count"
7922,2,"حفائض فاين كير كلوت لكبار السن مقاس كبير عدد 14 حبة"
7923,1,"Sensodyne Soft Toothbrush for Sensitive Teeth, 3 Pieces - Multi-Color"
7923,2,"سنسوداين فرشاة أسنان ناعمة للأسنان الحساسة 3 قطع - ألوان متعددة"
7924,1,"Baby Life Economy Pack Carton Size 7 (20+ kg) 80 Diapers"
7924,2,"بيبي لايف كرتون عبوة اقتصادية رقم 7 اكثر من 20 كيلو 80 حفاضة"
7925,1,"Baby Life Diapers Economy Box Size 3 (4-9 kg) - 150 Diapers"
7925,2,"كرتون بيبي لايف عبوة اقتصادية رقم 3 وزن 4- 9 كيلو عدد 150 حفاض"
7926,1,"Baby Life Economy Pack Size 4 (7-14 kg) - 130 Diapers"
7926,2,"بيبي لايف كرتون بيبي لايف عبوة اقتصادية رقم 4 وزن من 7-14 كيلو 130 حفاض"
7928,1,"Baby Life Mega Box Size 1 (2-5 kg) - 190 Diapers Economy Pack"
7928,2,"بيبي لايف كرتون بيبي لايف عبوة اقتصادية رقم 1 وزن من 2-5 كيلو عدد 190 حفاظ"
7929,1,"Baby Life Economy Pack Carton Size 6, 18+ kg, 90 Diapers"
7929,2,"بيبي لايف كرتون عبوة اقتصادية رقم 6 وزن اكثر من 18 كيلو عدد 90 حفاظة"
7930,1,"Snow White Cute Body Soap with Sudanese Dilka - 700g"
7930,2,"صابونية بياض الثلج كيوت للجسم بدلكة سودانية-700غ"
7931,1,"Cute Frankincense Soap with Sudanese Dilka by Soft Touch - 700g"
7931,2,"صابونية اللبان كيوت بدلكة سودانية من اللمسة الناعمة 700 غرام"
7932,1,"Hawaful Pure Medical Vaseline 250g"
7932,2,"فازلين طبي نقي 250 جم - حوافل"
7933,1,"Rebune Rechargeable Hair Clipper RE-7702"
7933,2,"ريبون ماكينة حلاقة قابلة للشحن RE-7702"
7934,1,"Exa Original Petroleum Jelly Pack - 425ml & 115ml"
7934,2,"عبوة إكسا بتروليوم جيلي الأصلية 425 و115 مل"
7935,1,"Cadiveu Brasil Cacau Hair Protein Kit – 3 Pieces"
7935,2,"مجموعة بروتين الشعر برازيل كاكاو من كاديفو – 3 قطع"
7936,1,"Rust 3D White Toothpaste Mint Power 2x125ml"
7936,2,"رست معجون أسنان 3D بياض قوة النعناع 1*2*125 مل ..."
7937,1,"Oplus Hair Shampoo with Rosemary and Lavender Oil - 500 ml"
7937,2,"شامبو للشعر بزيت اكليل الجبل واللافندر من اوبلس - 500 مل"
7938,1,"M&K Keratin Hair Care Conditioner 1L"
7938,2,"ام اند كي بلسم العناية بالشعر الكيراتين 1لتر"
7939,1,"Vitals Shampoo and Conditioner Set for Damaged and Dry Hair, 500ml"
7939,2,"مجموعة شامبو وبلسم فيتالز للشعر التالف والجاف، 500 مل"
7940,1,"Humana Infant Milk Formula Stage 1 (0-6 Months) - 800g"
7940,2,"هيومانا حليب أطفال رقم (1) من عمر الولادة الي 6 شهور - 800 جرام"
7941,1,"Germa Care Baby Wipes - 60 Sheets"
7941,2,"جيرما كير للاطفال مناديل 60 ورقة"
7942,1,"United Professional Curling Iron - 25mm"
7942,2,"كواة الكيرلي من يونايتد - 25 ملم"
7943,1,"A-Derma Biology AC Cleansing Foaming Purifying Gel, Organic, 400ml"
7943,2,"أ-ديرما جل رغوي منظف ومنقي للبشرة من بايولوجي أي سي، عضوي، ٤٠٠ مل"
7944,1,"NYX PROFESSIONAL MAKEUP Plump Right Back Serum & Primer, with Hyaluronic Acid"
7944,2,"سيروم و برايمر Plump Right Back من NYX PROFESSIONAL MAKEUP، مع حمض الهيالورونيك"
7945,1,"NYX Professional Makeup, The Face Glow Setting Spray - 60ml"
7945,2,"ان واي اكس, بخاخ مثبت مكياج, ذا فيس جلو,- 60مل"
7947,1,"NYX Duck Plump Lip Gloss - 03 Nude Swings"
7947,2,"نيكس ملمع شفاه داك بلامب - 03 نود سونجيس"
7950,1,"Eucerin Daily Hydration Body Lotion - 500ml"
7950,2,"لوشن ترطيب البشرة اليومي من يوسرين - 500مل"
7951,1,"Aquaphor Healing Ointment for Skin Protection and Treatment - 50g"
7951,2,"مرهم اكوافور لحماية ومعالجة البشرة 50 جرام"
7952,1,"RDL Avocado Moisturizing Hand and Body Lotion - 600ml"
7952,2,"لوشن مرطب لليد والجسم افوكادو من ار دي ال 600 مل"
7953,1,"Milestone Mooj Gardens Eau de Parfum for Unisex – 95 ml"
7953,2,"عطر موج جاردنز أو دي بارفيوم للجنسين من مايلستون – 95 مل"
7954,1,"Milestone Hair Perfume Elixir for Women - 100 ml"
7954,2,"طر مايلستون هير بريفري اليكسير للنساء 100 مل"
7955,1,"Milestone L'Intercode Intense Eau de Parfum - 100 ml"
7955,2,"مايلستون عطر إل إنتركود إنتنس أو دي برفيوم- 100 م"
7958,1,"Oplus Hair Conditioner with Protein &amp; Keratin – 1000 ml"
7958,2,"او بلس بلسم للشعر بالبروتين والكيراتين - 1000 مل"
7959,1,"Oplus Protein &amp; Keratin Hair Shampoo – 1000ml          اطرح سؤالك على ChatGPT"
7959,2,"شامبو أو بلس للشعر بالبروتين والكيراتين – 1000 مل"
7961,1,"O Plus Shampoo for Protein and Keratin Treated Hair – 500ml"
7961,2,"شامبو أو بلس للشعر المعالج بالبروتين والكيراتين – 500 مل"
7962,1,"O Plus Protein and Keratin Hair Mask – 500 ml"
7962,2,"ماسك أو بلس بالبروتين والكرياتين – 500 مل"
7963,1,"Natural Sweet Almond Body Oil - 200 ml"
7963,2,"زيت اللوز الحلو للجسم من ناتشورال - 200 مل"
7964,1,"Depiwhite.S Skin Care Cream for Skin Whitening with SPF 50ml"
7964,2,"كريم العناية بالبشرة ديبوايت . S لتبييض البشرة بعامل وقاية من الشمس . S 50ملليلتر"
7965,1,"ACM Depiwhite Protective Cream SPF 50+ Invisible - 40 ml | Maximum Sun Protection"
7965,2,"ديبي وايت كريم الحماية 50 شفاف من أي سي إم - 40 مل | حماية قصوى من الشمس"
7966,1,"ACM Depiwhite Whitening Cleansing Foam 200ml"
7966,2,"ايه سي ام ديبى وايت رغوة تفتيح وتنظيف البشرة 200 مل"
7968,1,"ACM Depiwhite Whitening Body Milk - 200ml"
7968,2,"حليب الجسم ديبي وايت لتفتيح البشرة من أي سي إم - 200مل"
7969,1,"Natural Apple Hair Dye Shampoo - Dark Brown, 400 ml"
7969,2,"ناتشورال شامبو صبغة شعر بالتفاح لون بني غامق 400 مل ..."
7970,1,"Melinda Nail Polish 166 - 13ml"
7970,2,"طلاء اظافر 166من ميليندا - 13مل"
7971,1,"Melinda Nail Polish 146 - 13ml"
7971,2,"طلاء اظافر 146من ميليندا - 13مل -"
7972,1,"Endocare Renewal Glycopurefect Intensive Serum 50ml"
7972,2,"سيروم إندوكير رينيوال جليكوبيرفيكت از المكثف 50 مل"
7973,1,"Endocare Aquafoam Gentle Cleansing Face Wash, 125 ml"
7973,2,"غسول الوجه المنظف اللطيف إندوكير أكوا فوم، 125 مل"
7974,1,"Essence Heart Core Fruity Lip Balm 01 - Cherry"
7974,2,"مرطب شفاه إيسنس هارت كور فروتي 01 - كرز"
7975,1,"Activlab Multivitamin & Minerals Dietary Supplement with Sweeteners, Orange Flavor - 20 Effervescent Tablets"
7975,2,"كتيف لاب مكمل غذائي فيتامينات و معادن متنوعة مع المحليات بنكهة البرتقال - 20 قرص فوار"
7976,1,"Biotin Plus Dietary Supplement with Sweeteners - Cherry Flavor"
7976,2,"مكمل غذائي بيوتين بلس مع محليات بنكهة الكرز"
7977,1,"Activlab Vitamin B Complex - 60 Tablets"
7977,2,"أكتيف لاب مجموعة فيتامين ب المتعددة 60 ح"
7978,1,"Honey and Ginger Powder Dietary Supplement with Vitamin C, Lemon and Honey Flavor - 10 Sachets"
7978,2,"مكمل غذائي مسحوق عسل وزنجبيل مع فيتانمين سي بنكهة الليمون والعسل 10 قطع"
7979,1,"Contractubex Gel - 20g"
7979,2,"كونتراكتيوبكس-جل-لعلاج-الندبات كونتراكتيوبكس جل لعلاج الندبات و آثار الحروق و الجروح 20جرام"
7980,1,"eos Shea Better Shave Cream for Women, Skin Care Shave Lotion with Shea Butter, Pomegranate Raspberry Scent, 207ml"
7980,2,"كريم الحلاقة شيا أفضل للنساء وعناية بالبشرة وغسول بزبدة الشيا ورائحة الرمان والتوت من إيوس 207مل"
7981,1,"Etude House Baking Powder Pore Scrub & Cleansing Foam - 168g"
7981,2,"رغوة تقشير وتنظيف المسام بالباكينج باودر من ايتود هاوس 168 جم"
7982,1,"Rebune Professional Hair Dryer and Styler 1200W - Black"
7982,2,"ريبون مجفف ومصفف الشعر بروفيشينال بقوة 1200 واط - أسود"
7983,1,"Ceramic Hair Straightener 46W RE-2062"
7983,2,"مملس شعر سيراميك 46 واطRE-2062"
7984,1,"3-Blade Disposable Razors 16+8 Pieces BL-01007"
7984,2,"أمواس حلاقة 3 شفرات 16+8 قطعة BL-01007"
7985,1,"Women's Razors - 3 Pieces"
7985,2,"شفرة حلاقة نسائية 3 قطع"
7986,1,"Boland Laura Stainless Steel Disposable Razors - 24 Pieces"
7986,2,"بولاند لورا ماكينة حلاقة من الفولاذ المقاوم للصدأ للاستخدام مرة واحدة شفرات حلاقة 24 قطعه"
7987,1,"Venus ComfortGlide Spa Breeze Razor with 2 Refill Blades"
7987,2,"ماكينة حلاقة فينوس كومفورت جلايد بولاند ليور مع شفرتين قابلتين لإعادة التعبئة"
7988,1,"Seoul 1988 Sunscreen: Pine Tree + Ceramide by K-Secret"
7988,2,"واقي الشمس سيول 1988: شجرة الصنوبر + سيراميد من كي سيكريت"
7989,1,"Red Cherry LILY Mini Eyelash Set"
7989,2,"طقم رموش صغير Red Cherry LILY"
7990,1,"Sara Beauty Bikini Area Whitening Balm 40g"
7990,2,"سارة بيوتي بلسم تفتيح منطقة البكيني 40 جم"
7991,1,"Body Peeling Mitts - Mom's Bath (Red) 1 Piece 25ml"
7991,2,"قفازات تقشير الجسم - من مومز باث ( احمر ) قطعة واحدة 25 مل"
7992,1,"Cosmo Original Glycerin Oil for Normal and Dry Skin, 200 ml"
7992,2,"زيت جليسرين الأصلي للجلد العادي والجاف من كوزمو , 200 مل"
7993,1,"Cofix Foot and Heel Tinting Cream - 60ml"
7993,2,"كريم توريد القدمين والكعبين من كوفيكس - 60مل"
7994,1,"Germa Care Baby Body Powder 100g"
7994,2,"جيرما كير للاطفال بودر للجسم 100 جرام"
7995,1,"Germa Care Baby Soap - 100g"
7995,2,"صابونة للرضع جيرما كير 100 جرام"
7996,1,"Germa Care Baby Body Cologne 150ml"
7996,2,"جيرما كير للاطفال الرضع كولونيا للجسم 150 مل"
7997,1,"GermaCare Baby Diaper Change Cream 75 ml"
7997,2,"جيرما كير للاطفال كريم لتغير الحفاض 75 مل"
7998,1,"GermaCare Baby Body Shampoo 200ml"
7998,2,"جيرما كير للاطفال الرضع شامبو للجسم 200 مل"
7999,1,"GermaCare Baby Body Lotion 200ml"
7999,2,"جيرماكير لوشن للجسم للأطفال  الرضع 200مل"
8000,1,"GermaCare Baby Care Oil 150ml"
8000,2,"جيرماكير زيت العناية بالبشرة للرضع 150مل"
8001,1,"Tissi - Interdental Brush and Toothpicks, 40 Pieces"
8001,2,"تيسي - فرشاة ونكاشة ما بين الاسنان ، 40 حبة"
8002,1,"Maybelline New York Lash Sensational Sky High Mascara"
8002,2,"ماسكارا لاش سينساشونال سكاي هاي من ميبلين نيويورك"
8003,1,"Dettol Cool Bar Soap 165g"
8003,2,"ديتول بار صابون كوول 165ج"
8005,1,"Red Mshat for Hair 250g - Hawafel"
8005,2,"مشاط احمر للشعر 250 جم - حوافل"
8006,1,"Psyllium Husk (Ispaghol) 200g - Hawafel"
8006,2,"قشور السيليوم الاسباغول 200 جم - حوافل"
8007,1,"Cofix Shea Butter Body Sugar Scrub - 250 ml"
8007,2,"مقشر السكر للجسم بزبدة الشيا من كوفيكس 250 مل"
8009,1,"Aker Fassi Sugar Scrub by Golden Touch - 500g"
8009,2,"مقشر السكر بالعكر الفاسي من اللمسه الذهبيه 500 جم"
8010,1,"Strawberry Skin Scrub - Golden Touch - 500ml"
8010,2,"مقشر جلد الدجاج - اللمسة الذهبية - 500 -"
8011,1,"Kenta Skin Brightening and Whitening Scrub - 500g"
8011,2,"مقشر كينتا لتفتيح وتبييض البشره 500 جم"
8012,1,"Kenta Soap for Skin Lightening and Whitening - 500g"
8012,2,"صابونيه كينتا لتفتيح وتبيض البشره 500جم"
8013,1,"Golden Touch Vitamin C Sugar Scrub 500g"
8013,2,"اللمسة الذهبية مقشر السكر فيتامين سي 500جم"
8014,1,"DUO Eyelash Adhesive Green - 5g"
8014,2,"ديو صمغ الرموش اخضر 5جرام"
8015,1,"Dove Exfoliating Body Scrub with Pomegranate Seeds and Shea Butter, 298g"
8015,2,"مقشر دوف بخلاصة بذور الرمان وزبدة الشيا , 298 جرام"
8016,1,"Dove Brown Sugar & Coconut Body Scrub - 425g"
8016,2,"مقشر الجسم بالسكر البني و جوز الهند من دوف - 425 جرام"
8017,1,"Tawas Crystals with Scented Deodorant Powder 45g"
8017,2,"كريستالات تاوس مع مسحوق مزيل العرق العطري 45 جرام"
8018,1,"Tawas Deodorant Powder - 50g"
8018,2,"بودرة تواس مزيل رائحة العرق - 50غ"
8019,1,"Professional Wooden Back Loofah"
8019,2,"ليفة خشبية للظهر من بروفيشنال"
8020,1,"Marway Back Brush with Handle HY-R122"
8020,2,"مرواي فرشاة ظهر بعصا HY-R122"
8021,1,"Biretix Tri-Active Anti-Blemish Spray, 100 ml"
8021,2,"بيريتيكس تري أكتيف رذاذ مضاد للعيوب، 100 مل"
8022,1,"Heliocare 360 Water Gel Sunscreen Hydrating SPF 50 - 50ml"
8022,2,"هيلوكير 360 جل مائي واقي شمس ترطيب بعامل حماية 50  حجم 50 مل"
8023,1,"Heliocare 360 Invisible Spray SPF 50+, 200ml"
8023,2,"بخاخ هيليوكير 360 غير مرئي بعامل حماية من الشمس 50+، 200 مل"
8024,1,"Ajmal Sacrifice Perfumed Body Powder for Women - 100g"
8024,2,"بودرة الجسم المعطرة ساكريفايس للنساء من اجمل-100جرام"
8025,1,"Cosmo Strawberry Shower Gel, 1000 ml"
8025,2,"جل استحمام بالفراولة من كوزمو ، 1000 مل"
8027,1,"Rebune Hair Curler with Digital Display - 110W - Black - 22mm RE-2190"
8027,2,"فير شعر بشاشة رقمية من ريبون - 110 واط - أسود - 22 ملم RE-2190"
8028,1,"Rebune Inflatable Home Steam Sauna - 140W"
8028,2,"ريبون جهاز ساونا بخار منزلية قابلة للنفخ 140 واط"
8029,1,"Fab Lab Masha and the Bear Kids Toothbrush - With Timer"
8029,2,"فاب لاب فرشاة اسنان للأطفال شخصية ماشا والدب -مع ساعة"
8030,1,"Cosmo Romance Shower Gel with Rose Extract, 1000 ml"
8030,2,"جل استحمام رومانس بخلاصة الورد من كوزمو ، 1000 مل"
8031,1,"Cosmo Beauty Moisturizing Hand Wash French Lavender 750ml"
8031,2,"كوزمو بيوتي غسول يدين مرطب لافندر فرنسي 750مل"
8032,1,"Cosmo French Lavender Shower Gel, 1000 ml"
8032,2,"جل استحمام باللافندر الفرنسي من كوزمو ، 1000 مل"
8033,1,"Cosmo Cherry Blossom Shower Gel - 1 Liter"
8033,2,"كوزمو جل استحمام برائحة زهر الكرز 1 لتر"
8034,1,"Cosmo Papaya Extract Shower Gel Family Size - 1000ml"
8034,2,"كوزمو جل الاستحمام بخلاصة البابايا حجم عائلي - 1000 مل"
8035,1,"Spa System Sauna Suit for Slimming and Fat Burning - Size S"
8035,2,"بدلة ساونا للتخسيس وإذابة الدهون من سبا سيستم - مقاس S"
8036,1,"Spa System Sauna Suit for Slimming and Fat Burning - Size M"
8036,2,"بدلة ساونا للتخسيس وإذابة الدهون من سبا سيستم - مقاس M"
8037,1,"Spa System Sauna Suit for Slimming and Fat Burning - Size XXXL"
8037,2,"بدلة ساونا للتخسيس وإذابة الدهون من سبا سيستم - مقاس XXXL"
8038,1,"Spa System Sauna Suit for Slimming and Fat Burning - Size XXL"
8038,2,"بدلة ساونا للتخسيس وإذابة الدهون من سبا سيستم - مقاس XXL"
8039,1,"Spa System Sauna Suit for Slimming and Fat Burning - Size XL"
8039,2,"بدلة ساونا للتخسيس وإذابة الدهون من سبا سيستم - مقاس XL"
8040,1,"Natural Hair Dye Shampoo with Apple Extract - Black, 400 ml"
8040,2,"ناتشورال شامبو صبغة شعر بالتفاح لون اسود 400 مل ..."
8041,1,"Mix Up Eyebrow Styling and Shaping Gel - 50ml"
8041,2,"جل الحواجب لتحديد وترتيب الحواجب 50 مل من ميكس اب"
8042,1,"Maybelline New York SuperStay Lipstick 4.2ml - RESTLESS 85"
8042,2,"احمر شفاه سوبر ستاي مبيلين نيويورك 4.2 مل - RESTLESS 85"
8043,1,"Maybelline New York SuperStay Lipstick 4.2ml - 75 HOT"
8043,2,"روج احمر شفاه سوبر ستاي من مبيلين نيويورك 4.2 مل - 75 HOT"
8044,1,"Maybelline Super Stay Vinyl Ink Liquid Lipstick - 50 Wicked"
8044,2,"أحمر شفاه سائل سوبر ستاي من ميبلين -ويكد 50"
8045,1,"Maybelline Super Stay Lipstick - LIPPY 10"
8045,2,"حمر شفاه سوبر ستاي من ميبلين - LIPPY 10"
8046,1,"Maybelline New York Super Stay Vinyl Ink Liquid Lipstick - 125 Toty's Keen"
8046,2,"ميبيلين نيويورك احمر شفاه سوبر ستاي فينيل انك تودز كين 125"
8047,1,"Cosmo Moisturizing Strawberry Hand Wash - 750ml"
8047,2,"غسول يدين مرطب بالفراولة من كوزمو - 750 مل"
8048,1,"Snail Korean Foot Peeling Mask 23ml - For Extra Rough Feet"
8048,2,"سنايل ماسك تقشير الاقدام الكوري 23مل - سنايل للاقدام الخشنة جدا"
8049,1,"Derma Zodo Diaper Rash Cream 125g"
8049,2,"ديرما زودو كريم طفح الحفاض 125 غرام"
8050,1,"Exa Aker Fassi Foot Cream for Deep Hydration and Natural Glow - 300ml"
8050,2,"اكسا كعب الغزال للقدمين يعمل ع ترطيب وتوريد القدمين 300 مل"
8051,1,"Christine Soft Touch Face Powder 06 - CH2021"
8051,2,"بودرة الوجه سوفت تاتش 06 من كرستين CH2021"
8052,1,"Christine Soft Touch Full Coverage Foundation - Shade 2023-03"
8052,2,"كرستين كريم اساس سوفت تاتش تغطية كاملة رقم2023- 03"
8053,1,"Christine Matte Touch Liquid Lipstick W62 - CH014-N"
8053,2,"روج سائل لمسة مطفي W62 من كرستين CH014-N"
8054,1,"Christine Lip Tint Stain 10ml – CH036"
8054,2,"مورد الشفايف تنت من كرستين 10مل – CH036"
8055,1,"Christine Berry 2 Cashmere Lipstick W18"
8055,2,"احمر شفاه توت 2 كشميري W18 من كرستين"
8056,1,"Christine Full Coverage Concealer Shade 02 - CH2024"
8056,2,"كرستين خافي عيوب كونسيلر تغطية كاملة رقم 02 - CH2024"
8057,1,"Christine Vegan Lengthening and Volumizing Mascara CH2022"
8057,2,"كرستين ماسكارا تطويل وتكثيف الرموش النباتية CH2022"
8058,1,"Christine Matte Lipstick Berry 3 No. 12 - CH-020"
8058,2,"احمر الشفاه مطفي توت 3 رقم 12 من كرستين CH-020"
8059,1,"Christine Full Coverage Concealer Shade 06 - CH2307"
8059,2,"كرستين كونسيلر خافي العيوب تغطية كاملة رقم 06- CH2307"
8060,1,"Vatika Black Seed Hair Oil - Strength & Shine - 300ml"
8060,2,"زيت شعر فاتيكا بالحبة السوداء قوة و لمعان 300مل"
8061,1,"Sunstop Sunscreen Cream SPF30 with Vitamin E - 120 ml"
8061,2,"كريم واقي شمس SPF30 بفيتامين E من صن ستوب - 120 مل"
8062,1,"Natural Face Serum for Skin Brightening and Anti-Aging - 30ml"
8062,2,"ناتشورال سيروم للوجه لتفتيح البشرة ومكافحة علامات تقدم 30مل"
8063,1,"Johnson's Baby Bath - 500 ml"
8063,2,"سائل استحمام للاطفال من جونسون - 500 مل"
8064,1,"Johnson's Baby Oil with Aloe Vera - 300ml"
8064,2,"جونسون زيت للأطفال بالصبار 300 مل"
8065,1,"Johnson's Baby Bath 500ml + 200ml Free"
8065,2,"جونسون سائل إستحمام للأطفال 500 مل + 200 مل مجانا"
8066,1,"Nunu Baby Bath Liquid - 200 ml"
8066,2,"سائل استحمام للأطفال من نونو - 200 مل"
8067,1,"Johnson's Baby Powder Double Power, 400g"
8067,2,"بودرة اطفال قوة مضاعفة من جونسون , 400جرام"
8068,1,"Global Star Fruit Extract Shampoo - 5 Liters"
8068,2,"جلوبال ستار شامبو بخلاصة الفواكه 5 لتر"
8069,1,"Cetaphil Moisturizing Lotion for Sensitive and Dry Skin - 250 ml"
8069,2,"سيتافيل لوشن مرطب للبشرة الحساسة والجافة 250 مل"
8070,1,"Ammonia-Free Hair Color Cream - Natural Black - 500ml"
8070,2,"كريم صبغة شعر خالي من الامونيا اسود طبيعي  500 مل"
8071,1,"Nesmat Al Sahra Papaya 3-in-1 Ultimate Skin Whitening Soap"
8071,2,"نسمة الصحراء صابون البابايا 3 في 1 الأكثر تفتيحا للبشرة"
8072,1,"SkinWhite Classic Whitening Bath Soap - 135g (2+1 Free)"
8072,2,"صابون الاستحمام المبيض سكينوايت الكلاسيكي - 135 جرام (2+1) مجانًا"
8073,1,"Original Taif Rose Water - 250 ml"
8073,2,"ماء الورد الطائفي أصلي - 250 مل -"
8074,1,"Ground Indian Costus Root - 100g"
8074,2,"عود القسط الهندي مطحون 100غ"
8075,1,"Safflower Herb - 100g"
8075,2,"عشبة العصفر 100 جم"
8076,1,"Fine Himalayan Salt 300g"
8076,2,"ملح هملايا ناعم 300 جرام"
8077,1,"Rosemary 70g"
8077,2,"كليل الجبل70جرام"
8078,1,"Lavender 100g"
8078,2,"خزامة 100جرام"
8079,1,"Pomegranate Peel Powder - 150g"
8079,2,"قشر الرمان  150 ج"
8080,1,"Lemon Salt 200g"
8080,2,"ملح الليمون 200جرام"
8081,1,"Wormwood Herb - 100g"
8081,2,"عشبة الشيح 100 ج"
8082,1,"Parsley Seeds 150g"
8082,2,"بذور البقدونس 150جرام"
8083,1,"Bayt Al Ward Al Taifi Myrrh Water 120ml"
8083,2,"بيت الورد الطائفي ماء المر ١٢٠ مل"
8084,1,"Mila 2-in-1 Bath Loofah + Silicone Scalp Brush with Handle"
8084,2,"ليفة استحمام +فرشاة فروة الراس من السيليكون مع العصا 2*1 من ميلا -"
8085,1,"Beesline Whitening Roll-On Deodorant - Arabian Oud (2 x 50ml)"
8085,2,"بيزلين مزيل عرق رول اون لتفتيح البشرة بالعود العربي عبوتين 50ml"
8086,1,"Vitamin C Sunscreen Cream 50g with SPF 50 Protection"
8086,2,"كريم واقي شمس مع فيتامين سي 50 جرم بعامل حمايه 50SPF"
8087,1,"Jardin Oleane Hyaluronic Acid Under-Eye Serum for Brightening and Smoothing, 16ml"
8087,2,"سيروم تحت العين بالهيالورونيك اسيد لتفتيح وتنعيم البشرة من جاردن اوليان ، 16 مل"
8088,1,"L'Oréal Paris Elvive Glycolic Gloss Shine-Sealing Conditioner for Dull Hair - 360ml"
8088,2,"بلسم الفيف جليكوليك جلوس مثبت اللمعان للشعر الباهت من لوريال باريس - 360 مل"
8089,1,"L'Oréal Paris Glycolic Gloss Shampoo - 600ml"
8089,2,"لوريال باريس شامبو فائق اللمعان بحمض الجلايكوليك - 600 مل"
8090,1,"Pantene Pro-V Smooth & Silky Shampoo - 375 ml"
8090,2,"بانتين برو-في شامبو أنسيابي و حريري - 375 مل"
8091,1,"Feroglobin 30 Capsules"
8091,2,"فيروجلوبين 30كبسول"
8092,1,"Black Romantic Perfumed Body Powder 250g"
8092,2,"بلاك بودرة جسم معطرة رومنسي 250 جم"
8093,1,"Black Jazab Scented Body Powder 250g"
8093,2,"بلاك بودرة جسم معطرة جذاب 250 جم"
8094,1,"Dream Rose Scented Powder 200g"
8094,2,"بودرة وردة الاحلام معطرة 200جم"
8095,1,"Makuku - Daily Care Diapers - Size 5 - Large - 12-17 kg"
8095,2,"ماكوكو - حفاضات للعناية اليومية - الحجم 5 - حجم كبير - 12-17 كلغ"
8096,1,"Milestone Purple Haze Body Mist - 250 ml"
8096,2,"معطر للجسم من مايلستون 250 مل بيربل هيز"
8097,1,"Perfectil Dietary Supplement - 30 Capsules"
8097,2,"برفيكتيل مكمل غذائي للشعر - 30 كبسولة"
8098,1,"Nemer Royal Jelly 30 Capsules - Equivalent to 1000mg of Fresh Royal Jelly"
8098,2,"نمر رويال جيلي 30 كبسولة يكافئ 1000ملجم من غذاء ملكات النحل الطازج"
8099,1,"Madagascar Centella Watergel Ampoule Mask"
8099,2,"قناع أمبولة مائي من مدغشقر سنتيلا"
8100,1,"Ultru I'm Sorry For My Skin Jelly Mask for Soothing and Radiance - 1 Piece"
8100,2,"الترو ماسك الجيلي لتهدئة وزيادة النضارة في البشرة من ايم سوري فور ماي سكن - قطعة"
8101,1,"Isis Natural Peppermint Tea - 25 Enveloped Tea Bags"
8101,2,"ايزيس شاي نعناع طبيعي - 25 كيس مغلف"
8102,1,"Isis Natural Lemon and Ginger Tea - 25 Enveloped Tea Bags"
8102,2,"يزيس شاي ليمون وزنجبيل طبيعي - 25 كيس مغلف"
8103,1,"Twist Oud Al Sharqiya Freshener - 250 ml"
8103,2,"معطر عود الشرقية من تويست 250 مل"
8104,1,"Raspberry Refreshing Body Mist 250ml"
8104,2,"معطر منعش للجسم رسب بيري 250"
8105,1,"Refreshing Purple Body Mist - 250 ml"
8105,2,"معطر منعش للجسم بنفسجي 250 مل"
8106,1,"HP Electric Toothbrush - White"
8106,2,"فرشاة اسنان كهربائيه من اتش بي - اللون الابيض"
8107,1,"Erayba Organic B12 Shampoo for All Hair Types, 250ml - Rawasi"
8107,2,"شامبو b12 عضوي لجميع انواع الشعر من ايريبا مل 250 - رواسي"
8108,1,"Natural 100% Pure Sweet Almond Oil - 118 ml"
8108,2,"زيت اللوز الحلو النقي 100%  من نيتشرال 118 مل"
8109,1,"Zain Active Anti-Hair Loss Shampoo 250ml Z12R"
8109,2,"زين اكتيف شامبو ضد التساقط 250مل Z12R"
8110,1,"Bioclin Bio-Hydra Moisturizing Shampoo 200ml"
8110,2,"شامبو بيو هايدرا مرطب للشعر من بيوكلين 200 مل bioclin bio- ..."
8111,1,"Collagen Face Cream - 75ml"
8111,2,"كولاجين كريم للوجه -75ml"
8113,1,"Kinta Skincare Set: Exfoliation + Brightening + Radiance"
8113,2,"مجموعة العناية بالبشرة من كينتا تقشير +تفتيح +نضارة"
8114,1,"Dalfour Glutathione Skin Whitening and Brightening Soap 135g"
8114,2,"دالفور صابونة بالجلوتاثيون تفتيح وتبييض البشرة 135جم"
8115,1,"Baby Dar Natural Anti-Colic Feeding Bottle, Small - 125ml"
8115,2,"بيبي دار رضاعة ناتشورال مضاد للمغص صغير125مل"
8116,1,"Baby Dar Natural Anti-Colic Feeding Bottle - Large Size, 260ml"
8116,2,"بيبي دار رضاعة 260مل ضد للمغص ناتشورال مقاس كبير"
8117,1,"Baby Dar Silicone Nipples, 3 Pieces, Large Size (L)"
8117,2,"حلمة سيليكون بيبي دار، 3 قطع، مقاس كبير L"
8118,1,"Avent Natural Glass Baby Bottle 120ml - 0+ Months"
8118,2,"رضاعة زجاجية طبيعية 120 مل من ايفنت -   0+ شهر"
8119,1,"Philips Avent Classic Teats Set, 2 Holes - SCF632/27"
8119,2,"طقم حلمتان كلاسيكيتان بثقبين من فيليبس افنت SCF632 - 27"
8120,1,"Philips Avent Anti-Colic Plastic Baby Bottle for 3+ Months - 330ml"
8120,2,"فيليبس افينت رضاعة بلاستيك مضادة للمغص للأطفال فوق 3 اشهر - 330 مل"
8121,1,"Avent Natural Response Baby Bottle 260ml - Giraffe - 1m+"
8121,2,"فنت ناتشورال ريسبونس رضاعة أطفال 260 مل - زرافة-  m1+"
8122,1,"The Ordinary Hyaluronic Acid 2% + B5 Serum - 60ml"
8122,2,"سيروم حمض الهيالورونيك 2% + B5  من اورديناري 60 مل"
8123,1,"Marvis Ginger Mint Toothpaste 85ml"
8123,2,"مارفيس معجون أسنان بالزنجبيل والنعناع 85 مل"
8124,1,"Fam Folded and Compressed Sanitary Pads, Normal Size, Non-Winged - 10 Pads"
8124,2,"فوط صحية مطوية ومضغوطة حجم عادي بلاجنحة من فام 10 قطع"
8125,1,"Bertix Iso-Repair Cream 50ml"
8125,2,"كريم بيرتيكس إيزوريبير 50 ​​مل"
8126,1,"Empty Travel Bottle Set"
8126,2,"طقم علب فارغ"
8127,1,"Mila Wooden Baby Hair Brush 3030"
8127,2,"ميلا فرشاة شعر البيبي هير الخشبية 3030"
8128,1,"Mila Oval Detangling Hairbrush for Curly Hair"
8128,2,"فرشاة فك تشابك الشعر للشعر المجعد شكل بيضاوي من ميلا"
8129,1,"Mila Pure Silicone Body Bath Brush"
8129,2,"فرشاة استحمام للجسم من السيليكون الصافي من ميلا"
8130,1,"Gelees Papaya Face Wash - 225 ml"
8130,2,"غسول الوجه بنكهة البابايا من جيليز - 225 مل"
8131,1,"Gelees Pure Lemon Extract Face Wash - 225ml"
8131,2,"غسول الوجه النقي بخلاصة الليمون 225 مل من جيليز"
8132,1,"Energy Cosmetics Lemon Cleanser and Makeup Remover, 235 ml"
8132,2,"منظف ​​ومزيل مكياج بالليمون من إنرجي كوزمتكس، 235 مل"
8133,1,"Kelly Face Cream for Brightening and Removing Spots, Freckles, and Melasma - 15g"
8133,2,"كيلي فيس كريم لتفتيح وازاله البقع والنمش والكلف - 15جرام"
8134,1,"Attention Care Hair Styling Roller Set - 6 Pieces"
8134,2,"مجموعة بكرات تصفيف الشعر 6 قطع من اتنشن كير"
8135,1,"Attention Care 2-in-1 Manual Facial Cleansing Brush"
8135,2,"فرشاة تنظيف الوجه اليدوية من اتنشن كير 2 في 1"
8136,1,"Attention Care Hair Styling Roller Set - 6 Pieces, Small Size"
8136,2,"مجموعة بكرات تصفيف الشعر 6 قطع من اتنشن كير حجم صغير"
8137,1,"Cetaphil Moisturizing Lotion for Dry and Sensitive Skin - 550 ml"
8137,2,"سيتافيل لوشن مرطب للبشرة الجافة والحساسة 550 مل"
8138,1,"Kotex Natural Maxi Thick Super Sanitary Pads with Wings - 26 Pieces"
8138,2,"فوط صحية طبيعية ماكسي سميكة سوبر بالأجنحة من كوتكس - 26 قطعة"
8139,1,"Kotex Maxi Night Sanitary Pads - 24 Pads"
8139,2,"كوتيكس ماكسي فوط صحية ليلية 24 فوطه"
8140,1,"Long-Lasting Collagen Radiance Cream - Whitening & Anti-Wrinkle 50g"
8140,2,"كريم  الوجة النضارة بالكولاجين طويل الأمد للتبييض ومضاد للتجاعيد 50 جرام"
8141,1,"Jardin Oleane Sugar Scrub with Aker Fassi - 300g"
8141,2,"مقشر السكر بالعكر الفاسي من جاردن اوليان - 300جرام"
8143,1,"Jardin Oleane Sugar Scrub with Argan Oil and Coffee – 300g"
8143,2,"مقشر السكر بزيت الأركان والقهوة من جاردن اوليان – 300 جرام"
8144,1,"Jardin Oleane Exfoliating Body Soap with Rose - 500g"
8144,2,"صابون مقشر للجسم بالورد جاردن اوليان-500 جرام"
8145,1,"Jardin Oleane Moroccan Rose Soap 500g"
8145,2,"جاردن اوليان صابون مغربي بالورد 500جرام"
8146,1,"Jardin Oleane Scalp Scrub with Rosemary Oil - 250g"
8146,2,"جاردن اوليان مقشر فروة الرأس بزيت اكليل الجبل - 250ج"
8147,1,"Jardin Oleane Scalp Scrub with Licorice - 250g"
8147,2,"جاردن اوليان مقشر فروة الراس بعرق السوس - 250جم"
8148,1,"Cofix Charcoal Body Sugar Scrub 250ml"
8148,2,"مقشر السكر للجسم بالفحم من كوفيكس 250 مل"
8149,1,"Jardin Oleane Coffee Lip Scrub | Exfoliating & Moisturizing ..."
8149,2,"مقشر شفايف بالقهوة من جاردن أوليان | تقشير وترطيب ..."
8150,1,"Jardin Oleane Bubblegum Lip Scrub, 100 ml"
8150,2,"مقشر الشفاه بالعلكة من جاردن اوليان ، 100 مل"
8151,1,"Jardin Oleane Blue Nila Sugar Scrub - 300g"
8151,2,"مقشر السكر بالنيلة الزرقاء من جاردن اوليان - 300جرام"
8152,1,"Franck Olivier White Touch Body Powder - 200g"
8152,2,"بودرة الجسم من فرانك اوليفر وايت تاتش 200جرام"
8153,1,"L'Oreal Elvive Hydra-Purifying Conditioner with Salicylic & Hyaluronic Acid - 360ml"
8153,2,"لوريال ايلفيف بلسم مرطب للشعر بحمض الساليسيليك و الهيالورونيك 360 مل"
8154,1,"L'Oréal Paris Elvive Hyaluron Plump 72H Moisture Sealing Conditioner for Dry & Dehydrated Hair - 360ml"
8154,2,"وريال باريس بلسم مرطب ل72 ساعة للشعر الجاف وفاقد الترطيب من إلفيف 360مل"
8155,1,"L'Oréal Paris Elvive Extraordinary Nourishing Hair Conditioner - 360ml"
8155,2,"لوريال باريس الفيف إكستروردنري بلسم مغذي للشعر - 360مل للشعر العادي والجاف"
8156,1,"L'Oréal Paris Glycolic Gloss High Shine Shampoo - 400ml"
8156,2,"لوريال باريس شامبو فائق اللمعان بحمض الجلايكوليك - 400 مل"
8157,1,"Global Star Shea Butter Shampoo for All Hair Types - 1200ml"
8157,2,"جلوبال ستار شامبو بخلاصة زبدة الشيا لجميع أنواع الشعر 1200مل"
8158,1,"Global Star Lavender Hair Shampoo - 1200 ml"
8158,2,"جلوبال ستار شامبو شعر باللافندر - 1200 مل"
8159,1,"Jardin Oleane Moroccan Cowrie Shell Sugar Scrub - 600g"
8159,2,"مقشر السكر الودعة المغربية من جاردن اوليان - 600 جرام"
8160,1,"Rebune Hair Styler 1200W"
8160,2,"مصفف الشعر من ريبون 1200 واط"
8161,1,"Luca Makeup Setting Powder - Butter Biscuit - 04"
8161,2,"بودرة تثبيت المكياج - بسكويت الزبدة - من لوكا 04"
8162,1,"Luca Makeup Setting Powder - 02 Strawberry 12g"
8162,2,"لوكا بودرة تثبيت المكياج - 02 ستراوبيري 12 جم"
8163,1,"Luca Makeup Setting Powder - 01 Vanilla Soufflé"
8163,2,"لوكا بودرة تثبيت المكياج - 01 فانيلا سوفليه"
8164,1,"NOW Natural Solid Deodorant - 120g"
8164,2,"مزيل عرق طبيعي صلب من ناو - 120جم"
8165,1,"Luca Lip Liner - 06 Old Rich"
8165,2,"لوكا محدد الشفاه - 06 اولد ريتش"
8166,1,"Roushun Lemon Oil - 30ml"
8166,2,"روشن زيت الليمون - 30مل"
8167,1,"Roushun Rosehip Seed Oil - 30ml"
8167,2,"روشن زيت بذور الورد - 30مل"
8168,1,"Roushun Pure Rosemary Essential Oil Clear 30ml"
8168,2,"روشن زيت إكليل الجبل العطري النقي شفاف 30مل"
8169,1,"Castal, Korean Nail Glue, 10g"
8169,2,"كاستال, غراء اظافر كوري, 10جم"
8170,1,"G.Castal Black Eyelash Glue"
8170,2,"جي كاستال غراء رموش اسود"
8171,1,"Trendy Nail Glue 10ml"
8171,2,"غراء اظافر ترندي 10 مل"
8172,1,"Osha Eyelash Glue with Brush - Black"
8172,2,"اوشا صمغ الرموش بالفرشاة أسود"
8173,1,"Revolution Highlighting Powder - 10g"
8173,2,"بودرة اضاءة من ريفلوشن - 10جم"
8174,1,"QV Baby Moisturizing Cream - 250g"
8174,2,"كيو في بيبي كريم مرطب من كيو في - 250 جرام"
8175,1,"Artelon SD Shampoo 200ml - Seborrheic Dandruff Control, Anti-Itch & Redness Relief by Canterbria"
8175,2,"ارتلون اس دي شامبو 200 مل للتحكم بالقشرة الدهنية ويقلل الحكة والاحمرار من كانتربريا"
8176,1,"Kotex Maxi Sanitary Pads Large with Wings - 50 Count, 100% Comfort with 0% Leakage"
8176,2,"كوتكس ماكسي فوط نسائية كبيرة بالأجنحة - 50 قطعة 100% راحة مع 0% تسريب"
8177,1,"Carefree Daily Pantyliners with Aloe Vera Scent - 48 Liners"
8177,2,"كيرفري فوط يومية برائحة الالوفيرا - 48 فوطة"
8178,1,"Kotex Natural Cotton Daily Liners - 100% Organic Cotton - 84 Liners"
8178,2,"فوط صحية يومية من كوتكس مصنوعة من القطن الطبيعي بنسبة 100% - 84 فوطة"
8179,1,"Lychee Abaya Wipes - 27 Wipes"
8179,2,"ليتشي مناديل عباية 27منديل"
8180,1,"Hawafel Flaxseeds - 250g"
8180,2,"حوافل بذور الكتان - 250 جرام"
8182,1,"Jardin Oleane White Clay Mask with Blue Nila - 500g"
8182,2,"جاردن اوليان قناع الطين الأبيض بالنيلة الزرقاء - 500 جرام"
8183,1,"Organic Shop Wild Blueberry Jam Body Scrub & Polisher - 450 ml"
8183,2,"مقشر وصنفرة بنكهة مربى التوت البري 450 مل - Organic Shop"
8184,1,"Vichy Liftactiv Specialist B3 Serum for Dark Spots and Wrinkles 30ml"
8184,2,"سيروم فيشي ليفت أكتيف سبيشاليست بي 3 للبقع الداكنة والتجاعيد 30 مل"
8185,1,"Global Star Moroccan Bath Loofah"
8185,2,"ليفة الحمام المغربي من جلوبل استار"
8186,1,"Johnson's Moisturizing Hand Cream for Dry Skin - 75 ml"
8186,2,"كريم مرطب لليدين للبشرة الجافة من جونسون 75 مل"
8187,1,"Erayba Biome B10 Organic Hair Mask 200ml"
8187,2,"اريبا ماسك للشعر عضوي بيومي B10 200مل"
8188,1,"Dr. Therapy Detangling Serum with Heat Protectant 500ml N18 for Dry or Weak Hair"
8188,2,"دكتور ثيرابى سيروم تشابك مع واقي حراري 500مل N18 للشعر الجاف او الضعيف"
8189,1,"Syoss Conditioner for Weak and Brittle Hair - 500 ml"
8189,2,"سيوس بلسم للشعر الضعيف والهش - 500 مل"
8190,1,"Syoss Renew 7 Conditioner for Damaged Hair - 500ml"
8190,2,"سيوس بلسم رينيو 7 للشعر التالف - 500 مل"
8191,1,"YB Omega-3, 567 mg, Dietary Supplement - 60 Capsules"
8191,2,"ي بي أوميجا 3، 567 ملجم، مكمل غذائي - 60 كبسولة"
8192,1,"Rosemary & Mint Serum 60ml"
8192,2,"سيروم اكليل الجبل مع النعناع 60 مل"
8193,1,"Sofn'Free Cortical Hair Straightening Cream | 450ml"
8193,2,"كريم لفرد الشعر كورتيكال من سوفن فري | 450مل"
8194,1,"Baby Dar Silicone Nipples Card - 2 Pieces (Size M)"
8194,2,"بيبي دار حلمة سيليكون كرت 2 حلمة ( مقاس M)"
8195,1,"Bolver Eyebrow Gel - Dark Coffee"
8195,2,"جل حواجب دارك كوفي من بولفير"
8196,1,"Belover Eyebrow Gel - Middle Coffee"
8196,2,"بلوفير جل حواجب ميدل كوفي"
8197,1,"La Roche-Posay Effaclar Ultra Concentrated Serum 30ml for Acne-Prone Skin"
8197,2,"سيروم إيفاكلار المركز من لاروش بوزيه 30 مل لحب الشباب"
8198,1,"Cerelac Wheat Cereal 1000g"
8198,2,"سيريلاك حبوب القمح 1000 جم -"
8199,1,"Hexaderma Pure Shampoo for Oily Hair 250ml"
8199,2,"هيكساديرما بيور شامبو الشعر الدهني 250مل"
8200,1,"Sensodyne True White Toothbrush - Soft"
8200,2,"سنسوداين فرش اسنان ترو وايت ناعم"
8201,1,"Sensodyne Sensitivity & Gum Toothbrush - Soft - GUM"
8201,2,"فرشاة اسنان سنسوداين للحساسية واللثة - ناعمة-GUM"
8202,1,"Signal Triple Protection Toothbrush - Medium Soft"
8202,2,"سيجنال فرشاة اسنان حماية ثلاثية متوسطة النعومة"
8203,1,"BESOM Travel Toothbrush"
8203,2,"بيسوم فرشاة أسنان للسفر | BESOM"
8204,1,"Attention Care 4-Piece Squeeze Bottle Set"
8204,2,"مجموعة علب فارغة عصار 4 قطع من اتنشن كير"
8205,1,"Dettol Soap Bar Pack of 4 - Extra Protection"
8205,2,"مجموعة صابون ديتول 4 قطع حماية اكثر"
8206,1,"Long-Wear Lipstick and Lip Liner Pencil 03"
8206,2,"أحمر شفاه ومحدد قلم ثابت 03"
8207,1,"Long-Lasting Lipstick Pen - Shade 08"
8207,2,"روج قلم ثابت رقم 08"
8208,1,"Adeem Long-Lasting Lipstick Pen - Shade 09"
8208,2,"روج قلم ثابت رقم 09 اديم"
8209,1,"Long-Lasting Lipstick Pen - Shade 04"
8209,2,"روج قلم ثابت رقم 04"
8210,1,"Long-Lasting Lipstick Pen No. 12"
8210,2,"روج قلم ثابت رقم 12"
8211,1,"Long-Lasting Lipstick Pen No. 10"
8211,2,"روج قلم ثابت رقم 10"
8212,1,"Color Me Perfume Offer 100ml 1+1"
8212,2,"عرض عطر كلر مي 100 مل 1+1"
8213,1,"Salvatore Black Hair Dye 1.0 - 60g"
8213,2,"صبغة شعر أسود 1.0 من سيلفاتوري 60 جم"
8214,1,"Salvatore Hair Dye M11 Ash Grey - 60g"
8214,2,"صبغة شعر قرني رمادي M11 من سلفاتوري 60 جم"
8215,1,"Tanino Career Ammonia-Free Hair Color - Light Brown 5.0"
8215,2,"صبغة شعر تانينو كارير خالية من الأمونيا - بني فاتح 5.0"
8216,1,"Prolife Shield 60 mg - 30 Sachets"
8216,2,"برولايف شيلد 60 مجم 30 كيس"
8217,1,"Montana Collection Edition 2 Eau de Parfum"
8217,2,"مونتانا عطر كوليكشن إيدشن 2 او دو بيرفيوم"
8218,1,"Okema Round Hair Brush OK-1134"
8218,2,"اوكيما فرشاة شعر مدورة OK-1134"
8219,1,"Casa Blue Nila Powder for Skin Brightening and Pigmentation Removal"
8219,2,"كازا بودرة النيلة الزرقاء لتفتيح البشرة وازالة التصبغات"
8220,1,"Baby Love Children's Perfume - Lavender Scent - 50 ml"
8220,2,"بيبي لوف عطر اطفال برائحة لافندر 50 مل"
8221,1,"U Love Kids Perfume with Cherry Scent - 50 ml"
8221,2,"ي لوف عطر اطفال برائحة الكرز - 50 مل"
8222,1,"Baby Love Children's Perfume - Powder Blue Scent - 50 ml"
8222,2,"بيبي لوف عطر اطفال برائحة بودر بلو - 50 مل"
8223,1,"Taha Henna Soap for Hair Care, Growth Stimulation, and Volume - 75g"
8223,2,"صابونة الحناء للعناية بالشعر وتحفيز نمو وكثافة الشعر من طه 75جم"
8224,1,"Taha - Charcoal Skin Cleansing Soap 125g"
8224,2,"تاها - صابونة الفحم لتنظيف البشرة 125 جم"
8225,1,"Q+A - Glycolic Acid Daily Toner 100ml"
8225,2,"كيو+اي - تونر يومي بحمض الجليكوليك 100 مل"
8226,1,"Q+A - Vitamin C Body Cream - 250ml"
8226,2,"كيو+اي - كريم مرطب للجسم بفيتامين سي - 250 مل"
8227,1,"Jarrah Professional Wide Ceramic Hair Straightener - 1003"
8227,2,"مملس الشعر سيراميك عريض من جراح بروفيشنال - 1003"
8228,1,"Pampers Baby Diapers Size 3 - 84 Count"
8228,2,"بامبرز حفاضات أطفال مقاس 3 - 84 حبة"
8229,1,"Hearts Blush and Lip Stick - 02 Rose Wood"
8229,2,"بلاشر أحمر الخدود والشفاه ستيك من هارتس - 02 روز وود"
8230,1,"Avarelle Scalp Cleanser 250ml"
8230,2,"افاريل منظف فروة الرأس ٢٥٠ مل"
8231,1,"Avril Shea Butter and Argan Oil Shampoo - 400 ml"
8231,2,"شامبو بزبدة الشيا وزيت الارجان من افريل 400 مل"
8232,1,"NYX Buttermelt Bronzer Blush 5g"
8232,2,"أحمر خدود برونزر باترميلت 5 جم من ان واي اكس"
8233,1,"Garnier Ultra Doux Honey Treasures Repairing Serum for Hair Ends, 115 ml"
8233,2,"سيروم مرمم لأطراف الشعر الترا دوكس بالعسل من غارنييه , 115 مل"
8234,1,"Garnier Ultra Doux Smoothing Rice Water Serum for Long Hair and Intense Shine - 112ml"
8234,2,"سيروم مُنعّم بماء الأرز لشعر طويل ولمعان كثيف من غارنييه ألترا دوكس - 112مل"
8235,1,"Youni Skin Tag Removal Tool with Silicone Handle"
8235,2,"اداة لازالة الزوائد الجلدية بمقبض سلكوني من يوني"
8236,1,"Naturals Licorice Face Mask 120g CB-008"
8236,2,"ناتشورال قناع للوجه بعرق السوس 120 غرام Naturals CB-008"
8237,1,"Florence Whitening Cream Face Wash with Aloe Vera 150ml"
8237,2,"غسول كريمي مبيض للوجه بالصبار من فلورنس 150مل"
8238,1,"Neoretin Discrom Control Eye Contour Cream by Cantabria Labs"
8238,2,"نيوريتين ديسكروم كونترول كريم محيط العين من Cantabria Labs"
8239,1,"St. Ives Renewing Collagen & Elastin Body Lotion for Skin Hydration"
8239,2,"لوشن الجسم كولاجين وايلاستين لترطيب البشرة وتقليل من التجاعيد من سانت ايفز621مل"
8240,1,"Cantabria Skinrest Serum for Sensitive Skin & Anti-Aging - 30ml"
8240,2,"سكنريست سيروم مقاومة البشرة الحساسة مضاد الشيخوخه 30 مل من كانتبريا"
8241,1,"Equalberry Vitamin C Serum for Skin Tone Correction - 30ml"
8241,2,"سيروم فيتامين سي لتوحيد لون البشرة من ايكوال بيري - 30 مل"
8242,1,"Equalberry Bakuchiol Firming & Plumping Serum - 30ml"
8242,2,"سيروم بالباكوشيول لشد وإمتلاء البشرة إيكوال بيري - 30 مل"
8243,1,"Pure & Clean - Hand Sanitizer 100ml"
8243,2,"بيور آند كلين - معقم اليدين 100 مل"
8244,1,"Babel Shower Hair Brush - Assorted Colors"
8244,2,"بابل فرشاة الشعر للأستحمام الوان متعددة"
8245,1,"Revolution Loose Baking Face Powder - Peach"
8245,2,"ريفليوشن بودرة وجه لوس بيكنج -بيتش"
8246,1,"Bourjois Healthy Mix Face Powder - 01"
8246,2,"بودرة الوجه هيلثي مكس من برجوا - 01"
8247,1,"Pure Beauty Whitening Soap for Sensitive Areas - 70g"
8247,2,"صابونة تفتيح للمناطق الحساسة من بيور بيوتي - 70ج"
8248,1,"The Ordinary AHA 30% + BHA 2% Exfoliating Face Wash 30ml"
8248,2,"مقشر احماض الفواكه AHA 30% + BHA 2% -من ذا اورديناري 30 مل"
8249,1,"Kojic Acid Sunscreen Cream - Protection & Brightening"
8249,2,"كريم واقي شمس كوجيك أسيد حماية وتفتيح للبشرة"
8250,1,"Karina Kojic Acid Face Serum for Brightening and Firming - 40ml"
8250,2,"سيروم كوجيك أسيد للوجه من كارينا تفتيح وشد البشرة 40 مل"
8251,1,"NYX Lift & Snatch Brow Tint Pen - 10 Black"
8251,2,"نيكس قلم حواجب ليفت اند سناتش برو تنت - 10 اسود"
8252,1,"NYX Lift & Snatch! Brow Tint Pen - 06 Ash Brown"
8252,2,"نيكس قلم حواجب ليفت اند سناتش برو تنت - 06 اش براون"
8253,1,"TOCOBO Collagen Brightening Eye Gel Cream 30ml"
8253,2,"توكوبو كريم جل الكولاجين لتفتيح المنطقه حول العين 30مل"
8254,1,"TOCOBO Cotton Soft Sun Stick for Skin Protection and Hydration - 19g"
8254,2,"واقي الشمس من القطن الناعم لحماية وترطيب لبشرتك من توكوبو - 19جم"
8255,1,"Acetone Nail Polish Remover 120ml (Lemon)"
8255,2,"مزيل طلاء أظافر 120مل (ليمون) من أسيتون"
8256,1,"Yashure Complete Balanced and Integrated Nutrition 3+ for Children 3 to 10 Years - Vanilla Flavor - 900g"
8256,2,"ياشور كومبليت غذاء متوازن و متكامل+3 للأطفال من 3 الي10 سنوات بنكهة الفانيلا - 900جرام"
8258,1,"ASC Povidone Iodine Antiseptic 10% - 60 ml"
8258,2,"مطهر اي اس سي بوفيدون أيودين 10% 60 مل"
8259,1,"Rilastil Sun Protection Cream SPF 50+, Waterproof for Sensitive, Normal, and Combination Skin - 50ml"
8259,2,"كريم واقي شمس بعامل حماية +50 مقاوم للماء ومناسب للبشرة الحساسه والعاديه والمختلطه 50 مل من ريلاستيل"
8260,1,"Enjoy Facial Wax Strips with Azulene for All Skin Types - 27 Strips"
8260,2,"انجوي شرائح شمعية لإزالة شعر الوجه بالاوزلين لكل أنواع البشرة 27 حبة"
8261,1,"Desert Musk Perfume 100 ml"
8261,2,"عطر مسك الصحراء 100 مل"
8262,1,"CeraVe SA Smoothing Cream for Dry, Rough, and Bumpy Skin with Salicylic Acid - 340g"
8262,2,"كريم تنعيم للبشرة الخشنة والجافة بحمض الساليسيليك من سيرافي 340ج"
8263,1,"L'Oreal Elvive Hyaluron Shampoo for Oily Scalp and Dry Ends - 600ml"
8263,2,"لوريال الفيف شامبو بالهيالورونيك لفروة الرأس الدهنية وأطراف الشعر الجافة 600 مل"
8264,1,"Dr. Therapy Silk Protein and Collagen Hair Treatment - 1kg"
8264,2,"معالج بروتين الحرير و الكولاجين للعناية بالشعر من دكتور ثيرابي -1 كج"
8265,1,"Pampers Anti-Rash Protection Diapers, Size 7, Box of 56 Diapers"
8265,2,"بامبرز حفاضات حماية من التسلخات مقاس 7 صندوق 56 حفاضة"
8266,1,"Pampers Anti-Rash Protection Diapers, Size 6 (13+ kg), 58 Count"
8266,2,"بامبرز حفاضات حماية من التسلخات مقاس 6 (13+ كجم) 58حبة"
8267,1,"Pampers Anti-Rash Protection Diapers, Size 5, Box of 80 Diapers"
8267,2,"بامبرز حفاضات حماية من التسلخات مقاس 5 صندوق 80 حفاضة"
8268,1,"Pampers Anti-Rash Protection Diapers, Size 4, Box of 96 Diapers"
8268,2,"بامبرز حفاضات حماية من التسلخات مقاس 4 صندوق 96 حفاضة"
8269,1,"Pampers Baby Diapers with Aloe Vera, Size 3, Box of 100 Count"
8269,2,"بامبرز حفاضات أطفال بالصبار رقم 3 بوكس عبوة 100 حبه"
8270,1,"SKIN1004 Madagascar Centella Travel Kit"
8270,2,"مجموعة العناية بالبشرة مدغشقر سنتيلا من سكين 1004 - 5 قطع"
8271,1,"Garnier Micellar Cleansing Water for Acne-Prone Skin - 400ml"
8271,2,"غارنييه مزيل مكياج منضف مائي ميسيلار للبشرة المعرضة للحبوب 400 مل"
8272,1,"Catchy Nesty I Have Water Lip Tint 3g - Coral"
8272,2,"تنت الشفاه مائي  اي هاف ووتر من كاتشي نستي 3جم#كورال"
8273,1,"Jook Jook Glossy Tint 2.5g - #5 Catchy Nesty"
8273,2,"تينت لماع من جوك جوك 2.5جم كاتشي نيستي#5"
8274,1,"Jook Jook Glossy Tint 2.5g - #3 Catchy Nesty"
8274,2,"تينت لماع من جوك جوك 2.5جم كاتشي نيستي#3"
8275,1,"Vaseline Lip Therapy Colour & Care 3g - Mellow Rose"
8275,2,"عرض المزيد من الصور فازلين مرطب شفايف لون وعناية 3 غ الزهري الناعم"
8276,1,"Catchy Nesty I Have Water Lip Tint 3g - Red"
8276,2,"تنت الشفاه مائي اي هاف ووتر من كاتشي نستي 3جم#احمر"
8277,1,"Kids Hair Cream for Hydrating and Detangling Curly and Wavy Hair - 1000g"
8277,2,"كريم شعر الأطفال لترطيب وفك تشابك الشعر المجعد والمموج - 1000 جرام"
8278,1,"Skala Expert Hair Treatment Cream with Collagen and Vegetable Keratin, 1000g"
8278,2,"كريم معالج اكسبرت للشعر بخلاصة الكولاجين والكراتين النباتي من سكالا , 1000 جرام"
8279,1,"Skala Expert Crespo Hair Cream and Conditioner with Argan Oil, Coconut Oil, and Vitamin E - 1000g"
8279,2,"كريم وبلسم كريسبو بزيت الارغان وجوز الهند وفيتامين اي للشعر من سكالا اكسبرت 1000 جرام"
8280,1,"Skala Fruit Cocktail Hair Cream 1000g"
8280,2,"سكالا كريم الشعر بكوكتيل الفواكه1000جم"
8281,1,"Gofy Shoe Cleaning Wipes - Keep Your Shoes Always Looking New"
8281,2,"مناديل تنظيف الأحذية من قوفي - للحفاظ على أحذيتك جديدة دائمًا"
8282,1,"Sprinjene White Boost Original 142g"
8282,2,"سبرينجين وايت بوست الأصلي 142 جرام"
8283,1,"Nivea Refining and Cleansing Strips"
8283,2,"لصاقات لتنقية وتنظيف البشرة من نيفيا"
8284,1,"Samoran 5-in-1 Hair Styler - 1200W"
8284,2,"مصفف شعر7 قطع 1200 واط ساموران"
8285,1,"Samuran 2-Piece Hair Styler 1200W - SM-0002-2"
8285,2,"SM-0002-2 مصفف شعر 2 قطعة 1200 واط ساموران"
8286,1,"Flexitol Moisturizing Lotion for Dry Skin - 250ml"
8286,2,"فليكسيتول لوشن ترطيب البشرة الجافة - 250مل"
8289,1,"Christine Acetone-Free Nail Polish Remover 12g"
8289,2,"كرستين مزيل مناكير بدون اسيتون 12 جم"
8290,1,"Pure Beauty Micellar Water Makeup Remover 250ml - Brightening Cleanser"
8290,2,"بيور بيوتي ماء ميسلار مزيل مكياج 250 مل المنظف المفتح"
8291,1,"Milton-Lloyd Color Me Pink Body Fragrance Spray 150ml"
8291,2,"ميلتون لويد كولور مي بخاخ معطر للجسم باللون الوردي 150 مل"
8292,1,"Color Me Indigo Body Spray for Women, 150 ml"
8292,2,"كولور مي سبراي للجسم للنساء من انديجو، 150 مل"
8293,1,"Color Me Sky Blue Body Spray for Women 150ml – Fresh Scent"
8293,2,"بخاخ معطر للجسم كلر مي سكاي بلو للنساء 150 مل – رائحة منعشة"
8294,1,"Avril Hair Oil with Garlic, Castor, and Cedarwood Oil - 50 ml"
8294,2,"زيت الشعر بزيت الثوم وزيت الخروع وزيت خشب الأرز من افريل 50 مل"
8295,1,"Avarelle Hair Oil with Argan, Jojoba, and Almond Oil - 50 ml"
8295,2,"افاريل زيت الشعر بزيت الارجان وزيت الجوجوبا وزيت اللوز ٥٠ مل"
8296,1,"K-Ceutic BHA 15% Serum - 30ml"
8296,2,"سيروم+ بي اتش اي 15% من كي سيبيو30 مل"
8297,1,"Sterimar Nasal Hygiene Spray - Healthy and Comfortable - 100ml for Children and Adults"
8297,2,"ستريمار للعناية بنظافة  الانف صحي ومريح 100 مل للاطفال والبالغين"
8298,1,"Sterimar Decongestant Nasal Spray for Fast Relief of Nasal Congestion and Colds - 100ml"
8298,2,"مزيل للاحتقان ستريمار يعالج انسداد الانف بسرعة في حالة نزلات البرد 100 مل"
8299,1,"Sterimar Baby Nasal Hygiene Spray - 50 ml"
8299,2,"ستريمار للعناية بنظافة انف الرضع50 مل"
8300,1,"Sterimar Baby Congestion Relief Nasal Spray - 50ml"
8300,2,"ستريمارمزيل للاحتقان الاطفال الرضع50 مل"
8301,1,"MHB Pro Style Hair Dryer – 1800W"
8301,2,"مجفف شعر MHB برو ستايل – 1800 واط"
8302,1,"Flexitol Anti-Hair Loss Serum 60ml"
8302,2,"مصل التقليل من تساقط الشعر 60 مل من فليكستول"
8303,1,"Flexitol Anti-Acne Face Wash 175ml"
8303,2,"فليكسيتول غسول مكافحة حب الشباب 175 مل"
8304,1,"Flexitol Very Dry Face Cream - 50g"
8304,2,"فليكستول كريم للوجه شديد الجفاف - 50 جم"
8305,1,"Flexitol Heel Balm for Dry and Cracked Heels - 56g"
8305,2,"بلسم الكعب الجافة والمتشققة من فليكسيتول - 56 جم٢"
8306,1,"Flexitol Soap-Free Wash for Sensitive Skin - 250 ml"
8306,2,"فليكستول غسول خالي من الصابون للبشرة الحساسة- 250 مل"
8307,1,"Flexitol Very Dry Skin Lotion - 500 ml"
8307,2,"فليكستول لوشن للبشرة الجافة جدا - 500 مل"
8308,1,"Vaseline Cocoa Shimmer Jelly Stick with Cocoa Butter – Radiant Glow 40g"
8308,2,"فازلين كاكاو شيمر جيلي ستيك بزبدة الكاكاو – لمعان 40جم"
8309,1,"Rosemary and Mint Hair Spray - 220ml"
8309,2,"بخاح اكليل الجبل  مع النعناع220 مل"
8310,1,"Moringa Herb"
8310,2,"عشبة المورينجا"
8311,1,"Omega Pain Relief Ointment for Arthritis and Muscle Pain - 60 ml"
8311,2,"دهان مسكن لإلتهاب المفاصل وآلام العضلات من أوميقا 60 مل"
8312,1,"Vicks VapoDrops Berry Flavor Soothing Lozenges for Throat Relief - 36 Lozenges"
8312,2,"فيكس فابودروبس أقراص ملطفة لتخفيف التهاب الحنجرة بالتوت - 36 قرص"
8313,1,"Abaya Cleaning Wipes 3*25"
8313,2,"مناديل تنظيف عبايه 3*25"
8315,1,"Listerine Natural Green Tea Mouthwash - 100 ml"
8315,2,"ليسترين غسول فم بالشاي الاخضر الطبيعي - 100 مل"
8316,1,"Germa Care Baby Body Wash 200ml"
8316,2,"جيرما كير للاطفال غسول للجسم 200 مل"
8317,1,"La Roche-Posay Anthelios Mineral Tinted 002 SPF 50 - 30ml"
8317,2,"أنثيليوس مينيرال عادي 002 حماية 50 من لاروش بوزيه 30 مل"
8318,1,"Bioderma Photoderm Aquafluide Invisible Sunscreen SPF 50+ - 40ml"
8318,2,"واقي شمس شفاف فوتو ديرم أكوافلويد 50+ من بيوديرما -40 مل"
8319,1,"Bioderma Photoderm Max Fluid SPF 100 Sunscreen for Sensitive and Normal Skin - 40ml"
8319,2,"بيوديرما فلويد كريم مقاوم لاشعة الشمس للبشرة الحساسة والعادية بقوة 100 - 40 مل"
8320,1,"Avène Cold Cream Concentrated Hand Cream for Intense Hydration and Crack Relief - 50ml"
8320,2,"كريم ترطيب اليدين وعلاج التشققات كولد كريم من افين - 50مل"
8321,1,"Bonawell Wheat Oil Hair Treatment 225ml"
8321,2,"بوناويل حمام زيت بالقمح للشعر 225مل"
8322,1,"NIVEA Men Active Clean Shower Gel - 500ml"
8322,2,"جل استحمام اكتيف كلين للرجال من نيفيا - 500 مل"
8323,1,"Giovanni Smoothing Castor Oil Conditioner 399ml"
8323,2,"جيوفاني بلسم منعم بزيت الخروع 399ml"
8324,1,"Giovanni Golden Wheat Deep Cleanse Shampoo for Normal to Oily Hair / 1000 ml"
8324,2,"جيوفاني شامبو التنظيف العميق بالقمح الذهبي للشعر العادي إلى الدهني / 1000 مل"
8325,1,"Bioserin Hair Mask with Rosemary Extract 300ml 2616"
8325,2,"بيوسيرين ماسك للشعر بخلاصة اكليل الجبل 300مل 2616"
8326,1,"Biocerin Argan Oil Hair Mask 300ml"
8326,2,"بيوسيرين ماسك للشعر بزيت الارجان 300مل"
8327,1,"Latrevo Eau de Parfum for Women - 100ml"
8327,2,"عطر لاتريفو للنساء او دي بارفيوم 100 مل"
8328,1,"Boland Laura Women's Razors"
8328,2,"شفرات الحلاقة النسائية بولاند لورا"
8329,1,"Amber Leather Perfume 100ml"
8329,2,"عطر عنبر ليذر 100 مل"
8330,1,"Castal Hair Towel Wrap"
8330,2,"منشفة راس من كاستال"
8331,1,"Oud Lover Majlis Air Freshener 500ml"
8331,2,"عود لافر معطر المجلس 500مل"
8332,1,"Ameer Al Oudh Luxury Fragrance Mist – Oudh Lover"
8332,2,"معطر أمير العود الفاخر – عود لافر"
8333,1,"Centella Ampoule Cleansing Foam - 125ml"
8333,2,"سينتيلا رغوة أمبول لتنظيف البشرة 125 مل-"
8334,1,"Revolution Hair Stroke Brow Pen - Medium Brown"
8334,2,"ريفلوشن, قلم تحديد الحواجب, هير ستروك, - بني متوسط"
8335,1,"Private - Night Sanitary Pads with Wings, 24 Pads"
8335,2,"برايفت - فوط نسائية صحية ليلية بالأجنحة 24 فوطة"
8336,1,"Bioderma Sensibio Gel Moussant for Sensitive Skin - 500ml"
8336,2,"جل منظف سينسيبيو للبشرة الحساسة من بايوديرما 500 مل"
8337,1,"Women's Razors for Face and Body Hair Removal - 3 Razors"
8337,2,"شفرات للسيدات لإزالة شعر الوجه والجسم -3 شفرات"
8338,1,"PinkFlash Eyeshadow Palette - 04 Grapefruit"
8338,2,"مجموعة ظلال العيون من بينك فلاش - 04 جريب فروت"
8339,1,"PinkFlash Eyeshadow Palette - 02 Cherry"
8339,2,"مجموعة ظلال العيون من بينك فلاش - 02 تشيري"
8340,1,"PinkFlash Trio Eyeshadow BR03 - PF-E23"
8340,2,"ظلال عيون ثلاثيه BR03 من بينك فلاش - PF-E23"
8341,1,"PinkFlash Trio Eyeshadow RD02 - PF-E23"
8341,2,"ظلال عيون ثلاثيه RD02 من بينك فلاش - PF-E23"
8342,1,"PinkFlash Trio Eyeshadow Palette PK01 - PF-E23"
8342,2,"ظلال عيون ثلاثيه PK01 من بينك فلاش - PF-E23"
8343,1,"PinkFlash Trio Eyeshadow Palette PK02 - PF-E23"
8343,2,"ظلال عيون ثلاثيه PK02 من بينك فلاش - PF-E23"
8344,1,"PinkFlash Hydrating Lip Gloss and Moisturizing Balm"
8344,2,"ملمع شفاه وبلسم مرطب من بينك فلاش"
8345,1,"Pic Solution Thermometer for Temperature Measurement 4295"
8345,2,"بيك سوليوشن ترمومتر لقياس درجة الحرارة 4295"
8346,1,"Mom's Bath Recipe Korean Body Peeling Mitts - Green"
8346,2,"قفازات تقشير الجسم الكورية من ماركة &quot;مومز باث&quot; (Mom's Bath Recipe) باللون الأخضر."
8347,1,"Vaseline Healthy Bright Daily Brightening Body Lotion with SPF 24 - 400ml"
8347,2,"فازلين لوشن الجسم اللون الموحد الأساسي بعامل حماية من الشمس 24 - 400 مل"
8348,1,"Beauty Scissors"
8348,2,"مقص تجميل"
8349,1,"Radix Beauty Moisturizing Hand Mask Socks - 2 Pieces"
8349,2,"راديكس بيوتي جوارب ماسك مرطب لليدين - 2 حبه"
8350,1,"Radix Beauty Magic Foot Peeling Masks - Korean"
8350,2,"رادكس بيوتي الجوارب السحرية لتقشير القدمين - الكوري"
8351,1,"Magic Foot Peeling Socks - Korean"
8351,2,"التقشير السحري للقدم-كوري-جوارب"
8352,1,"Disaar Sunscreen Lotion 50ml SPF90"
8352,2,"ديسار لوشن واقي شمس 50 مل  spf90"
8353,1,"Essence Comfort Matte Liquid Lip Liner 08"
8353,2,"ايسنس قلم محدد شفاه سائل مطفي مات كومفورت08"
8354,1,"Eveline Cosmetics Blush - 01"
8354,2,"بلاشر أحمر خدود من إيفلين - 01"
8355,1,"TRESemmé Platinum Strength Strengthening Conditioner 400ml"
8355,2,"تريسيمي بلسم قوة البلاتينوم لتقوية الشعر 400 مل"
8356,1,"Hearts Liquid Blush Natural Color and Lightweight Touch - 02 Pink"
8356,2,"هارتس بلاشر سائل لون طبيعي ولمسة خفيفة - 02 بينك"
8357,1,"Softness and Hydration Set (Shampoo + Conditioner + Leave-in) by Alfaparf Milano Il Salone"
8357,2,"طقم النعومة والترطيب (شامبو +بلسم+ليف ان ) من ال صالون"
8358,1,"Pace Passion Hair and Body Mist 250ml"
8358,2,"بيس معطر للشعر والجسم باشن 250 مل"
8359,1,"Bia S Vanilled Carabis Hair and Body Mist - 250 ml"
8359,2,"بيا اس معطر شعر وجسم فانيلد كارابيس - 250 مل"
8360,1,"Selective Collection Body Splash No. 230 - 250ml"
8360,2,"معطر سبلاش للجسم رقم 230 من سيليكتيف كولكشن -250مل"
8361,1,"La Belle Hair and Body Mist by Pace - 250 ml"
8361,2,"معطر شعر وجسم لا بيل من بيس 250 مل"
8362,1,"Base Scandal Hair and Body Mist - 250 ml"
8362,2,"معطر شعر وجسم سكاندال من بيس 250 مل"
8363,1,"Eucerin Soothing Skin Lotion, Fragrance-Free - 500ml"
8363,2,"يوسيرين لوشن مهدئ للبشرة خالي من العطور - 500 مل"
8364,1,"Govy Soft Tissues Bundle - Incomparable Softness and High Quality 600 Sheets"
8364,2,"بكج مناديل ناعمه قوڤي - نعومة لا تقارن وجودة عالية 600"
8365,1,"Nestlé NAN Supreme Pro 3 Growing-Up Milk for Toddlers - 800g"
8365,2,"حليب نان سوبريم برو رقم (3) لنمو الأطفال من نستله - 800 جرام"
8366,1,"Bolver Nail Polish - 726 - 11 ml"
8366,2,"مناكير - طلاء اظافر بولفير - 726- 11 مل"
8367,1,"Bolver Nail Polish 15ml – Dark Brown"
8367,2,"بولفر طلاء أظافر 15مل – بني غامق"
8368,1,"Gillette Venus ComfortGlide Plus Olay Razor + 2 Blade Refills"
8368,2,"أداة حلاقه فينوس 5 اولاي +2 شفرة غيار من جيليت"
8369,1,"Gillette Venus ComfortGlide Breeze Razor for Women"
8369,2,"ماكينة حلاقة فينوس كومفورت جلايد بريز للنساء من جيليت"
8370,1,"Clear Women Soft & Shiny Shampoo and Conditioner 200ml"
8370,2,"كلير للنساء شامبو و بلسم نوعة و لمعان 200 مل"
8371,1,"Dove Thickening Ritual Shampoo with Lavender - 400ml"
8371,2,"دوف شامبو لشعر أكثر كثافة باللافندر 400مل"
8372,1,"Dove Strengthening Ritual Shampoo with Avocado Oil - 400ml"
8372,2,"شامبو روتين الشعر القوي بزيت الافكادو من دوف 400مل"
8373,1,"Dove Echinacea Length Shampoo for Long, Weak Hair - 400ml"
8373,2,"دوف شامبو طول الإشنسا للشعر الطويل الضعيف -400مل"
8374,1,"Dove Hair Fall Rescue Shampoo 400ml"
8374,2,"شامبو دوف ضد تساقط الشعر 400 مل"
8375,1,"Dove Sulfate-Free Shampoo with Argan Oil for Dry Hair - 400ml"
8375,2,"دوف شامبو خالي من السلفات بترطيب زيت الارجان للشعر الجاف 400 مل"
8376,1,"Braun ThermoScan 7 Digital Ear Thermometer IRT6520"
8376,2,"براون ثيرموسكان7 جهاز قياس حرارة رقمي للأذن IRT6520"
8377,1,"Attention Care Self-Grip Hair Rollers Set - 2 Pieces"
8377,2,"مجموعة بكرات ذاتية الامساك 2 قطع من اتنشن كير"
8378,1,"Seven Green Chinese Herbal Hair Strengthening Soap"
8378,2,"صابونة سفن جرين الصينية لتقوية الشعر بالأعشاب الطبيعية"
8379,1,"Charisma Collection No Frizz Liss Brazilian Hair Conditioner - 500g"
8379,2,"بلسم للشعر البرازيلي نو فريز ليس من كاريزما كوليكشن - 500 جم"
8380,1,"Golden Touch Sidr Shampoo 500ml"
8380,2,"اللمسة الذهبية شامبو السدر 500مل"
8381,1,"Johnson's Baby Oil - 300ml"
8381,2,"زيت للأطفال من جونسون 300مل"
8382,1,"Dermovate Ointment, Relieves Skin Sensitivity - 25 g"
8382,2,"ديرموفيت، مرهم، يخفف حساسية الجلد - 25 جم"
8383,1,"Bright Flora Body Wash & Deodorant – 500ml by Puya"
8383,2,"غسول ومزيل العرق للجسم برايت فلورا – 500 مل من بويا"
8384,1,"Flexitol Heel Balm for Dry and Cracked Heels - 56g"
8384,2,"فليكسيتول بلسم للكعب الجاف والمشقق 56 جرام"
8385,1,"Flexitol Very Dry Skin Cream 125g"
8385,2,"فليكسيتول كريم للبشرة الجافة جدآ 125 جم"
8387,1,"Flexitol Heel Balm for Dry and Cracked Feet - 112g"
8387,2,"فليكسيتول بلسم الكعب للقدم الجاف والمتشقق 112 جم"
8388,1,"Roushun Vitamin E Skin Care Oil - 118 ml"
8388,2,"روشن زيت فيتامين اي للعناية للبشرة - 118 مل"
8389,1,"Bebelac Follow-on Formula Milk (2) 400g"
8389,2,"بيبيلاك تركيبة حليب لمتابعة الرضاعة (2) 400 جرام"
8390,1,"Lakmé Color Developer Oxygen (38V) Oxidizing Cream 120ml"
8390,2,"لاكمي أكسجين مطور اللون (38في) كريم مؤكسد 120مل"
8391,1,"Huda Beauty #FauxFilter Color Corrector & Under-Eye Brightener"
8391,2,"مصحح لون البشرة وتفتيح اسفل العين فو فيلتر من هدى بيوتي"
8395,1,"Sasha - Leg Foundation Concealer Spray Natural Shade 125ml"
8395,2,"ساشا - بخاخ اساس خافي عيوب للساقين لون طبيعي 125مل"
8396,1,"L'Oréal Paris Panorama Mascara - Gold"
8397,1,"Flexitol Relief Shampoo & Conditioner for Hair Loss Reduction and Strengthening - 210ml"
8397,2,"شامبو وبلسم ريليف لتقليل تساقط وتقوية الشعر210 مل من فليكسيتول 210مل"
8423,1,"Johnson's Glycerin Cream for Cracked Skin Moisturizing, 300 ml"
8423,2,"كريم الجلسرين لترطيب البشرة المتشققة من جونسون , 300 مل"
8436,1,8682536012003
8436,2,"فلورمار روج شير اب 02"
8441,1,"Flormar Sheer Up Lipstick - No. 11"
8441,2,"فلورمار روج شير رقم 11"
8442,1,8682536097888
8443,1,"Flormar Sheer Up Lipstick 021"
8443,2,"فلورمار روج شير اب 021"
8445,1,8682536068017
8445,2,"فلورمار روج 001"
8446,1,8682536068178
8446,2,"فلورمار روج 009"
8447,1,8682536068253
8447,2,"فلورمار روج 013"
8448,1,8682536068314
8448,2,"فلورمار روج 016"
8449,1,8682536069489
8449,2,"فلورمار روج 026"
8450,1,8690604397334
8450,2,"فلورمار روج سلك مات سائل 004"
8451,1,8690604397341
8451,2,"فلورمار روج سلك مات 05"
8452,1,8690604397365
8452,2,"- فلورمار روج سائل حريري 007"
8453,1,8690604505371
8453,2,"فلورمار روج سلك مات 10"
8454,1,8690604505395
8454,2,"فلورمار روج سلك مات 012"
8455,1,8690604505401
8455,2,"- فلورمار روج سائل حريري 013"
8456,1,8682536076609
8456,2,"فلورمار روج سيلك مات 057"
8457,1,8682536076623
8457,2,"فلورمار روج سيلك مات 059"
8458,1,8682536007436
8458,2,"فلورمار روج كريمي رقم 01"
8459,1,8682536083713
8459,2,"FM SHINE KISS ME MORE LIPSTICK 003-PEACH"
8460,1,8682536083836
8460,2,"FM SHINE KISS ME MORE LIPSTICK 009-COFFEE&TALK"
8461,1,8682536083850
8461,2,"فلورمار روج شاين كيس 010"
8462,1,8682536080898
8462,2,"FM SHINE KISS ME MORE LIPSTICK 012-PARTY NIGHT"
8463,1,8690604567591
8463,2,"فلورمار محدد شفاة 244"
8464,1,8690604567607
8464,2,"فلورمار قلم شفاة رقم 245"
8465,1,8690604589951
8465,2,"فلورمار قلم شفاة رقم 246"
8466,1,8690604658893
8466,2,"فلورمار قلم شفاة سنايل 21"
8467,1,8682536039239
8467,2,"فلورمار قلم شفاة رقم 28"
8468,1,8682536039246
8468,2,"فلورمار قلم شفاة رقم 29"
8469,1,8682536042178
8469,2,"فلورمار مورد شفاة رقم 002"
8470,1,8682536042185
8470,2,"فلورمار تينت شفاة 003"
8471,1,8682536042192
8471,2,"فلورمار تينت شفاة 004"
8472,1,8682536012010
8472,2,"فلورمار روج شير اب رقم 03"
8473,1,8682536012065
8473,2,"فلورمار احمر شفاة  شير اب 008"
8474,1,8682536012072
8474,2,"فلورمار روج شير اب 009"
8475,1,8682536012102
8475,2,"فلورمار روج شير اب رقم 12"
8476,1,8682536012119
8476,2,"فلورمار روج شير اب رقم 13"
8477,1,8682536012133
8477,2,"فلورمار روج شير اب رقم 15"
8478,1,8682536097949
8478,2,"فلورمار احمر شفاة روج شير اب 022"
8479,1,8682536097963
8479,2,"فلورمار روج شير اب 023"
8480,1,8682536032889
8480,2,"فلورمار روج سيلك مات رقم 54"
8481,1,8682536032896
8481,2,"فلورمار روج سيلك مات رقم 55"
8482,1,8682536076647
8482,2,"فلورمار روج سيلك مات 061"
8483,1,8682536040822
8483,2,"فلورمار روج كيس مي مور 011"
8484,1,8682536040907
8484,2,"فلورمار روج مي مور 023"
8485,1,8682536083751
8485,2,"فلورمار روج احمر شفاة مي مور 005"
8486,1,8682536083874
8486,2,"فلورمار روج مي مور 011"
8487,1,8682536098397
8487,2,"فلورمار مرطب الشفاة 001"
8488,1,8682536098403
8488,2,"فلورمار مرطب الشفاة 002"
8489,1,8682536098434
8489,2,"فلورمار مرطب الشفاة 005"
8490,1,8682536068079
8490,2,"فلورمار روج 004  8079"
8491,1,8682536040815
8491,2,"فلورمار روج كيس مي مور رقم 10"
8492,1,8690604111015
8492,2,"فلورمار قلم شفاة 201  1015"
8493,1,8682536066884
8493,2,"فلورمار تنت شفاة 001"
8494,1,8682536011990
8494,2,"فلورمار روج شير اب 001"
8495,1,8682536097864
8495,2,"فلورمار روج شير اب 018"
8496,1,8682536097901
8496,2,"فلورمار روج شير ال 020"
8497,1,8690604397303
8497,2,"فلورمار احمر شفاة غير لامع"
8498,1,8690604505388
8498,2,"فلورمار احمر شفاة غير لامع 011"
8499,1,8690604627615
8499,2,"فلورمار سيلك مات روج سائل 18"
8500,1,8682536040648
8500,2,"فلورمار روج شفايف كيس مي مور 003"
8501,1,8682536040853
8501,2,"فلورمار روج شفايف كيس مي مور 018"
8502,1,8682536040884
8502,2,"فلورمار كيس مي روج رقم 021"
8503,1,8682536040921
8503,2,"فلورمار روج رقم 025"
8504,1,8682536094238
8504,2,"فلورمار روج لايت وين 002"
8505,1,8682536094290
8505,2,"فلورمار روج لايت ون 05"
8506,1,8682536048897
8506,2,"فلورمار روج كريمي رقم 17"
8507,1,8682536083676
8507,2,"فلورمار روج شاين مي مور 001"
8508,1,8682536083690
8508,2,"فلورمار روج شاين مي مور 002"
8509,1,8682536083737
8509,2,"فلورمار روج شاين كيس مي مور 004"
8510,1,"Flormar Shine Kiss Me More Liquid Lipstick - 008 Long Story"
8510,2,"أحمر شفاه سائل شاين كيس مي مور من فلورمار - 008 لونج ستوري"
8511,1,8682536083935
8511,2,"فلورمار روج شاين كيس مي مور 014"
8512,1,8690604567485
8512,2,"فلورمار قلم تحديد شفاة 235"
8513,1,8690604567584
8513,2,"فلورمار قلم تحديد شفاة 243"
8514,1,8682536094436
8514,2,"فلورمار روج لايت ويت 012"
8515,1,"Le Visage Plus Retinol B3 Serum by Cofix – 50ml for Anti-Aging and Fine Lines"
8515,2,"لوفيزاج بلس سيروم ريتينول بي 3 من كوفيكس – 50 مل لمكافحة الشيخوخه  والتجاعيد والخطوط الرفيعة"
8516,1,"Fair Lady Extra Whitening Papaya Lotion - 700ml"
8516,2,"لوشن تبييض إضافي بالبابايا من فير ليدي- 700 مل"
8517,1,"Fair Lady Extra Moisturizing and Whitening Body Milk Lotion, 700 ml"
8517,2,"لوشن حليب الجسم المرطب والمبيض إكسترا من فير ليدي , 700 مل"
8518,1,86825360151415
8518,2,"فلورمار بلاشر 40"
8519,1,8682536051446
8519,2,"فلورمار بلاشر 044"
8520,1,8682536043717
8520,2,"فلورمار موود بلاشر 002"
8521,1,8682536043731
8521,2,"فلورما احمر خدود موود بلاشر 004"
8522,1,8682536043724
8522,2,"فلورمار احمر خدود مود بوستر 003"
8523,1,8682536051415
8523,2,"فلورمار احمر الخدود باكيد 040"
8524,1,8690604254545
8524,2,"فلورمار تجميل FM ULTRA EYELINER 017 NUDE"
8525,1,8690604109067
8525,2,"فلورمار  FM W.PROOF EYELINER PENCIL"
8526,1,8690604109135
8526,2,"فلورمار قلم عين 113"
8527,1,8690604536481
8527,2,"فلورمار كحل سائل اسود ضد الماء"
8528,1,8690604532292
8528,2,"FM.MIDNIGHT MATTE  فلورمار قلم تحديد العين اسود"
8529,1,8690604330003
8529,2,"FM DIPLINER BLACKفلورمار محدد"
8530,1,8690604109609
8530,2,"FM EYELINER PEN BLACK  فلورمار قلم تحديد عيون 01"
8531,1,8690604138128
8531,2,"فلورمار محدد عين سموكي 001"
8532,1,869060419050
8532,2,"فلورمار قلم عين 105"
8533,1,8690604109425
8533,2,"فلورمار قلم حواجب FM EYEBROW PENCIL 402"
8534,1,8690604278701
8534,2,"FM EYEBROW PENCIL فلورمار قلم حواجب 405"
8535,1,8690604242733
8535,2,"فلورمار مسكرة تثبيت الحواجب اسود"
8536,1,8690604620425
8536,2,"فلورمار قلم تحديد حواجب 03"
8537,1,8682536084093
8537,2,"ماسكارا كيرفول فوليوم مغذية وذات تأثير تكثيف قوي للرموش من فلورمار"
8538,1,8682536022804
8538,2,"ماسكارا هيرو مكثفة فلورمار | رموش كثيفة تدوم طويلاً"
8539,1,8682536058346
8539,2,"ماسكرا سوداء أوبن أب إتش دي من فلورمار – كثافة وطول بنظرة ساحرة"
8540,1,8690604275588
8540,2,"فلورمار مسكرة تربل اكتف TRIPLE ACTION MASCARA"
8541,1,8682536067119
8541,2,"Flormar ماسكارا طبيعية لتطويل الرموش (أسود) - ماسكارا أطول من أي وقت"
8542,1,8690604110643
8542,2,"فلورمار مسكرة سبايدر لاش"
8543,1,8690604110667
8543,2,"فلورمار مسكرة سبايدر لاش 1*3"
8544,1,8682536093569
8544,2,"فلورمار ماسكارا هيرو"
8545,1,8682536040402
8545,2,"فلورمار ماسكارا بيغ اند بولد"
8546,1,8682536040419
8546,2,"فلورمار ماسكارا بيج اند بولد ضد الماء"
8547,1,8682536100724
8547,2,"فلورمار ماسكارا فوليوم اب"
8548,1,"Make Up For Ever HD Skin Setting Powder - 3.1 Tan Golden"
8548,2,"بودرة تثبيت تان قولدن اتش دي سكين من ميك اب فورايفر - 3.1"
8549,1,"MAKE UP FOR EVER HD Skin Matte Velvet Compact Foundation 1Y18"
8549,2,"ميك اب فور ايفر بودرة أساس مضغوطة اتش دي سكين مطفي 1Y18"
8550,1,"MAKE UP FOR EVER HD Skin Matte Velvet Powder Foundation - 2N34"
8550,2,"ميك اب فور ايفر بودرة أساس مضغوطة اتش دي سكين مطفي 2N34"
8551,1,"MAKE UP FOR EVER HD Skin Matte Velvet Powder Foundation - 1N00"
8551,2,"ميك اب فورايفر بودره اساس اتش دي سكين 1n00"
8552,1,"MAKE UP FOR EVER Powder Foundation - 2Y36"
8552,2,"بودرة كريم اساس ميك اب فور ايفر 2Y36"
8553,1,"MAKE UP FOR EVER - Matte Velvet Skin Compact Foundation 1Y16"
8553,2,"ميك اب فور ايفر - كريم أساس مضغوط غير لامع 1Y16"
8554,1,"MAKE UP FOR EVER HD Skin Foundation - Shade 1Y04"
8554,2,"كريم أساس ميك أب فور إيفر إتش دي سكين - درجة 1Y04"
8555,1,"MAKE UP FOR EVER Step 1 Primer Shine Control 15ml"
8555,2,"ميك اب فور ايفر برايمر ستيب ون شاين كونترول 15 مل"
8556,1,"MAKE UP FOR EVER HD Skin Face Essentials Palette"
8556,2,"ميك أب فور إيفر باليت  نحت وتحديد الوجه إتش دي سكين"
8557,1,"MAKE UP FOR EVER HD Skin Foundation - 2N26 (Y315)"
8557,2,"ميك اب فور ايفر كريم اساس اتش دي سكين 2N26-Y315"
8558,1,"Powder Foundation - MAKE UP FOR EVER 1N10"
8558,2,"بودرة كريم اساس - ميك اب فور ايفر 1N10"
8559,1,"MAKE UP FOR EVER HD Skin Foundation 2Y36-Y365"
8559,2,"ميك اب فور ايفر كريم اساس اتش دي سكين 2Y36-Y365"
8560,1,"MAKE UP FOR EVER Powder Foundation - 1R02"
8560,2,"بودرة كريم اساس ميك اب فور ايفر 1R02"
8561,1,"MAKE UP FOR EVER Powder Foundation - 1R12"
8561,2,"بودرة كريم اساس ميك اب فور ايفر 1R12"
8562,1,"MAKE UP FOR EVER HD Skin Foundation 2N22 (Y325)"
8562,2,"ميك اب فور ايفر كريم اساس اتش دي سكين 2N22 (Y325)"
8563,1,"MAKE UP FOR EVER HD Skin Foundation 2N34-Y355"
8563,2,"ميك اب فور ايفر كريم اساس اتش دي سكين 2N34-Y355"
8564,1,"MAKE UP FOR EVER HD Skin Foundation - 1R12 - R230"
8564,2,"ميك اب فور ايفر كريم اساس اتش دي سكين - 1R12 - R230"
8565,1,"HD Skin Matte Velvet Compact Foundation Powder - 2R24"
8565,2,"بودرة أساس مضغوطة اتش دي سكين مات فلفت 2R24"
8566,1,"Make Up For Ever Powder Foundation - 1N06"
8566,2,"بودرة كريم اساس - ميك اب فور ايفر 1N06"
8567,1,"MAKE UP FOR EVER Powder Foundation - 2Y20"
8567,2,"بودرة كريم اساس ميك اب فور ايفر 2Y20"
8568,1,"Make Up For Ever Powder Foundation - 1N14"
8568,2,"بودرة كريم اساس ميك اب فور ايفر 1N14"
8569,1,"Make Up For Ever Powder Foundation - 1Y08"
8569,2,"بودرة كريم اساس - ميك اب فور ايفر 1Y08"
8570,1,"MAKE UP FOR EVER HD Skin Face Essentials Palette - Harmony 2"
8570,2,"ميك اب فور ايفر مجموعة الوجه اتش دي سكن - هارموني 2"
8571,1,"MAKE UP FOR EVER HD Skin Foundation 2Y32 (Y335)"
8571,2,"ميك اب فور ايفر كريم اساس اتش دي سكين 2Y32 (Y335)"
8572,1,"MAKE UP FOR EVER HD Skin Foundation 1Y16 (Y242)"
8572,2,"ميك اب فور ايفر كريم اساس اتش دي سكين 1Y16 (Y242)"
8573,1,"MAKE UP FOR EVER HD Skin Foundation - 1R02 (R210)"
8573,2,"ميك اب فور ايفر كريم اساس اتش دي سكين -1R02-(R210)"
8574,1,"MAKE UP FOR EVER HD Skin Foundation - 1N00-Y205"
8574,2,"كريم أساس اتش دي سكين من ميك اب فور ايفر -1N00-Y205"
8575,1,"MAKE UP FOR EVER HD Skin Foundation - 2N30 (Y345)"
8575,2,"ميك اب فور ايفر كريم اساس اتش دي سكين 2N30-Y345"
8576,1,"MAKE UP FOR EVER Step 1 Primer Hydra Booster White 30ml"
8576,2,"ميك اب فور ايفر برايمر ستيب 1 هيدرا بوستر ابيض 30 مل"
8577,1,"MAKE UP FOR EVER Mist & Fix Hydrating Setting Spray 100ml"
8577,2,"ميك اب فور ايفر ميست اند فيكس بخاخ مرطب لتثبيت المكياج 100 مل"
8578,1,"MAKE UP FOR EVER Mist & Fix Matte Long-Wear Makeup Setting Spray"
8578,2,"ميك اب فور ايفر ميست اند فيكس مات بخاخ لتثبيت المكياج طويل المفعول"
8579,1,"MAKE UP FOR EVER HD Skin Concealer - Shade 3.5"
8579,2,"كونسيلر خافي عيوب اتش دي سكين من ميك اب فور ايفر درجة 3.5"
8580,1,"MAKE UP FOR EVER HD Skin Concealer - Shade 2.1"
8580,2,"كونسيلر خافي عيوب اتش دي سكين من ميك اب فور ايفر درجة 2.1"
8581,1,"MAKE UP FOR EVER HD Skin Concealer - Shade 2.5"
8581,2,"كونسيلر خافي عيوب اتش دي سكين من ميك اب فور ايفر درجة 2.5"
8582,1,"MAKE UP FOR EVER HD Skin Concealer - Shade 3.3"
8582,2,"كونسيلر خافي عيوب اتش دي سكين من ميك اب فور ايفر درجة 3.3"
8583,1,"MAKE UP FOR EVER HD Skin Concealer - 3.0"
8583,2,"كونسيلر اتش دي سكين من ميك اب فورايفر 3.0"
8584,1,"MAKE UP FOR EVER HD Skin Concealer - Shade 2.4"
8584,2,"كونسيلر خافي عيوب اتش دي سكين من ميك اب فور ايفر درجة 2.4"
8585,1,"MAKE UP FOR EVER Step 1 SHINE CONTROL Primer - Travel Size"
8585,2,"برايمر ستيب 1 SHINE CONTROL بحجم السفر من ميك اب فور ايفر"
8586,1,"La Roche-Posay Effaclar Purifying Foaming Gel Cleanser - 200ml"
8586,2,"ايفاكلار جل غسول لتنقية البشرة من لاروش بوزيه - 200مل"
8587,1,"NARS Climax Mascara - Black"
8587,2,"نارس ماسكرا كلايماكس - اسود"
8588,1,"NARS Radiant Creamy Concealer - Biscuit"
8588,2,"كونسيلر خافي عيوب كريمي من نارس رد نايت Biscuit"
8589,1,"NARS Radiant Creamy Concealer 6ml - Caramel MED/DARK2"
8589,2,"نارس خافي عيوب كريمي ريدياند 6 مل - كاراميل MED/DARK2"
8590,1,"NARS Radiant Creamy Concealer - Custard"
8590,2,"كونسيلر خافي عيوب كريمي من نارس رد نايت Custard"
8591,1,"NARS Natural Radiant Longwear Foundation - Barcelona"
8591,2,"كريم أساس فاونديشن ناتشرال رايدينت لونغ وير من نارس Barcelona"
8592,1,"NARS Natural Radiant Longwear Foundation - Gobi Light 3"
8592,2,"نارس كريم اساس ناتشورال راديانت - 3 جوبي لايت"
8593,1,"NARS Natural Radiant Longwear Foundation - PUNJAB"
8593,2,"كريم أساس فاونديشن ناتشرال رايدينت لونغ وير من نارس PUNJAB"
8594,1,"NARS Natural Radiant Longwear Foundation - 3 Stromboli Medium"
8594,2,"نارس كريم اساس ناتشورال راديانت - 3 سترومبولي ميديم"
8595,1,"NARS Natural Radiant Longwear Foundation - 1.2 Patagonia Medium"
8595,2,"نارس كريم اساس ناتشورال راديانت - 1.2 باتاجونيا ميديم"
8596,1,"NARS Natural Radiant Longwear Foundation - Valencia"
8596,2,"نارس كريم اساس ناتشورال راديانت - فالنسيا"
8597,1,"NARS Natural Radiant Longwear Foundation - L2 Mont Blanc Light"
8597,2,"نارس كريم اساس ناتشورال راديانت - 2 مونت بلانك لايت"
8598,1,"MAC Studio Fix Face Pen - NC25"
8598,2,"قلم تحديد الوجه ماك ستديو فيكس NC25"
8599,1,"MAC Studio Fix Every-Wear Face Pen - NC30"
8599,2,"قلم تحديد الوجه كونسيلر ماك ستوديو فيكس - NC30"
8600,1,"MAC Studio Fix Every-Wear Face Pen Concealer - NC35"
8600,2,"قلم تحديد الوجه كونسيلر خافي العيوب ماك ستوديو فيكس - NC35"
8601,1,"MAC Strobe Cream - Goldlite"
8601,2,"ماك ستروب كريم الوجه - جولدلايت"
8602,1,"MAC Strobe Cream Pinklite"
8602,2,"ماك ستروب كريم بينك لايت وردي"
8603,1,"MAC Fix+ Stay Over Setting Spray"
8603,2,"ماك بخاح مثبت مكياج فيكس ستاي اوفر"
8604,1,"MAC Prep + Prime Fix+ Makeup Setting Spray"
8604,2,"بخاخ مثبت مكياج فكس بلس من ماك"
8605,1,"MAC Prep + Prime Fix+ Makeup Setting Spray"
8605,2,"ماك بخاخ فكس بلس مثبت مكياج"
8606,1,"MAC Studio Fix Powder Plus Foundation - New NC15"
8606,2,"ماك بودرة اساس ستديو فكس بلس - NC15 الجديد"
8607,1,"MAC Studio Fix Powder Plus Foundation - New NC25"
8607,2,"بودرة أساس مضغوطة ستوديو فيكس بلس من ماك - NC25 الجديد"
8608,1,"MAC Studio Fix Powder Plus Foundation - NC15"
8608,2,"بودرة ماك ستوديو فيكس -NC15"
8609,1,"MAC Studio Fix Powder Plus Foundation - NC35"
8609,2,"بودرة أساس مضغوطه ستوديو فيكس NC35 من ماك"
8610,1,"MAC Studio Fix Fluid Foundation - NC15"
8610,2,"كريم اساس ستوديو فيكس فلويد من ماك NC15"
8611,1,"MAC Studio Fix Fluid Foundation NC20"
8611,2,"ماك كريم اساس سائل ستوديو فيكس NC20"
8612,1,"MAC Studio Fix Fluid Foundation SPF 15 - NC25"
8612,2,"ماك كريم أساس ستديو فيكس فلويد بحماية 15 من الشمس NC25"
8613,1,"MAC Studio Fix Fluid Foundation NC30"
8613,2,"ماك كريم أساس ستديو فيكس NC30"
8614,1,"Rhode by Hailey Bieber Peptide Lip Tint - Toast"
8614,2,"رود هايلي بيبر ملون و مرطب الشفاه - تواست"
8617,1,"Fenty Beauty Pro Filt'r Instant Retouch Setting Powder - 03 BANANA"
8617,2,"بودره تثبيت المكياج برو فيلتر انستانت ري تتش من فنتي بيوتي - 03 BANANA"
8618,1,"e.l.f. Makeup Setting Spray"
8618,2,"ايلف مثبت المكياج"
8619,1,"e.l.f. Power Grip Primer - Hydrating Face Gel for Skin Smoothing and Makeup Gripping"
8619,2,"ايلف برايمر باور جريب مرطب للوجه جل لتنعيم البشرة وتثبيت المكياج"
8620,1,"e.l.f. Cheek and Lip Tint - Pink Positive"
8620,2,"ايلف احمر خدود وشفاه - بينك بوزيتيف"
8621,1,"e.l.f. High Definition Setting Powder - Sheer"
8621,2,"ايلف بودرة تثبيت اتش دي - شفافه"
8622,1,"e.l.f. Clear Face Primer"
8622,2,"برايمر للوجه شفاف من ايلف"
8623,1,"e.l.f. Hydrating Camo Concealer - Medium Warm"
8623,2,"ايلف خافي عيوب مرطب - ميديم وارم"
8624,1,"e.l.f. Lip and Cheek Tint - Cherry Cola"
8624,2,"ايلف احمر خدود وشفاه - شيري كولا"
8625,1,"e.l.f. Camo Color Corrector - Green"
8625,2,"مصحح اللون كامو من e.l.f. - أخضر"
8626,1,"e.l.f. Halo Glow Liquid Filter - 4 Medium"
8626,2,"ايلف فلتر سائل للوجه هلو جلو مديم موين 4"
8627,1,"e.l.f. Halo Glow Liquid Filter - Fair 01"
8627,2,"ايلف فلتر سائل للوجه هلو جلو فاير 01"
8628,1,"e.l.f. Halo Glow Liquid Filter - 3.5 Medium Maven"
8628,2,"ايلف فلتر سائل للوجه هلو جلو ميديم موين 3.5"
8629,1,"e.l.f. Halo Glow Liquid Filter - 2 Fair Light"
8629,2,"ايلف فلتر سائل للوجه هلو جلو فاير ليت 2"
8630,1,"e.l.f. Halo Glow Liquid Filter - 3 Light Medium"
8630,2,"ايلف فلتر سائل للوجه هلو جلو ليت مديم 3"
8631,1,"e.l.f. Hydrating Camo Concealer - Tan Sand"
8631,2,"ايلف خافي عيوب مرطب تان ساند"
8632,1,"e.l.f. Power Grip Primer + 4% Niacinamide Moisturizing Face Primer"
8632,2,"ايلف برايمر باور جريب مرطب للوجه + 4% نياسيناميد"
8633,1,"Hearts Waterproof Eyebrow Pencil Dark Brown - 02"
8633,2,"هارتس قلم حواجب ضد الماء بني غامق - 02"
8634,1,"Hearts Loose Shimmer Glitter Powder - 01"
8634,2,"هارتس بودرة جلتر منثورة لامع - 01"
8635,1,"Hearts Loose Shimmering Glitter Powder - 02"
8635,2,"هارتس بودرة جلتر منثورة لامع - 02"
8636,1,"Hearts Shimmering Glitter Powder - 03"
8636,2,"هارتس بودرة جلتر لامع - 03"
8637,1,"Hearts Shimmering Glitter Powder - 04"
8637,2,"هارتس بودرة جلتر لامع - 04"
8638,1,"Hearts Shimmering Glitter Powder - 05"
8638,2,"هارتس بودرة جلتر لامع - 05"
8639,1,"Hearts Shimmering Glitter Powder - 06"
8639,2,"هارتس بودرة جلتر لامع - 06"
8640,1,"Hearts Shimmering Glitter Powder - 10"
8640,2,"هارتس بودرة جلتر لامع - 10"
8641,1,"Hearts Loose Shimmer Glitter Powder - 11"
8641,2,"هارتس بودرة جلتر منثورة لامع - 11"
8642,1,"Hearts Shimmering Glitter Powder - 16"
8642,2,"هارتس بودرة جلتر لامع - 16"
8643,1,"Solar Drip Glitter Cream Eyeshadow Hearts - 002"
8643,2,"سولار دريب جليتر كريم ظلال العيون هارتس - 002"
8644,1,"Hearts Solar Drip Cream Eyeshadow - 003"
8644,2,"سولار دريب كريم ظلال العيون من هارتس - 003"
8645,1,"Solar Drip Glitter Cream Eyeshadow Hearts - 004"
8645,2,"سولار دريب جليتر كريم ظلال العيون هارتس - 004"
8646,1,"Solar Drip Glitter Cream Eyeshadow Hearts - 005"
8646,2,"سولار دريب جليتر كريم ظلال العيون هارتس - 005"
8647,1,"Solar Drip Glitter Cream Eyeshadow Hearts - 006"
8647,2,"سولار دريب جليتر كريم ظلال العيون هارتس - 006"
8648,1,"Solar Drip Glitter Eyeshadow Hearts - 001"
8648,2,"سولار دريب جليتر ظلال العيون هارتس - 001"
8649,1,"Hearts Loose Shimmer Glitter Powder - 07"
8649,2,"هارتس بودرة جلتر منثورة لامع - 07"
8650,1,"Hearts Loose Glitter Powder - 14"
8650,2,"هارتس بودرة جلتر منثورة لامع - 14"
8651,1,"Hearts Loose Glitter Powder - 15"
8651,2,"هارتس بودرة منثورة جليتر لامع - 15"
8652,1,"Hearts Loose Glitter Powder - 19"
8652,2,"هارتس بودرة جليتر منثورة لامع - 19"
8653,1,"Hearts Loose Shimmer Glitter Powder - 20"
8653,2,"هارتس بودرة جلتر منثوره لامع - 20"
8654,1,"Hearts Loose Glitter Powder - 13"
8654,2,"هارتس بودرة جلتر منثورة - 13"
8655,1,"Hearts Glitter Glue Primer - 15"
8655,2,"هارتس بريمر مثبت جليترجم - 15"
8656,1,"Hearts Sparkle Glitter Eyeshadow Palette - 12 Colors"
8656,2,"هارتس باليت ظلال العيون اسباركل جليتر - 12"
8657,1,"Hearts Diamond Powder Highlighter - 001"
8657,2,"هارتس اضاءة دايموند بودرة - 001"
8658,1,"Hearts Diamond Powder Highlighter - 002"
8658,2,"هارتس اضاءة دايموند بودرة - 002"
8659,1,"Hearts Diamond Powder Highlighter - 003"
8659,2,"هارتس اضاءة دايموند بودر - 003"
8660,1,"Hearts Diamond Powder Highlighter - 004"
8660,2,"هارتس اضاءة دايموند بودرة - 004"
8661,1,"Hearts Diamond Powder Highlighter - 005"
8661,2,"هارتس اضاءة دايموند بودرة - 005"
8662,1,"Hearts Diamond Powder Highlighter - 006"
8662,2,"هارتس اضاءة دايموند بودرة - 006"
8663,1,"Hearts Body Illuminator - Pink Shade 001"
8663,2,"هارتس اضاءة جسم درجة بنك - 001"
8664,1,"Hearts Body Shimmer - Pearly Shade 002"
8664,2,"هارتس اضاءة جسم درجة بيرلي - 002"
8665,1,"Hearts Highlighter Topaz - 003"
8665,2,"هارتس اضاءة درجة توباز - 003"
8666,1,"Hearts Soft Liquid Highlighter Pink - 001"
8666,2,"هارتس هايلايتر سائل ناعم بينك - 001"
8667,1,"Hearts Soft Liquid Highlighter Pearl - 002"
8667,2,"هارتس هايلاتر سائل ناعم بيرل - 002"
8668,1,"Hearts Soft Liquid Highlighter Topaz - 003"
8668,2,"هارتس هايلاتر سائل ناعم توباز - 003"
8669,1,"Hearts Soft Liquid Highlighter Rose Gold - 004"
8669,2,"هارتس هايلاتر سائل ناعم روز قولد - 004"
8670,1,"Hearts Makeup Remover Wipes"
8670,2,"هارتس مناديل مبللة للمكياج"
8671,1,"Hearts Creamy Liquid Lipstick - 01"
8671,2,"هارتس روج سائل كريمي - 01"
8672,1,"Hearts Creamy Liquid Lipstick - 02"
8672,2,"هارتس روج سائل كريمي - 02"
8673,1,"Hearts Creamy Liquid Lipstick - 03"
8673,2,"هارتس روج سائل كريمي - 03"
8674,1,"Hearts Creamy Liquid Lipstick - 04"
8674,2,"هارتس روج سائل كريمي - 04"
8675,1,"Hearts Creamy Liquid Lipstick - 05"
8675,2,"هارتس روج سائل كريمي - 05"
8676,1,"Hearts Creamy Liquid Lipstick - 06"
8676,2,"هارتس روج سائل كريمي - 06"
8677,1,"Hearts Creamy Liquid Lipstick - 07"
8677,2,"هارتس روج سائل كريمي - 07"
8678,1,"Hearts Creamy Liquid Lipstick - 08"
8678,2,"هارتس روج سائل كريمي - 08"
8679,1,"Hearts Matte Liquid Lipstick - 001"
8679,2,"هارتس روج سائل مطفي - 001"
8680,1,"Hearts Matte Liquid Lipstick - 03"
8680,2,"هارتس روج سائل مطفي - 03"
8681,1,"Hearts Matte Liquid Lipstick - 04"
8681,2,"هارتس روج سائل مطفي - 04"
8682,1,"Hearts Matte Liquid Lipstick - 05"
8682,2,"هارتس روج سائل مطفي - 05"
8683,1,"Hearts Matte Liquid Lipstick - 06"
8683,2,"هارتس روج سائل مطفي - 06"
8684,1,"Hearts Matte Liquid Lipstick - 07"
8684,2,"هارتس روج سائل مطفي - 07"
8685,1,"Hearts Matte Liquid Lipstick - 002"
8685,2,"هارتس روج سائل مطفي - 002"
8686,1,"Hearts Matte Liquid Lipstick - 008"
8686,2,"هارتس روج سائل مطفي - 008"
8687,1,"Hearts Lip Gloss - 3"
8687,2,"هارتس ملمع شفاة - 3"
8688,1,"Hearts Lip Gloss - 002"
8688,2,"هارتس ملمع شفاة - 002"
8689,1,"Hearts Lip Gloss - 001"
8689,2,"هارتس ملمع شفاة - 001"
8690,1,"Hearts Lip Filler Gloss - 05"
8690,2,"هارتس ليب فيلر قلوس ملمع ومكبر شفاة - 05"
8691,1,"Hearts Lip Filler Gloss & Plumper - 06"
8691,2,"هارتس ليب فيلر ملمع ومكبر شفاة - 06"
8692,1,"Hearts Lip Filler Lip Gloss and Plumper - 04"
8692,2,"هارتس ليب فيلر ملمع ومكبر شفاة - 04"
8693,1,"Hearts Powder Blush - 001"
8693,2,"هارتس بليشر بودر - 001"
8694,1,"Hearts Powder Blush - 002"
8694,2,"هارتس بليشر بودر - 002"
8695,1,"Hearts Powder Blush - 004"
8695,2,"هارتس بليشر بودر - 004"
8696,1,"Hearts Powder Blush - 005"
8696,2,"هارتس بليشر بودر - 005"
8697,1,"Hearts Powder Blush - 006"
8697,2,"هارتس بليشر بودر - 006"
8698,1,"Hearts Powder Blush - 003"
8698,2,"هارتس بليشر بودر - 003"
8699,1,"Hearts Liquid Blusher - 001"
8699,2,"هارتس بليشر احمر خدود سائل - 001"
8700,1,"Hearts Liquid Blusher - 05"
8700,2,"هارتس بليشر احمر خدود سائل - 05"
8701,1,"Hearts Liquid Blusher - 06"
8701,2,"هارتس بليشر احمر خدود سائل - 06"
8702,1,"Hearts Lip and Cheek Stick Roll - 02"
8702,2,"هارتس احمر خدود شفاة استك رول - 02"
8703,1,"Hearts Lip and Cheek Tint Stick Roll - 03"
8703,2,"هارتس احمر خدود شفاة استك رول - 03"
8704,1,"Hearts Lip and Cheek Stick Roll - 04"
8704,2,"هارتس احمر خدود شفاة استك رول - 04"
8705,1,"Hearts Blush & Lip Stick Roll - 05"
8705,2,"هارتس احمر خدود شفاة استك رول - 05"
8706,1,"Hearts Blush & Lip Stick Roll - 06"
8706,2,"هارتس احمر خدود شفاة استك رول - 06"
8707,1,"Hearts Lip and Cheek Blush Stick Roll - 09"
8707,2,"هارتس احمر خدود شفاة استك رول - 09"
8708,1,"Hearts Lip and Cheek Blush Stick Roll - 10"
8708,2,"هارتس احمر خدود شفاة استك رول - 10"
8709,1,"Hearts Blush & Lip Tint Stick Pink - 01"
8709,2,"هارتس احمر خدود شفاة استك بينك - 01"
8710,1,"Hearts Blush & Lip Stick - 08"
8710,2,"هارتس احمر خدود شفاة استك - 08"
8711,1,"Hearts Blush & Lip Stick - 07"
8711,2,"هارتس احمر خدود شفاة استك - 07"
8712,1,"Hearts Triangle Makeup Sponge - 1"
8712,2,هارتس اسفنجة مكياج مثلثات* - 1
8713,1,"Hearts Dual Face Brush B - 001"
8713,2,هارتس فرشاة ثنائية للوجة B - 001
8714,1,"Hearts Dual-Ended Brush - 002"
8714,2,هارتس فرشاة طرفين - 002
8715,1,"Hearts Makeup Brush - 003"
8715,2,هارتس فرشاة مكياج - 003
8716,1,"Hearts Professional Makeup Brush Set - 15 Pieces"
8716,2,هارتس مجموعة فرش مكياج احترافية - 15
8717,1,"Hearts Eye Makeup Brush Set - 15 Pieces"
8717,2,هارتس فرش مكياج العيون - 15
8718,1,"Hearts Professional Makeup Brush Set - 25 Pieces"
8718,2,هارتس مجموعة فرش مكياج احترافية - 25
8719,1,"Hearts Black Eyeliner Kohl - 01"
8719,2,"هارتس كحل اسود داخل العين - 01"
8720,1,"Hearts Waterproof Beige Eyeliner Pencil for Inner Eye - 02"
8720,2,"هارتس كحل بيج  مقلوم للماء داخل العين02"
8721,1,"Hearts Waterproof Brown Eyeliner Pencil - Inner Eye 04"
8721,2,"هارتس كحل بني مقاوم للماء داخل العين04"
8722,1,"Hearts Waterproof Blue Eyeliner Pencil 05"
8722,2,"هارتس كحل ازرق مقاوم للماء داخل العين05"
8723,1,"Hearts Waterproof Black Eyeliner - 01"
8723,2,"هارتس كحل اسود ضد الماء - 01"
8724,1,"Hearts Natural Longwear Foundation - Light White L1"
8724,2,"هارتس كريم أساس ناتشرال لونغ وير لايت وايت L1"
8725,1,"Hearts Natural Longwear Foundation - Light White Natural L2"
8725,2,"هارتس كريم أساس ناتشرال لونغ وير لايت وايت ناتورال L2"
8726,1,"Hearts Natural Longwear Foundation - Light to Medium L3"
8726,2,"هارتس كريم أساس ناتشرال لونغ وير لايت تو ميديم L3"
8727,1,"Hearts Natural Longwear Foundation - Medium Natural M1"
8727,2,"هارتس كريم أساس ناتشرال لونغ وير ميديم ناتورال M1"
8728,1,"Hearts Natural Longwear Foundation - Medium Warm M2"
8728,2,"هارتس كريم أساس ناتشرال لونغ وير ميديم وارم M2"
8729,1,"Hearts Natural Longwear Foundation - Medium to Medium M3"
8729,2,"هارتس كريم أساس ناتشرال لونغ وير ميديم تو ميديم M3"
8730,1,"Hearts Natural Longwear Foundation - Medium Deep M4"
8730,2,"هارتس كريم أساس ناتشرال لونغ وير ميديم ديب M4"
8731,1,"Hearts Natural Longwear Foundation - Deep Warm D1"
8731,2,"هارتس كريم أساس ناتشرال لونغ وير ديب وارم D1"
8732,1,"Hearts Lip Liner Cherry - 01"
8732,2,"هارتس محدد شفاة تشيري  - 01"
8733,1,"Hearts Waterproof Lip Liner, 02 Caramel"
8733,2,"محدد شفاه ضد الماء من هارتس , 02 كاراميل"
8734,1,"Hearts Lip Liner Rose Berry 03"
8734,2,"هارتس محدد شفاه روز بيري 03"
8735,1,"Hearts Posh Lip Liner 04"
8735,2,"هارتس محدد شفاه بوش 04"
8736,1,"Hearts Lip Liner - 05"
8736,2,"هارتس محدد شفاة - 05"
8737,1,"Hearts Lip Liner - Terracotta | 06"
8737,2,"محدد شفاه من هارتس - تراكوتا | 06"
8738,1,"Flormar Loose Powder for Face and Body - 002 Light Sand (Color: Light Sand - Silky Texture and Matte Finish)"
8738,2,"بودر سائبه للوجه والجسم لوس من فلورمار , - 002 لايت ساند (- اللون: رملي فاتح - ملمس حريري ومظهر مطفي)"
8739,1,"Flormar Loose Face Powder - 004 Beige Sand (Color: Sandy Beige - Natural Matte Finish)"
8739,2,"بودرة سائبة للوجه من فلورمار - 004 بيج ساند (- اللون: رملي بيج - مظهر طبيعي ومطفي)"
8740,1,"Flormar Loose Powder - 001 Silver Sand - Shade: Silver Sand - Setting Powder"
8740,2,فلورمار بودرة منثورة شفافة - 001 سيلفر ساند - اللون: رملي فضي - لتثبيت الماكياج)
8741,1,"Flormar Wet & Dry Compact Powder - 004 Sandy Vanilla (Color: Sandy Vanilla - High Coverage)"
8741,2,فلورمار بودرة مضغوطة رطب وجاف - 004 ساندي فانيلا (  اللون: فانيليا رملية - تغطية عالية)
8742,1,"Flormar Soft Compact Powder - 003 Sandy (Soft Pressed Face Powder - Color: Sandy - Velvet Texture)"
8742,2,فلورمار بودرة البشرة الناعمة - 003 ساندي (بودرة بشرة ناعمة مضغوطة  - اللون: رملي - ملمس مخملي)
8743,1,"Flormar Baked Blush-On - 048 Pure Peach (Color: Pure Peach - Vivid and Radiant Look)"
8743,2,فلورمار أحمر خدود مخبوز - 048 بيور بيتش ) - اللون: خوخي نقي - مظهر حيوي ومشرق)
8744,1,"Flormar Lip Powder Sponge - 05 Perfection (Color: Perfect Pink - Soft Powder Texture)"
8744,2,"فلورمار بودرة شفاه اسفنج  - 05 بيرفيكشن ( - اللون: وردي مثالي - ملمس بودرة ناعم)"
8745,1,"Flormar Lip Powder Sponge - 07 Grace (Color: Soft Pink - Velvet Texture)"
8745,2,"فلورمار بودرة شفاه اسفنج - 07 جريس ( - اللون: وردي ناعم - ملمس مخملي)"
8746,1,"Flormar Lip Powder Sponge - 09 Divine - Color: Divine Red - Rich Pigment"
8746,2,"فلورمار بودرة شفاه اسفنج  - 09 ديفاين - اللون: أحمر ديفاين - لون غني)"
8747,1,"Flormar Lip Powder Sponge - 12 Hype (Lip Powder - Color: Hype Purple - Trendy Look)"
8747,2,فلورمار بودرة شفاه  اسفنج- 12 هايب (بودرة شفاه  - اللون: أرجواني هايب - مظهر عصري)
8748,1,8682536048873
8748,2,"فلورمار بودرة اسفنج شفاه  - 16 بريف جيرل (- اللون: وردي جريء - ثبات عالي)"
8749,1,"Flormar Lip Powder - 18 Girls Trip (Color: Dark Pink - Comfortable Texture)"
8749,2,فلورمار بودرة شفاه  - 18 جيرلز تريب (اللون: وردي داكن - ملمس مريح)
8750,1,"Flormar Loose Powder - 001 Pale Sand (Translucent Loose Powder - Color: Pale Sand - Matte Finish)"
8750,2,فلورمار بودرة منثورة شفاف - 001 بيل ساند (بودرة منثورة شفافة )  - اللون: رملي باهت - مظهر مطفي)
8751,1,"Flormar Compact Powder - 088 Medium Peach Beige - Perfect Coverage"
8751,2,فلورمار بودرة مضغوطة - 088 ميديوم بيتش بيج ) - ا - اللون: بيج خوخي متوسط - تغطية مثالية)
8752,1,"Flormar Pressed Powder - 089 Medium Cream (Shade: Medium Cream - Silky Texture)"
8752,2,فلورمار بودرة مضغوطة - 089 ميديوم كريم ) -- اللون: كريمي متوسط - ملمس حريري)
8753,1,"Flormar Pressed Powder - 095 Light Porcelain Beige (Color: Light Porcelain Beige - Natural Look)"
8753,2,فلورمار بودرة مضغوطة - 095 لايت بورسلين بيج )  - اللون: بيج بورسلين فاتح - مظهر طبيعي)
8754,1,"Flormar Wet & Dry Compact Powder - 009 Honey - Color: Honey - Velvet Coverage"
8754,2,فلورمار بودرة مضغوطة رطب وجاف - 009 هاني - اللون: عسلي - تغطية مخملية)
8755,1,"Flormar Baked Blush-On - 058 Hot Pink (Color: Hot Pink - Radiant Finish)"
8755,2,فلورمار أحمر خدود مخبوز - 058 هوت بينك ) - اللون: وردي فاقع - مظهر مشرق)
8756,1,"Flormar Loose Powder - 003 Medium Sand (Color: Medium Sand - For Setting Makeup)"
8756,2,فلورمار بودرة منثورة شفافة - 003 ميديوم ساند )  - اللون: رملي متوسط - لتثبيت المكياج)
8757,1,"Flormar Compact Powder - 096 Light Porcelain Opal (Shade: Light Porcelain Opal - Matte Finish)"
8757,2,فلورمار بودرة مضغوطة - 096 لايت بورسلين أوبال ) -للون: أوبال بورسلين فاتح - مظهر مطفي)
8758,1,"Flormar Baked Blush-On - 050 Peachy Bronze - Color: Peachy Bronze - Subtle Shimmer"
8758,2,فلورمار أحمر خدود مخبوز - 050 بيتشي برونز - - اللون: برونزي خوخي - لمعان خفيف)
8759,1,"Flormar Baked Blush-On - 045 Touch of Rose (Color: Rosy Touch - Natural Look)"
8759,2,فلورمار أحمر خدود مخبوز - 045 تاتش أوف روز ) - - اللون: لمسة وردية - مظهر طبيعي)
8760,1,"Flormar Baked Blush-On - 053 Pinky Trio (Color: Pink Trio - Gradient)"
8760,2,فلورمار أحمر خدود مخبوز - 053 بينكي تريو ) - للون: وردي ثلاثي - تدرج لوني)
8761,1,"Flormar Baked Blush-On High Pigment - Pink 054"
8761,2,"فلورمار احمر الخدود باكيد عالي التصبغ بينك 054"
8762,1,"Flormar Baked Blush-On - 057 Coral"
8762,2,فلورمار أحمر خدود مخبوز - 057 كورال - اللون: مرجاني
8763,1,"Flormar Stay Perfect Concealer 002"
8763,2,"فلورمار ستي بيرفكت كونسلر 002"
8764,1,"Flormar Perfect Coverage Concealer - 007 Light Beige"
8764,2,"فلورمار كونسيلر بتغطية مثالية 007 لايت بيج"
8765,1,"Flormar Stay Perfect Concealer - 009 Tan"
8765,2,"كونسيلر خافي عيوب ستاي بيرفكت من فلورمار - 009 تان"
8766,1,"Flormar - Perfect Coverage Liquid Concealer, 004 Medium Beige"
8766,2,"فلورمار - كونسيلر سائل لتغطية مثالية ، 004 ميديم بيج"
8767,1,"Flormar Perfect Coverage Liquid Concealer - No. 010"
8767,2,"فلورمار كونسيلر خافي عيوب بيرفكت كوفلاج - رقم 010"
8768,1,"Flormar High Coverage Liquid Concealer - 20"
8768,2,"فلورمار كونسيلر سائل تغطية عالية - 20"
8769,1,"Flormar Waterproof Eyeliner Pencil, 101 / Black"
8769,2,"قلم تحديد عيون ضد الماء من فلورمار , 101 / اسود"
8770,1,"Flormar Vinyl Waterproof Liquid Eyeliner - Natural Black"
8770,2,"قلم تحديد مائي من فلورمار فينيل ضد الماء -  أسود طبيعي"
8771,1,"Flormar Wet & Dry Compact Face Powder - Shade 007"
8771,2,"فلورمار بودر مضغوطة للوجة وايت اند دراي رقم 007"
8772,1,"Flormar Mood Booster Blush - 001 Follow Your Heart"
8772,2,"بلاشر أحمر خدود مود بوستر من فلورمار - 001 فولو يور هارت"
8773,1,"Flormar Open Up Waterproof Mascara"
8773,2,"فلورمار ماسكرا اوبن اب مضادة للماء"
8774,1,"Flormar Water Lip Stain 001 Infinite Pink, Natural"
8774,2,"فلورمار احمر شفاه مائي 001 انفينيت بينك، طبيعي"
8775,1,"Flormar Nail Polish Remover"
8775,2,"فلورمار مزيل مناكير"
8776,1,"Flormar Nail Polish Drying Spray"
8776,2,"فلورمار مجفف مناكير"
8777,1,"Flormar Rock Kiss 005"
8777,2,"فلورمار روك كيس 005"
8778,1,"Flormar Eyeliner 001 Ultra Black"
8778,2,"فلورمار محدد عيون 001 الترا بلاك"
8779,1,"Flormar Ultra Eyeliner - Brown"
8779,2,"فلورمار الترا ايلاينر - برون"
8780,1,"Flormar Stay Perfect Concealer 010"
8780,2,"فلورمار ستي بيرفكت كونسيلر 010"
8781,1,"Flormar Concealer 004"
8781,2,"فلورمار كونسيلر 004"
8782,1,"Flormar Concealer 005"
8782,2,"فلورمار كونسيلر 005"
8783,1,"Flormar Strong Nail Polish Remover"
8783,2,"فلورمار مزيل مناكير اظافر قوي"
8784,1,"Flormar Nail Polish Remover"
8784,2,"فلورمار مزيل مناكير اظافر"
8785,1,"Flormar - Almond Oil Enriched Nail Polish Remover 125ml"
8785,2,"فلورمار - مزيل مناكير الغني بزيت اللوز 125 مل"
8786,1,"Flormar Acetone-Free Nail Polish Remover"
8786,2,"مزيل لإزالة طلاء الأظافر خالي من الاسيتون من فلورمار"
8787,1,"Flormar Waterproof Lipliner - 202 Soft Pink"
8787,2,"قلم تحديد شفاه مقاوم للماء من فلورمار - 202 بلون سوفت بينك"
8788,1,"Flormar Stylematic Lipliner Waterproof - 211"
8788,2,"ليب لاينر شفاه مقاوم للماء ستايل ماتيك من ماركة فلورمار - 211"
8789,1,"Waterproof Lip Liner - Crimson Chic 217"
8789,2,"محدد شفاه مقاوم للماء قرمزي شيك 217"
8790,1,"Flormar Waterproof Lipliner 234 Vanilla Soufflé"
8790,2,"فلورمار قلم تحديد الشفاه مضاد للماء 234 فانيلا سوفلي"
8791,1,"Flormar Waterproof Lipliner 239 Misty Rose"
8791,2,"فلورمار قلم تحديد الشفاه مضاد للماء 239 ميستي روز"
8792,1,"Flormar Stylematic Lipliner Creamy - No. 01"
8792,2,"فلورمار قلم تحديد الشفاة ستايل ماتيك كريمي - رقم 01"
8793,1,"Flormar Stylematic Lipliner Creamy Lip Pencil - No. 09"
8793,2,"فلورمار قلم تحديد الشفاة ستايل ماتيك كريمي - رقم 09"
8794,1,"Flormar Waterproof Lipliner - No. 205"
8794,2,"فلورمار قلم تحديد الشفاة مقاوم للماء - رقم 205"
8795,1,"Flormar Waterproof Lipliner - Berry Stain 231"
8795,2,"فلورمار قلم تحديد الشفاه المقاوم للماء - بيري ستين 231"
8796,1,"Flormar Waterproof Lipliner 229 Tender Cream"
8796,2,"فلورمار قلم تحديد الشفاه مضاد للماء 229 تندر كريم"
8797,1,"NYX Wonder Stick Contour and Highlighter - WS02 Medium Tan"
8797,2,"نيكس قلم وندر كونتور وهايلايت WS02 ميديم تان"
8798,1,"NYX Crazy Lift Brow Glue - Transparent 7ml"
8798,2,"نيكس غراء الحواجب كريزي ليفت شفاف 7 مل"
8799,1,"NYX Professional Makeup The Brow Glue - 5g"
8799,2,"جل حواجب برو جلو ان واي اكس - 5 جرام"
8800,1,"NYX The Face Glow Setting Spray 60ml"
8800,2,"نيكس بخاخ تثبيت المكياج ذا فيس جلو 60 مل"
8801,1,"NYX Sweet Cheeks Soft Cheek Tint - Nude'tude 01"
8801,2,"نيكس أحمر خدود سويت تشيك تينت كريم - نود تود 01"
8802,1,"NYX Moisturizing Lip Gloss - 09 Blush Rush"
8802,2,"نيكس ملمع شفاه مرطب - 09 بلش رش"
8803,1,"NYX Hydrating Lip Gloss - 05 Mocha Me Wet"
8803,2,"نيكس ملمع شفاه مرطب - 05 موكا مي ويت"
8804,1,"NYX Hydrating Lip Gloss - 06 Espresso Soak"
8804,2,"نيكس ملمع شفاه مرطب - 06 اسبريسوا سوك"
8805,1,"NYX Hydrating Lip Gloss - 02 Hydra Honey"
8805,2,"نيكس ملمع شفاه مرطب - 02 هيدرا هوني"
8806,1,"NYX Professional Makeup Pro Fix Stick Concealer - Cinnamon 11"
8806,2,"نيكس كونسيلر خافي عيوب برو فيكس ستيكNYX Cinnamon 11"
8807,1,"NYX Pro Fix Stick Concealer - Shade 02"
8807,2,"ان واي اكس كونسيلر خافي عيوب برو فيكس ستيك - رقم 02"
8808,1,"NYX Professional Makeup Pro Fix Stick Concealer - 05 Vanilla"
8808,2,"كونسيلر خافي عيوب برو فيكس ستيك من نيكس - 05 فانيليا"
8809,1,"NYX Pro Fix Stick Correcting Concealer - Alabaster 03"
8809,2,"نيكس بروفيكس ستيك كونسيلر مصحح ألاباستر 03"
8810,1,"NYX Fat Oil Slick Click Tinted Lip Balm - Hits Different"
8810,2,"نيكس مرطب شفاه ملون فات أويل سليك كليك - hits different"
8811,1,"NYX Sweet Cheeks Soft Cheek Tint - 03 Corallicious"
8811,2,"احمر خدود كريمي سويت تشيك من نيكس - 03 كورالسيوس"
8812,1,"NYX Shine Loud High Shine Lip Color - Life Goals"
8812,2,"احمر شفاه روج سائل مع ملمع شفاه فائق اللمعان من نيكس - لايف قولز"
8813,1,"NYX Hydrating Lip Gloss - 11 Red Way Set Wet"
8813,2,"نيكس ملمع شفاه مرطب - 11 ريد واي سيت ويت"
8814,1,"NYX Hydrating Lip Gloss - 14 Mauve-In-Most"
8814,2,"نيكس ملمع شفاه مرطب - 14 موف ان موست"
8815,1,"NYX Hydrating Lip Gloss - 07 Bubblegum Beast"
8815,2,"نيكس ملمع شفاه مرطب - 07 بابل جم بربيست"
8816,1,"NYX Hydrating Lip Gloss - 10 Berry Thirsty"
8816,2,"نيكس ملمع شفاه مرطب - 10 بيري ثيرستي"
8817,1,"NYX Hydrating Lip Gloss - 13 Cranberry Splash"
8817,2,"نيكس ملمع شفاه مرطب - 13 كرانبيري سبلاش"
8818,1,"NYX The Face Glow Face Primer - 35ml"
8818,2,"نيكس برايمر الوجه ذا فيس جلو 35 مل"
8819,1,"NYX Buttermelt Blush - Getting Butta"
8819,2,"نيكس احمر خدود بترملت - جيتينق بوتا"
8820,1,"NYX Buttermelt Blush - You Know Butta"
8820,2,"نيكس احمر خدود بترملت - يو ناو بوتا"
8821,1,"NYX Buttermelt Blush - My Butta Half"
8821,2,"نيكس احمر خدود بترملت - ماي بوتا هالف"
8822,1,"NYX Buttermelt Blush - Sooner The Butta"
8822,2,"احمر خدود بترميلت بلش من نكس - Sooner The Butta"
8823,1,"NYX Buttermelt Bronzer - Shade 01"
8823,2,"بودرة برونزية بترميلت رقم 01 من نيكس"
8824,1,"NYX Buttermelt Blush - 09 Feeling Butta"
8824,2,"ان واي اكس ( NYX ) احمر خدود بترميلت 09 فيلينغ بوتا"
8825,1,"NYX Buttermelt Blush - Butta Than Before"
8825,2,"نيكس احمر خدود بترملت - بوتا ذان بيفور"
8826,1,"Bourjois Healthy Mix Face Powder 04"
8826,2,"برجوا هيلثي مكس بودرة للوجة04"
8827,1,"Bourjois Healthy Mix Face Powder 01 Ivory - 10g"
8827,2,"برجوا بودرة الوجه هيلثي ميكس 01 ايفوري - 10 جم"
8828,1,"Bourjois Healthy Mix Powder - 02 Vanilla 10g"
8828,2,"برجوا بودره هيلثي ماكس - 02 فانيلا 10 جم"
8829,1,"Bourjois Healthy Mix Powder - No. 3"
8829,2,"برجوا بودره هلتي رقم 3"
8830,1,"Bourjois Always Fabulous Air Matte Foundation – 30ml"
8830,2,"كريم أساس أولوايز فابيولس إير مات من بورجوا – 30 مل"
8831,1,"Bourjois Rouge Velvet Lipstick - 13"
8831,2,"احمر شفاه روج فلفت من برجوا - 13"
8832,1,"Jean Paul Gaultier Le Male Le Parfum Eau de Parfum Intense 125ml"
8832,2,"عطر جان بول غولتير لومال لي بارفيوم او دو بارفيوم انتنس 125مل"
8833,1,"Jean Paul Gaultier Le Male Elixir Eau de Parfum for Men 125ml (1 Review)"
8833,2,"عطر جان بول غولتير لومال اليكسير الرجالي او دو بارفيوم 125مل (تقييم واحد)"
8834,1,"Jean Paul Gaultier Le Beau Paradise Garden Eau de Parfum 125ml"
8834,2,"عطر جان بول غولتير لو بو بردايس قاردن 125 مل Le Beau Paradise Garden Jean Paul Gaultier"
8835,1,"Creed Aventus for Men - Eau de Parfum, 100ml"
8835,2,"عطر كريد افينتوس الرجالي او دو بارفيوم 100مل"
8836,1,"Orto Parisi Terroni Parfum - 50 ml"
8836,2,"عطر تيروني من اورتو باريسي بارفيوم 50 مل"
8837,1,"Rasasi Hawas Black Eau de Parfum - 100ml"
8837,2,"عطر الرصاصي هوس بلاك او دو بارفيوم 100مل"
8838,1,"Rasasi Hawas Elixir Eau de Parfum 100ml"
8838,2,"عطر الرصاصي هوس الكسير او دو بارفيوم 100مل"
8839,1,"Rasasi Hawas Eau de Parfum 100ml"
8839,2,"عطر الرصاصي هوس او دو بارفيوم 100مل"
8840,1,"Rasasi Hawas Ice Eau de Parfum"
8840,2,"رصاصي هوس فاير او دو بارفيوم"
8841,1,"Jean Paul Gaultier Scandal Le Parfum Eau de Parfum Intense for Men - 100ml"
8841,2,"عطر جان بول غولتير سكاندال الرجالي لي بارفيوم او دو بارفيوم انتنس 100مل"
8842,1,"Montblanc Explorer Eau de Parfum - 100ml"
8842,2,"عطر مونت بلانك اكسبلورر او دو بارفيوم 100مل"
8843,1,"Montblanc Legend for Men - Eau de Toilette, 100ml"
8843,2,"عطر مونت بلانك ليجند الرجالي او دو تواليت 100مل"
8844,1,"Lacoste L.12.12 Blanc for Men - Eau de Toilette, 100ml"
8844,2,"عطر لاكوست الابيض الرجالي او دو تواليت 100مل"
8845,1,"Givenchy L'Interdit Eau de Parfum Intense 80ml"
8845,2,"عطر جيفنشي لا انترديت او دو بارفيوم انتنس 80مل"
8846,1,"Hugo Boss Bottled Elixir Parfum Intense 100ml"
8846,2,"عطر هوغو بوس بوتلد الكسير بارفيوم انتنس 100مل"
8847,1,"Hugo Boss Bottled Parfum 100ml"
8847,2,"عطر هوغو بوس بوتلد بارفيوم 100مل"
8848,1,"Armani Stronger With You Tobacco Eau de Parfum 100ml"
8848,2,"عطر ارماني سترونجر ويذ يو توباكو او دو بارفيوم 100مل"
8849,1,"Trussardi Donna White Eau de Parfum - 100ml"
8849,2,"عطر تروساردي دونا الابيض او دو بارفيوم 100مل"
8850,1,"Dior Fahrenheit Le Parfum Eau de Parfum 75ml"
8850,2,"عطر ديور فهرنهايت برفيوم أو دو بارفان 75مل"
8851,1,"Dior Homme Intense Eau de Parfum 150ml"
8851,2,"عطر ديور هوم انتنس أو دو بارفان 150 مل"
8852,1,"Gucci Guilty Absolute for Men - Eau de Parfum, 90ml"
8852,2,"عطر قوتشي غليتي ابسولوت الرجالي او دو بارفيوم 90مل"
8853,1,"Lacoste L.12.12 Blanc Eau de Parfum 100ml"
8853,2,"عطر لاكوست الابيض او دو بارفيوم 100مل"
8854,1,"Gucci Guilty Elixir de Parfum for Men 60ml"
8854,2,"عطر قوتشي غليتي اليكسير دو بارفيوم الرجالي 60مل"
8855,1,"Nishane Ani Extrait de Parfum 100ml"
8855,2,"عطر نيشاني اني اكسترايت دو بارفيوم 100مل"
8856,1,"Jean Paul Gaultier Scandal for Women - Eau de Parfum, 80ml"
8856,2,"جين بول جاليتير ليديز سكاندال او دي بارفان 80 مل"
8857,1,"Carolina Herrera Good Girl Eau de Parfum 80ml"
8857,2,"عطر كارولينا هيريرا قود غيرل او دو بارفيوم 80مل"
8858,1,"Montblanc Signature for Women - Eau de Parfum, 90ml"
8858,2,"عطر مونت بلانك سجنتشر النسائي او دو بارفيوم 90مل"
8859,1,"Boucheron Quatre for Women - Eau de Parfum, 100ml"
8859,2,"عطر بوشرون كواتر النسائي او دو بارفيوم 100مل"
8860,1,"Versace Crystal Noir Parfum New Edition - 90ml"
8860,2,"عطر فرزاتشي كريستال نوار بارفيوم اصدار جديد - 90مل"
8861,1,"Dior Addict Eau de Parfum - 100ml"
8861,2,"عطر ديور اديكت الكحلي او دو بارفيوم 100مل"
8862,1,"Roberto Cavalli Paradiso Assoluto Red Eau de Parfum - 75ml"
8862,2,"عطر روبرتو كفالي بارادايسو اسولوتو الاحمر او دو بارفيوم 75مل"
8863,1,"Roberto Cavalli Paradiso Eau de Parfum 100ml"
8863,2,"عطر روبرتو كفالي بارادايسو او دو بارفيوم 100مل"
8864,1,"Roberto Cavalli Paradiso Azzurro Eau de Parfum - 75ml"
8864,2,"عطر روبرتو كفالي بارادايسو ازورو او دو بارفيوم 75مل"
8866,1,"Elie Saab Le Parfum Eau de Parfum 90ml"
8866,2,"عطر ايلي صعب لي بارفيوم او دو بارفيوم 90مل"
8867,1,"Armani Si Passione Intense Eau de Parfum 100ml"
8867,2,"ارماني سي باشن انتنس او دو بارفيوم 100 مل"
8868,1,"Versace Eros Pour Femme Eau de Parfum 100ml"
8868,2,"عطر فرزاتشي ايروس النسائي او دو بارفيوم 100مل"
8869,1,"Lancôme La Vie Est Belle Eau de Parfum - 75ml"
8869,2,"عطر لانكوم لافي اي بل او دو بارفيوم 75مل"
8870,1,"Gucci Flora Gorgeous Gardenia Intense Eau de Parfum 100ml 667"
8870,2,"عطر قوتشي فلورا جورجوس غاردينيا انتنس او دو بارفيوم 100مل 667"
8871,1,"Gucci Flora Gorgeous Magnolia Eau de Parfum 100ml"
8871,2,"عطر قوتشي فلورا جورجيوس ماغنوليا او دو بارفيوم 100 مل"
8872,1,"Dolce & Gabbana The Only One Eau de Parfum Intense 100ml"
8872,2,"عطر دولتشي غابانا ذا اونلي وان او دو بارفيوم انتنس 100مل"
8873,1,"Hugo Boss Bottled Night for Men - Eau de Toilette, 100ml"
8873,2,"عطر هوغو بوس بوتلد نايت الرجالي او دو تواليت 100مل"
8874,1,"Hugo Boss Hugo XX Gold Edition for Women - Eau de Toilette, 100ml"
8874,2,"عطر هوغو بوس اكس اكس الذهبي النسائي تواليت 100مل"
8875,1,"Lattafa Khamrah Eau de Parfum 100ml"
8875,2,"عطر لطافة خمرة او دو بارفيوم 100مل"
8876,1,"Lalique Encre Noire Sport Eau de Toilette - 100ml"
8876,2,"عطر لاليك انكر نوار سبورت او دو تواليت 100مل"
8877,1,"Korloff Lady Gold for Women - Eau de Parfum, 88ml"
8877,2,"عطر كورلوف ليدي الذهبي النسائي او دو بارفيوم 88مل"
8878,1,"Armand Basi In Red White Eau de Toilette - 100ml"
8878,2,"عطر ارماند باسي الابيض ان رد او دو تواليت 100مل"
8879,1,"Yves Saint Laurent Libre Intense Eau de Parfum 90ml"
8879,2,"عطر ايف سان لوران ليبر انتنس او دو بارفيوم 90مل"
8880,1,"Bentley Intense for Men - Eau de Parfum, 100ml"
8880,2,"عطر بنتلي انتنس الرجالي او دو بارفيوم 100مل"
8881,1,"Lalique Encre Noire for Men - Eau de Toilette, 100ml"
8881,2,"عطر لاليك انكر نوار الرجالي او دو تواليت 100مل"
8882,1,"Cacharel Noa Eau de Toilette 100ml"
8882,2,"عطر كاشريل نوا او دو تواليت 100مل"
8883,1,"Yves Saint Laurent Libre Eau de Parfum 90ml"
8883,2,"عطر ايف سان لوران ليبر او دو بارفيوم 90مل"
8884,1,"Yves Saint Laurent MYSLF Eau de Parfum 100ml"
8884,2,"عطر ايف سان لوران ماي سلف او دو بارفيوم 100مل"
8885,1,"Yves Saint Laurent MYSLF Le Parfum 60ml"
8885,2,"عطر ايف سان لوران ماي سلف لو ابسولو بارفيوم 60مل"
8886,1,"Paco Rabanne 1 Million Parfum for Men - 100ml"
8886,2,"عطر باكو رابان ون مليون الرجالي بارفيوم 100مل"
8887,1,"Chanel Chance Eau Tendre Eau de Toilette Spray 100ml"
8887,2,"شانيل شانس او تندر او دي تواليت سبراي 100 مل"
8888,1,"Bleu de Chanel Eau de Parfum 100ml"
8888,2,"عطر بلو شانيل أو دو بارفان 100 مل"
8889,1,"Allure Homme Sport Eau de Toilette 100ml"
8889,2,"عطر الور هوم سبورت او دو تواليت 100مل"
8890,1,"Jaguar Classic Black Eau de Toilette - 100ml"
8890,2,"عطر جاكوار كلاسيك بلاك او دو تواليت 100مل"
8891,1,"Make Over Spray Foundation M4202"
8891,2,"ميك اوفر بخاخ كريم اساس M4202"
8892,1,"Make Over22 Filter Waterproof Lip Liner - 01"
8892,2,"قلم محدد شفاه فلتر مقاوم للماء من ميك اوفر22 - 01"
8893,1,"Make Over22 Matte & Glossy Liquid Lipstick - MUL011"
8893,2,"روج سائل مطفي و لامع ميك اوفر22-MUL011"
8894,1,"Make Over22 Matte & Glossy Liquid Lipstick - MUL012"
8894,2,"روج سائل مطفي و لامع ميك اوفر22-MUL012"
8895,1,"My Lip Lip and Cheek Tint Set (4 Colors) - From Makeover22"
8895,2,"طقم تنت الشفاة والخدود ماي لب 4 لون - من ميك اوفر22"
8896,1,"My Lip Lip and Cheek Tint Coral - From Makeover22"
8896,2,"تنت الشفاة والخدود ماي لب لون مرجاني - من ميك اوفر22"
8897,1,"Makeover22 Matte Lipstick - M629"
8897,2,"احمر شفاه روج مات من ميك اوفر22 - M629"
8898,1,"Makeover22 Matte Lipstick - M612"
8898,2,"احمر شفاه روج مات من ميك اوفر22 - M612"
8899,1,"Makeover22 Matte Lipstick - M634"
8899,2,"احمر شفاه روج مات من ميك اوفر22 - M634"
8900,1,"Make Over22 Unlimited Blusher - UB001"
8900,2,"احمر خدود انلميتد ميك اوفر22-UB001"
8901,1,"Make Over 22 Loose Shimmer Eye Glitter Powder - GL001"
8901,2,"بودرة منثورة جليتر لامع للعين من ميك اوفر22-GL001"
8902,1,"Make Over Filter Lip Liner – 04 Lip Liner"
8902,2,"ميك اوفر محدد شفاه فلتر – 04 محدد شفاة"
8903,1,"Make Over22 Filter Lip Liner - No:15"
8903,2,"محدد شفاه فلتر من ميك اوفر22 No:15"
8904,1,"Make Over22 Matte & Glossy Liquid Lipstick - MUL019"
8904,2,"روج سائل مطفي و لامع ميك اوفر22-MUL019"
8905,1,"Make Over22 Foundation and Moisturizer - BB15"
8905,2,"كريم اساس ومرطب من ميك اوفر22-BB15"
8906,1,"Make Over22 Baby Cheek Tint and Blush - Creative 07"
8906,2,"تنت ومورد الخدود بيبي شيك من ميك اوفر22- Creative 07"
8907,1,"Makeover22 Baby Cheek Tint & Blush - Lively 08"
8907,2,"تنت ومورد الخدود بيبي شيك من ميك اوفر22- Lively 08"
8908,1,"Makeover22 Facial Cleanser, Moisturizer, and Makeup Remover"
8908,2,"منظف ومرطب للوجه ومزيل المكياج من ميك اوفر22"
8909,1,"Magic Foundation - 35ml - MF01"
8909,2,"كريم الاساس السحري - 35مل - MF01"
8910,1,"Studio Skin Foundation Make Over22 - SS002"
8910,2,"كريم اساس ستديو سكن ميك اوفر22- SS002"
8911,1,"Make Over22 Desert Rose Eyeshadow Palette - DR001"
8911,2,"مجموعة ظلال العيون ديزرت روز من ميك اوفر22-DR001"
8912,1,"Make Over22 Concealer - M901"
8912,2,"كونسيلر من ميك اوفر22 - M901"
8913,1,"Makeover22 Creamy Blush Stick for Cheeks and Lips - GB002"
8913,2,"ستيك بلاشر كريمي للخدود والشفاه من ميك اوفر22-GB002"
8914,1,"Make Over22 Mocha Contour and Bronzer Palette - M4501"
8914,2,"باليت موكا كنتور و برونزر ميك اوفر22-M4501"
8915,1,"Luca Bronzer - 01 Light Brown"
8915,2,"لوكا برونزر - 01 لايت براون"
8916,1,"Luca Dewy Finish Makeup Setting Spray - 60ml"
8916,2,"لوكا بخاخ مثبت مكياج ديوي فينيش - 60 مل"
8917,1,"Luca Bronzer - 02 Medium Brown"
8917,2,"لوكا برونزر - 02 ميديام براون"
8918,1,"Luca Highlighter - 01 Lustrous Gold"
8918,2,"لوكا هايلايتر - 01 لوستروس قولد"
8919,1,"Luca Bronzer - 03 Dark Brown"
8919,2,"لوكا برونزر - 03 دارك بروان"
8920,1,"Luca Liquid and Cream Blush - 03 Mauve"
8920,2,"لوكا احمر خدود سائل وكريمي - 03 موف"
8921,1,"Luca Foundation Macchiato Medium 03"
8921,2,"لوكا كريم الأساس ماكياتو متوسط 03"
8922,1,"Luca Liquid and Creamy Blush - 04 Peachy Pink"
8922,2,"لوكا احمر خدود سائل وكريمي - 04 بيتشي بينك"
8924,1,"Luca Lip Balm Cherry 02"
8924,2,"لوكا مرطب الشفاه لون كرزي 02"
8926,1,"Luca Makeup Setting Powder - Custard 03"
8926,2,"ودرة تثبيت المكياج - كاسترد- من لوكا 03"
8928,1,"Luca Mini Nude Eyeshadow Palette 01"
8928,2,"لوكا باليت ظلال عيون ميني الوان النود 01"
8929,1,"Luca Lip Liner - Cold Cool 14"
8929,2,"قلم تحديد الشفاه من لوكا كولد كول 14"
8930,1,"Luca Lip Liner - 03 City Girl"
8930,2,"لوكا محدد الشفاه - 03 سيتي قيرل"
8932,1,"Luca Liquid Eyeliner - 01 Blackest Black"
8932,2,"لوكا كحل سائل - 01 بلاكيست بلاك"
8933,1,"Luca Lip Liner - 07 Classic Peak"
8933,2,"لوكا محدد الشفاه - 07 كلاسيك بيك"
8934,1,"Luca Foundation - 01 Latte"
8934,2,"لوكا كريم الاساس - 01 لاتيه"
8935,1,"Luca Highlighter - 02 Metallic Pink"
8935,2,"لوكا هايلايتر - 02 ماتليك بينك"
8937,1,"Luca Marshmallow Nude Lip Balm - Shade 03"
8937,2,"مرطب شفايف مرشملوا نود- من لوكا 03"
8938,1,"Luca Concealer - 02 Scone"
8938,2,"لوكا كونسيلر - 02 سكون"
8940,1,"Luca Concealer - 03 Tarte"
8940,2,"لوكا كونسيلر - 03 تارت"
8941,1,"Loca Pink Lip Balm - 04"
8941,2,"مرطب شفايف بينك- من لوكا 04"
8943,1,"Loca Lip Liner - 01 Luster"
8943,2,"لوكا محدد الشفاه - 01 لستر"
8944,1,"Loca Cream Blush - 01 Totally Fine"
8944,2,"لوكا احمر خدود كريمي - 01 توتالي فاين"
8945,1,"Luca Concealer - 01 Meringue"
8945,2,"لوكا كونسيلر - 01 ميرينغ"
8946,1,"Pert Plus Conditioner with Henna and Hibiscus Extracts for Weak and Dull Hair - 360 ml"
8946,2,"بلسم بخلاصة الحناء و الكركديه للشعر الضعيف والباهت من برت بلس - 360 مل"
8947,1,"Giovanni - Root 66 Max Volume Conditioner for Limp and Damaged Hair, 250 ml"
8947,2,"جيوفاني - بلسم الكثافة القصوى Root 66 للشعر المتقصف والضعيف، 250 مل"
8948,1,"Syoss Curl Me Conditioner 500ml for Wavy and Curly Hair"
8948,2,"بلسم شعر سيوس كيرل مى 500 مل للشعر المموج والمجعد 500مل"
8949,1,"Nizoral Anti-Dandruff Shampoo for Dandruff and Seborrheic Dermatitis Treatment, 100ml"
8949,2,"نيزورال شامبو ضد القشره، لعلاج قشرة الشعر والتهاب الجلد الدهني، 100 مل"
8950,1,"Anastasia Beverly Hills - Soft Glam Eyeshadow Palette"
8950,2,"انستازيا بيڤرلي هيلز - ظلال العيون سوفت قلام"
8951,1,"Benefit Goof Proof Brow Pencil 04 Medium - 0.34g"
8951,2,"بنفت قلم حواجب جوف بروف 04 ميديام - 0.34 جم"
8952,1,"Too Faced Born This Way Concealer - Cloud 13.5ml"
8952,2,"توفيسد كونسيلر بورن ذيس واي - كلود 13.5 مل"
8953,1,"Too Faced Concealer - Sand (13.5ml)"
8953,2,"توفيسد كونسيلر ساند 13.5 مل"
8954,1,"Ofra Beverly Hills Highlighter - 5-in-1 Face Illuminator"
8954,2,"اوفرا اضاءة وجه الخماسي إضاءة وجه - بيفرلي هيلز"
8955,1,"Benefit BADgal BANG! Volumizing Mascara 8.5g"
8955,2,"بنفت ماسكارا بادجال بانج لتكثيف الرموش 8.5 جم"
8956,1,"Benefit The POREfessional Face Primer - 44ml"
8956,2,"برايمر ذا بورفيشنال من بنفت - 44 مل"
8957,1,"Anastasia Beverly Hills DIPBROW Pomade - Chocolate"
8957,2,"اناستازيا بيفرلي هيلز جل حواجب ديب برو بوميد - تشوكلت"
8958,1,"Anastasia Beverly Hills DIPBROW Pomade - Ebony"
8958,2,"اناستازيا بيفرلي هيلز جل حواجب ديب برو بوميد - ايبوني"
8959,1,"Ofra Highlighter - Rodeo Drive"
8959,2,"اوفرا اضاءة وجه هايلايت هايلايتر ضاءة وجه - روديدو درايف"
8960,1,"Mavala Double-Lash 10ml"
8960,2,"مافالا مضاعفة حجم الرموش 10 مل"
8961,1,"Dior Backstage Contour & Highlight Palette 002 Glitz 10g"
8961,2,"ديور باكستيج باليت كونتور آند هايلايت 002 جليتز 10 جم"
8962,1,"Mavala - Scientifique K+ Nail Hardener 5ml"
8962,2,"مافالا - مقوي الأظافر سينتيفيك كي بلس 5 مل"
8963,1,"Anastasia Beverly Hills DIPBROW Pomade - Medium Brown"
8963,2,"اناستازيا بيفرلي هيلز جل حواجب ديب برو بوميد - ميديم براون"
8964,1,"Laura Mercier Translucent Loose Setting Powder"
8964,2,"بودرة تثبيت سائبة شفافة من لورا ميرسييه"
8965,1,"Dior Backstage Contour & Highlight Palette 001 Universal 10g"
8965,2,"ديور باكستيج باليت كونتور آند هايلايت 001 يونيفيرسال 10 جم"
8966,1,"Dior Addict Lip Glow Oil 001 - 6ml"
8966,2,"ديور زيت شفاه ليب جلو 001- 6مل"
8967,1,"Anastasia Beverly Hills - Brow Wiz Ultra-Slim Precision Brow Pencil - Medium Brown"
8967,2,"أنستازيا بيفرلي هيلز - قلم تحديد الحواجب برو ويز - بني متوسط"
8968,1,"By BEAUTY BAY Berries 42 Colour Eyeshadow Palette"
8968,2,"بيوتي باي باليت ظلال العيون 42 لون berries"
8969,1,"By BEAUTY BAY Eyeshadow Palette - Fiery 42 Colors"
8969,2,"باي بيوتي باي باليت ظلال عيون - ريش 42 لون"
8970,1,"By BEAUTY BAY Smoky 42 Colour Eyeshadow Palette"
8970,2,"باي بيوتي باي باليت ظلال عيون سموكي 42 لون"
8971,1,"Beauty Bay 42 Color Nude Eyeshadow Palette"
8971,2,"بيوتي باي باليت ظلال العيون من 42 لون nude"
8972,1,62535047049966253762412544
8972,2,"شامبو أو بلس للشعر المعالج بالبروتين والكيراتين – 500 مل"
8973,1,22796976017
8973,2,"شامبو الكيراتين البرازيلي من او جي اكس - 385مل"
8974,1,"Kolier Temporary Hair Color Spray - Red"
8974,2,"كولير بخاخ صبغة شعر مؤقت - احمر"
8975,1,"Ofra Red Carpet Liquid Highlighter for Body and Legs - Universal 150ml"
8975,2,"اوفرا ريد كاربت اضاءة سائلة للجسم والسيقان - يونيفرسال 150 مل"
8976,1,"Estée Lauder Double Wear Matte Foundation SPF 10 - Pale Almond 2C2, 30ml"
8976,2,"كريم اساس تغطية البشرة مطفي بعامل حماية 10 لون بال اليموند 2C2 حجم 30مل - استي لودر"
8977,1,"Estée Lauder Double Wear Stay-in-Place Makeup - 3N2 WHEAT"
8977,2,"كريم اساس دبل وير من استي لودر - 3N2 WHEAT"
8978,1,"Estée Lauder Double Wear Stay-in-Place Foundation with SPF - 30ml 1N1"
8978,2,"استي لودر كريم اساس دابل وير مع حماية من الشمس - 30 مل 1N1"
8979,1,"Estée Lauder Double Wear Stay-in-Place Foundation with SPF - 30ml 2N1"
8979,2,"استي لودر كريم اساس دابل وير مع حماية من الشمس - 30 مل 2N1"
8980,1,"L'Oréal Paris Infallible More Than Concealer - 330 Pecan"
8980,2,"لوريال باريس خافي عيوب سائل إنفاليبل 330 بيكان"
8982,1,"Maybelline Lash Sensational Sky High Waterproof Mascara - Cosmic Black"
8982,2,"لاش سينسيشنال سكاي هاي ماسكرا مقاومة للماء - كوزمك بلاك من ميبلين"
8983,1,"Maybelline New York Colossal Up To 36H Mascara - Black | 10ml"
8983,2,"ماسكارا كولوسال بابل نيويورك من ميبلين - اسود | 10مل"
8984,1,"Maybelline Lash Sensational Firework Mascara - Black 10ml"
8984,2,"مايبيلين ماسكارا لاش سينسيشينال فايرورك - بلاك 10 مل"
8985,1,"Maybelline New York Falsies Lash Lift Waterproof Black"
8985,2,"ميبيلين نيويورك فولسيس لاش ليفت وتربروف بلاك"
8986,1,"L'Oréal Paris Telescopic Lift Mascara 9.9ml"
8986,2,"لوريال باريس ماسكارا تيليسكوب رفع الرموش 9.9 مل"
8987,1,"L'Oréal Full Coverage Concealer - Shade 323"
8987,2,"كونسيلر تغطية كاملة من لوريال 323"
8989,1,"Rimmel Concealer Light No. 030"
8989,2,"ريميل خافي عيوب لايت رقم 030"
8993,1,"Essence I Love Flawless Skin Concealer - 20 Dark Porcelain, 4ml"
8993,2,"خافي عيوب اي لوف فلوليس سكين 20 دارك بورسلين من إيسينس 4 مل"
8994,1,"Essence Camouflage + Matt Waterproof Concealer - 100"
8994,2,"كونسيلر مات مقاوم للماء +كاموفلاج من ايسينس - 100"
8995,1,"Essence I Love Flawless Skin Concealer"
8995,2,"كونسيلر اي لوف فلوليس سكن من ايسنس"
8996,1,"Essence I Love Flawless Skin Concealer - 40 Dark Beige, 4ml"
8996,2,"خافي عيوب كونسيلر اي لوف فلوليس سكين 40 دارك بيج من إيسينس 4 مل"
8997,1,"Kryolan Makeup Setting Gel - 100ml"
8997,2,"جل مثبت مكياج من كريولان - 100مل"
8998,1,"Kryolan Ultra Foundation Trio D"
8998,2,"كريولان كريم اساس الترا تريو D"
8999,1,"Kryolan Ultra Setting Vaporizer Makeup Setting Spray"
8999,2,"كريولان بخاخ تثبيت المكياج ألترا سيتنج فابورزير"
9000,1,"Kara Beauty Starbeam Body Glow - Moonbeam"
9000,2,"كارا بيوتي اضاءة الجسم ستاربيم - مون بيم"
9001,1,"Kara Beauty Starbeam Body Glow - Cosmic Sheen"
9001,2,"كارا بيوتي اضاءة الجسم ستاربيم - كوزميك شين"
9002,1,"Flormar Sun Lovers Tinted Sunscreen SPF50"
9002,2,"فلورمار صن لوفرز واقي شمس ملون بمعامل حماية SPF50"
9003,1,"Flormar Tinted Face Moisturizer with Sunscreen (SPF 50)"
9003,2,"فلورمار مرطب للوجه مع واقي شمس مع لون(SPF 50)"
9004,1,"Maybelline New York Fit Me Luminous + Smooth Foundation - 105"
9004,2,"كريم اساس فيت مي لومينوس سموث من ميبيلين نيويورك - 105"
9005,1,"Maybelline Instant Age Rewind Eraser Concealer – 150 Neutralizer"
9005,2,"ميبلين خافي عيوب انستانت ايدج ريوند كونسيلر – 150 نوتلايزر"
9006,1,"Maybelline Instant Age Rewind Eraser Concealer - 00"
9006,2,"كونسيلر ايج من ميبيلين - ريويند00"
9007,1,"Maybelline New York Concealer - Shade 02"
9007,2,"خافي عيوب مايبيلين نيويورك رقم 02"
9008,1,"Maybelline New York Concealer - Shade 01"
9008,2,"خافي عيوب مايبيلين نيويورك رقم 01"
9009,1,"Maybelline New York Concealer - Shade 03"
9009,2,"خافي عيوب مايبيلين نيويورك رقم 03"
9010,1,"L'Oréal Infallible 110 Rose Vanilla"
9010,2,"لوريال إنفاليبل 110 روز فانيلا"
9011,1,"L'Oréal Paris Infallible Fresh Wear Liquid Foundation - 145 Rose Beige"
9011,2,"لوريال باريس كريم اساس سائل انفاليبل فريش - 145 وردي بيج"
9012,1,"L'Oréal Infallible 100 Lean Lean"
9012,2,"لوريال إنفاليبل 100 لين لين"
9013,1,"L'Oréal Paris - Infallible Fresh Wear 32H Liquid Foundation - 125 Natural Beige"
9013,2,"لوريال باريس - إنفاليبل فريش وير كريم أساس سائل يدوم حتى 32 ساعة - ناتشورال بيج 125"
9014,1,"L'Oréal Paris Infallible 24H Fresh Wear Liquid Foundation - Shade 140"
9014,2,"كريم أساس سائل يدوم 24 ساعة فريشوير رقم 140 من لوريال باريس"
9015,1,"L'Oréal Paris Infallible 32H Fresh Wear Foundation - 30ml"
9015,2,"كريم اساس إنفاليبل فريش وير 32 ساعة من لوريال باريس - 30 مل"
9016,1,"SHEGLAM Willy Wonka Cocoa Kiss Cookies 'n Milk Lipstick and Lip Liner Set"
9016,2,"مجموعة أحمر شفاه روج ومحدد شفاه كوكيز إن ميلك ويلي ونكا كاكاو كيس من شيجلام"
9017,1,"SHEGLAM Lip Plumper and Gloss - Violet Fizz"
9017,2,"ملمع ومكبر شفاه من شيقلام - Violet Fizz"
9018,1,"SHEGLAM Lip Gloss Pen - PEACHY KEEN"
9018,2,"قلم ملمع الشفاة من شيقلام - PEACHY KEEN"
9019,1,"SHEGLAM Moisturizing Lip Balm & Treatment - Spring Fever"
9019,2,"قلم مرطب ومعالج للشفاه درجة سبرينج فيفر من شيجلام"
9020,1,"SHEGLAM Moisturizing and Nourishing Lip Balm Stick - Hot Cocoa"
9020,2,"قلم مرطب ومعالج للشفاه درجة هوت كاكاو من شيجلام"
9021,1,"SHEGLAM Perfect Shine Lipstick - On Bloom"
9021,2,"شيجلام قلم احمر الشفاة بيرفكت شاين - درجة اون بلوم"
9022,1,"SHEGLAM Lip Plumper and Gloss - PINK FLAMINGO"
9022,2,"ملمع ومكبر شفاه من شيقلام - PINK FLAMINGO"
9023,1,"SHEGLAM Pout Perfect Shine Lip Plumper - Pink Flamingo 2"
9023,2,"قلوس مكبر وملمع شفاه باوت بيرفكت شاين بينك فلامنجو من شجلام - 2"
9024,1,"SHEGLAM Pout Perfect Shine Lip Plumper - Hot Stuff"
9024,2,"شيجلام مكبر وملمع شفاه باوت بيرفكت شاين هوت ستاف"
9025,1,"SHEGLAM Pout Perfect Shine Lip Plumper - Sepia Kiss"
9025,2,"شيجلام مكبر وملمع شفاه باوت بيرفكت شاين سيبيا كيس"
9026,1,"SHEGLAM Lip Facts Lip Liner"
9026,2,"محدد شفاه ليب فاكتس من شيقلام"
9027,1,"SHEGLAM Lip Facts Lip Liner"
9027,2,"شيغلام محدد شفاة ليب فاكتس"
9028,1,"SHEGLAM Jazzy Jigsaw Moving On Eyeshadow Palette"
9028,2,"باليت ظلال العيون جازي جيقسو موفينج اون من شيجلام"
9029,1,"SHEGLAM Jazzi Jigsaw Eyeshadow Palette - Love in Taupe"
9029,2,"باليت ظلال العيون جازي جيقسو من شيقلام ، لوف ان تاوب"
9030,1,"SHEGLAM Hued In Nude Eyeshadow Palette"
9030,2,"شجلام باليت ظل العيون Hued In Nude"
9031,1,"SHEGLAM Go Go Glow Body Mist - Gilded Glow"
9031,2,"شجلام بخاخ اضاءه للجسم جو جو جلو جيلديد جلو"
9032,1,"SHEGLAM Frosted Opal Body Shimmer Spray"
9032,2,"شجلام بخاخ اضاءه للجسم Frosted Opal"
9033,1,"SHEGLAM Lip and Cheek Tint - Cherry Flavor"
9033,2,"تنت الشفاه والخدود من شيقلام - بنكهة الكرز"
9034,1,"SHEGLAM Flutter Wink Volumizing Mascara"
9034,2,"ماسكارا فلاتر وينك لتكثيف الرموش من شيقلام"
9035,1,"SHEGLAM It's Chili For The Flush Lip & Cheek Tint"
9035,2,"الشفاه و الخدود اتس تشيلي فور ذل فلاش من شجلام"
9036,1,"SHEGLAM Angled Eyebrow Brush - Espresso"
9036,2,"فرشاة حواجب مائلة من شيقلام - Espresso"
9037,1,"SHEGLAM Lip and Cheek Tint - Grapefruit Flavor"
9037,2,"تنت الشفاه والخدود من شيقلام , بنكهة الجريب فروت"
9038,1,"SHEGLAM Matte Powder Blush - You're Peachy"
9038,2,"شجلام بودر احمر خدود مطفي YouRe Peachy"
9039,1,"SHEGLAM Brow Setting Gel - Crystal Clear"
9039,2,"جل تثبيت الحواجب من شيقلام , كريستال كلير"
9040,1,"SHEGLAM Liquid Blush and Highlighter Glow Set – 3 Pieces"
9040,2,"مجموعة احمر الخدود وهايلايتر السائلة للإشراقة من شيقلام – 3 قطع"
9041,1,"SHEGLAM Hydro-Touch Setting Powder - Baby Pink, 20g"
9041,2,"بودرة تثبيت المكياج هيدرو تاتش بيبي بينك من من شيجلام 20 جم"
9042,1,"SHEGLAM Birthday Skin Primer - 30g"
9042,2,"شيجلام برايمر بيرثداي سكين - 30 جم"
9043,1,"SHEGLAM Insta-Ready Face & Under Eye Setting Powder - Translucent"
9043,2,"شيجلام بودرة تثبيت انستا ريدي للوجه وتحت العين - ترانسلوسنت"
9044,1,"SHEGLAM Clean Queen Mascara Remover"
9044,2,"مزيل الماسكارا كلين كوين من شيجلام"
9045,1,"SHEGLAM Fine Line 2-in-1 Nose Contour & Highlighter Pen - Amber"
9045,2,"شيجلام قلم تحديد الانف وابرازه 2 × 1 فاين لاين - عنبر"
9046,1,"SHEGLAM Loco For Coco Lip Oil"
9046,2,"شجلام مرطب شفاه زيتي Loco For Coco"
9047,1,"SHEGLAM Life's a Party Roller Ball Lip Treatment"
9047,2,"مرطب معالج للشفاه رولر بول Life's a Party من شيجلام"
9048,1,"SHEGLAM Jelly Wow Hydrating Lip Gloss - Mali Blue Berry Coco"
9048,2,"ملمع الشفاه المرطب جيلي واو لون مالي بلو بيري كوكو من شيجلام"
9049,1,"SHEGLAM Dual-Ended Mascara Infused with Gold Particles"
9049,2,"ماسكارا ثنائية الرأس والمزودة بجزيئات ذهب من شيقلام"
9050,1,"SHEGLAM Waterproof Eyeliner Pencil"
9050,2,"قلم تحديد العيون المقاوم للماء من شيجلام"
9051,1,"Nature's Way Alive! Hair, Skin & Nails Gummies with Collagen and Biotin, Strawberry Flavor - 60 Gummies"
9051,2,"علكة تقوية الشعر والبشرة والاظافر مع الكولاجين والبيوتين بالفراولة ناتشرز واي الايف 60 علكة"
9053,1,"Hair-Dal Dietary Supplement for Hair and Skin Strengthening – 60 Tablets"
9053,2,"هير دال مكمل غذائي لتقوية الشعر والبشرة – 60 قرص"
9054,1,"Cystine B6 + Zinc 120 Tablets"
9054,2,"سيستين ب6 + زنك 120 قرص"
9055,1,"Habits Biotin Dietary Supplement for Hair, Skin, and Nails - 60 Pieces"
9055,2,"هابيتس مكمل غذائي بالبيوتين للشعر والبشرة والاظافر - 60 قطعة"
9058,1,"Apple Fit Plus Capsules for Fat Burning and Appetite Control, 60 Capsules"
9058,2,"حبوب ابل فت بلس مناسبة لحرق الدهون والشهية, 60كبسولة"
9059,1,"Jamieson Green Tea & Apple Cider Vinegar 90 Capsules"
9059,2,"جاميسون كبسولات الشاي الأخضر وخل التفاح 90 كبسولة"
9062,1,"Centrum Silver Multivitamins with Lutein - 100 Tablets"
9062,2,"سنترم فضي فيتامينات متعددة مع لوتين - 100 قرص"
9063,1,"Centrum Energy Multivitamins with Ginkgo & Ginseng, 30 Tablets"
9063,2,"سنترم انيرجي فيتامينات متعددة مع الجينكو والجينسينج ، 30 قرص"
9064,1,"Sentry 2000 Dietary Supplement for Essential Vitamins and Minerals - 60 Tablets"
9064,2,"سنتري 2000 مكمل غذائي لتوفير الفيتامينات والمعادن الأساسية 60 قرص"
9065,1,"Jamieson 100% Multivitamin for Women - 30 Capsules"
9065,2,"جاميسون مكمل غذائي متعدد الفيتامينات للنساء 100% عدد 30 كبسولة"
9066,1,"Pharmaton Multivitamins 30 Capsules"
9066,2,"فارماتون فيتامينات متعددة 30 كبسولة"
9067,1,"Arkopharma Zinc Optimal - 60 Capsules"
9067,2,"زنك اوبتيمال اركوفارم 60 كبسولة"
9068,1,"Centrum Silver Multivitamin with Lutein - 30 Tablets"
9068,2,"سنترم سيلفر متعدد الفيتامينات مع لوتين - 30 قرص"
9069,1,"Centrum with Lutein - 30 Tablets"
9069,2,"سنترم مع لوتين 30 قرص"
9070,1,"Centrum with Lutein - 100 Tablets"
9070,2,"سنترم مع لوتين 100قرص"
9071,1,"Vitalife 30 Capsules"
9071,2,"فيتالايف 30 كبسولة"
9072,1,"NQ Argiton Multivitamin Dietary Supplement Syrup 100 ml"
9072,2,"ان كيو ارجيتون مكمل غذائي شراب متعدد الفيتامينات 100 مل"
9073,1,"Mr. Tumee Multi-Vitamin and Mineral Gummies, 60 Count"
9073,2,"جوميز، متعددة الفيتامينات والمعادن من مستر تومي، 60 قطعة"
9075,1,"Happy Gummy Vitamin-Rich Gummies for Kids - 90 Pieces"
9075,2,"حلوى غنية بالفتيامينات للأطفال من هابي جامي 90 قطعة"
9076,1,"Mr. Tumee Vitamin C - 60 Gummies"
9076,2,"مستر تومي فيتامين سي 60 حلوى"
9078,1,"Sanovit Multivitamin Syrup for Children with Iron for Anemia and Growth Support - 320ml"
9078,2,"سانوفيت شراب فيتامينات للأطفال مع الحديد لعلاج الأنيميا والنمو 320 مللي"
9079,1,"Marnys Royal Junior Multivitamin Syrup with Royal Jelly - 125 ml"
9079,2,"مارنيز رويال جونيور شراب بالفيتامينات وغذاء ملكة النحل 125 مل شراب"
9080,1,"Ferobin Vitamins with Iron | 250ml"
9080,2,"فيروبين فيتامينات مع الحديد | 250مل"
9081,1,"Vitabiotics Osteocare Liquid - Calcium, Magnesium, Zinc, and Vitamin D, 200 ml"
9081,2,"فيتابيوتكس شراب اوستيوكير كالسيوم، مغنيسيوم، زنك، وفيتامين د، 200 مل"
9082,1,"Ferose Syrup for All Iron Deficiency Cases - 100 ml"
9082,2,"فيروز شراب لجميع حالات نقص الحديد - 100 مل"
9083,1,"Ferovit Vitamins with Iron - 30 Tablets"
9083,2,"فيروفيت فيتامينات مع الحديد - 30 قرص"
9084,1,"Pure Zinc 60 Softgels"
9084,2,"بيور زنك 60 كبسولة هلامية"
9085,1,"Jamieson Zinc 10 mg 100 Tablets Dietary Supplement"
9085,2,"فيتامين جاميسون الزنك 10 ملغ 100 قرص مكمل غذائي"
9086,1,"Marnys L-Carnitine Liquid 2000 mg - 20 Vials"
9086,2,"مارنيس إل-كارنيتين سائل 2000 ملجم 20 قارورة"
9087,1,"Marnys Ginseng – Natural Energy and Stress Resistance, 1000 mg, 30 Capsules"
9087,2,"مارنيز جينسنغ – طاقة طبيعية ومقاومة للإجهاد، 1000 مجم، 30 كبسولة"
9088,1,"Ginexin-F Ginkgo Biloba 40 mg - 40 Tablets"
9088,2,"جينيكسين-اف جينكو بيلوبا 40 مجم 40 قرص"
9089,1,"Supra Capsules General Tonic Dietary Supplement - 120 Capsules"
9089,2,"سوبرا كبسولات مكمل غذائي مقوي عام 120 كبسولة"
9090,1,"Ginkogen Q10 Dietary Supplement - 30 Tablets"
9090,2,"جينكوجين كيو 10 مكمل غذائى 30 قرص"
9091,1,"Nafis Pharma Roya Gin Dietary Supplement - 30 Tablets"
9091,2,"نفيس فارما رويا جين مكمل غذائي - 30 قرص"
9092,1,"Super Royal Jelly 30 Capsules"
9092,2,"سوبر رويال جيلي 30 كبسولة"
9093,1,"Queen Royal Jelly 1000 Dietary Supplement with Garlic Extract for Strength and Vitality - 30 Capsules"
9093,2,"كوين رويال جيلي 1000 مكمل غذائي بخلاصة الثوم لزيادة القوة والنشاط - 30 كبسولة"
9094,1,"Marnys Korean Ginseng 500 mg - 30 Capsules"
9094,2,"مارنيز كوريان جنسنج 500 مجم 30 كبسولة"
9095,1,"Marnys Royal Jelly 5000, 20 Drinkable Vials"
9095,2,"مارنيز رويال جيلي 5000 ,20 قارورة شراب"
9096,1,"Jamieson Vitamin C 500 mg Chewable Tablets - 90 Tablets"
9096,2,"جاميسون فيتامين سي اقراص مضغ 500 ملجم - 90 قرص"
9097,1,"Zinco Vitamin C 1000 mg + Zinc - 24 Tablets"
9097,2,"زينكو فيتامين سى 1000 مجم زنك 24 قرص"
9100,1,"Marnys, Propolis 1000 mg with Echinacea - 30 Capsules"
9100,2,"مارنيز، بروبوليس 1000 محم مع الإشينسيا - 30 كبسولة"
9101,1,"Nafis Pharma Vitamin C + D + Zinc Effervescent Food Supplement - 20 Tablets, 70g"
9101,2,"نفيس فارما مكمل غذائي فيتامين سي + د + زنك فوار 20 قرص - 70 جرام"
9102,1,"Vida Care Vitamin C and Zinc Effervescent Tablets - 20 Tablets | 1000 mg"
9102,2,"أقراص فوارة بفيتامين C والزنك من فيدا كير - 20 حبة | 1000 ملجم"
9103,1,"Jamieson, Wild Salmon Oil - 90 Capsules"
9103,2,"جاميسون، وايلد سالمون اويل - 90 كبسولة"
9104,1,"Jamieson Cod Liver Oil - 100 Capsules"
9104,2,"جاميسون زيت كبد سمك القد 100 كبسولة"
9105,1,"Jamieson Odourless Garlic 100 Capsules"
9105,2,"جاميسون كبسولات ثوم بدون رائحة 100 كبسولة"
9106,1,"Jamieson Omega-3 Complete 600 mg - 30 Softgels"
9106,2,"جاميسون اوميجا 3 كومبليت 600 مجم 30 كبسولة هلامية"
9107,1,"Jamjoom Pharma Omega-3 567 mg - 30 Capsules"
9107,2,"جمجوم فارما اوميجا-3 567 مجم 30 كبسولة"
9108,1,"Smarty 30 Capsules"
9108,2,"سمارتي 30 كبسولة"
9109,1,"Co-Q10 200mg - 30 Capsules"
9109,2,"كو-كيو 10- 200ملجم 30 كبسولة"
9110,1,"Melato Plus 30 Softgels"
9110,2,"ميلاتو بلس 30 كبسولة لينة"
9111,1,"Element Melatonin Plus with Vitamin B6 and Pasque Flower - 60 Gummies"
9111,2,"مكمل غذائي ميلاتونين بلس وفيتامين B6 وزهرة الباسك من إيلمنت - 60 قطعة"
9112,1,"Mel-Night 5 mg Capsules - 50 Capsules"
9112,2,"كبسولات ميل نايت 5 ملغ 50 كبسولة"
9113,1,"Jamieson Fast Dissolving Melatonin 5 mg Chocolate Mint Flavor – 30 Sublingual Tablets"
9113,2,"جاميسون ميلاتونين سريع الذوبان 5 ملجم بنكهة الشوكولاتة والنعناع – 30 قرص تحت اللسان"
9114,1,1234
9114,2,"شامبو نيزورال  ضد القشرة - 100 مل"
9115,1,"Freshdays Daily Fresh Pantyliners - 72 Liners"
9115,2,"فريش دايز فوط نسائية يومية منعشة 72 فوطة"
9116,1,"Freshdays Daily Liners Normal Scented - 72 Liners"
9116,2,"فريشدايز الفوطة اليومية عادي معطّر 72 فوطة"
9117,1,"Il Salone Instant Restructuring Kit (Shampoo + Mask + Booster Serum)"
9117,2,"طقم الترميم الفوري (شامبو+ماسك+سيرم معزز) من ال صالون"
9118,1,"Il Salone Repair and Reconstruction Set (Shampoo + Conditioner)"
9118,2,"طقم الاصلاح وإعادة البناء(شامبو+بلسم) من ال صالون"
9119,1,"Prima Vitamin D3 50,000 IU - 30 Capsules"
9119,2,"فيتامين د3 50000 وحدة 30 كبسولة من بريما- 30مل"
9120,1,"Biodal 50,000 IU - 20 Tablets"
9120,2,"بيودال 50000 وحدة دولية 20 قرص"
9121,1,"Essential-D3 10,000 IU Vitamin D Dietary Supplement"
9121,2,"إيسنشال-D3 10000 وحدة دولية مكمل غذائي لفيتامين د"
9123,1,"Essential Vitamin D3 5000 IU, 60 Capsules"
9123,2,"فيتامين د3 العادي 5000 وحدة من اسينشيال ، 60 كبسولة"
9124,1,"Essential D3 1000 IU for Immune Support, Bone & Teeth Health - 60 Capsules"
9124,2,"اسنشيال D3 1000 وحدة دولية لدعم المناعة وصحة العظام والأسنان60 كبسولة"
9125,1,"Jamieson Vitamin D 400 IU (10 mcg) - 90 Tablets"
9125,2,"فيتامين د 400 وحدة دولية 10 ميكرو من جاميسون جرام 90 قرص"
9126,1,"Calci 600 mg Calcium - 30 Tablets"
9126,2,"كالسي 600 مجم كالسيوم 30 قرص"
9127,1,"Activlab Osteoperos Dietary Supplement - Calcium & Vitamin D3 1000 IU - 100 Capsules"
9127,2,"أكتيف لاب أوستيبيروس مكمل غذائي كبسولات كالسيوم فيتامين D3 1000 وحدة دولية – 100 كبسولة"
9128,1,"Dorofen 500/50 mg 90 Capsules - Joint Health Support"
9128,2,"دوروفين 500/50 مجم 90 كبسولة - لدعم صحة المفاصل"
9130,1,"Cal Chew Chewable Tablets - 30 Tablets"
9130,2,"كال شو اقراص مضغ 30قرص"
9131,1,"Essential D3 50,000 IU - 12 Capsules"
9131,2,"اسنشيال د3 اقراص 50000ود 12 كبسولة"
9132,1,"Marnys Salmon Oil, Omega-3 Forte 1000 mg, 60 Capsules"
9132,2,"مارنيز سلمون أويل، زيت السلمون أوميجا 3 فورت كاب 1000 مجم، 60 كبسولة"
9133,1,"Vitabiotics Osteocare Calcium and Vitamin D - 30 Tablets"
9133,2,"فيتابيوتكس اوستيوكير كالسيوم وفيتامين د 30 قرص"
9134,1,"Bio-Cal D, Calcium and Vitamin D for Bone Health - 60 Capsules"
9134,2,"بيو-كال د، كالسيوم وفيتامين د، لصحة العظام - 60 كبسول"
9135,1,"Vitabiotics Aquamarine 2-in-1: Omega-3 + Cod Liver Oil - 60 Capsules"
9135,2,"فيتابيوتكس أكوامارين 2 في 1: أوميجا- 3 + زيت كبد سمك الحوت - 60 كبسولة"
9136,1,"Vitabiotics Aquamarine High Potency Omega-3 550mg - 60 Capsules"
9136,2,"فيتابيوتيكس أكوا مارين كبسولات أوميغا 3 550 ملغ بتركيز عالي - 60 كبسولة"
9137,1,"Folic Acid 1 mg - 20 Tablets"
9137,2,"حامض الفوليك 1 مجم - 20 قرص"
9138,1,"Duphaston, 10 mg, Hormone Therapy - 20 Tablets"
9138,2,"دوفاستون، 10 ملجم، علاج هرموني - 20 قرص"
9139,1,"Pregnacare Advanced Dietary Supplement - 30 Capsules"
9139,2,"بريجناكير أدفانسد مكمل غذائي - 30 كبسولة"
9140,1,"Ravul 1mg - 50 Tablets"
9140,2,"رافول 1مجم 50 قرص"
9141,1,"Pregnata 30 Capsules"
9141,2,"بريجناتا 30 كبسولة"
9142,1,"Rafol 5 mg for Folic Acid Deficiency Treatment, 50 Tablets"
9142,2,"رافول 5 ملجم لعلاج نقص حمض الفوليك، 50 قرص"
9143,1,"Bravo Max Iron and Vitamins - 30 Chewable Tablets"
9143,2,"برافو ماكس حديد وفيتامينات 30 قرص مضغ"
9144,1,"Phenam Forte 500 mg - 20 Tablets"
9144,2,"فينام فورت 500 مجم 20 قرص"
9145,1,"Divido 75 mg – 20 Capsules for Pain Relief and Anti-Inflammation"
9145,2,"ديفيدو 75 مجم – 20 كبسولة لتخفيف الألم وتقليل الالتهاب"
9147,1,"Rofenac-D 50 mg - 20 Tablets | Powerful Analgesic and Anti-Inflammatory"
9147,2,"روفيناك-د 50 ملجم - 20 قرص مسكن قوي ومضاد للالتهابات"
9148,1,"Rapidus 50 mg – 20 Tablets"
9148,2,"رابيدوس 50 مجم – 20 قرص"
9149,1,"Roxonin 60mg | 20 Tablets for Pain and Inflammation Relief"
9149,2,"روكسونين 60مج | 20قرص يساعد في تخفيف الآلام والالتهابات"
9150,1,"Amifenac 50 mg 20 Tablets"
9150,2,"اميفيناك 50 مجم 20 قرص"
9151,1,"Panadol Extend Paracetamol 665 mg – 24 Tablets"
9151,2,"بانادول إكستند باراسيتامول 665 مجم – 24 قرص"
9152,1,"Al Saqr Brand Cajeput Oil - 120 ml"
9152,2,"زيت كاجوبوت ماركة الصقر -120 مل"
9153,1,"Element Yuri Cran Gummies - Vitamin C & Probiotic Dietary Supplement, Cranberry Flavor - 60 Gummies"
9153,2,"يوري كران جاميز مكمل غذائي فيتامين سي البروبايوك بطعم التوت البري من اليمنت - 60 حبة"
9154,1,"Sensilab Marine Collagen Plus | Cranberry Flavored Powder"
9154,2,"سنسيلاب كولاجين بلس البحري| بودرة بنكهة التوت البري"
9155,1,"GP Cranberry 144 mg 60 Capsules for Urinary Tract Infection Prevention"
9155,2,"جي بي كرانبيري 144 مجم 60 كبسولة لمنع الإصابة بعدوى المسالك البولية"
9157,1,"Veratol 100 mg Capsules - 60 Tablets"
9157,2,"كبسولات فيراتول 100 ملجم 60 قرص"
9158,1,"Evit 400 mg 30 Capsules"
9158,2,"ايفيت 400 مجم 30 كبسولة"
9159,1,"Holista Glow Me Marine Collagen Powder Dietary Supplement - 135g"
9159,2,"مكمل غذائي جلو مي مسحوق الكولاجين البحري 135 جرام من هوليستا"
9160,1,"Arko Pharma Calcos Dietary Supplement Calcium + Vitamin D3 – 60 Chewable Tablets (105g)"
9160,2,"أركو فارما كالكوس مكمل غذائي كالسيوم + فيتامين د3 – 60 قرص للمضغ (105 جرام)"
9161,1,"Melatonorm Syrup"
9161,2,"ميلاتونورم شراب"
9162,1,"Nafis Pharma Sleep Shot Melatonin Dietary Supplement - 71 ml"
9162,2,"نفيس فارما مشروب سليب شوت مكمل غذائي ميلاتونين - 71 مل"
9163,1,"Jamieson, Relax Formula - 30 Capsules"
9163,2,"جاميسون، ريلاكس فورمولا - 30 كبسولة"
9164,1,"Jamieson Ashwagandha 60 Capsules"
9164,2,"جاميسون أشواغاندا 60 كبسولة"
9165,1,"Sensilab Ashwagandha 600 mg - 120 Capsules"
9165,2,"سينسيلاب أشواغاندا 600 ملغ - 120 كبسولة"
9166,1,"Element AshwaCalm Gummies for Stress Relief and Mood Enhancement, Raspberry & Blueberry Flavor - 60 Pieces"
9166,2,"إيلمنت أشواكالم جاميز لتهدئة التوتر وتحسين المزاج بنكهة التوت البري والأزرق - 60 قطعة"
9167,1,"Jamieson StressEase Vitamin - 30 Caplets"
9167,2,"فيتامين ستريس ايز من جاميسون 30 قرص"
9168,1,"Regulon 30/150 mcg - 21 Tablets"
9168,2,"ريجولون 30/150 ميكروجرام 21قرص"
9169,1,"Evra, Contraceptive Patches - 3 Patches"
9169,2,"ايفرا، لصقات منع الحمل - 3 قطع"
9170,1,"Marvelon, Contraceptive Tablets - 21 Tablets"
9170,2,"مارفيلون، أقراص لمنع الحمل - 21 قرص"
9171,1,"Yaz Plus 28 Tablets"
9171,2,"ياز بلس 28 قرص لمنع الحمل"
9172,1,"Gynera, Oral Contraceptive Tablets - 21 Tablets"
9172,2,"جينيرا، أقراص لمنع الحمل - 21 قرص"
9173,1,"Lovista 0.5 mg - 2 Tablets"
9173,2,"لوفيستا 0.5 مجم 2 قرص لعلاج اضطرابات الدورة الشهرية لدى النساء"
9174,1,"Yasmin, Oral Contraceptive Tablets - 21 Tablets"
9174,2,"ياسمين، أقراص لمنع الحمل - 21 قرص"
9175,1,"Diane 35 - 21 Tablets"
9175,2,"ديان 35 لمنع الحمل - 21 قرص"
9176,1,"Dostinex 0.5 mg 8 Tablets - Treats High Prolactin Levels"
9176,2,"دوستينكس 0.5 مجم 8 قرص"
9177,1,"Microlut, 0.03 mg, Contraceptive Pills - 35 Tablets"
9177,2,"مايكرولوت، 0.03 مجم، أقراص لمنع الحمل- 35 قرص"
9178,1,"Clomid 50 mg 10 Tablets - For Treatment of Female Infertility"
9178,2,"كلوميد 50 مجم 10 قرص - لعلاج العقم لدى النساء - 10 قرص"
9179,1,"Climen, Contraceptive Tablets - 21 Tablets"
9179,2,"كليمين، أقراص لمنع الحمل - 21 قرص"
9180,1,"Cerazette 0.075 Contraceptive - 28 Tablets"
9180,2,"سيرازيت 0.075 منع الحمل - 28 قرص"
9181,1,"Primolut N 30 Tablets for Menstrual Cycle Regulation and Hormonal Disorder Treatment"
9181,2,"بريمولوت – ن 30 قرص لتنظيم الدورة الشهرية وعلاج اضطرابات الهرمونا"
9182,1,22796974211
9182,2,"شامبو زيت الكوكوي مرطب للشعر ومنعم للتجاعيد من او جي اكس 385 مل"
9183,1,"Jardin Oleane Edible Strawberry Massage Oil - 250 ml"
9183,2,"زيت تدليك قابل للتذوق بالفراولة من جاردن اوليان - 250 مل"
9184,1,"Enjoy Strawberry and Cherry Body Massage Oil - 175 ml"
9184,2,"زيت مساج للجسم بالفراولة والكرز من انجوي 175 مل"
9185,1,"Enjoy Caramel & Vanilla Massage Oil - 175ml"
9185,2,"زيت مساج بالكراميل والفانيلا من اينجوي - 175مل"
9186,1,"Enjoy Strawberry Flavored Condoms - 12 Pieces"
9186,2,"انجوي واقي ذكري بالفراولة - 12 حبه"
9187,1,"Enjoy Premium Chocolate Ice Cream Flavored Condoms - 12 Pieces"
9187,2,"واقي ذكري بنكهة آيس كريم الشوكولاتة بريميوم من انجوي 12 قطعة"
9188,1,"Enjoy Mint Flavored Condoms - 12 Pieces"
9188,2,"إنجوي واقي ذكري بالنعناع - 12 حبة"
9189,1,"Masculan Ribbed and Dotted Condoms - 10 Pieces"
9189,2,"ماسكولان واقي ذكري مضلع ومحبب-10 حبات"
9190,1,"Enjoy Condoms with Arginine and Narcissus Scent - 12 Pieces"
9190,2,"انجوي واقي ذكري بالارجنين برائحة زهور النرجس - 12 قطعة"
9191,1,"Enjoy Cherry Flavored Condoms - 12 Pack"
9191,2,"إنجوي واقي ذكري بنكهة الكرز - 12 واقي"
9192,1,"Masculan Dotted Condoms Type 2 - 10 Pieces"
9192,2,"ماسكولان واقي ذكري محبب النوع الثاني- 10 قطع"
9193,1,"Masculan Condoms Sensitive Ultra Thin Classic - 10 Pieces"
9193,2,"ماسكولان واقي ذكري احساس عالي رقيق كلاسيك 10 حبة"
9194,1,"Masculan Condoms Type 4 Extra Comfort - 10 Pieces"
9194,2,"ماسكولان واقي ذكري نوع 4 راحة إضافية - 10 حبات"
9195,1,"Masculan Ribbed & Dotted Condoms Type 3 - 3 Pieces"
9195,2,"ماسكولان واقي ذكري مضلع محبب النوع 3 - 3 حبات"
9196,1,"Masculan Sensitive High Sensation Ultra-Thin Classic Condoms - Small Size"
9196,2,"واقى ذكرى احساس عالى رقيق كلاسيك صغير -مسكولان"
9197,1,"Masculan Anatomic Condoms - 3 Pieces"
9197,2,"ماسكولان واقي ذكري اناتوميك 3حبة"
9198,1,"Masculan Gold Condoms - 3 Pieces"
9198,2,"واقي ذكري جولد من ماسكولان - 3قطعة"
9199,1,"Enjoy Premium Vanilla Ice Cream Flavored Condoms - 12 Pieces"
9199,2,"أينجوي واقي ذكري بنكهة آيس كريم الفانيلا بريميوم 12 قطعة"
9200,1,"Avalon Easy Glide Lubricant Gel - 40 ml"
9200,2,"مزلق إيزى جلايد جل من أفالون 40 مل"
9201,1,"Avalon K-Jelly Lubricant Gel 115g"
9201,2,"افالون جل مزلق كي-جيلي 115 جم"
9202,1,"Masculan Lubricant Gel Green Apple Flavor 75 ml"
9202,2,"ماسكولان جل مزلق بنهكة التفاح ألاخضر 75 مل"
9203,1,"Masculan Strawberry Lubricant Gel - 75 ml"
9203,2,"ماسكولان جل مزلق بالفراولة - 75 مل"
9204,1,"Masculan Warming Lubricant Gel - 75 ml"
9204,2,"ماسكولان جل مزلق وارمينغ - 75 مل"
9206,1,"Enjoy Strawberry Lubricant Gel - 100 ml"
9206,2,"جل مزلق بالفراولة من انجوي 100 مل"
9207,1,"Masculan Dotted Condoms with Lubricant Type 2 – 3 Pieces"
9207,2,"ماسكلان واقي ذكري مع مادة انزلاقية محبّبة تايب 2 – 3 قطع"
9208,1,"Durex Extra Safe Condoms - 3 Pieces"
9208,2,"واقي ديوركس اكسترا امن 3 قطع"
9209,1,"Durex Fetherlite Ultra Thin Condoms - 3 Pieces"
9209,2,"ديوركس واقي ذكري رقيق فيذرلايت الترا - 3 حبة"
9210,1,"Durex Colored & Scented Condoms – 3 Pieces"
9210,2,"ديوركس واقيات ذكرية ملونة و معطرة – 3 قطع"
9211,1,"Enjoy Delay Lubricant 100ml"
9211,2,"انجوي مزلق للتاخير 100 مللي"
9212,1,"Masculan - Silk Lubricant Gel - 75 ml"
9212,2,"ماسكولان - جل مزلق سيلك - 75 مل"
9213,1,"Masculan Intimate Lubricant Gel Classic – 50 ml"
9213,2,"ماسكولان جل مزلق حميمي كلاسيك – 50 مل"
9214,1,"Hold Up Soothing and Moisturizing Gel for Sensitive Skin - 25g"
9214,2,"هولد اب جل ملطف ومرطف للجلد الحساس 25 جرام"
9215,1,"Prila 5% Cream 5g (5 Pieces) - Topical Skin Anesthetic"
9215,2,"بريلا 5%كريم 5جم 5 حبات مخدر موضعي للجلد"
9216,1,"Depojoy 30 mg 6 Tablets - Premature Ejaculation Delay"
9216,2,"ديبوجوي 30 مجم 6 أقراص مؤخر قذف"
9217,1,"Lejam 30 mg 4 Tablets for Premature Ejaculation Delay"
9217,2,"لجام 30 مجم 4 أقراص لتأخير سرعة القذف"
9218,1,"Dabox 30 mg 4 Tablets - Premature Ejaculation Delay"
9218,2,"دابوكس 30 مجم 4 أقراص مؤخر قذف"
9219,1,"Lejam 60 mg 4 Tablets - Premature Ejaculation Treatment"
9219,2,"لجام 60 مجم 4 اقراص مؤخر قذف"
9220,1,"Depojoy 60 mg 6 Tablets - Premature Ejaculation Treatment"
9220,2,"ديبوجوي 60 ملجم 6 أقراص مؤخر قذف"
9221,1,"Timo Baby Diapers Size 2 - Pack of 70"
9221,2,"تيمو حفاضات أطفال رقم 2 عبوة 70 حبه"
9222,1,"Timo Baby Diapers, Newborn Size (1), 76 Diapers"
9222,2,"تيمو حفايض أطفال مقاس حديثي الولادة ( 1 ) عدد 76 حفاضة"
9223,1,"Timo Baby Diapers Size Medium (3) - 58 Diapers"
9223,2,"تيمو حفايض أطفال مقاس وسط ( 3 ) عدد 58 حفاضة"
9224,1,"Timo Baby Diapers Size (4) - Pack of 54 Diapers"
9224,2,"تيمو حفاضات اطفال مقاس (4) عبوة 54 حفاضة"
9225,1,"Timo Baby Diapers Junior Size (5) - 48 Diapers"
9225,2,"تيمو حفايض أطفال مقاس جونيور ( 5 ) عدد 48 حفاضة"
9226,1,"Otrivin Nasal Spray 10 ml"
9226,2,"اوتريفين بخاخ للانف 10 مل"
9227,1,"Sinomarin Children's Nasal Spray - 100 ml"
9227,2,"سينومارين بخاخ للانف اطفال 100 مل"
9228,1,"Avalon Avocom 0.05% Aqueous Nasal Spray - 120ml"
9228,2,"افالون افوكوم 0.05% بخاخ مائي للانف - 120مل"
9229,1,"Apisal 0.74% Saline Nasal Spray - 15 ml"
9229,2,"أبيسال 0.74 % بخاخ محلول ملحي للانف - 15 مل"
9230,1,"Otrivin Menthol 0.1% Nasal Spray 10 ml for Cold Relief"
9230,2,"اوتريفين مينثول 0.1% بخاخ 10 مل لمعالجة نزلات البرد"
9231,1,"Avalon Avoban Nasal Ointment 3g"
9231,2,"افالون افوبان مرهم للأنف 3 جم"
9232,1,"Avalon Salinose Nasal Gel 30g – For Nasal Hydration and Congestion Relief"
9232,2,"أفالون سالينوز جل أنفي 30 جم – لترطيب الأنف وتخفيف الاحتقان"
9233,1,"Ticanase Fluticasone Nasal Spray - 120 Doses"
9233,2,"تيكانيز سبراي كورتيزون فلوتيكازون بخاخ للانف - 120 جرعة"
9234,1,"Sinomarin Nasal Seawater Solution for Adults - 125 ml"
9234,2,"ساينومارين محلول مائي للأنف للكبار - 125 مل"
9235,1,"Devonix 0.05% Nasal Spray 120 Doses"
9235,2,"ديفونيكس 0.05% بخاخ أنفي 120 جرعة"
9236,1,"Salinose for Kids – 0.9% Saline Nasal Drops Safe for Infants from Day One"
9236,2,"سالينوز للأطفال – قطرة أنفية ملحية 0.9% آمنة للرضع من أول يوم"
9237,1,"Decozal 0.1% Nasal Drops for Adults 10ml"
9237,2,"ديكوزال 0.1 قطرة انف للبالغين 10مل"
9238,1,"Tabonex Nasal Spray 120 Metered Doses"
9238,2,"تابونكس بخاخ للانف 120 بخة"
9239,1,"Otrivin 0.05% Nasal Drops for Children 10 ml (6-12 Years)"
9239,2,"أوتريفين 0.05% قطرات للأنف للأطفال 10 مل (6-12 سنة)"
9240,1,"Decozal 0.05% Nasal Drops for Cold Relief for Children - 10 ml"
9240,2,"ديكوزال 0.05 % نقط انف لمعالجة البرد للاطفال - 10 مل"
9241,1,"Fusibact B Cream for Bacterial Skin Infections - 15g"
9241,2,"فيوسيباكت ب كريم لإلتهابات الجلد البكتيرية 15 جم"
9242,1,"Fusibact Cream 15g - Topical Antibiotic for Bacterial Skin Infections"
9242,2,"فيوسيباكت كريم 15 جم - مضاد حيوي موضعي لعلاج الالتهابات الجلدية البكتيرية"
9243,1,"Fucidin 2% Antibacterial Cream 30g"
9243,2,"فيوسيدين 2% كريم مضاد للبكتيريا 30 جم"
9244,1,"Fucicort Cream for Bacterial Skin Infections - 30g"
9244,2,"فيوسيكورت كريم لالتهابات الجلد البكتيرية - 30 جم"
9245,1,"Fucidin H Cream for Bacterial Skin Infections - 30g"
9245,2,"فيوسيدين اتش كريم لالتهابات الجلد البكتيرية - 30 جم"
9246,1,"Fucidin Antibacterial Ointment 30g"
9246,2,"فيوسيدين مرهم مضاد للبكتيريا 30 جم"
9247,1,"Japanese Adhesive Bandages - 4 Assorted Sizes, 30 Pieces"
9247,2,"لصقات جروح بلاستر 4 قطع مختلفه -ياباني 30قطعه"
9248,1,"Pharmatull Paraffin Gauze 10*10 cm"
9248,2,"فارماتول شاش بارافين 10*10 سم"
9249,1,"Pharmatull – Paraffin Gauze Dressing 10*20 cm"
9249,2,"فارماتول – ضمادة شاش البارافين 10*20 سم"
9250,1,"Smart Therapy First Aid Kit Bag"
9250,2,"سمارت ثيرابي حقيبة إسعافات أولية"
9251,1,"Large First Aid Kit - 130 Pieces"
9251,2,"حقيبة إسعافات أولية كبيرة تحتوي على ١٣٠ قطعة"
9252,1,"First Step Plaster - 100 Pieces in 4 Assorted Shapes"
9252,2,"فرست ستيب بلاست 100 حبة و 4 أشكال مختلفة"
9253,1,"First Step Fox Medical Adhesive Wound Dressing 9x20 cm - 5 Pieces"
9253,2,"فرست ستيب فوكس ضمادة لاصقة طبية للجروح 9×20 سم 5 حبة"
9254,1,"ChanelMed Sterile Gauze Pads 2x2 Inch"
9254,2,"شاش قطع معقم 2*2 انش تشانيل ميد"
9255,1,"SilkPlast - Medical Silk Adhesive Tape - 7.5cm x 5m"
9255,2,"سيلك بلاست - بكر حرير طبي لاصق - 7.5سم×5متر"
9256,1,"We Care Alcohol Swabs for Sanitization – 100 Pieces"
9256,2,"وي كير مسحات كحول للتعقيم – 100 قطعة"
9257,1,"WeCare Alcohol Swabs for Sterilization – 200 Pieces"
9257,2,"وي كير مسحات كحول للتعقيم – 200 قطعة"
9258,1,"Silkplast Medical Adhesive Tape 10cm x 5m"
9258,2,"سيلك بلاست لاصق طبي 10سم×5متر"
9260,1,"Lotus Flower Medical Alcohol Swabs - 200 Pieces"
9260,2,"مسحة زهرة اللوتس طبية كحولية - 200 حبة"
9261,1,"First Step Fix Adhesive Medical Wound Dressing 5×7 cm - 5 Pieces"
9261,2,"ضمادة لاصقة طبية للجروح 5×7 سم 5 حبة من فرست ستيب فكس"
9262,1,"Betadine Antiseptic Solution 10% – Effective Disinfection for Wounds and Burns"
9262,2,"بيتادين محلول مطهر 10% – تطهير فعال للجروح والحروق"
9263,1,"Opsite Spray 100ml for Skin Care"
9263,2,"بخاخ اوبسايت بحجم 100 مل للعناية بالجلد."
9264,1,"Julphar Mebo Scar Ointment to Improve the Appearance and Texture of Scars - 30g"
9264,2,"جولفار ميبو سكار مرهم لتحسين مظهر وملمس آثار الندبات - 30 جم"
9265,1,"First Step Regular Plasters - 50 Pieces"
9265,2,"فيرست ستيب لصقات عادي 50حبة"
9266,1,"Avalon Avomeb Extra Beta-Sitosterol 0.25% Ointment for Soothing Wounds and Burns - 50g"
9266,2,"أفالون أفوميب اكسترا بيتاسيتوستيرول 0.25% مرهم لتلطيف الجروح و الحروق 50جرام"
9268,1,"Kinmed Alcohol Swabs for Disinfection - 100 Pieces"
9268,2,"مسحة طبية كحولية تستخدم في التطهير من كينميد - 100 قطعة"
9269,1,"Avomeb Extra - Herbal Ointment for Burns and Wounds - 30g"
9269,2,"أفوميب إكسترا - مرهم عشبي للحروق والجروح - 30 غم"
9270,1,"ML Medical Alcohol Swabs - 100 Pieces"
9270,2,"مسحة طبية 100قطعة من ML"
9271,1,"Contractubex Scar Gel for Post-Surgical Care 50g"
9271,2,"كونتراكتيوبكس جل للندبات بعد العمليات 50g"
9272,1,"Avalon Avomeb Ointment for Burns - 15g"
9272,2,"افالون افوميب مرهم للحروق 15 جم"
9273,1,"Avalon Avomeb Extra Ointment for Wounds and Burns - 75g"
9273,2,"أفالون أفوميب اكسترا مرهم للجروح والحروق - 75 جم"
9274,1,"Hemagel 5g Wound Healing Gel"
9274,2,"هيماجل 5 جم جل لالتئام الجروح"
9275,1,"Hemagel Wound Healing Gel 30g"
9275,2,"هيماجل جل لالتئام الجروح 30 جم"
9276,1,"MEBO Ointment for Burns and Wound Healing 15g"
9276,2,"ميبو مرهم للحروق و إلتئام الجروح 15g"
9277,1,"MEBO, Beta-Sitosterol Ointment, for Burns and Wounds - 75 g"
9277,2,"ميبو، مرهم بيتا-سيتوستيرول، للحروق والجروح - 75 جم"
9278,1,"Avalon Antiseptic Solution 250 ml"
9278,2,"افالون محلول مطهر 250 مل"
9279,1,"Avalon Antiseptic Solution 135 ml"
9279,2,"افالون محلول مطهر 135 مل"
9280,1,"SilkPlast Medical Silk Adhesive Plaster - 2.5 cm"
9280,2,"بلاستر حرير طبي لاصق سيلك بلاست 2.5 سم"
9281,1,"Priorin Extra Capsules for Hair Growth Support and Strengthening - 60 Capsules"
9281,2,"بريورين اكسترا كبسولات لدعم نمو الشعر وتقويته - 60 حبه"
9282,1,"Perfectil Plus Hair Dietary Supplement - Vitamin and Mineral Tablets - 60 Tablets"
9282,2,"بيرفكتيل بلس مكمل غذائي للشعر أقراص فيتامينات ومعادن- 60 حبة"
9287,1,"Boginia Professional Eyeshadow Blending Brush BG200.010"
9292,1,"Marble Foundation Brush M11"
9292,2,"فرشاة كريم اساس من ماربل M11"
9293,1,"Real Techniques Sculpting Brush - Pink"
9293,2,"فرشاة النحت من ريل تكنيكس وردي"
9294,1,"Real Techniques 4-Piece Sponge Set"
9294,2,"مجموعة اسفنج من ريل تكنيك 4 قطع"
9295,1,"Boginia Professional Fan Brush for Highlighter and Bronzer - BG200.006"
9295,2,"فرشاة المروحة الاحترافية لوضع الهايلايتر والبرونز من بوغينيا BG200.006"
9296,1,"Boginia Professional Kabuki Brush BG200.026"
9296,2,"فرشاة كابوكي الاحترافية من بوغينيا BG200.026"
9297,1,"Hearts Foundation and Blush Brush B007"
9297,2,"هارتس فرشاة الأساس وأحمر الخدود B007"
9298,1,"Hearts Angled Foundation and Contour Brush B004"
9298,2,"هارتس فرشاة الأساس والكونتور بزاوية B004"
9299,1,"Real Techniques Travel Fantasy Mini Brush Set - 11 Pieces"
9299,2,"مجموعة فرش ترافيل فانتاسي ميني من ريل تكنيك - 11 قطع"
9300,1,"Real Techniques Miracle Complexion Sponge - 4 Pieces"
9300,2,"اسفنجة ميراكل من ريل تكنيكس - 4 قطع"
9301,1,"Real Techniques Mini Miracle Eraser Sponges - 4 Pieces"
9301,2,"ريل تكنيك مجموعة اسفنج مكياج ميني ميركل - 4 قطع"
9302,1,"Himalaya Moisturizing Baby Soap with Aloe Vera - 125g"
9302,2,"صابون مرطب للاطفال بالصبار من هيمالايا - 125جرام"
9303,1,"V-Comb Innovative Lice Treatment Device – Model A1"
9303,2,"جهاز فى كومب المبتكر للتخلص من القمل – موديل A1"
9304,1,"V-Comb Capture Filters for Lice and Nits - 6 Pieces"
9304,2,"في كومب فلاتر لألتقاط وشفط القمل والصئبان 6 قطع"
9305,1,"Blood Glucose Monitoring Test Strips Set - 50 Pieces"
9305,2,"مجموعة شرائط لمراقبة السكر بالدم من 50 قطعة"
9306,1,"iCare Nebulizer for Colds and Respiratory Relief"
9306,2,"جهاز البخار آى كير لنزلات البرد ومشاكل التنفس"
9307,1,"iCare Blood Glucose Monitoring System – Fast Results"
9307,2,"جهاز قياس السكر في الدم آي كير – نتائج سريعة"
9308,1,"Beauty Creations Glow Up Liquid Highlighter - Bubbling Rose"
9308,2,"بيوتي كريشنز اضاءه سائل جلو اب - بابلنج روز"
9309,1,"Beauty Creations Flawless Stay Concealer - C15"
9309,2,"خافي عيوب بيوتي كرييشنز فلوليس ستاي - C15"
9310,1,"Beauty Creations Precision Liquid Eyeliner - BLACK"
9310,2,"محدد عيون سائل دقيق أسود من بيوتي كرييشنز-BLACK"
9311,1,"Beauty Creations Flawless Stay Powder Foundation - 7.5"
9311,2,"بيوتي كريشنز كريم اساس بودر فلولس ستاي - 7.5"
9312,1,"Beauty Creations Flawless Stay Hydrating Primer - 30ml"
9312,2,"برايمر فلوليس ستاي المرطب من بيوتي كريشن - 30مل"
9313,1,"Beauty Creations Stay Blushing Cute Lip & Cheek Balm - Don't Say It Twice"
9313,2,"بيوتي كريشنز مرطب شفاه وخدود ستاي بلشنج كيوت - دونت ساي ات توايس"
9314,1,"Beauty Creations Duet Snap Mini Eyeshadow Palette - Nude Tones DUET-PAL1"
9314,2,"لوحة ظلال العيون الصغيرة ""ديويت سناب"" من بيوتي كرييشنز - ألوان نيود DUET-PAL1"
9315,1,"Beauty Creations Plump & Pout Lip Liner - Love Status"
9315,2,"بيوتي كريشنز قلم محدد شفاه بلامب اند بلوت - لوف ستاتس"
9316,1,"Beauty Creations Glitterly Perfect Eyeliner - Sensual"
9316,2,"محدد عيون لامع جليترلي بيرفكت من بيوتي كريشن -Sensual"
9317,1,"Beauty Creations Stay Blushing Cute Lip & Cheek Balm - She's Got It"
9317,2,"بيوتي كريشنز مرطب شفاه وخدود ستاي بلشنج كيوت - شي اس جوت ات"
9318,1,"Beauty Creations - Seal The Deal Matte Liquid Lipstick #11 Last Touch"
9318,2,"بيوتي كرييشن - أحمر شفاه سائل مطفي ""سيل ذا ديل"" #11 لاست تاتش"
9319,1,"Beauty Creations Brow Taming Gel - 01"
9319,2,"بيوتي كريشنز جل تثبيت الحواجب - 01"
9320,1,"Beauty Creations Final Finish Baked Highlighter - 03 Party Effect"
9320,2,"إضاءة هايلايتر فاينل فينيش بيكيد من بيوتي كرييشنز - 03 بارتي إيفيكت"
9321,1,"Beauty Creations Riding Solo Single Eyeshadow - Legend Babe"
9321,2,"بيوتي كريشنز ظل عيون رايدينج سولو سنجل - ليجند بيب"
9322,1,"Beauty Creations - Concealer C14"
9322,2,"بيوتي كرييشنز - كونسيلر C14"
9323,1,"Beauty Creations Nude X Matte Liquid Lipstick Seal The Deal - Double Take"
9323,2,"بيوتي كريشنز احمر شفاه نود اكس مات لكويد سيل ذا ديل - دابل تيك"
9324,1,"Defile Personal Weighing Scale"
9324,2,"حهاز توزين شخصي من ديفايل"
9325,1,"Titanio Water Flosser & Oral Irrigator"
9325,2,"جهاز تنظيف الفم بالماء من تيتانيو"
9326,1,"Razi Med Aerosol Chamber for Adults - 175 ml"
9326,2,"غرفة استنشاق رازي ميد ايروسول شامبر للكبار 175 مل"
9327,1,"Razi Med Aerosol Chamber for Children 175 ml"
9327,2,"رازي ميد ايروسول شامبر أطفال 175 مل"
9328,1,"Razi Med Aerosol Chamber for Infants 175 ml"
9328,2,"رازي ميد ايروسول شامبر للرضع 175 مل"
9329,1,"Flash Sensor Continuous Glucose Monitoring Reader"
9329,2,"قارئ مراقبة الجلوكوز المستمر المزود بمستشعر فلاش"
9330,1,"First Step Plus Pregnancy Test Midstream Pen"
9330,2,"قلم اختبار هرمون الحمل من فيرست ستيب بلس"
9331,1,"First Step Accurate Home Pregnancy Test"
9331,2,"جهاز اختبار حمل منزلي دقيق فيرست ستيب"
9332,1,"Kinmed Nebulizer Mask with Tubing and Chamber"
9332,2,"كمامة جهاز بخار Kinmed مع الأنبوب والحجرة."
9333,1,"Alkapowder 12 Sachets Alkaline Powder for Antimicrobial and Antibacterial Protection"
9333,2,"الكابودر 12 اكياس مسحوق قلوي لمُحاربة الميكروبات والبكتيريا"
9334,1,"Baby Zone Nasal Aspirator for Infants"
9334,2,"شفاط الأنف للأطفال من بيبي زون"
9335,1,"Salinoz 0.9% Nasal Spray for Adults"
9335,2,"سالينوز .9% بخاخ للانف الكبار"
9336,1,"Panderm Ointment 15g for Relief of Redness and Itching from Skin Conditions"
9336,2,"بانديرم مرهم 15 جم لتخفيف الاحمرار والحكة من الأمراض الجلدية"
9337,1,"Fusiderm 2% Ointment 15g for Wounds and Burns"
9337,2,"فيوسيدرم 2% مرهم 15 جرام للجروح والحروق"
9338,1,"Zinc Olive Diaper Cream 75g"
9338,2,"زنك أوليف كريم الحفاض 75 ج"
9339,1,"Alfacort Cream, Relieves Skin Sensitivity - 15 g"
9339,2,"الفاكورت، كريم، يخفف حساسية الجلد - 15 جم"
9340,1,"Betnovate Cream 30g for Rash, Inflammation, and Intense Itching"
9340,2,"بتنوفيت كريم 30جم للطفح والالتهاب والحكة الشديدة"
9341,1,"Dewax Ear Drops 10 ml"
9341,2,"ديواكس قطرات الاذن 10 مل"
9342,1,"Neodex Eye and Ear Drops 5 ml"
9342,2,"نيوديكس نقط للعين والاذن 5 مل"
9343,1,"Otozol 1%, Ear Drops, for Ear Infections - 10 ml"
9343,2,"أوتوزول 1%، قطرات للأذن، لعلاج التهابات الأذن - 10 مل"
9344,1,"Otipax Ear Drops 15 ml"
9344,2,"اوتيباكس قطرة اذن 15 مل"
9345,1,"La Roche-Posay Cicaplast Mains Hand Cream 50ml"
9345,2,"لاروش بوزيه سيكابلاست كريم لليدين 50 مل"
9346,1,"Avalon Avocom-M - Topical Cream for Fungal Skin Infections"
9346,2,"أفالون أفوكوم إم - كريم موضعي للالتهابات الفطرية الجلدية"
9347,1,"Betazol Cream for Skin Fungal Infections - 30g"
9347,2,"بيتازول كريم لعلاج الفطريات الجلدية 30 جرام"
9348,1,"Calamyl Lotion for Soothing and Calming Irritated Skin - 100 ml"
9348,2,"لوسيون كلاميل لتهدئة وتلطيف البشرة المتهيجة - 100 مل"
9349,1,"Betazone 0.1% Ointment 15g for Eczema and Skin Rash Treatment"
9349,2,"بيتازون 0.1% مرهم 15 جم لعلاج الأكزيما والطفح الجلدي"
9350,1,"Moro Cream by Vatera - 125g for Baby Skin Care and Diaper Rash Prevention"
9350,2,"كريم مورو كريم من ڤاتيرا - 125ج للعناية بجلد الأطفال والوقاية من التسلخات"
9351,1,"Alfacort Cream for Skin Allergy Relief - 15g"
9351,2,"الفاكورت كريم يخفف حساسية الجلد - 15 جم"
9352,1,"Fusiderm Cream 2%, for Bacterial Skin Infections - 30 g"
9352,2,"فيوسيدرم، كريم 2% ، لالتهابات الجلد البكتيرية - 30 جم"
9354,1,"Elica Ointment, Relieves Skin Sensitivity - 30 g"
9354,2,"اليكا، مرهم، يخفف حساسية الجلد - 30 جم"
9355,1,"Fenistil Gel 30g - Soothing and Anti-Itch Treatment for Various Skin Irritations"
9355,2,"فنستيل جل 30 جم - مهدئ ومضاد للحكة لعلاج التهيجات الجلدية المختلفة"
9356,1,"Daktacort Cream 15g - Effective Treatment for Skin Inflammation and Fungal Infections"
9356,2,"دكتاكورت كريم 15 جم - علاج فعال للالتهابات والفطريات الجلدية"
9357,1,"Lipobase Moisturizing Cream for Sensitive and Very Dry Skin - 100g"
9357,2,"كريم مرطب للبشرة الحساسة و شديدة الجفاف من ليبوبيز - 100 جرام"
9358,1,"Salbet Ointment 30g - Specially Formulated for Tough and Dry Skin Conditions"
9358,2,"سالبيت مرهم 30 جم مخصص للإصابات الجلدية ""القوية والجافة"""
9359,1,"Betaderm 0.1% Cream 20g for Severe Allergy Relief"
9359,2,"بيتاديرم 0.1% كريم 20 جرام لعلاج حالات الحساسية الشديدة"
9360,1,"Metaz Lotion 0.1% 30ml - For Scalp Psoriasis and Severe Eczema Treatment"
9360,2,"ميتاز لوشن 0.1% 30 مل  لعلاج صدفية فروة الرأس أو الأكزيما الشديدة"
9361,1,"Panderm Anti-Inflammatory Skin Cream - 15g"
9361,2,"بانديرم كريم مضاد لالتهابات الجلد - 15 جم"
9362,1,"Dermovate Cream 25g - For Skin Inflammation, Redness, and Eczema Relief"
9362,2,"كريم ديرموفيت 25 غرام - لعلاج التهابات الجلد، والاحمرار، والأكزيما"
9363,1,"Betnovate-N Cream for Skin Inflammation and Allergy Treatment - 30g"
9363,2,"كريم بتنوفيت ان لعلاج التهاب وحساسية الجلد 30 جم"
9364,1,"Locoid 1 mg Cream 30 g - For Eczema, Contact Dermatitis, and Rash Treatment"
9364,2,"لوكويد 1 مجم كريم 30 جم -  لعلاج حالات الأكزيما، والتهاب الجلد التماسي، والطفح"
9365,1,"Cortiderm Cream 30g - For Mild Allergy and Eczema Relief"
9365,2,"كورتيدرم كريم 30 جم - لعلاج حالات الحساسية البسيطة، الأكزيما"
9366,1,"Dahab Daily Contact Lenses - Lumiere Gray 03"
9366,2,"عدسات ذهب اللاصقة اليومية لومير جراي 03"
9367,1,"Dahab - Daily Contact Lenses, Natural Hazel 32"
9367,2,"ذهب - عدسات لاصقة يومية، ناتشورال هازل 32"
9368,1,"Dahab Daily Contact Lenses - Hind #23"
9368,2,"عدسات ذهب اللاصقة اليومية Hind #23"
9369,1,"Dahab Swarovski 08 Daily Contact Lenses"
9369,2,"ذهب عدسات لاصقة يومية شوارفسكي 08"
9370,1,"Dahab Daily Contact Lenses - Brownish #38"
9370,2,"ذهب عدسات يومية لون براونيش#38"
9371,1,"Dahab - Caramel 21 Daily Contact Lenses"
9371,2,"ذهب - عدسات لاصقة يومية كراميل 21"
9372,1,"Dahab Daily Contact Lenses - Sabrin Gray #7"
9372,2,"دهب عدسات يومية لون صابرين جراي #7"
9373,1,"Dahab Daily Lenses - Natural Black #40"
9373,2,"عدسات ذهب اليومية ناتشورال بلاك #40"
9374,1,"Dahab Daily Lenses - Olive #44"
9374,2,"ذهب عدسات يومية لون اوليف#44"
9375,1,"Dahab Daily Lenses - Smoky #42"
9375,2,"عدسات ذهب اليومية سموكي #42"
9376,1,"Dahab Daily Contact Lenses - Lumiere Green #16"
9376,2,"ذهب عدسات يومية لون لوميرير جرين #16"
9377,1,"Dahab Daily Contact Lenses - Creamy #15"
9377,2,"عدسات ذهب اللاصقة اليومية كريمي #15"
9378,1,"Dahab Solitaire Daily Lenses - SOLITAIRE #4"
9378,2,"عدسات يومية من ذهب سوليتير - SOLITAIRE #4"
9379,1,"Dahab Daily Contact Lenses - ICE #18"
9379,2,"عدسات ذهب اللاصقة اليومية ICE #18"
9380,1,"Dahab Daily Contact Lenses - Sabrin Gray Green #5"
9380,2,"عدسات ذهب اللاصقة اليومية Sabrin Gray Green #5"
9381,1,"Dahab Daily Contact Lenses - Marbel #43"
9381,2,"عدسات ذهب اللاصقة اليومية Marbel #43"
9382,1,"Dahab Daily Contact Lenses - Lumiere Blue #1"
9382,2,"ذهب عدسات يومية من لمبر بلو 1# - Lumirere Blue"
9383,1,"Dahab Daily Lenses - Lumiere Hazel #2"
9383,2,"عدسات ذهب اليوميه لومير هازل#2"
9384,1,"Dahab Daily Lenses - Mentha #25"
9384,2,"عدسات ذهب اليومية مينثا #25"
9385,1,"Dahab - Lumiere Brown #17 Daily Contact Lenses"
9385,2,"ذهب - عدسات لاصقة يومية لومير براون #17"
9386,1,"Dahab Daily Contact Lenses - Greesh #37"
9386,2,"ذهب عدسات يومية لون جريش #37"
9387,1,"Dahab Daily Contact Lenses - 26 Rain"
9387,2,"عدسات لاصقة اليومية من ذهب - 26 راين"
9388,1,"Dahab Daily Contact Lenses - Tiffany Blue #22"
9388,2,"ذهب عدسات يومية لون تيفاني بلو #22"
9389,1,"Dahab Daily Lenses - Natural Green #34"
9389,2,"عدسات ذهب يوميه- ناتشورال جرين #34"
9390,1,"Dahab Daily Contact Lenses - 29 Hawaii"
9390,2,"عدسات لاصقة اليومية من ذهب - 29 هاواي"
9391,1,"Dahab Daily Contact Lenses - Honey #36"
9391,2,"عدسات ذهب يوميه-هني #36"
9392,1,"Dusta Plus 0.5 mg / 0.4 mg - 30 Capsules for Benign Prostatic Hyperplasia (BPH) Treatment"
9392,2,"دوستا بلس 0.5 ملجم / 0.4 ملجم - 30 كبسولة لعلاج تضخم البروستاتا الحميد"
9393,1,"Epimag Effervescent Granules - Sachets to Prevent Recurrent Calcium Oxalate Kidney Stones and Relieve Constipation"
9393,2,"ابيماج حبيبات فوارة - أكياس لمنع تكرار حصوات الكلى أوكسالات الكالسيوم وتخفيف الإمساك"
9394,1,"Cialis 5 mg 28 Tablets – Effective and Safe Treatment for Erectile Dysfunction"
9394,2,"سيالس 5 مجم 28 قرص لعلاج ضعف الانتصاب بفاعلية وأمان"
9395,1,"Alka-Ur Effervescent Granules 4g - 30 Sachets for Urinary Tract Infections"
9395,2,"حبيبات فوارة ألكا-يور 4 جرام كيس 30 × 30 جرام  لالتهابات المسالك البولية"
9396,1,"Alka-Ur Effervescent Granules 10 Sachets for Relief of Urinary Tract Burning"
9396,2,"الكا يور حبيبات فوارة 10 أكياس لمعالجة حرقة المجاري البولية"
9397,1,"Betmiga 50 mg 30 Tablets for Overactive Bladder Symptoms in Adults"
9397,2,"بتميجا 50 مجم 30 قرص لعلاج أعراض فرط نشاط المثانة لدى البالغين"
9398,1,"Avialis 5mg 28 Tablets for Treatment of Erectile Dysfunction or Symptoms of Benign Prostatic Hyperplasia"
9398,2,"افياليس 5ملجم 28قرص لعلاج ضعف الانتصاب أو أعراض تضخم البروستاتا الحميد"
9399,1,"GP Prosmito 30 Capsules - Relief for Benign Prostatic Hyperplasia (BPH) Symptoms"
9399,2,"جي بي بروسميتو 30 كبسولة تخفيف أعراض تضخم البروستاتا الحميد"
9400,1,"Coli-Urinal Effervescent Granules 60g - For Relief of Urinary Tract Infection Symptoms"
9400,2,"كولي يورينال حبيبات فوارة 60 جم لتخفيف أعراض التهابات المسالك البولية"
9401,1,"Herox 5 mg 30 Tablets for Erectile Dysfunction"
9401,2,"هيروكس 5 مجم 30 قرص للذين يعانون من ضعف الإنتصاب"
9402,1,"Omnic Ocas 0.4 mg, for Prostate Health Maintenance - 30 Tablets"
9402,2,"اومنيك اوكاس 0.4 مجم، للحفاظ على صحة البروستاتا - 30 قرص"
9403,1,"Xatral XL 10 mg 30 Capsules - Medication for Prostate Enlargement Symptoms"
9403,2,"زاترال اكس ال 10 مجم 30 كبسوله دواء لأعراض تضخم البروستاتا"
9404,1,"Spasmex 30 mg - 50 Tablets for the Treatment of Bladder Instability"
9404,2,"سبازمكس 30 ملغ - 50 قرص یستعمل لعلاج عدم استقرار المثانة"
9405,1,"GP Everose Evening Primrose Oil 60 Capsules for Women's Health"
9405,2,"جي بي ايفروز زيت زهرة الربيع المسائية 60 كبسولة لصحة المرأة"
9406,1,"Jamieson Evening Primrose Oil 90 Capsules for Women's Care"
9406,2,"جاميسون زيت زهرة الربيع المسائية 90 كبسولة للعناية بالمرأة"
9407,1,"Dahab Daily Contact Lenses - Cappuccino #35"
9407,2,"ذهب عدسات يومية لون كابتشينو #35"
9408,1,"City Baby Diapers Size 2 – 40 Pieces"
9408,2,"سيتي بيبي حفاضات أطفال مقاس 2 – 40 قطعة"
9409,1,"City Baby Diapers Size 3 – 40 Pieces"
9409,2,"سيتي بيبي حفاضات أطفال مقاس 3 – 40 قطعة"
9410,1,"City Baby Diapers Size 4 – 40 Pieces"
9410,2,"سيتي بيبي حفاضات أطفال مقاس 4 – 40 قطعة"
9411,1,"City Baby Diapers Size 5 – 40 Pieces"
9411,2,"سيتي بيبي حفاضات أطفال مقاس 5 – 40 قطعة"
9412,1,"City Baby Diapers Size 6 – 40 Pieces"
9412,2,"سيتي بيبي حفاضات أطفال مقاس 6 – 40 قطعة"
9413,1,"Lamsa Baby Diapers Size 2 - 112 Diapers"
9413,2,"لمسة حفايض اطفال 112 حفاض رقم 2"
9414,1,"Lamsa Baby Diapers - Size 3, 96 Diapers"
9414,2,"لمسة حفايض اطفال 96 حفاض رقم 3"
9415,1,"Lamsa Baby Diapers Size 4 - 88 Diapers"
9415,2,"لمسة حفايض اطفال 88 حفاض رقم 4"
9416,1,"Lamsa Baby Diapers - 80 Diapers - Size 4+"
9416,2,"لمسة حفايض اطفال 80 حفاض رقم 4+"
9417,1,"Lamsa Baby Diapers Size 5 - 72 Diapers"
9417,2,"لمسة حفايض اطفال 72 حفاض رقم 5"
9418,1,"Lamsa Baby Diapers - Size 6, 64 Diapers"
9418,2,"لمسة حفايض اطفال 64 حفاض رقم 6"
9419,1,"Makuku - Premium Ultra Care Tape Diapers - Size 1 - Newborn 66 Diapers"
9419,2,"ماكوكو - حفاضات بريميوم رعاية فائقة بشريط - حجم 1 - مولود جديد 66 حفاض"
9420,1,"Makuku Ultra Care Baby Diapers Size (2) 62 Count"
9420,2,"ماكوكو حفاضات اطفال رعاية فائقة مقاس (2) 62 حبة"
9421,1,"Makuku Ultra Care Baby Diaper Pants Size (4) 42 Count"
9421,2,"ماكوكو كلوت اطفال رعاية فائقة مقاس (4) 42 حبة"
9422,1,"Makuku Baby Diaper Pants Ultra Care Size (3) 48 Count"
9422,2,"ماكوكو كلوت اطفال رعاية فائقة مقاس (3) 48 حبة"
9423,1,"Color Hair Spray Temporary Dye - Blue"
9423,2,"كولير بخاخ شعر صبغة مؤقتة لون ازرق"
9424,1,"Kolier Temporary Hair Color Spray - Purple"
9424,2,"كولير بخاخ صبغة شعر مؤقته لون ارجواني"
9425,1,"Kolor Hair Color Spray Orange Red 138ml"
9425,2,"بخاخ تلوين الشعر برتقالي أحمر من كولير 138 مل"
9426,1,"Colier Temporary White Hair Color Spray - 138 ml"
9426,2,"بخاخ صبغة شعر أبيض مؤقتة من كولير 138 مل"
9427,1,"Temporary Hair Color Spray - 138ml"
9427,2,"بخاخ صبغ الشعر المؤقتة - 138مل"
9428,1,"Temporary Hair Color Spray - 138ml"
9428,2,"بخاخ صبغ الشعر المؤقتة -138مل"
9429,1,"Cosmo Non-Permanent Root Touch-Up Spray Black - 75ml"
9429,2,"بخاخ خافي الجذور غير دائم أسود من كوزمو - 75 مل"
9430,1,"Cosmo Soft & Shine Shea Magic Kids Detangling Spray, 250ml"
9430,2,"بخاخ سوفت آند شاين شيا ماجيك لفك تشابك الشعر للأطفال من كوزمو , 250 مل"
9431,1,"Niz Dry Shampoo for Oily Hair - 250ml"
9431,2,"شامبو جاف نيز للشعر الدهني 250مل"
9432,1,"Niz Dry Shampoo for Dry Hair 250ml"
9432,2,"شامبو جاف نيز للشعر الجاف 250مل"
9433,1,"Niz Dry Shampoo for Normal Hair - 250ml"
9433,2,"شامبو جاف نيز للشعر العادي 250مل"
9434,1,"Thermo Diary Forehead Thermometer"
9434,2,"ثيرمو دياري ترمو متر جهاز قياس الحراره من خلال الراس"
9435,1,"Clear Rapid Digital Blood Pressure Monitor"
9435,2,"كلير رابيد جهاز جهاز رقمي لقياس ضغط الدم"
9436,1,"Smart Infrared Ear Thermometer with App Synchronization"
9436,2,"مقياس حرارة الأذن – يعمل بالأشعة تحت الحمراء الذكية مع مزامنة التطبيق"
9437,1,"Portable Air Compressor Nebulizer - Easy to Operate"
9437,2,"محمول جهاز البخار بخاخات هوائية سهلة التشغيل"
9438,1,"Lite Rapid Upper Arm Blood Pressure Monitor"
9438,2,"لايت رابيد جهاز قياس ضغط الدم عن طريق الذراع"
9439,1,"Pic Solution Digital Thermometer"
9439,2,"مقياس الحرارة الرقمي من بيك سوليوشن"
9440,1,"Fatloss 120 mg 80 Capsules for Weight Loss Support"
9440,2,"فاتلوس 120 مجم 80 كبسولة لمساعدة في إنقاص الوزن"
9441,1,"Bragg Organic Raw Unfiltered Apple Cider Vinegar - 473 ml"
9441,2,"خل التفاح الخام العضوي غير المصفى من براج - 473 مل"
9442,1,"Fine Care Adult Diapers Unisex - Medium Waist"
9442,2,"فاين كير حفاضات للكبار للجنسين متوسط للخصر"
9443,1,"Fine Care Incontinence Pull-Ups, Extra Large, Pack of 14 Diapers"
9443,2,"فاين كير كلوت كبير جدا عبوة 14 حفاض"
9444,1,"SoffiSof Medical Adult Diapers - Size Medium"
9444,2,"سوفي سوف حفائض طبية لكبار السن مقاس ميديم"
9445,1,"SoffiSof Medical Adult Diapers - Large Size"
9445,2,"سوفي سوف حفائض طبية لكبار السن مقاس كبير"
9446,1,"SoffiSof Medical Adult Diapers - XXL"
9446,2,"سوفي سوف حفائض طبية لكبار السن كبير جداً جداً"
9447,1,"SoffiSof Medical Protective Underwear for Seniors - Large Size"
9447,2,"سوفي سوف حفائض كلوت طبية لكبار السن مقاس كبير"
9448,1,"SoffiSof Classic Pads - Size XL"
9448,2,"حفائض سوفي سوف كلاسيك مقاس كبير XL"
9471,1,"Samuran SM-0004 Hair Dryer with 3 Heat Settings"
9471,2,"مصفف ومجفف شعر SM-0004 تجكم 3 درجات من ساموران"
9472,1,"Arcoxia 90 mg 28 Tablets for Pain and Inflammation Relief"
9472,2,"اركوكسيا 90 ملجم 28 قرص لعلاج الألم والالتهابات"
9473,1,"Sibo 200 mg 20 Capsules – Analgesic, Antipyretic, and Anti-inflammatory"
9473,2,"سيبو 200 ملجم 20 كبسولة مسكن، خافض للحرارة ومضاد للالتهاب"
9474,1,"Celebrex 200 mg 20 Capsules for Relief of Arthritis Signs and Symptoms"
9474,2,"سيليبريكس 200 مجم 20 كبسولة لتخفيف علامات وأعراض التهاب المفاصل"
9475,1,"Arcoxia 60 mg 28 Tablets for Pain and Swelling (Inflammation) Relief"
9475,2,"أركوكسيا 60 مجم28قرص لتقليل الألم والتورم (الالتهاب)"
9476,1,"Leroxo 8mg | 20 Coated Tablets - Antipyretic and Pain Reliever for Adults"
9476,2,"ليروكسو 8مجم | 20 قرص مغلف خافضات الحرارة ومسكنات الكبار"
9477,1,"Proxen 500 mg, Analgesic, Antipyretic, and Anti-inflammatory - 20 Tablets"
9477,2,"بروكسين 500 مجم، مسكن، خافض للحرارة ومضاد لالتهاب - 20 قرص"
9478,1,"Baclon 25 mg 50 Tablets for Reducing and Relieving Excessive Tension"
9478,2,"باكلون 25 مجم 50 قرص لتقليل وتخفيف التوتر المفرط"
9479,1,"Fevadol Extra 20 Tablets for Pain Relief and Fever Reduction"
9479,2,"فيفادول اكسترا 20 قرص لتخفيف الألم وخفض الحرارة"
9480,1,"Etoria 60 mg 28 Tablets - Pain Reliever and Anti-Inflammatory"
9480,2,"ايتوريا 60 مجم 28 قرص مسكن للآلام ومضاد للالتهابات"
9481,1,"Etoria 90 mg - 28 Tablets for Pain and Swelling Relief"
9481,2,"ايتوريا 90 مجم 28 قرص لتخفيف الآلام والتورم"
9482,1,"Prof Ibuprofen 400 mg Pain Reliever - 30 Tablets"
9482,2,"بروف ايبوبروفين 400 ملجم مسكن للألام - 30 قرص"
9483,1,"Panadol Actifast 500 mg – 20 Tablets for Headache Relief"
9483,2,"بانادول أكتيفاست 500 مجم – 20 قرص يساعد في تخفيف آلام الصداع"
9484,1,"Voltic-D 50 mg - 20 Tablets | Fast-Acting Pain Reliever & Anti-Inflammatory"
9484,2,"فولتك -دى 50 مجم 20 قرص مسكن سريع للألم ومضاد"
9485,1,"Diclomax 50 mg - 20 Tablets | Pain Reliever and Antipyretic"
9485,2,"ديكلوماكس 50 مجم أقراص 20 حبة مُسكن للآلام وخافض للحرارة"
9486,1,"Olfen 50 mg 20 Tablets for Pain Relief and Anti-Inflammatory Support"
9486,2,"اولفين 50 مجم 20 قرص يستخدم لتخفيف الألم والالتهابات"
9487,1,"Votrex 50 mg Pain Reliever - 20 Tablets"
9487,2,"فوتريكس 50 مجم مسكن للآلام 20 قرص"
9488,1,"Samoran 25W Electric Massage Gun with 4 Massage Heads"
9488,2,"مسدس مساج كهربائي من ساموران بقوة 25 واط مع 4 رؤوس تدليك"
9489,1,"Fevadol Plus 20 Tablets - Powerful Analgesic for Headaches and Body Aches"
9489,2,"فيفادول بلص 20 قرص مسكن قوي للصداع وآلام الجسم"
9490,1,"Coxicam 15 mg Tablets - Analgesic and Anti-inflammatory"
9490,2,"كوكسيكام 15 مجم أقراص مسكن ومضاد التهاب"
9491,1,"Relaxon 250 mg 30 Capsules - Helps Relieve Muscle Spasms and Pain"
9491,2,"ريلاكسون 250 مجم 30 كبسولة تساعد في تخفيف تشنجات وآلام العضلات"
9492,1,"Etoria 120 mg 7 Tablets - Relieves Pain and Inflammation"
9492,2,"ايتوريا 120 مجم 7 أقراص يخفف الألم والالتهاب"
9493,1,"Brufen, Anti-Inflammatory 400 mg - 30 Tablets"
9493,2,"بروفين، مضاد للالتهابات 400 ملجم - 30 قرص"
9494,1,"Panadol Extra 24 Tablets for Pain Relief and Fever Reduction"
9494,2,"بانادول اكسترا 24 قرص لتسكين الألم وخفض الحرارة"
9495,1,"Brufen 600 mg, Analgesic, Antipyretic and Anti-inflammatory - 30 Tablets"
9495,2,"بروفين 600 مجم، مسكن، خافض للحرارة ومضاد لالتهاب - 30 قرص"
9496,1,"Prof 600 mg, Pain Reliever, Antipyretic, and Anti-Rheumatic - 30 Tablets"
9496,2,"بروف 600 مجم، مسكن للآلام، خافض للحرارة، ومضاد للروماتيزم - 30 قرص"
9497,1,"Oximel 15 mg, 30 Tablets/Box – Targeted Pain Relief Treatment"
9497,2,"أوكسيمل 15 ملغ، 30 قرص/علبة علاج بعض أنواع الآلام"
9498,1,"Omol Extra 20 Tablets for Common and Recurrent Pain Relief"
9498,2,"اومول اكسترا 20 قرص لتسكين الآلام الشائعة والمتكررة"
9499,1,"Panadol Night – 20 Tablets for Pain Relief, Relaxation, and Stress Reduction"
9499,2,"بانادول نايت – 20 قرص لتسكين الألم ويساعد على الاسترخاء وتقليل التوتر"
9500,1,"Omol 500 mg 20 Tablets for Pain Relief and Fever Reduction"
9500,2,"اومول 500 مجم 20 قرص لتخفيف الألم والحد من ارتفاع درجة الحرارة والحمى."
9501,1,"Panadrex | 24 Tablets for Relief of: Headaches, Menstrual Pain, and Back Pain"
9501,2,"بانادريكس | 24قرص يستخدم لتخفيف: الصداع ، آلام الدورة الشهرية ، آلام الظهر"
9502,1,"Limitless Elzyme Original for Relief of Minor Pain, Swelling, and Inflammation - 30 Tablets"
9502,2,"ليمتلس الزايم اوريجينال لتخفيف الألم البسيط والتورم والإلتهاب 30 قرص"
9503,1,"Solpadeine Capsules - 20 Capsules Strong Painkiller and Antipyretic"
9503,2,"سولبادين كبسول 20 كبسولة مسكن قوي للألم وخافض للحرارة"
9504,1,"Ketofan 25 mg 20 Tablets - Fast and Powerful Pain Reliever"
9504,2,"كيتوفان 25 مجم 20 قرص مسكن قوي وسريع للألم"
9505,1,"Select 200 mg for Relief of Arthritis Symptoms - 20 Capsules"
9505,2,"سيليكت 200 مجم  للتخفيف من أعراض التهاب المفاصل 20 كبسولة"
9506,1,"Panadol Cold and Flu, 24 Tablets for Fast and Effective Pain Relief"
9506,2,"بانادول كولد اند فلو، 24 قرص لتخفيف الألم بشكلٍ سريعٍ وفعال"
9507,1,"Panadol Cold & Flu Sinus – 24 Tablets for Relief of Sinus Congestion, Headache, and Body Aches"
9507,2,"بانادول كولد آند فلو سينس – 24 قرص يخفف احتقان الجيوب الأنفية والصداع وآلام الجسم"
9508,1,"Oflam 50 mg Sachets for Pain and Inflammation Relief - 10 Sachets"
9508,2,"اوفلام 50 مجم أكياس لعلاج الآلام والإلتهابات 10 كيس"
9509,1,"Adol Extra - 24 Capsules for Relief of Headache and Migraine"
9509,2,"أدول إكسترا - 24 كبسولة  للتخفيف من الصداع والصداع النصفي"
9510,1,"Fast-Flam 50 mg 20 Tablets - Fast-Acting Analgesic and Anti-Inflammatory"
9510,2,"فاست فلام 50 مجم 20 قرص مسكن سريع المفعول ومضاد التهاب"
9511,1,"Profinal XP, Analgesic, Antipyretic, and Anti-inflammatory - 20 Tablets"
9511,2,"بروفينال اكس بى، مسكن، خافض للحرارة ومضاد للالتهاب - 20 قرص"
9512,1,"Adol 500 mg 24 Tablets for Fast Relief of Pain and Fever"
9512,2,"أدول 500 مجم 24 قرص تُخفف الألم والحمى بسرعة"
9513,1,"Coxicam 7.5 mg - 30 Capsules for Joint Pain and Inflammation Relief"
9513,2,"كوكسيكام 7.5 ملغ - 30 كبسولة خفيف آلام المفاصل والتهابها"
9514,1,"Reparil 20 mg 40 Tablets for Localized Swelling and Congestion Resulting from Injuries"
9514,2,"ريباريل 20 مجم 40 قرص لعلاج التورم الموضعي والاحتقان الناتج عن الإصابات"
9515,1,"Diclogesic Retard 100 mg 10 Tablets for Joint, Muscle, or Tendon Pain"
9515,2,"ديكلوجيسيك ريتارد 100 مجم 10 قرص آلام المفاصل أو العضلات أو الأوتار"
9516,1,"Xefo 8 mg 20 Tablets for Pain and Inflammation Relief"
9516,2,"زيفو 8 مجم 20 قرص تُستخدم لتقليل الألم والالتهابات"
9517,1,"Apo-Diclo 50 mg 20 Tablets for Pain Relief"
9517,2,"أبو-ديكلو 50 مجم 20 قرص لتخفيف الالم"
9518,1,"Catafast 50 mg 9 Sachets for Bone and Joint Inflammation"
9518,2,"كتافاست 50 مجم 9 اكياس لعلاج التهاب المفاصل والعظام"
9519,1,"Solpadeine Effervescent - 20 Tablets for Relief of Mild to Moderate Pain"
9519,2,"سولبادين فوار - 20 قرص يستخدم لتخفيف الألم الخفيف إلى المعتدل"
9520,1,"Ezepan Cough Relief for Respiratory Diseases - 100 ml"
9520,2,"إيزيبان يخفف الكحة لأمراض الجهاز التنفسي - 100 مل"
9521,1,"Panadol Baby & Infant Paracetamol 120mg/5ml for Pain Relief and Fever Reduction"
9521,2,"بانادول بيبي & إنفانت باراسيتامول 120 مجم/5 مل لتخفيف الألم وخفض الحرارة"
9522,1,"Tempo Cool Infant Fever Cooling Gel Patches for Children - 4 Patches"
9522,2,"تمبو كوول إنفانت كمادات جل خافضة للحرارة للأطفال- 4 كمادات"
9523,1,"Tempo Cool Fever Cooling Patches for Children - 4 Pieces"
9523,2,"تمبو كول كمادات لخفض الحرارة للأطفال-4قطع"
9524,1,"Panadrex Children's Syrup 100ml - Paracetamol Antipyretic"
9524,2,"بانادركس شراب للأطفال 100 مل - باراسيتامول خافض حرارة"
9525,1,"Panadrex Syrup, 100 ml – Fever and Pain Relief for Children"
9525,2,"شراب بانادريكس، 100 مل – علاج الحمى وآلام الأطفال"
9526,1,"Sapofen Junior Suspension - 145 ml Antipyretic and Pain Reliever for Children"
9526,2,"شراب سابوفين جونيور المعلق - 145 مل خافض للحرارة ومسكن للآلام مخصص للأطفال"
9527,1,"Fevadol S-F Syrup 145ml Analgesic and Antipyretic for Children"
9527,2,"فيفادول إس-إف شراب 145 مل مسكن وخافض حرارة للأطفال"
9528,1,"Nurofen Children's Pain Relief and Fever Reducer Syrup - Orange Flavor, 150 ml"
9528,2,"نيوروفين شراب مسكن وخافض للحرارة للاطفال بطعم البرتقال 150 مل"
9529,1,"Dol 100 mg/ml Oral Drops 15 ml - Safe Fever Reducer and Pain Reliever for Infants from Birth"
9529,2,"دول 100 مجم/مل نقط للفم 15 مل لخفض الحرارة وتسكين الآلام بأمان للرضع منذ الولادة"
9530,1,"Profinal Syrup 110ml - Analgesic and Antipyretic for Children"
9530,2,"بروفينال شراب 110مل - مسكن وخافض للحرارة للأطفال"
9531,1,"Pediamol Paracetamol 100 mg/ml – 15 ml Oral Drops | Effective Pain Reliever and Fever Reducer for Children"
9531,2,"بيديامول باراسيتامول 100 مجم/مل – 15 مل قطرات فموية مسكن فعال للآلام وخافض للحرارة للاطفال"
9532,1,"Prof Ibuprofen 100mg/5ml Oral Suspension 100ml for Fever and Flu Symptom Relief"
9532,2,"بروف ايبوبروفين 100 ملغ/5 مل عن طريق الفم 100 مل لتخفيف الحمى أعراض الأنفلونزا"
9533,1,"Mucosolvan Forte 30 mg Syrup 250 ml - Cough Relief Syrup"
9533,2,"ميكوسولفان فورت 30 مجم شراب 250 مل شراب لعلاج الكحّة"
9534,1,"Jospan Natural Cough Syrup 100 ml"
9534,2,"جوسبان شراب طبيعى مضاد للسعال 100 مل"
9535,1,"Safi Syrup 100ml - Effective Expectorant for Children"
9535,2,"صافى شراب 100 مل يتم استخدامه كطارد للبلغم وطارد للبلغم للأطفال"
9536,1,"Exylin Syrup for Cold and Allergy Symptoms - 100 ml"
9536,2,"إكسيلين شراب لأعراض البرد والحساسية - 100 مل"
9537,1,"Triprolidine DM Syrup 100ml for Cough and Cold Relief"
9537,2,"تريبوفيد دي إم شراب 100 مل لعلاج السعال وأعراض البرد"
9538,1,"Ezolvin 100 ml Mucolytic for Cough Symptoms - 100 ml"
9538,2,"إزولفين 100 مل مذيب للبلغم، لأعراض الكحة - 100 مل"
9540,1,"Histofen Syrup for Allergy and Cold Symptom Relief - 100 ml"
9540,2,"هستوفين شراب لعلاج اعراض الحساسية والزكام 100 مل"
9541,1,"Dextrocough Cough Syrup 100 ml"
9541,2,"ديكستروكف شراب السعال 100 مل"
9542,1,"Solfex Syrup 4mg/5ml 100ml - Formulated to Help Relieve Cough"
9542,2,"شراب سولفكس 4 ملجم/5 مل 100 مل. شراب مُصمم للمساعدة في تخفيف السعال"
9543,1,"Avilop Syrup 100ml for Chest Cough Relief"
9543,2,"أفيلوب شراب 100 مل لتخفيف السعال الصدري"
9544,1,"Bronchicare, for Cough Symptoms - 100 ml"
9544,2,"برونشيكير، لأعراض الكحة - 100 مل"
9545,1,"Flumed DM Syrup 100ml for Relief of Cold Symptoms and Dry Cough in Children"
9545,2,"فلوميد دي ام شراب 100مل لعلاج أعراض البرد والسعال الجاف لدى الأطفال"
9546,1,"Ivy-Calm 120ml Syrup for Cough Relief and Phlegm Dissolution"
9546,2,"ايفي-كالم 120مل شراب يستخدم لتخفيف السعال، إذابة البلغم"
9547,1,"Bronchicare® Plus Cough Syrup & Natural Expectorant for Children"
9547,2,"برونشيكير® بلس شراب الكحّة والأطفال وطارد طبيعي للبلغم"
9548,1,"Rhinathiol Infant Syrup for Cough Symptoms - 125 ml"
9548,2,"ريناثايول للرضع شراب لأعراض الكحة - 125 مل"
9549,1,"Amydramine Expectorant Syrup 120 ml"
9549,2,"شراب أميدرامين طارد للبلغم 120 مل"
9550,1,"Mentex Cough Syrup - 125 ml"
9550,2,"منتكس شراب لأعراض الكحة - 125 مل"
9551,1,"Rhinofed Syrup 100ml Orange Flavor - For Relief of Fever, Cold, Flu, and Allergy Symptoms"
9551,2,"راينوفد شراب 100 مل بطعم البرتقال يستخدم لتخفيف الحمى وأعراض البرد والانفلونزا والحساسية"
9552,1,"Rhinathiol 5% Syrup 125 ml for Adults - Respiratory Support"
9552,2,"ريناتيول 5%شراب 125 مل للكبار لعلاج مشاكل الجهاز التنفسي"
9553,1,"Rhinathiol Promethazine Syrup 0.5 mg 125 ml - Relieves Allergies, Asthma, and Pulmonary Obstruction"
9553,2,"شراب ريناثيول بروميثازين 0.5 ملغ 125 مل يعالج الحساسية، للربو والانسداد الرئوي"
9554,1,"Exylin Children's Syrup 100 ml - Expectorant and Cough Suppressant for Kids"
9554,2,"اكسيلين شراب للأطفال 100 مل شراب طارد للبلغم ومسكن للسعال للأطفال"
9555,1,"Dramylin Cough Syrup for Children 120 ml"
9555,2,"دراميلين شراب للأطفال للسعال 120 مل"
9556,1,"Rhinofed Expectorant Syrup 100ml for Fever, Cold, and Flu Symptom Relief"
9556,2,"راينوفد مزيل البلغم شراب 100 مل لتخفيف الحمى وأعراض نزلات البرد والإنفلونزا"
9557,1,"Neo Healar Ointment 30g for Internal and External Hemorrhoids Treatment"
9557,2,"نيوهيلار مرهم 30 جم لعلاج البواسير الداخلية والبواسير الخارجية"
9558,1,"Rectacare Cream 30g - Effective Pain Relief for Hemorrhoid Symptoms"
9558,2,"ريكتاكير كريم 30 جم مسكن ألم فعّال لأعراض البواسير"
9559,1,"Neo Healar 10 Suppositories for Hemorrhoid Symptom Relief"
9559,2,"نيوهيلار 10 تحاميل علاج للتخفيف من أعراض البواسير"
9560,1,"Loxonin 50 mg Pain Relief Patches - 7 Pieces"
9560,2,"روكسونين 50 مجم لصقات مسكنة للألم 7 قطع"
9561,1,"Olfen 140 mg 5 Patches for Arthritis, Bone, and Back Pain Relief"
9561,2,"اولفين 140 مجم 5 لصقات لعلاج إلتهاب المفاصل والعظام وآلام الظهر"
9562,1,"Airfast 10 mg 30 Tablets | For Asthma and Allergic Rhinitis Treatment"
9562,2,"ايرفاست 10 مجلم 30 قرص | لعلاج الربو وحساسية الأنف"
9563,1,"Bufomix Inhaler for Asthma and Respiratory Diseases - 160/4.5 mcg - 120 Doses"
9563,2,"جهاز بوفوميكس لعلاج الربو وأمراض الجهاز التنفسي - 160/4.5 ميكروجرام - 120 جرعة"
9564,1,"Clarinase Cold and Allergy Relief - 14 Tablets"
9564,2,"كلارينيز يخفف أعراض البرد والحساسية - 14 قرص"
9565,1,"Avalon Broncast 10 mg, for Asthma and Respiratory Symptoms - 28 Tablets"
9565,2,"أفالون برونكاست 10 مجم، لأعراض الأزمة التنفسية والربو - 28 قرص"
9566,1,"Vexodin 120 mg - 14 Antiallergic Tablets"
9566,2,"فيكسودين 120 مجم 14 قرص مضاد للحساسية"
9567,1,"Neorin 5 mg 20 Tablets - Effective Antihistamine for Itching, Sneezing, and Runny Nose Relief"
9567,2,"نيورين 5 مجم 20 قرص مضاد حساسية فعّال يخفف الحكة والعطس وسيلان الأنف"
9568,1,"Loradad 10 mg 10 Tablets - Relieves Symptoms Associated with Allergic Rhinitis"
9568,2,"لوراداد 10 مجم 10 أقراص يخفف من الأعراض المصاحبة لإلتهاب الانف التحسسي"
9569,1,"Lorahist 10 mg 10 Tablets for Allergy Symptom Relief"
9569,2,"لوراهست 10 مجم 10 قرص لعلاج أعراض الحساسية"
9570,1,"Clara 10 mg – 10 Tablets | Effective Antihistamine for Allergy Relief"
9570,2,"كلارا 10 مجم – 10 أقراص مضاد حساسية فعّال يخفف أعراض الحساسية"
9571,1,"Broncast 5 mg 28 Chewable Tablets for Allergy Prevention in Children"
9571,2,"برونكاست 5 مجم 28 قرص أقراص قابلة للمضغ  للوقاية من الحساسية لدى الأطفال"
9572,1,"Telfast - 180 mg - 30 Fast-Acting Allergy Relief Tablets"
9572,2,"تلفاست - 180 مجم - 30 قرص مضاد للحساسية سريع المفعول"
9573,1,"Fludrex 24 Tablets for Cold and Flu Symptoms"
9573,2,"فلودريكس 24 قرص لأعراض الإنفلونزا والزكام"
9574,1,"ACC Long 600 mg 10 Effervescent Tablets for Bronchial Health"
9574,2,"اي سي سي لونغ فوار 600 مجم 10 اقراص علاج أمراض الشعب الهوائية"
9575,1,"Famodar 20 mg 30 Tablets - Antacid for Gastric Ulcer Treatment"
9575,2,"فامودار 20 مجم 30 قرص مضاد للحموضة يستخدم في قرحة المعدة"
9576,1,"Lorinase - D 2.5/120 mg 20 Tablets Relief for Allergy Symptoms"
9576,2,"لورينيز - د 2.5\120 مجم 20 حبه خفف أعراض الحساسية"
9577,1,"Glora 10 mg 10 Tablets - Effectively Eliminates Seasonal Allergy Symptoms"
9577,2,"جلورا 10 مجم 10 أقراص يقضي على أعراض الحساسية الموسمية بفاعلية"
9578,1,"Butalin Solution for Bronchodilation in Asthma Cases - 0.5% - 20 ml"
9578,2,"محلول بيوتالين لتوسيع الشعب الهوائية في حالات الربو - 0.5% - 20 مل"
9579,1,"Lorin 10 mg 10 Tablets - Relieves Allergy Symptoms"
9579,2,"لورين 10 مجم 10 قرص خفف أعراض الحساسية"
9580,1,"Xyzal 5 mg Antiallergic - 20 Tablets"
9580,2,"زيزال 5 مجم مضاد للحساسية - 20 قرص"
9581,1,"Telfast 180 mg 15 Tablets for Severe Allergy Symptoms"
9581,2,"تلفاست 180 مجم 15 قرص لأعراض الحساسية الشديدة"
9582,1,"Deslor 5 mg 20 Tablets - Antiallergic Medication"
9582,2,"ديسلور 5 مجم 20 قرص دواء مضاد للحساسية"
9583,1,"Zestan 40mg 20 Tablets for Allergy Symptom Relief"
9583,2,"زستان 40مجم 20قرص علاج أعراض الحساسية"
9584,1,"Zyrtec 10 mg 10 Tablets for Allergy Symptom Relief"
9584,2,"زيرتيك 10 مجم 10 اقراص لتخفيف أعراض الحساسية"
9585,1,"Artiz 10 mg 30 Tablets for Allergy Relief, Runny Nose, and Skin Itching"
9585,2,"ارتيز 10 مجم 30 قرص لعلاج أعراض الحساسية والرشح وحكة الجلد"
9586,1,"Claritin 10 mg 10 Tablets for Seasonal or Year-Round Allergy Relief"
9586,2,"كلاريتين 10 مجم 10قرص لتخفيف أعراض الحساسية الموسمية أو الدائمة"
9587,1,"Deslan 5 mg Antihistamine Tablets - 20 Tablets"
9587,2,"ديسلن 5 ملجم أقراص مضادة للحساسية 20 قرص"
9588,1,"Artiz 10 mg - 10 Tablets for Relief of Allergy Symptoms"
9588,2,"ارتيز 10 ملجم - 10 أقراص للتخفيف من أعراض الحساسية"
9589,1,"Ventolin 0.05% Inhalation Solution 20ml for Respiratory Relief"
9589,2,"فنتولين 0.05 محلول مستنشق 20 مل لعلاج مشاكل التنفس"
9590,1,"Butalin 100 mcg Inhaler 200 Doses for Relief of Asthma and COPD Symptoms"
9590,2,"بيوتالين 100 ميكروجرام بخاخ 200 جرعة لتخفيف أعراض الربو ومرض الانسداد الرئوي المزمن"
9591,1,"Ventolin 100 mcg Evohaler - Bronchodilator for Asthma Treatment"
9591,2,"فنتولين 100 مكجم ايفوهيلر يستخدم لتوسيع الشعب الهوائية وعلاج الربو"
9592,1,"Airfast for Children for Asthma and Allergic Rhinitis 4 mg - 30 Chewable Tablets/Pack"
9592,2,"إيرفاست للأطفال لعلاج الربو وحساسية الأنف 4 ملغ - 30 قرص قابل للمضغ/علبة"
9593,1,"Airfast for Children for Asthma and Allergic Rhinitis 5 mg - 30 Chewable Tablets/Pack"
9593,2,"إيرفاست للأطفال لعلاج الربو وحساسية الأنف 5 ملغ - 30 قرص قابل للمضغ/علبة"
9595,1,"Pantol 40 mg Tablets – 14 Tablets for Various Gastrointestinal Conditions"
9595,2,"بانتول 40 مجم أقراص – 14 قرص لعلاج أمراض المعدة والأمعاء المختلفة"
9596,1,"Proton 20 mg 14 Tablets - Gastric Ulcer Treatment"
9596,2,"بروتون 20 مجم 14 قرص. علاج القرحة المعدية"
9597,1,"Peptazol 30 mg 14 Capsules - Reduces Gastric Acid Secretion"
9597,2,"بيبتازول 30 مجم 14 كبسوله تقليل إفراز حمض المعدة"
9598,1,"Oprazole 40 mg 30 Tablets - For Heartburn and Acid Reflux Relief"
9598,2,"وبرازول 40 مجم 30 قرص - لعلاج حموضة المعدة وارتجاع المريء"
9599,1,"Gasec 40 mg - 14 Capsules for the Treatment of Excess Stomach Acidity"
9599,2,"جازيك 40 مجم - 14 كبسولة يستخدم لعلاج حالات زيادة حموضة المعدة"
9600,1,"Proton 40 mg 14 Tablets for Gastric Ulcers and Heartburn Relief"
9600,2,"بروتون 40 مجم 14 قرص يستخدم لعلاج القرحة المعدية والحموضة المعوية"
9601,1,"Omez Plus, 1100/40 mg - 28 Capsules Used to Treat Gastric and Duodenal Ulcers, and GERD"
9601,2,"اوميز، بلس، 1100/40 مجم - 28 كبسولة يُستخدم لعلاج قرحة المعدة والاثني عشر، ارتجاع المريء"
9602,1,"Takepron 15 mg for Heartburn and Reflux - 14 Capsules"
9602,2,"تاكيبرون 15 مجم للحموضة والارتجاع 14 كبسولة"
9603,1,"Omeprex, Omeprazole, 20 mg Capsules - 28 Capsules to Reduce Stomach Acidity and Support Digestive Health"
9603,2,"أوميبريكس، أوميبرازول، كبسولة، 20 ملجم - 28 كبسولة تقلل من حموضة المعدة وتدعم صحة الجهاز الهضمي"
9604,1,"Takepron 30 mg Capsules - 14 Capsules for Hyperacidity Treatment"
9604,2,"كبسولات تاكيبرون 30 مجم - 14 كبسولة لعلاج حالات زيادة حموضة المعدة"
9605,1,"Aciloc 40 mg 14 Capsules - Reduces Stomach Acidity and Relieves Heartburn Symptoms"
9605,2,"اسيلوك 40 مجم 14 كبسولة يقلل من حموضة المعدة، ويخفف أعراض حرقة المعدة"
9606,1,"Nexium 20 mg 14 Tablets - Reduces Stomach Acid Secretion"
9606,2,"نيكسيوم 20 مجم 14 قرص يعمل على تقليل إفراز الحمض في المعدة"
9607,1,"Nexium 20 mg 28 Tablets - Reduces Stomach Acid Secretion"
9607,2,"نيكسيوم 20 مل 28 قرص يعمل على تقليل إفراز الحمض في المعدة"
9608,1,"Peptazol 15 mg 14 Capsules - Reduces Stomach Acidity and Relieves Heartburn Symptoms"
9608,2,"بيبتازول 15 مجم 14 كبسوله يقلل من حموضة المعدة، ويخفف أعراض حرقة المعدة"
9609,1,"Peptazol 15 mg 28 Capsules - Reduces Stomach Acidity and Relieves Heartburn Symptoms"
9609,2,"بيبتازول 15 مجم 28 كبسوله يقلل من حموضة المعدة، ويخفف أعراض حرقة المعدة"
9610,1,"Instigar 30 mg 28 Tablets for the Treatment of Gastric Hyperacidity"
9610,2,"انستيجار 30 مجم 28 قرص يستخدم لعلاج حالات زيادة حموضة المعدة"
9611,1,"Dexilant 30 mg 28 Capsules for Heartburn and GERD Treatment"
9611,2,"ديكسيلانت 30 ملغ 28 كبسولة لعلاج حرقة المعدة والارتجاع المريئي"
9612,1,"Toprazole 20 mg - 15 Tablets | Reduces Stomach Acidity and Relieves Heartburn Symptoms"
9612,2,"توبرازول 20 مجم - 15 قرص  يقلل من حموضة المعدة، ويخفف أعراض حرقة المعدة"
9613,1,"Gasec 20 mg - 14 Capsules for Reducing Stomach Acidity"
9613,2,"جازيك 20 مجم - 14 كبسولة يقلل من حموضة المعدة"
9614,1,"Gasec 20 mg - 28 Capsules for Reducing Stomach Acidity and Relieving Heartburn Symptoms"
9614,2,"جازيك 20 مجم - 28 كبسولة يقلل من حموضة المعدة، ويخفف أعراض حرقة المعدة"
9615,1,"Gasec 40 mg - 28 Capsules | Reduces Stomach Acidity and Relieves Heartburn Symptoms"
9615,2,"جازيك 40 مجم - 28 كبسولة يقلل من حموضة المعدة، ويخفف أعراض حرقة المعدة"
9616,1,"Pantomax 40 mg 15 Tablets for Gastric and Duodenal Ulcer Treatment"
9616,2,"بانتوماكس 40 مجم 15 قرص لعلاج قرحة المعدة والاثني عشر"
9617,1,"Toprazole 40 mg 15 Tablets for the Treatment of Intestinal and Peptic Ulcers"
9617,2,"توبرازول 40 مجم 15 قرص يُستخدم لعلاج القرحة المعوية والقرحة الهضمية"
9618,1,"Gaviscon Double Action | 32 Tablets for Gastroesophageal Reflux Symptoms"
9618,2,"جافيسكون قوة مضاعفه | 32 قرص لعلاج أعراض الارتجاع المعدي المريئي"
9619,1,"Pantozol 40 mg, Reduces Stomach Acid and Relieves Heartburn Symptoms - 30 Tablets"
9619,2,"بانتوزول 40 مجم، يقلل من حموضة المعدة، ويخفف أعراض حرقة المعدة - 30 قرص"
9620,1,"Ezora 40 mg 28 Capsules for Heartburn and GERD Treatment"
9620,2,"ايزورا 40 مجم 28 كبسول لعلاج ارتجاع المريء"
9621,1,"Ezora 20 mg - 28 Capsules for Heartburn Relief and Chest Pain Symptoms"
9621,2,"ايزورا 20 مجم - 28 كبسولة علاج أعراض حرقة المعدة وألم الصدر"
9622,1,"Gaviscon Peppermint Flavor Tablets - 16 Tablets"
9622,2,"جافيسكون أقراص بنكهة النعناع - 16 قرص"
9623,1,"Hyposec 20 mg 14 Capsules for GERD and Heartburn Relief"
9623,2,"هايبوسيك 20 مجم 14 كبسولة علاج ارتجاع المريء وحرقة المعدة"
9624,1,"Pantozol 40 mg 15 Tablets - Treatment and Relief of Esophagitis Symptoms"
9624,2,"بانتوزول 40 مجم 15 قرص - علاج وتخفيف أعراض التهاب المريء"
9625,1,"Pantozol 20 mg 30 Tablets - Treats GERD & Acid Reflux"
9625,2,"بانتوزول 20 مجم 30 قرص - يعالج ارتجاع المريء"
9626,1,"Nexium 40 mg 28 Tablets - Reduces Stomach Acid Secretion"
9626,2,"نيكسيوم 40 مجم 28 قرص - يعمل على تقليل إفراز الحمض في المعدة"
9627,1,"Nexium 40 mg 14 Tablets for the Treatment of Gastric and Esophageal Conditions"
9627,2,"نيكسيوم 40 مجم 14 قرص لعلاج بعض مشاكل المعدة والمريء"
9628,1,"Pantover 40 mg – For Heartburn, Gastric Ulcers, and GERD Treatment"
9628,2,"بانتوفير 40 مجم – لعلاج الحموضة وقرحة المعدة وارتجاع المريء"
9629,1,"Omez 20 mg, Reduces Stomach Acidity and Relieves Heartburn Symptoms - 14 Capsules"
9629,2,"أوميز 20 مجم، يقلل من حموضة المعدة، ويخفف أعراض حرقة المعدة - 14 كبسولة"
9630,1,"Instigar 60 mg 28 Tablets for Hyperacidity Relief"
9630,2,"انستيجار 60 مجم 28 قرص لعلاج حالات زيادة حموضة المعدة"
9631,1,"Rennie Fast-Acting Antacid Tablets - 48 Tablets"
9631,2,"ريني أقراص سريعة المفعول لعلاج الحموضة 48 قرص"
9632,1,"Gaviscon Advance Peppermint Flavor Suspension - 300 ml Indigestion Relief"
9632,2,"جافيسكون ادفانس معلق بنكهة النعناع - 300 مل  علاج سوء الهضم"
9633,1,"Gaviscon Liquid Peppermint Flavor 200ml Indigestion Relief"
9633,2,"جافيسكون سائل شراب النعناع 200 مل علاج سوء الهضم"
9634,1,"Lumify Eye Drops 7.5 ml - For Redness Relief"
9634,2,"لوميفاى محلول للعين 7.5 مل - لعلاج احمرار العين"
9635,1,"Strepsils Lemon Sugar-Free Lozenges - 16 Tablets"
9635,2,"ستربسلز أقراص استحلاب ليمون بدون سكر 16 قرص"
9636,1,"Strepsils Honey & Lemon Lozenges for Throat Relief - 24 Lozenges"
9636,2,"ستربسلز بالعسل والليمون اقراص استحلاب للحلق 24 قرص"
9638,1,"Strepsils Cool Mint Lozenges - 24 Lozenges"
9638,2,"ستربسلز بالنعناع اقراص استحلاب للحلق 24 قرص"
9639,1,"Strepsils Original 24 Lozenges"
9639,2,"ستربسلز الاصلى 24 قرص استحلاب"
9640,1,"Streps Strawberry Lozenges - 24 Pieces"
9640,2,"ستربس حلوى استحلاب فراولة 24 قطعة"
9641,1,"Strepsils Honey & Lemon - 36 Lozenges"
9641,2,"ستربسلز بالعسل والليمون 36 قرص استحلاب"
9643,1,"Rhinocort Nasal Spray 120 Doses for Reducing Nasal Passage Inflammation"
9643,2,"رينوكورت بخاخ للأنف 120 جرعة لتقليل التهاب الممرات الأنفية"
9644,1,"Vicks VapoDrops Menthol with Orange 16 Lozenges"
9644,2,"فيكس فابودربس منثول مع البرتقال 16 قرص"
9645,1,"Vicks BabyRub Soothing Ointment for Babies 50g"
9645,2,"فيكس بيبي روب كريم للأطفال 50 جم"
9646,1,"Decozal Nasal Spray for Children 15 ml"
9646,2,"ديكوزال بخاخ أنفي للأطفال 15 مل"
9647,1,"Postinor 2 Tablets for Contraception"
9647,2,"بوستينور 2 قرص لمنع الحمل"
9648,1,"Flutab, Cold Symptom Relief - 20 Tablets"
9648,2,"فلوتاب، يخفف أعراض البرد - 20 قرص"
9649,1,"Panadol Cold & Flu Sinus Day - Non-Drowsy 24 Caplets"
9649,2,"بنادول كولد اند فلو ساينس نهاري - لا يسبب النعاس 24 كابلت"
9650,1,"Strepsils Extra Blackcurrant - 24 Lozenges"
9650,2,"ستربسلز اكسترا بالكشمش الاسود 24 قرص"
9651,1,"JP Vita C Zinc Dietary Supplement - 60 Softgel Capsules"
9651,2,"جي بي فيتا سي زنك مكمل غذائي 60 كبسولة جيلاتينية"
9652,1,"Vermox, Deworming Syrup for the Treatment of Worm Infections - 30 ml"
9652,2,"فيرموكس، شراب طارد للديدان لعلاج العدوى الناتجة عن الديدان - 30 مل"
9653,1,"Vermox 100 mg, Anthelmintic for Treating Worm Infections - 6 Tablets"
9653,2,"فيرموكس 100 مجم، طارد للديدان، لعلاج العدوى الناتجة عن الديدان - 6 أقراص"
9654,1,"Bendazole 100 mg 6 Tablets - Used to treat various types of intestinal parasitic infections"
9654,2,"بندازول 100 مجم  6 أقراص - يستخدم لعلاج أنواع مختلفة من العدوى الطفيلية المعوية"
9655,1,"Buscopan 10 mg 20 Tablets for Intestinal Cramps and Abdominal Pain Relief"
9655,2,"بسكوبان 10 ملجم 20 قرص لعلاج التقلصات المعوية وآلام البطن"
9656,1,"Scopinal 10 mg - 20 Tablets | Anti-Spasmodic for Digestive Pain Relief"
9656,2,"سكوبينال 10 مجم 20 قرص مضاد للتقلصات، ويخفف آلام الجهاز الهضمي"
9657,1,"Mebagen SR 200 mg 30 Capsules - Helps Relieve Irritable Bowel Syndrome (IBS) Symptoms"
9657,2,"ميباجن اس ار 200 مجم 30 كبسولة يساعد في تخفيف أعراض القولون العصبي"
9658,1,"Duspatalin 200 mg 30 Capsules - Mebeverine for Digestive Muscle Relaxation"
9658,2,"دوسباتالين 200 مجم 30 كبسولة يساعد ميبيفيرين على استرخاء عضلات الجهاز الهضمي"
9659,1,"Hyospan 5 mg Syrup 100 ml - For Relief of Colic and Intestinal Spasms"
9659,2,"هيوبان 5 مجم شراب 100 مل  يستخدم لتخفيف آلام المغص والتقلصات المعوية"
9660,1,"Meva 135 mg Coated Tablets - 30 Tablets for Digestive Spasms and Irritable Bowel Syndrome (IBS)"
9660,2,"ميفا 135 ملغ مغلفة بالفم-30 قرصًا لعلاج تشنجات الجهاز الهضمي والقولون العصبي"
9661,1,"Scopinal Anti-Spasmodic Syrup 100 ml"
9661,2,"سكوبينال شراب مضاد للتقلصات 100 مل"
9662,1,"Duspamin 200mg 30 Capsules for Digestive Disorders"
9662,2,"دوسبامين 200مجم 30 كبسول لعلاج اضطرابات الجهاز الهضمي"
9663,1,"Dicetel 50 mg 20 Tablets - Antispasmodic for Digestive Pain Relief"
9663,2,"ديستيل 50 مجم 20 قرص مضاد للتقلصات، يخفف آلام الجهاز الهضمي"
9664,1,"Epicogel - 125 ml Suspension for Relief of Indigestion and Discomfort"
9664,2,"إبيكوجيل - 125 مل معلق لتخفيف أعراض عسر الهضم وعدم الراحة"
9665,1,"Eucarbon Herbal - 30 Tablets for Relief of Occasional Constipation"
9665,2,"ايوكاربون هيربيل - 30قرص للتخفيف من الإمساك العرضي"
9666,1,"Arkopharma Carbon Dietary Supplement for Gas and Bloating - 45 Capsules"
9666,2,"أركوفارما مكمل غذائي كاربون للغازات والانتفاخات - 45 كبسولة"
9667,1,"Neocarbon 30 Capsules for Irritable Bowel Syndrome (IBS) Symptom Relief"
9667,2,"نيوكاربون 30 كبسوله لعلاج أعراض متلازمة القولون العصبي"
9668,1,"Enterogermina Probiotic 2 Billion 20 Vials for Diarrhea and Intestinal Disorders"
9668,2,"انتروجرمينا بروبيوتيك 2 مليار 20 فيال لعلاج الإسهال، اضطرابات الأمعاء"
9669,1,"Dicoflor 60 mg, Dietary Supplement, Probiotic - 10 Capsules to Help Relieve Various Digestive Disorder Symptoms"
9669,2,"ديكوفلور 60 مجم، مكمل غذائي، بروبيوتك - 10 كبسولات للمساعدة في علاج أعراض مختلفة لاضطرابات الجهاز الهضمي."
9670,1,"Kapect Suspension 120ml Anti-Diarrheal"
9670,2,"كابيكت معلق 120 مل مضاد للإسهال"
9671,1,"Baby Lite Oral Rehydration Solution 240 ml"
9671,2,"بيبي لايت محلول لمعالجة الجفاف 240 مل"
9672,1,"Imodium 2mg Diarrhea Relief - 6 Capsules"
9672,2,"إيموديوم 2 ملجم لعلاج الإسهال 6 كبسولات"
9673,1,"ORS Oral Rehydration Salts, Orange Flavor - 10 Sachets, Used to Replenish Fluids and Electrolytes Lost Due to Dehydration"
9673,2,"او ار اس، حبيبات محلول الجفاف، بنكهة البرتقال - 10 أكياس يُستخدم لتعويض السوائل والأملاح المفقودة بسبب الجفاف"
9674,1,"Movicol Laxative for Children - 30 Sachets"
9674,2,"موفيكول ملين للاطفال 30 كيس"
9675,1,"Colax Syrup 65g/300ml for Constipation Relief"
9675,2,"كولاكس شراب 65 جم/300 مل للمساعدة في تخفيف الإمساك"
9676,1,"Movicol 20 Sachets for Chronic Constipation Treatment and Bowel Movement Regulation"
9676,2,"موفيكول أكياس 20 كيس لعلاج الإمساك المزمن وتنظيم حركة الأمعاء"
9677,1,"Ezylax Syrup 300ml for Constipation Relief"
9677,2,"ايزيلاكس شراب 300 مل للمساعدة في تخفيف الإمساك"
9678,1,"Duphalac Laxative Syrup for Constipation Relief - 300 ml"
9678,2,"دوفالاك شراب ملين لعلاج الإمساك - 300 مل"
9679,1,"Pico Oral Drops 30 ml for Constipation Relief"
9679,2,"بيكو نقط للفم 30 مل لعلاج الإمساك"
9680,1,"Lax Natura Vigor Laxative - 30 Tablets - For Constipation Relief"
9680,2,"ملين الاكس ناتشورا فيجور - 30 قرص - لعلاج الامساك"
9681,1,"Biolys Digest 24 Capsules for Bloating and Digestive Cramps Relief"
9681,2,"كبسولات بايوليس دايجست 24 لعلاج الانتفاخ والتقلصات في الجهاز الهضمي."
9682,1,"Agiolax Granules 250g - Treats Constipation and Restores Digestive Balance"
9682,2,"حبيبات أجيولاكس 250 جرام يعالج الإمساك ويعيد التوازن للجهاز الهضمي"
9683,1,"Glissylax 1400 mg Suppositories for Relief of Constipation in Children"
9683,2,"جليسلاكس 1400 مج تحاميل لعلاج الإمساك لدى الأطفال"
9684,1,"Dulcolax 5 mg, 40 Tablets - Powerful Constipation Relief and Treatment"
9684,2,"دولكولاكس 5 ملغ، 40 قرصًا - علاج قوى للامساك والتخلص منه"
9685,1,"Laxcodil Suppositories 5 mg - 10 Pieces Laxative Suppositories for Children"
9685,2,"لاكسكوديل تحاميل 5 مجم 10 قطع تحاميل ملينة للأطفال"
9686,1,"Glycerilax, Glycerin Laxative Suppositories for Adults, 2800 mg - 12 Suppositories"
9686,2,"جليسيلاكس، تحاميل جلسرين ملينة للكبار, 2800 ملجم - 12 تحميلة"
9687,1,"Jamieson Laxaco Senna and Cascara Extract - 60 Capsules"
9687,2,"جاميسون لاكساكو مستخلص السنا و الكاسكارا 60 كبسولة"
9688,1,"Parodontix Gum + Breath & Sensitivity Original Toothpaste - 75 ml"
9688,2,"بارودونتكس معجون أسنان اللثة + النفس والحساسية الأصلي - 75 مل"
9689,1,"Sensodyne Toothpaste 80g for Sensitive Teeth"
9689,2,"معجون اسنان سنسوداين 80 غم ضد حساسية الاسنان"
9690,1,"Ora Lujain Mouthwash for Children 300ml"
9690,2,"اورا لجين غسول فم للاطفال 300مل"
9692,1,"Avalon Avohex Mouthwash - 300 ml"
9692,2,"غسول الفم أفالون أفوهيكس - 300 مل"
9693,1,"Dentinox Teething Gel 15g"
9693,2,"دينتينوكس جل التسنين 15 جم"
9694,1,"Gengigel Adult Oral Gel 20ml, Gum and Mouth Ulcer Care for Adults"
9694,2,"جينجي جل​ للكبار 20 مل, جنجي جل للثة وتقرحات الفم للكبار"
9695,1,"Oralgen Natural Herbal Oral Gel with Myrrh Extract - 30 ml for Soothing Mouth Discomfort"
9695,2,"اورالجين، جل للفم عشبي طبيعي، بخلاصة المرة - 30 مل لتهدئة انزعاج الفم"
9696,1,"Moxal Suspension - 200 ml for Excess Stomach Acidity Relief"
9696,2,"معلق موكسال - 200 مل لعلاج الحموضة الزائدة في المعدة"
9697,1,"Motilium 10mg 30 Tablets for Nausea and Vomiting Relief"
9697,2,"موتيليوم 10مجم 30 قرص يستخدم لعلاج الغثيان والقيء"
9698,1,"Vominore 25/50 mg - 20 Tablets Anti-Nausea and Vomiting Medication"
9698,2,"فومينور 25/50 مجم - 20 قرص دواء مضاد للغثيان والقيء"
9699,1,"Dompy 10 mg Film-Coated Tablets - 30 Tablets for the Treatment of Nausea and Vomiting in Adults and Adolescents"
9699,2,"دومبي 10 ملجم أقراص مغلفة - 30 قرص لعلاج الغثيان والقيء لدى البالغين والمراهقين"
9700,1,"Plavix 75 mg 28 Tablets to Prevent Blood Clots in Arteries"
9700,2,"بلافيكس 75 ملجرام 28 قرص لمنع تجلط الدم في الشرايين"
9701,1,"Sartan 50 mg 30 Tablets - Treatment for Hypertension Patients"
9701,2,"سارتان 50 مجم 30 قرص علاج مرضى ارتفاع ضغط الدم."
9702,1,"Clogrel 75 mg 30 Tablets - Antiplatelet to Prevent Blood Clots"
9702,2,"كلوقريل 75 مجم 30 قرص لمنع تجلط الدم"
9703,1,"Raveldo 12.5 mg Tablets - 30 Tablets for Hypertension Treatment"
9703,2,"رافيلدو 12.5 جرام حبوب 30 حبة لعلاج ارتفاع ضغط الدم"
9704,1,"Raveldo 6.25 mg 30 Tablets for Hypertension Treatment"
9704,2,"رافيلدو 6.25 مجم 30 قرص لعلاج ارتفاع ضغط الدم"
9705,1,"Aspicard 81mg 120 Tablets for Blood Thinning and Arterial Protection"
9705,2,"اسبيكارد 81ملجم 120قرص لسيولة الدم وحماية الشرايين"
9706,1,"Aspirin Protect 100 mg, Reduces Risk of Blood Clots - 60 Tablets"
9706,2,"أسبرين بروتكت 100 مجم، يخفف من مخاطر تجلط الدم - 60 قرص"
9707,1,"Normalex SR 1.5 mg 30 Tablets for Hypertension Treatment"
9707,2,"نورمالكس اس ار 1.5 مجم 30 قرص لعلاج ارتفاع ضغط الدم"
9708,1,"Normoten 50 mg, for Hypertension - 28 Tablets"
9708,2,"نورموتن 50 مجم، في حالات الضغط المرتفع - 28 قرص"
9709,1,"Olmetec 40 mg Tablets - 28 Tablets for Lowering Blood Pressure"
9709,2,"أولميتك 40 مجم أقراص 28 قرص تخفض ضغط الدم"
9710,1,"Zinopril 10 mg 28 Tablets for High Blood Pressure Treatment"
9710,2,"زينوبريل 10 مجم 28 قرص لعلاج ضغط الدم المرتفع"
9711,1,"Diovan 80 mg, for Hypertension - 28 Tablets"
9711,2,"ديوفان 80 مجم، لحالات ضغط الدم المرتفع - 28 قرص"
9712,1,"Entresto 50 mg 28 Tablets for Long-Term Treatment of Heart Failure in Adults"
9712,2,"انتريستو 50 مجم 28 قرص علاج نوع من قصور القلب على المدى الطويل لدى البالغين"
9713,1,"Isobide 20 mg 20 Capsules Vasodilator"
9713,2,"ايزوبايد 20 مجم 20 كبسولة موسع للأوعية الدموية"
9714,1,"Tabuvan 80 mg 30 Tablets for Hypertension Treatment"
9714,2,"تابوفان 80 مجم 30 اقراص لعلاج ارتفاع ضغط الدم"
9715,1,"Co-Tabovan 320 mg/25 mg - 30 Film-Coated Tablets for Hypertension Treatment"
9715,2,"كو-تابوفان 320 مجم/25 مجم - 30 قرص مغلف لعلاج ارتفاع ضغط الدم"
9716,1,"Isobide 40 mg 20 Capsules Vasodilator"
9716,2,"ايزوبايد 40 مجم 20 كبسولة موسع للأوعية الدموية"
9717,1,"Tabuvan 160 mg 30 Tablets for Hypertension Treatment"
9717,2,"تابوفان 160 مجم 30 قرص لعلاج ارتفاع ضغط الدم."
9718,1,"Co-Tabuvan 80 mg/12.5 mg 30 Film-Coated Tablets - For Hypertension Treatment"
9718,2,"كو-تابوفان 80 مجم/12.5 مجم 30 قرص مغلف - لعلاج ارتفاع ضغط الدم"
9719,1,"Co-Tabuvan 160/12.5 mg 30 Tablets for Hypertension Treatment."
9719,2,"كو تابوفان 160/12.5 مجم 30 قرص لعلاج ارتفاع ضغط الدم."
9720,1,"Lizino 10 mg, for Hypertension - 30 Tablets"
9720,2,"ليزينو 10 مجم، لحالات ضغط الدم المرتفع - 30 قرص"
9721,1,"Lizino 5 mg 30 Tablets for Hypertension Treatment"
9721,2,"ليزينو 5 مجم 30 قرص لعلاج ارتفاع ضغط الدم"
9722,1,"Micardis 80 mg 28 Tablets for Hypertension Treatment"
9722,2,"ميكارديس 80 مجم 28 قرص لعلاج ارتفاع ضغط الدم"
9723,1,"Exforge HCT 5/160/12.5 mg - 28 Tablets for Hypertension Treatment"
9723,2,"اكسفورج اتش سى تى 5/160/12.5 مجم 28 قرص لعلاج ارتفاع ضغط الدم"
9724,1,"Vascodipine 10 mg 30 Tablets for Hypertension Treatment"
9724,2,"فاسكودبين 10 مجم 30 قرص لعلاج ارتفاع ضغط الدم"
9725,1,"Exforge 10/160 mg 28 Tablets for Hypertension Control"
9725,2,"اكسفورج 10/160 مجم 28 قرص السيطرة على ارتفاع ضغط الدم."
9726,1,"Vascodipine 5 mg 30 Tablets for Hypertension Treatment"
9726,2,"فاسكودبين 5 مجم 30 قرص لعلاج ارتفاع ضغط الدم"
9727,1,"Micardis Plus 80/12.5 mg 28 Tablets for Hypertension Treatment"
9727,2,"ميكارديس بلاس 80/12.5 مجم 28 قرص لعلاج ارتفاع ضغط الدم"
9728,1,"Diovan 40 mg 28 Tablets for the Treatment of Hypertension in Children and Adolescents"
9728,2,"ديوفان 40 مجم 28 قرص لعلاج ارتفاع ضغط الدم لدى الأطفال والمراهقين"
9729,1,"Concor Plus 5/12.5 mg 20 Tablets for Hypertension Treatment"
9729,2,"كونكور بلص 5/12.5 مجم 20 قرص لعلاج ارتفاع ضغط الدم"
9730,1,"Co-Diovan 160/12.5 mg 28 Tablets for Hypertension Treatment"
9730,2,"كو ديوفان 160/12.5 مجم 28 قرص لعلاج ارتفاع ضغط الدم"
9731,1,"Diovan 160 mg 28 Tablets for Hypertension Treatment"
9731,2,"ديوفان 160 مجم 28 قرص لعلاج ارتفاع ضغط الدم"
9732,1,"Nebilet 5 mg 28 Tablets for Hypertension Treatment"
9732,2,"نيبيليت 5 مجم 28 قرص لعلاج ارتفاع ضغط الدم"
9733,1,"Exforge HCT 10/160/12.5 mg 28 Tablets for Hypertension Treatment"
9733,2,"اكسفورج اتش سى تى 10/160/12.5 مجم 28 قرص لعلاج ارتفاع ضغط الدم"
9734,1,"Concor 5 mg 30 Tablets for Hypertension Treatment"
9734,2,"كونكور 5 مجم 30 قرص لعلاج ارتفاع ضغط الدم"
9735,1,"Zinopril 20 mg 28 Tablets for Hypertension Treatment"
9735,2,"زينوبريل 20 مجم 28 قرص لعلاج ارتفاع ضغط الدم"
9736,1,"Epilat 10 mg 30 Tablets for Hypertension and Angina Pectoris Treatment"
9736,2,"ابيلات 10 ملجم 30 قرص لعلاج ارتفاع ضغط الدم أو الذبحة الصدرية."
9737,1,"Atacand 16 mg 28 Tablets for Hypertension Treatment"
9737,2,"اتاكاند 16 مجم 28 قرص لعلاج ارتفاع ضغط الدم"
9738,1,"Amlopin 5 mg 30 Capsules for Hypertension Treatment"
9738,2,"املوبين 5 مجم 30 كبسولة لعلاج ارتفاع ضغط الدم"
9739,1,"Lodipam 10 mg 30 Tablets - Helps Maintain Blood Pressure Levels"
9739,2,"لوديبام 10 ملج 30 حبة يساعد في الحفاظ على مستويات ضغط الدم"
9740,1,"Selecta Plus 5mg / 12.5mg - 20 Tablets for Blood Pressure Control"
9740,2,"سيلكتا بلاس 5مجم /12.5 مجم 20 قرص يساعد على التحكم في ضغط الدم"
9741,1,"Concor Cor 2.5 mg 30 Tablets for Hypertension Treatment"
9741,2,"كونكور كور 2.5 مجم 30 قرص لعلاج ارتفاع ضغط الدم"
9742,1,"Blopress Plus 16/12.5mg 28 Tablets for Hypertension Treatment"
9742,2,"بلوبرس بلس 16/12.5مجم 28 قرص لعلاج ارتفاع ضغط الدم"
9743,1,"Amlor 10 mg 30 Capsules for Hypertension Treatment"
9743,2,"املور10مجم 30 كبسولة لعلاج ارتفاع ضغط الدم"
9744,1,"Capocard 25 mg 20 Tablets for Hypertension Treatment"
9744,2,"كابوكارد 25 مجم 20 قرص لعلاج ارتفاع ضغط الدم"
9745,1,"Acetab 25 mg 30 Tablets for Hypertension Treatment"
9745,2,"اسيتاب 25 مجم 30 قرص لعلاج ارتفاع ضغط الدم"
9746,1,"Amlo Card 5 mg 30 Tablets for Hypertension Treatment"
9746,2,"املو كارد 5 مجم 30 قرص لعلاج ارتفاع ضغط الدم"
9747,1,"Concor 10 mg 30 Tablets for Hypertension Treatment"
9747,2,"كونكور 10 مجم 30 قرص لعلاج ارتفاع ضغط الدم"
9748,1,"Amlor 5mg 30 Capsules for Hypertension Treatment"
9748,2,"املور 5مجم 30 كبسولة لعلاج ارتفاع ضغط الدم"
9749,1,"Adalat LA 30mg 30 Tablets for the Treatment of Hypertension or Angina Pectoris."
9749,2,"ادالات ال ايه 30مجم 30 قرص لعلاج ارتفاع ضغط الدم أو الذبحة الصدرية."
9750,1,"Blopress 8mg 28 Tablets for Hypertension Treatment"
9750,2,"بلوبرس8مجم 28 قرص لعلاج ارتفاع ضغط الدم"
9751,1,"Lodipam 5 mg 30 Tablets - Blood Pressure Reducer"
9751,2,"لوديبام 5 ملجم 30 قرص يقلل من ضغط الدم"
9752,1,"Gliptamet 50/1000 mg 56 Tablets for Blood Sugar Control"
9752,2,"جليبتامت 50/1000 مجم 56 قرص للتحكم في مستويات السكر في الدم"
9753,1,"Galvus Met 50/1000 mg 60 Tablets for the Treatment of Adult Patients with Type 2 Diabetes."
9753,2,"جالفس مت 50/1000 مجم 60 قرص لعلاج المرضى البالغين المصابين بداء السكري من النوع 2."
9754,1,"Galvus Met 50/850 mg 60 Tablets for the Treatment of Adult Patients with Type 2 Diabetes"
9754,2,"جالفس مت 50/850 مجم 60 قرص لعلاج المرضى البالغين المصابين بداء السكري من النوع 2"
9755,1,"Actos Met 850/15 mg 56 Tablets for the Treatment of Adult Patients with Type 2 Diabetes"
9755,2,"أكتوس مت 850/15 مجم 56 قرص لعلاج المرضى البالغين المصابين بداء السكري من النوع 2"
9756,1,"Synjardy 850/5 mg 60 Tablets for Type 2 Diabetes Treatment."
9756,2,"سينجاردى 850/5 مجم 60 قرص لعلاج مرض السكري من النوع الثاني."
9757,1,"Synjardy 12.5/1000 mg 60 Tablets for Type 2 Diabetes Treatment"
9757,2,"سينجاردى 1000/12.5 مجم 60 قرص لعلاج مرض السكري من النوع الثاني."
9758,1,"Glyxambi 25/5 mg 30 Tablets for Type 2 Diabetes Treatment"
9758,2,"جليكسامبي 5/25 مجم 30 قرص لعلاج مرض السكري من النوع 2."
9759,1,"Jardiance 10 mg 30 Tablets for Type 2 Diabetes Treatment"
9759,2,"جارديانس 10 مجم 30 قرص لعلاج مرض السكري من النوع 2"
9760,1,"Rybelsus 3 mg 30 Tablets for Adults (18 years or older) with Type 2 Diabetes"
9760,2,"ريبلسس 3 ملجم 30 قرص لعلاج البالغين (18 عامًا أو أكبر) المصابين بداء السكري من النوع 2"
9761,1,"Jardiance 25 mg 30 Tablets for Type 2 Diabetes Treatment"
9761,2,"جارديانس 25 مجم 30 قرص لعلاج مرض السكري من النوع 2"
9762,1,"Daonil M 2.5/500 mg 30 Tablets for Lowering Blood Sugar Levels in Type 2 Diabetes"
9762,2,"داونيل ام 2.5/500 مجم 30 قرص لخفض مستويات السكر في الدم لدى داء السكري من النوع 2"
9763,1,"Metfor 850 mg 60 Tablets for Type 2 Diabetes Management"
9763,2,"متفور 850 مجم 60 قرص لعلاج مرضى السكري من نوع 2"
9764,1,"Actos 30mg 30 Tablets for the Treatment of Adult Patients with Type 2 Diabetes"
9764,2,"اكتوس 30مجم 30 قرص لعلاج المرضى البالغين المصابين بداء السكري من النوع 2"
9774,1,"Glucophage 500 mg 50 Tablets for Diabetes Management"
9774,2,"جلوكوفاج 500 مجم 50 قرص لعلاج مرضى السكري"
9775,1,"Formit XR 750 mg 30 Tablets - Blood Sugar Control"
9775,2,"فورميت اكس أر 750 مجم 30 قرص يتحكم في نسبة السكر في الدم"
9776,1,"Gleem 4 mg 30 Tablets for Lowering Blood Sugar Levels"
9776,2,"جليم 4 مجم 30 قرص لخفض مستويات السكر في الدم"
9777,1,"Glucare XR 750 mg 30 Tablets - Blood Sugar Control"
9777,2,"جلوكير اكس ار 750 مجم 30 قرص يتحكم في نسبة السكر في الدم"
9778,1,"Omformin 500 mg, Reduces Blood Sugar Levels and Protects Against Diabetes Complications - 20 Tablets"
9778,2,"اومفورمين 500 مجم، يقلل مستوى السكر في الدم ويحمي من مضاعفات السكري - 20 قرص"
9779,1,"Amaryl 2 mg 30 Tablets for Lowering Blood Sugar Levels"
9779,2,"اماريل 2 مجم 30 قرص لخفض مستويات السكر في الدم"
9780,1,"Amaglime 1 mg 30 Tablets - Used for Type 2 Diabetes Treatment"
9780,2,"اماجلايم 1 ملجم 30 قرص يستخدم لعلاج مرض السكري من النوع الثاني"
9781,1,"Gleem 1 mg 30 Tablets for Lowering Blood Sugar Levels"
9781,2,"جليم 1 مجم 30 قرص لخفض مستويات السكر في الدم"
9782,1,"Gleem 3 mg 30 Tablets for Lowering Blood Sugar Levels"
9782,2,"جليم 3 مجم 30 قرص لخفض مستويات السكر في الدم"
9783,1,"Gleem 2 mg 30 Tablets for Lowering Blood Sugar Levels"
9783,2,"جليم 2 مجم 30 قرص لخفض مستويات السكر في الدم"
9784,1,"Glim 6 mg 30 Tablets for Lowering Blood Sugar Levels"
9784,2,"جليم أقراص 6 مجم 30 حبة لخفض مستويات السكر في الدم"
9785,1,"Nizoral Cream 30g - Topical Treatment for Fungal Skin Infections"
9785,2,"نيزورال كريم 30 جم علاج موضعي يستخدم لالتهابات الفطرية الجلدية."
9786,1,"Daktarin Antifungal Cream - 30g"
9786,2,"داكتارين كريم مضاد للفطريات - 30 جم"
9787,1,"Lamifen Cream 15g Antifungal Cream"
9787,2,"لاميفين كريم 15 جرام كريم مضاد للفطريات"
9788,1,"Dermatin Antifungal Solution 20 ml"
9788,2,"ديرماتين محلول 20 مل المضاد للفطريات"
9789,1,"Vavo 2% Shampoo 100ml - Treatment for Dandruff, Psoriasis, and Yeast Infections"
9789,2,"فافو2% شامبو 100 مل علاج للتخلص من قشرة الرأس والصدفية والتهابات الخميرة"
9790,1,"Crestor 20 mg 28 Tablets for Correcting Blood Lipid Levels"
9790,2,"كريستور 20 مجم 28 قرص لتصحيح مستويات المواد الدهنية في الدم"
9791,1,"Simva 20 mg 30 Tablets - Used to Lower Total Cholesterol Levels"
9791,2,"سيمفا 20 مجم 30 قرص يستخدم لخفض مستويات الكوليسترول الكلي"
9895,1,"Rost 20 mg 30 Tablets for Lowering Cholesterol"
9895,2,"روست 20 مجم 30 قرص لخفض نسبة الكوليسترول"
9896,1,"Roast 10 mg 30 Tablets for Lowering Cholesterol"
9896,2,"روست 10 مجم 30 قرص لخفض نسبة الكوليسترول"
9897,1,"Tofast 20 mg 30 Tablets for Lowering Blood Lipids Known as Cholesterol"
9897,2,"توفاست 20 مجم 30 قرص لخفض الدهون المعروفة باسم الكوليسترول"
9898,1,"Atorva 20 mg 30 Tablets for Lowering Blood Lipids Known as Cholesterol"
9898,2,"اتورفا 20 مجم 30 قرص لخفض الدهون المعروفة باسم الكوليسترول"
9899,1,"Atorlip 20 mg 30 Tablets for Lowering Lipids Known as Cholesterol"
9899,2,"أتورلب 20 مجم 30 قرص لخفض الدهون المعروفة باسم الكوليسترول"
9900,1,"Atorlip 10 mg 30 Tablets for Lowering Lipids Known as Cholesterol"
9900,2,"أتورلب 10 مجم 30 قرص لخفض الدهون المعروفة باسم الكوليسترول"
9901,1,"Ivarin 5 mg Rosuvastatin Cholesterol Lowering Agent - 30 Tablets"
9901,2,"ايفارين 5 مجم روسوفاستاتين مخفض للكولسترول في الدم - 30 قرص"
9902,1,"Crestor 10 mg 28 Tablets for Correcting Blood Lipid Levels"
9902,2,"كريستور 10 مجم 28 قرص لتصحيح مستويات المواد الدهنية في الدم"
9903,1,"Evarin 20 mg 30 Tablets for Correcting Blood Lipid Levels"
9903,2,"ايفارين 20 مجم 30 قرص لتصحيح مستويات المواد الدهنية في الدم"
9904,1,"Atorlip 40 mg 30 Tablets for the Treatment of High Cholesterol Levels"
9904,2,"أتورلب 40 مجم 30 قرص لعلاجِ ارتفاعِ مستوى الكوليسترول في الجسم"
9905,1,"Atorva 10 mg 30 Tablets for Lowering Lipids Known as Cholesterol"
9905,2,"اتورفا10 مجم 30 قرص لخفض الدهون المعروفة باسم الكوليسترول"
9906,1,"Lipanthyl 145 mg 30 Tablets - Effective Medication for Lowering Blood Lipid Levels"
9906,2,"ليبنثيل 145 مجم 30 قرص. دواء فعال في خفض مستويات الدهون في الدم"
9907,1,"Lipanthyl 200 mg 30 Capsules for Lowering Triglycerides and LDL Cholesterol Levels"
9907,2,"ليبنثيل 200 مجم 30 كبسوله لخفض مستويات ثلاثي الجليسريد و الكوليسترول الضار"
9908,1,"Evarin 40 mg 30 Tablets - Used to Reduce Bad Cholesterol Levels"
9908,2,"ايفارين 40 مجم 30 قرص يستخدم لتقليل كمية الكولسترول السيئ"
9909,1,"Atorva 40 mg 30 Tablets for Lowering Lipids Known as Cholesterol and Triglycerides"
9909,2,"اتورفا40 مجم 30 قرص لخفض الدهون المعروفة باسم الكوليسترول والدهون الثلاثية"
9910,1,"Azi-Once 200mg Suspension 22.5ml - Antibacterial"
9910,2,"ازي ونس 200مجم معلق 22.5 مل  مضاد للبكتيريا"
9911,1,"Magnacef Syrup - 60 ml for Treatment of Various Bacterial Infections"
9911,2,"ماجناسيف شراب - 60 مل علاج مجموعة متنوعة من الالتهابات البكتيرية"
9912,1,"Cefix 100mg Oral Suspension - Antibiotic for Acute Infections"
9912,2,"سيفكس 100مجم شراب معلق مضاد حيوي لعلاج الالتهابات الحادة"
9913,1,"Zitron Syrup 300 mg – 22.5 ml for the Treatment of Inflammations and Bacterial Infections"
9913,2,"زيترون شراب 300 مجم – 22.5 مل  لعلاج الالتهابات والعدوى البكتيرية"
9914,1,"Zithromax 400 mg / 10 ml - 30 ml Antibacterial Suspension"
9914,2,"زيثروماكس 400 مجم /10 مل 30 مل معلق مضاد للبكتيريا"
9915,1,"Ceclor 125 mg, Antibiotic, Suspension - 75 ml"
9915,2,"سيكلور 125 مجم، مضاد حيوي، شراب - 75 مل"
9916,1,"Ceclor 250mg Suspension 75ml Antibiotic"
9916,2,"سيكلور 250مجم معلق 75مل مضاد حيوي"
9918,1,"Winex 100 mg Suspension 60 ml Antibiotic"
9918,2,"وينكس 100 مجم معلق 60 مل مضاد حيوي"
9919,1,"Cefim 100 mg 60 ml Antibiotic Syrup"
9919,2,"سيفيم 100 مج 60 مل شراب مضاد حيوي"
9920,1,"Suprax 100 mg Suspension 60 ml Antibiotic"
9920,2,"سوبراكس 100 مجم معلق 60 مل مضاد حيوي"
9921,1,"Klacid 125 mg Suspension 100 ml Antibiotic for Bacterial Infections"
9921,2,"كلاسيد 125 مجم معلق 100 مل مضاد حيوي يستخدم لعلاج الالتهابات البكتيرية"
9922,1,"Hymox 250 mg Suspension 100 ml Antibiotic"
9922,2,"هايموكس 250 مجم معلق 100 مل مضاد حيوي"
9923,1,"Anazol 200 mg Suspension 120 ml for Bacterial Infections"
9923,2,"انازول 200 مجم معلق 120 مل لعلاج الالتهابات البكتيرية"
9924,1,"Azi-Once 200mg Suspension 15ml Antibacterial"
9924,2,"ازي ونس 200مجم معلق 15 مل مضاد للبكتيريا"
9925,1,"Clavodar Forte Suspension 400mg/57mg 70ml Antibiotic for Children"
9925,2,"شراب كلافودار فورت 400 ملغم /57 ملغم 70 مل مضاد حيوي للأطفال"
9926,1,"Megamox 228 mg Suspension 70 ml"
9926,2,"ميجاموكس 228 مجم معلق 70 مل"
9927,1,"Remox 125 mg, Antibiotic Syrup - 100 ml"
9927,2,"ريموكس 125 مجم، شراب مضاد حيوي - 100 مل"
9928,1,"Emox 125 mg Suspension 100 ml Antibiotic"
9928,2,"إيموكس 125 مجم معلق 100 مل مضاد حيوي"
9929,1,"Klavox 457 mg Suspension 70 ml Antibiotic"
9929,2,"كلافوكس 457 مجم معلق 70 مل مضاد حيوي"
9930,1,"Hymox 125 mg Suspension 100 ml Antibiotic"
9930,2,"هايموكس 125 مجم معلق 100 مل مضاد حيوي"
9931,1,"Emonx 250 mg 100 ml Oral Suspension Antibiotic"
9931,2,"ايموكس 250 مجم 100 مل معلق مضاد حيوي"
9932,1,"Remox 250 mg Suspension 100 ml Antibiotic"
9932,2,"ريموكس 250 مجم معلق 100 مل مضاد حيوي"
9933,1,"Augmentin 312 mg Suspension 100ml Antibiotic"
9933,2,"اوجمنتين 312 مجم معلق 100مل مضاد حيوي"
9934,1,"Megamox 312 mg Suspension 100 ml Antibiotic"
9934,2,"ميجاموكس 312 مجم معلق 100 مل مضاد حيوي"
9935,1,"Flazol 125 mg Suspension 120 ml - Antibiotic"
9935,2,"فلازول 125 مجم معلق 120 مل مضاد حيوي"
9936,1,"Megamox 156 mg Suspension 100 ml Antibiotic"
9936,2,"ميجاموكس 156 مجم معلق 100 مل مضاد حيوي"
9937,1,"Augmentin 457 mg Suspension 70 ml Antibiotic"
9937,2,"اوجمنتين 457 مجم معلق 70 مل مضاد حيوي"
9938,1,"Anazol 125 mg Suspension 120 ml Antibiotic"
9938,2,"انازول 125 مجم معلق 120 مل مضاد حيوي"
9939,1,"Curam 156 mg, Antibiotic Syrup - 100 ml"
9939,2,"كيورام 156 مجم، شراب مضاد حيوي - 100 مل"
9940,1,"Zovirax 200mg Suspension 125ml Antiviral"
9940,2,"زوفيراكس 200 مجم معلق 125 مل مضاد حيوي"
9941,1,"Megamox ES 600 mg 100 ml Antibiotic"
9941,2,"ميجاموكس اي اس 600 مجم 100 مل مضاد حيوي"
9942,1,"Bactrim 200/40 mg Syrup 100 ml Antibiotic"
9942,2,"باكتريم 200/40 مجم شراب 100 مل مضاد حيوي"
10031,1,"Herpetrex 500 mg 10 Tablets for Viral Infections Treatment"
10031,2,"هيربتريكس 500 مجم 10 قرص لعلاج الالتهابات الفيروسية"
10032,1,"Omaceph 500 mg Antibiotic - 10 Tablets"
10032,2,"أوماسيب 500 مجم مضاد حيوي 10 أقراص"
10033,1,"Uvamin Retard 100 mg 20 Capsules Antibiotic"
10033,2,"يوفامين ريتارد 100 مجم 20 كبسولة مضاد حيوي"
10034,1,"Ciproxin 250 mg 10 Tablets for Treatment or Prevention of Infections"
10034,2,"سيبروكسين 250 مجم 10 قرص لعلاج أو منع حالات العدوى"
10035,1,"Zinnat 250 mg 14 Tablets Antibiotic"
10035,2,"زينات 250 مجم 14 قرص مضاد حيوي"
10036,1,"Ciprodar 500 mg, Antibiotic - 10 Tablets"
10036,2,"سيبرودار 500 مجم، مضاد حيوي - 10 أقراص"
10037,1,"Ciproxin 750 mg Tablets - Antibacterial - 10 Tablets"
10037,2,"سيبروكسين أقراص 750 مجم - مضاد للبكتيريا - 10 أقراص"
10038,1,"Klacid 500 mg 14 Tablets for Treatment or Prevention of Infections"
10038,2,"كلاسيد 500 مجم 14 قرص لعلاج أو منع حالات العدوى"
10039,1,"Zinoximor 500 mg - 14 Tablets Antibiotic"
10039,2,"زينوكسيمور 500 مجم 14 اقراص  مضاد حيوي"
10040,1,"Volga XR 55 mg 30 Tablets Antibiotic"
10040,2,"فولجا اكس ار 55 مجم 30 قرص مضاد حيوي"
10041,1,"Clavodar 625 mg 20 Tablets Antibiotic"
10041,2,"كلافودار 625 مجم 20 قرص مضاد حيوي"
10042,1,"Antinal, 200 mg - 24 Capsules | Antibacterial and Antiseptic"
10042,2,"أنتينال، 200 ملجم - 24 كبسولة  مضاد للجراثيم ومضاد للبكتيريا"
10043,1,"Ceclor 500mg 15 Capsules Antibiotic"
10043,2,"سيكلور 500مجم 15 كبسولة مضاد حيوي"
10044,1,"Nevotic 500 mg 7 Tablets/Pack - Antifungal for the Treatment of Fungal Infections"
10044,2,"نيفوتيك 500 ملغ 7 أقراص/علبة مضاد للفطريات يُستخدم لعلاج عدوى الفطريات"
10045,1,"Lindacyl 300 mg 16 Capsules Antibiotic"
10045,2,"لينداسيل 300 مجم 16 كبسولة مضاد حيوي"
10046,1,"Furazol 250/200 mg 20 Tablets Antibiotic"
10046,2,"فيورازول 250/200 مجم 20 قرص مضاد حيوي"
10047,1,"Clarimac, Clarithromycin 500 mg, Antibiotic - 14 Tablets"
10047,2,"كلاريماك، كلاريثرومايسين 500 مجم، مضاد حيوي - 14 قرص"
10048,1,"Apo-Doxy 100mg 10 Tablets for the Treatment of Various Infections"
10048,2,"ابو - دوكسي 100مجم 10 اقراص لعلاج أنواع مختلفة من حالات العدوى"
10049,1,"Volga XR 105 mg - 30 Anti-Acne Tablets"
10049,2,"فولجا اكس أر 105 مجم - 30 قرص مضاد لحب الشباب"
10050,1,"Cipropharm 500 mg 10 Tablets for Treatment or Prevention of Infections"
10050,2,"سيبروفارم 500 مجم 10 قرص لعلاج أو منع حالات العدوى"
10051,1,"Tabocin 100 mg Antibiotic for Bacterial Infections - 10 Capsules"
10051,2,"تابوسين 100 مجم مضاد حيوي يخفف من العدوى البكتيرية _ 10 كبسولة"
10052,1,"Winex 200 mg, Antibiotic - 8 Capsules"
10052,2,"وينكس 200 مجم، مضاد حيوي - 8 كبسولات"
10053,1,"Cefadar, Cephalexin 250 mg, Antibiotic - 20 Capsules"
10053,2,"سيفادار، سيفالكسين 250 مجم، مضاد حيوي - 20 كبسولة"
10054,1,"Cefix 400mg 6 Capsules Antibiotic"
10054,2,"سيفكس400مجم 6 كبسولة مضاد حيوي"
10055,1,"Bactrim Forte 800/160 mg 10 Tablets Antibiotic"
10055,2,"باكتريم فورت 800/160 مجم 10 اقراص مضاد حيوي"
10056,1,"Cefuzime 500 mg Antibiotic for Bacterial Infections - 10 Tablets"
10056,2,"سيفوزيم 500 مجم مضاد حيوي لعلاج الالتهابات البكتيرية 10 أقراص"
10057,1,"Levox 750 mg 5 Tablets Antibiotic"
10057,2,"ليفوكس 750 مجم 5 اقراص مضاد حيوي"
10058,1,"Winex 400 mg 6 Capsules - Antibiotic"
10058,2,"وينكس 400 مجم 6 كبسولات - مضاد حيوي"
10059,1,"Monurol 3g 1 Sachet for Urinary Tract Infection Treatment"
10059,2,"مونورول 3 جم 1 كيس لعلاج التهاب المسالك البولية"
10060,1,"Volga XR 80 mg 30 Tablets Antibiotic"
10060,2,"فولجا اكس ار 80 مجم 30 قرص مضاد حيوي"
10061,1,"Magnacef 400 mg 6 Capsules Antibiotic"
10061,2,"ماجناسيف 400 مجم 6 كبسولات مضاد حيوي"
10062,1,"Cipromax 750 mg 10 Tablets for Treatment or Prevention of Infections"
10062,2,"سيبروماكس 750 مجم 10 قرص لعلاج أو منع حالات العدوى"
10063,1,"Cefutil 500 mg 10 Tablets Antibiotic"
10063,2,"سيفوتيل 500 مجم 10 قرص مضاد حيوي"
10064,1,"Ciprogram 500 mg 10 Tablets Antibiotic"
10064,2,"سيبروغرام 500 مجم 10 اقراص مضاد حيوي"
10065,1,"Cyprogen 500 mg 10 Tablets for Treatment or Prevention of Infections"
10065,2,"سيبروجين 500 مجم 10 قرص لعلاج أو منع حالات العدوى"
10066,1,"Omnicef 300 mg 10 Capsules Antibiotic"
10066,2,"اومنيسف 300 مجم 10 كبسوله مضاد حيوي"
10067,1,"Suprax 400 mg 6 Capsules Antibiotic"
10067,2,"سوبراكس 400 مجم 6 كبسولات مضاد حيوي"
10068,1,"Ciflox 500 mg 10 Tablets for Bacterial Infections"
10068,2,"سيفلوكس 500 مجم 10 قرص لعلاج الالتهابات البكتيرية"
10069,1,"Maxim 400 mg 5 Tablets for the Treatment of Various Bacterial Infections"
10069,2,"ماكسيم 400 مجم 5 قرص لعلاج مجموعة متنوعة من الالتهابات البكتيرية"
10070,1,"Levox 500 mg 5 Tablets Antibiotic"
10070,2,"ليفوكس 500 مجم 5 اقراص مضاد حيوي"
10071,1,"Daroxime 500 mg 10 Tablets Antibiotic"
10071,2,"داروكسيم 500 ملجم 10 أقراص مضاد حيوي"
10072,1,"Hymox 500 mg 20 Capsules for Treatment of Infections"
10072,2,"هايموكس 500 مجم 20 كبسولة لعلاج الالتهابات"
10073,1,"Glomox 500 mg 20 Capsules Antibiotic"
10073,2,"جلوموكس 500 مجم 20 كبسولة مضاد حيوي"
10074,1,"Zincin 500 mg 3 Film-Coated Tablets for the Treatment of Various Bacterial Infections"
10074,2,"زينسين 500 مجم 3 قرص مغلف لعلاج الالتهابات البكتيرية المختلفة"
10075,1,"Azimac 500mg - 3 Antibiotic Tablets"
10075,2,"ازيماك 500مجم 3 قرص مضاد حيوي"
10076,1,"Emox 500 mg 16 Capsules Antibiotic"
10076,2,"ايموكس 500 مجم 16كبسولة مضاد حيوي"
10077,1,"Hymox 875 mg 14 Capsules for the Treatment of Bacterial Infections"
10077,2,"هايموكس 875 مجم 14 كبسولة علاج الالتهابات التي تسببها البكتيريا"
10078,1,"Moxidad Forte 500 mg 20 Capsules Antibiotic"
10078,2,"موكسيداد فورت 500 ملغم 20 كبسولة مضاد حيوي"
10079,1,"Curam 1g 14 Tablets Antibiotic"
10079,2,"كيورام 1 جم 14 قرص مضاد حيوي"
10080,1,"Gloclav 1g, Antibiotic - 14 Tablets"
10080,2,"جلوكلاف 1 جرام، مضاد حيوي - 14 قرص"
10081,1,"Augmentin 625 mg 20 Tablets Antibiotic"
10081,2,"اوجمنتين 625 مجم20قرص مضاد حيوي"
10082,1,"Megamox 625 mg 20 Antibiotic Tablets"
10082,2,"ميجاموكس 625 ملجم 20 قرص دواء مضاد حيوي"
10083,1,"Megamox 1g 14 Tablets Antibiotic Medication"
10083,2,"ميجاموكس 1 جم 14 قرص دواء مضاد حيوي"
10084,1,"Klavox 1g Antibiotic Tablets"
10084,2,"كلافوكس 1 جرام اقراص دواء مضاد حيوي"
10085,1,"Anazol 500 mg 20 Tablets for the Treatment of Bacterial and Parasitic Infections"
10085,2,"انازول 500 ملجم 20 قرص يستخدم لعلاج الالتهابات الناتجة عن البكتيريا والطفيليات"
10086,1,"Herpetrex 500 mg 10 Tablets Anti-Inflammatory"
10086,2,"هيربتركس 500 مجم 10 قرص مضاد الالتهابات"
10087,1,"Flazol 500 mg 20 Tablets - Used to Treat a Range of Bacterial Infections"
10087,2,"فلازول 500 ملجم 20 قرصيستخدم لعلاج مجموعة من الالتهابات البكتيرية"
10088,1,"Klavox 625 mg 20 Tablets Antibiotic Medication"
10088,2,"كلافوكس 625 ملجم 20 قرص دواء مضاد حيوي"
10089,1,"Biosoft UD Eye Drops 0.5 ml 30 Units"
10089,2,"بيوسوفت يو دى قطره للعين 0.5 مل 30 حبة"
10090,1,"Systane Ultra UD Lubricant Eye Drops 0.7ml - 30 Single-Use Vials"
10090,2,"سيستان الترا يو دى قطرات مرطبة للعين 0.7 مل 30 حبة"
10091,1,"Biosoft Eyelid Care Wet Wipes - 20 Wipes"
10091,2,"بيوسوفت مناديل مبللة 20منديل مبللة عناية خاصة بجفون العين"
10092,1,"Hyfresh 2 mg Eye Drops 10 ml"
10092,2,"هاي فريش 2 مجم قطرة للعين 10 مل"
10093,1,"Hylo-Comod Eye Drops 10 ml"
10093,2,"هايلو كومود نقط للعين 10 مل"
10094,1,"Vislub 0.18 mg/ml Eye Drops - 20 Single-Dose Units"
10094,2,"فيزلوب 0.18 مجم /مل نقط للعين 20 حبة"
10095,1,"I-Cross 0.2% Eye Drops - 30 Single Doses"
10095,2,"اى كروس 0.2 % قطرة للعين 30 جرعة"
10096,1,"I-Cross Gel Eye Drops 0.4% - 30 Single-Dose Units"
10096,2,"اي كروس جل قطرة العين 0.4% 30 جرعة احادية"
10097,1,"Hyfresh Gel 0.3% Eye Drops 20 Single Doses"
10097,2,"هاي فريش جل 0.3% قطرة للعين 20 جرعة مفردة"
10098,1,"Artelac Complete MDO Eye Drops 10 ml"
10098,2,"أرتيلاك كومبليت ا م دي او قطرة للعين 10 مل"
10099,1,"Artelac Advance Eye Drops 0.2% - 30 Single-Dose Units"
10099,2,"ارتيلاك ادفانس نقط عين 0.2% 30 حبة"
10100,1,"Hylo Gel Eye Drops, Eye Lubricant, Relieves Eye Dryness - 10 ml"
10100,2,"هيلو جل نقط للعين، مرطب للعين، يخفف من جفاف العين - 10 مل"
10101,1,"Biosoft Plus Eye Drops 10 ml"
10101,2,"بيوسوفت بلس قطرة عين 10 ملل"
10102,1,"Biosoft Eye Drops, Eye Lubricant, Relieves Dry Eyes - 10 ml"
10102,2,"بيوسوفت، نقط للعين مرطب للعين، يخفف من جفاف العين - 10 مل"
10103,1,"Naphcon-A Eye Drops 15 ml"
10103,2,"نافكون ايه نقط للعين 15 مل"
10104,1,"Apillerg Eye Drops 10 ml"
10104,2,"ابيليرج نقط للعين 10 مل"
10105,1,"Riazolin Eye Drops 15 ml"
10105,2,"ريازولين قطره عين 15 مل"
10106,1,"Livostin 0.5 mg Eye Drops 4 ml"
10106,2,"ليفوستين 0.5 مجم نقط للعين 4 مل"
10107,1,"Croma Eye Drops 10 ml"
10107,2,"كروما قطرة عين 10 مل"
10108,1,"GP Melatonin 5 mg Dietary Supplement - 100 Capsules"
10108,2,"جى بى، ميلاتونين 5 مجم مكمل غذائي - 100 كبسولة"
10109,1,"Sensilab Ashwagandha Plus 60 Gummies"
10109,2,"سينسلاب اشواجند بلس 60 حلوى"
10110,1,"Maybelline Makeup Setting Primer Serum with 2% Niacinamide - 30ml"
10110,2,"سيروم برايمر لتثبيت المكياج بتركيبة النياسيناميد 2% من ميبيلين - 30 مل"
10111,1,"Maybelline Super Stay Lumi-Matte Foundation - Shade 115"
10111,2,"ميبلين, كريم اساس, سوبر ستاي لومي مات 115"
10112,1,"Maybelline Super Stay Lumi-Matte Foundation - Shade 128"
10112,2,"ميبلين كريم أساس سوبر ستاي لومي مات درجة 128"
10115,1,"Note Luminous Silk Compact Powder - 01 | Beige"
10115,2,"بودرة مضغوطة لومينوس سيلك من نوت - 01 | Beige"
10116,1,"Note Luminous Pressed Powder 02 - 10g"
10116,2,"نوت بودرة مضغوطة لومينوس 02 - 10 جم"
10117,1,"Note Luminous Pressed Powder - 03 Medium Beige 10g"
10117,2,"نوت بودرة مضغوطة لومينوس - 03 ميديم بيج 10 جم"
10118,1,"Sunsilk Luminous Leave-In Cream 200ml - Hydrating and Smoothing"
10118,2,"كريم لومينوس ليف ان 200 مل ترطيب وتنعيم - صانسيلك"
10119,1,"Eveline White Prestige 4D Eye Area Whitening Cream 20ml"
10119,2,"ايفيلين وايت بريستيج 4D كريم تفتيح تحت العين 20 مل"
10120,1,"Eveline White Prestige 4D Sensitive Skin Whitening Cream - 100 ml"
10120,2,"كريم لتفتيح البشرة الحساسة وايت برستيج 4 دي من ايفلين - 100 مل"
10121,1,"K-Sebio Niacinamide 15% Serum for Skin Brightening and Pigmentation Reduction - 30 ml"
10121,2,"سيروم النياسيناميد 15% لتفتيح البشرة  وتقليل التصبغات من كي سيبيو - 30 مل"
10122,1,"Date Seed Hair Blend"
10122,2,"خلطة نواة التمر للشعر"
10123,1,"Johnson's Baby Shampoo - 750 ml"
10123,2,"جونسون بيبي شامبو للأطفال - 750 مل"
10124,1,"Soft Velvet Foot Moisturizing Mask - Orange"
10124,2,"قناع سوفت فلفيت لترطيب القدمين اللون البرتقالي"
10125,1,"Soft Velvet Foot Moisturizing Mask - Purple"
10125,2,"قناع سوفت فلفيت لترطيب القدمين اللون البنفسجي"
10126,1,"Soft Velvet Foot Moisturizing Mask with Aloe Vera Oil"
10126,2,"قناع سوفت فلفيت لترطيب القدمين بزيت الصبار"
10127,1,"Soft Velvet Hand Hydrating Mask - Orange"
10127,2,"قناع سوفت فلفيت لترطيب اليدين اللون البرتقالي"
10128,1,"Soft Velvet Hand Hydration Mask - Purple Edition"
10128,2,"قناع سوفت فلفيت لترطيب اليدين اللون البنفسجي"
10129,1,"Soft Velvet Hand Moisturizing Mask with Aloe Vera Oil"
10129,2,"قناع سوفت فلفيت لترطيب اليدين بزيت الصبار"
10130,1,"Cerelac Wheat & Dates 500g - From 6 Months"
10130,2,"سيريلاك قمح و تمر 500 جم من عمر 6 شهر"
10131,1,"Cerelac Wheat 500g - From 6 Months"
10131,2,"سيريلاك قمح 500 جم من عمر 6 شهر"
10132,1,"Cerelac Wheat & 3 Fruits 500g - From 6 Months"
10132,2,"سيريلاك قمح و 3 فواكه 500 جم من عمر 6 شهر"
10133,1,"Cerelac Wheat & Honey 400g - From 6 Months"
10133,2,"سيريلاك قمح و عسل 400 جم من عمر 6 شهر"
10134,1,"Cerelac Wheat & 3 Fruits 125g - From 6 Months"
10134,2,"سيريلاك قمح و3 فواكه 125 جم من عمر 6 شهر"
10135,1,"Cerelac Wheat and Dates 125g - From 6 Months"
10135,2,"سيريلاك قمح وتمر 125 جم من عمر 6 شهر"
10136,1,"Cerelac Wheat and Honey 125g - From 6 Months"
10136,2,"سيريلاك قمح وعسل 125 جم من عمر 6 شهر"
10137,1,"Cute Baby Organic Goat Milk Infant Formula Stage 1 (0-6 Months) 400g"
10137,2,"كيوت بيبي تركيبة حليب الماعز العضوي للرضع 0 - 6 شهر 400 جم"
10138,1,"Cute Baby Organic Goat Milk Formula for Toddlers 1 - 3 Years 400g"
10138,2,"كيوت بيبي تركيبة حليب الماعز العضوي للرضع 1 - 3 سنوات 400 جم"
10139,1,"Cute Baby Organic Goat Milk Infant Formula Stage 2 (6-12 Months) 400g"
10139,2,"كيوت بيبي تركيبة حليب الماعز العضوي للرضع 6 - 12 شهر 400 جم"
10140,1,"Cerelac Wheat Cereal 400g"
10140,2,"سيريلاك حبوب القمح 400 جم"
10141,1,"Nestlé Cerelac Wheat & Fruits Cereal with Milk - From 6 Months"
10141,2,"نستله سيريلاك قمح وفواكه دقيق الحبوب والحليب من عمر 6 شهور"
10142,1,"Office Long-Lasting Ultra Black Eyeliner Pencil - 601"
10142,2,"اوفيس قلم كحل عيون اسود فاحم ثابت - 601"
10143,1,"Sarah Beauty Jet Black Smudge-Proof Eyeliner"
10144,1,"Okema Wax Heater OK-412 - Discover the World of Beauty"
10144,2,"جهاز تسخين شمع أوكيما OK-412 - اكتشفي عالم الجمال"
10145,1,"GP 3-in-1 Argan Oil Hair Dye Shampoo - Dark Brown (25 ml)"
10145,2,"شامبو صبغة شعر بزيت الارجان بني غامق من جي بي 3 في 1 (25 مل)"
10146,1,"Arganmidas Moroccan Argan Oil Clear Hydrating Conditioner, 450ml"
10146,2,"بلسم شعر بخلاصة زيت الارغان المغربي من ارجان ميداس ، 450 مل"
10147,1,"Vicks VapoDrops Orange Flavor Throat Soothing Lozenges - 16 Lozenges"
10147,2,"فابودروبس اقراص ملطفة للحنجرة بالبرتقال من فيكس - 16قرص"
10148,1,"First Step Capsicum Hot Plaster for Back and Muscle Comfort BL-051"
10148,2,"لصقة داعمة لراحة العضلات والظهر حار فرست ستيب كابسيكوم BL-051"
10149,1,"NYX Lift & Snatch! Brow Tint Pen - 08 Espresso"
10149,2,"نيكس قلم حواجب ليفت برو تنت 08 اسبريسو"
10150,1,"BabyJoy Culotte Jumbo Box Size 4 Boys - 88 Pants"
10150,2,"بيبي جوي كلوت جامبو صندوق(4) اولاد 88 كلوت"
10151,1,"Costume National Paperplane Eau de Parfum 100ml"
10151,2,"عطر كوستوم ناشونال بابيربلاين او دو بارفيوم 100مل"
10152,1,"Florian Pontier Absolum Eau de Parfum 100ml"
10152,2,"فلوريان بونتيير أبسولوم أو دو برفيوم 100 مل"
10153,1,"Florian Pontier Absolum For Her Eau De Parfum - 100 ml"
10153,2,"عطر فلوريان بونتيير أبسولوم فور هير  أو دو برفيوم - 100 مل"
10154,1,"CoSTUME NATIONAL J Parfum 100ml"
10154,2,"عطر كوستوم ناشونال جي بارفيوم 100مل"
10155,1,"CoSTUME NATIONAL Scent Intense Black Parfum 100ml"
10155,2,"عطر كوستوم ناشونال سنت انتنس الاسود بارفيوم 100مل"
10157,1,"Freshdays 72 Long Sanitary Pads with Natural Cotton Softness"
10157,2,"فريشدايز 72 فوطة صحية طويلة بنوعوم القطن الطبيعي"
10158,1,"Freshdays, Pantyliners, Daily Liners, Normal, 72 Liners"
10158,2,"فريش دايز، فوط نسائية، فوط يومية، عادي، 72 فوطة"
10159,1,"Bambini Mommy Pink Perfume for Children by Kido Perfumes - 80 ml"
10159,2,"طر بامبيني مامي بينك للاطفال من كيدو بيرفيومز - 80 مل"
10160,1,"Crown Baby Perfume with Clean and Fresh Powder Scent - 50ml"
10160,2,"عطر أطفال كراون بيبي برائحة البودرة النظيفة والمنعشة 50 مل"
10161,1,"SHEGLAM Liquid Blush and Highlighter Glow Set - 3 Pieces"
10161,2,"مجموعة احمر الخدود وهايلايتر السائلة للإشراقة من شيقلام - 3 قطع"
10162,1,"Christine Infallible Soft Touch 24H Foundation – 30 ml - Shade 06"
10162,2,"كريم اساس انفاليبل سوفت تاتش 24 ساعة من كرستين– 30 مل - درجة 06"
10163,1,"Christine Soft Touch Full Coverage Foundation - Shade 03"
10163,2,"كرستين كريم اساس سوفت تاتش تغطية كاملة رقم 03"
10164,1,"Christine Soft Touch Infallible Foundation with Primer Coverage 30ml - Shade No. 2"
10164,2,"كرستين سوفت تاتش إنفاليبل كريم اساس مع برايمر تغطية 30 مل رقم 2"
10165,1,"Christine Soft Touch Full Coverage Foundation - Shade 03"
10165,2,"كرستين كريم اساس سوفت تاتش تغطية كاملة رقم 03"
10166,1,"Christine Primer Serum - 30 ml"
10166,2,"سيروم برايمر من كرستين - 30 مل"
10167,1,"Embryolisse Moisturizing and Nourishing Cream for Face and Body for All Skin Types, 400ml"
10167,2,"كريم مرطب و مغذي للوجه والجسم لجميع أنواع البشرة من امبيريوليس , 400 مل"
10168,1,"Christine Blusher - 06"
10168,2,"احمر الخدود من كرستين - 06"
10169,1,"Christine Blusher - Shade No. 12"
10169,2,"كرستين بلاشر احمر خدود رقم 12"
10170,1,"Christine - Compact Face Powder 3"
10170,2,"كرستين - بودرة وجه مضغوطة 3"
10171,1,"Christine Compact Face Powder 02"
10171,2,"كرستين بودرة وجه مضغوطة 02"
10172,1,"Christine Long Lasting Nail Polish - 88"
10172,2,"طلاء اظافر لونج لاستينج من كرستين - 88"
10173,1,"Christine Perfect Long-Lasting Lip Liner - Shade 13 | 0.7g"
10173,2,"محدد الشفاه كريستين بيرفكت طويل الأمد - الدرجة 13 | 0.7 جرام"
10174,1,"Christine Nail Polish No. 84"
10174,2,"كرستين مناكير طلاء الاظافر رقم 84"
10175,1,"Christine Nail Polish No. 142"
10175,2,"كرستين مناكير طلاء الاظافر رقم 142"
10176,1,"Christine Nail Polish No. 25"
10176,2,"كرستين مناكير طلاء الاظافر رقم 25"
10177,1,"Christine Dual Eyebrow and Eyeliner Pencil CH - 02"
10177,2,"قلم تحديد الحواجب والعيون المزدوج من كريستين CH - 02"
10178,1,"Christine Nail Polish - Shade 27"
10178,2,"كرستين مناكير طلاء الاظافر رقم 27"
10179,1,"Christine Nail Polish No. 32"
10179,2,"كرستين مناكير طلاء الاظافر رقم 32"
10180,1,"Christine Long-Lasting Creamy Lip Liner – CH-L2505 | Shade 16"
10180,2,"قلم محدد شفاه كريمي طويل الامد من كرستين– CH-L2505 | رقم 16"
10181,1,"Christine Matte Lipstick Berry 3 - No. 10"
10181,2,"احمر الشفاه مطفي توت 3 رقم 10 من كرستين"
10182,1,"Christine Matte Lipstick - Berry 3 No. 56"
10182,2,"احمر الشفاه مطفي توت 3 رقم 56 من كرستين"
10183,1,"Christine Matte Lipstick - Berry 3 No. 50"
10183,2,"احمر الشفاه مطفي توت 3 رقم 50 من كرستين"
10184,1,"Christine Long-Lasting Creamy Lip Liner - CH-L2505 | Shade 05"
10184,2,"قلم محدد شفاه كريمي طويل الامد من كرستين– CH-L2505 | رقم 05"
10185,1,"Christine Matte Lipstick - Berry 3 No. 51"
10185,2,"احمر الشفاه مطفي توت 3 رقم 51 من كرستين"
10186,1,"Christine Matte Lipstick - Berry 3 No. 24"
10186,2,"احمر الشفاه مطفي توت 3 رقم 24 من كرستين"
10187,1,"Christine Matte Lipstick Berry 3 - Shade 04"
10187,2,"احمر الشفاه مطفي توت 3 رقم 04 من كرستين"
10188,1,"Christine Matte Lipstick - Berry 3 No. 09"
10188,2,"احمر الشفاه مطفي توت 3 رقم 09 من كرستين"
10189,1,"Christine Matte Lipstick - Berry 3 No. 20"
10189,2,"احمر الشفاه مطفي توت 3 رقم 20 من كرستين"
10190,1,"Christine Matte Lipstick - Berry 3 No. 15"
10190,2,"احمر الشفاه مطفي توت 3 رقم 15 من كرستين"
10191,1,"Christine Matte Lipstick - Berry 3 No. 20"
10191,2,"احمر الشفاه مطفي توت 3 رقم 20 من كرستين"
10192,1,"Christine Matte Lipstick - Berry 3 No. 40"
10192,2,"احمر الشفاه مطفي توت 3 رقم 40 من كرستين"
10193,1,"Christine Matte Lipstick - Berry 3 No. 58"
10193,2,"احمر الشفاه مطفي توت 3 رقم 58 من كرستين"
10194,1,"Christine Matte Lipstick Berry 3 - No. 19"
10194,2,"كرستين احمر الشفاه مطفي توت 3 رقم 19"
10195,1,"Christine Matte Lipstick - Berry 3 No. 46"
10195,2,"احمر الشفاه مطفي توت 3 رقم 46 من كرستين"
10196,1,"Christine Matte Lipstick - Berry 3 No. 49"
10196,2,"احمر الشفاه مطفي توت 3 رقم 49 من كرستين"
10197,1,"Christine Matte Lipstick - Berry 3 (No. 63)"
10197,2,"احمر الشفاه مطفي توت 3 رقم 63 من كرستين"
10198,1,"Christine Matte Lipstick Berry 3 - CH-020 | Shade 57"
10198,2,"احمر الشفاه مطفي توت 3 من كرستين - CH-020 | رقم 57"
10199,1,"Christine Matte Lipstick - Berry 3 No. 06"
10199,2,"احمر الشفاه مطفي توت 3 رقم 06 من كرستين"
10200,1,"Christine Matte Lipstick Berry 3 - CH-020 | Shade 03"
10200,2,"احمر الشفاه مطفي توت 3 من كرستين - CH-020 | رقم 03"
10201,1,bb
10201,2,"احمر الشفاه مطفي توت 3 رقم 67 من كرستين"
10202,1,"Christine Matte Lipstick - Berry 3 No. 67"
10202,2,"احمر الشفاه مطفي توت 3 رقم 67 من كرستين"
10203,1,"Christine Matte Berry Lipstick 3 No. 64 CH-020"
10203,2,"أحمر شفاه كريستين مات بيري 3 رقم 64 CH-020"
10204,1,"Christine Matte Lipstick Berry 3 No. 17"
10204,2,"احمر الشفاه مطفي توت 3 رقم 17 من كرستين"
10205,1,"Christine Matte Lipstick - Berry 3 No. 67"
10205,2,"احمر الشفاه مطفي توت 3 رقم 67 من كرستين"
10206,1,"Christine Matte Lipstick - Berry 3, No. 61"
10206,2,"احمر الشفاه مطفي توت 3 رقم 61 من كرستين"
10207,1,"Ana Abiyedh by Lattafa - Xerjoff Alternative - Eau de Parfum (Unisex) 60ml"
10207,2,"عطر أنا الابيض بديل زيرجوف من لطافة - أو دي بارفيوم (للجنسين) 60 مل"
10209,1,"Christine Matte Lipstick - Berry 3 No. 54"
10209,2,"احمر الشفاه مطفي توت 3 رقم 54 من كرستين"
10254,1,"Bogenia Professional Contouring Brush BG200.002"
10254,2,"فرشاة الكونتور واحمر الخدود والبرونز الاحترافية من بوغينيا BG200.002"
10255,1,"Bogenia Professional Bros. Synthetic Lint Blush 003"
10255,2,"فرشاة احمر الخدود الاحترافية من بوغينيا BG200.003"
10256,1,"فرشاة كريم الاساس الاحترافية من بوغينيا BG200.004"
10256,2,"فرشاة كريم الاساس الاحترافية من بوغينيا BG200.004"
10257,1,"Boginia Professional Highlighter Application and Blending Brush BG200.005"
10267,1,"فرشاة كريم الاساس الاحترافية من بوغينيا BG200.022"
10285,1,"Boginia Angelic BB Cream Dark Beige BG604.006"
10285,2,"كريم بي بي انجليك دارك بيج من بوغينيا BG604.006"
10286,1,"سي سي كريم برونز من بوغينيا BG606.007"
10286,2,"سي سي كريم برونز من بوغينيا BG606.007"
10287,1,"كريم الاساس اللامع المرطب بالكولاجين ساند من بوغينيا BG609.004"
10287,2,"كريم الاساس اللامع المرطب بالكولاجين ساند من بوغينيا BG609.004"
10288,1,"كريم الاساس اللامع المرطب بالكولاجين وورم بيج من بوغينيا BG609.005"
10288,2,"كريم الاساس اللامع المرطب بالكولاجين وورم بيج من بوغينيا BG609.005"
10289,1,"كريم الاساس اللامع المرطب بالكولاجين بالي بيج من بوغينيا BG609.006"
10289,2,"كريم الاساس اللامع المرطب بالكولاجين بالي بيج من بوغينيا BG609.006"
10290,1,"اسفنجة المكياج المثلثة من بوغينيا BG325.001"
10290,2,"اسفنجة المكياج المثلثة من بوغينيا BG325.001"
10291,1,"اسفنجة المكياج المثلثة من بوغينيا BG325.002"
10291,2,"اسفنجة المكياج المثلثة من بوغينيا BG325.002"
10292,1,"اسفنجة بيوتي بلندر من بوغينيا BG326.001"
10292,2,"اسفنجة بيوتي بلندر من بوغينيا BG326.001"
10293,1,"اسفنجة بيوتي بلندر من بوغينيا BG326.002"
10293,2,"اسفنجة بيوتي بلندر من بوغينيا BG326.002"
10294,1,"اسفنجات احترافية للمكياج من بوغينيا BG325.003"
10294,2,"اسفنجات احترافية للمكياج من بوغينيا BG325.003"
10295,1,"باليت ظلال عيون ميني من لوكا"
10295,2,"باليت ظلال عيون ميني من لوكا"
10296,1,"مناديل رولانا المبللة للأطفال، ناعمة ولطيفة على بشرة الطفل، 120 منديلًا"
10296,2,"مناديل رولانا المبللة للأطفال، ناعمة ولطيفة على بشرة الطفل الحساسة . رائجة بيبي بودر، 120 منديلًا"
10297,1,"مناديل مبللة بالماء النقي غير معطره - 120 منديل"
10297,2,"مناديل مبللة بالماء النقي غير معطره - 120 منديل من ريفان"
10298,1,"كريم فيت لازاله الشعر للجسم والساقين للبشرة الحساسة 100جم"
10298,2,"كريم فيت لازاله الشعر للجسم والساقين للبشرة الحساسة 100جم"
10299,1,"جلوبال استار شامبو جوز الهند 5 لتر"
10299,2,"جلوبال استار شامبو جوز الهند 5 لتر"
10300,1,"كريم s88 توتال وايت تفتيح تحت الإبط , 35 جرام"
10300,2,"كريم s88 توتال وايت تفتيح تحت الإبط , 35 جرام"
10301,1,"كريم معالج إكسبرت بوتاو ديسميادو حمام زيت وتصفيف من سكالا , 1000 جرام"
10301,2,"كريم معالج إكسبرت بوتاو ديسميادو حمام زيت وتصفيف من سكالا , 1000 جرام"
10302,1,"كريم لتصفيف الشعر من ماكسام - 342 جرام"
10302,2,"كريم لتصفيف الشعر من ماكسام - 342 جرام"
10303,1,"سكالا برازيل كريم معالج للشعر بالكاكاو - 1000 جم (تقييم واحد)"
10303,2,"سكالا برازيل كريم معالج للشعر بالكاكاو - 1000 جم (تقييم واحد)"
10304,1,"سكالا اكسبرت كريم اميدينهو دي ميلهو للعناية بشعر الأطفال 1000 جرام"
10304,2,"سكالا اكسبرت كريم اميدينهو دي ميلهو للعناية بشعر الأطفال 1000 جرام"
10305,1,"معجون اسنان سنسوداين للحساسية واللثة مع تبيض-75مل"
10305,2,"معجون اسنان سنسوداين للحساسية واللثة مع تبيض-75مل"
10306,1,"صانسيلك شامبو , بلسم بزيت اللوز والعسل ضد التقصف - 400 مل +320 مل"
10306,2,"صانسيلك شامبو , بلسم بزيت اللوز والعسل ضد التقصف - 400 مل +320 مل"
10307,1,"نيكس بلاشر احمر خدود بترملت - فور ذا بوتا 06"
10307,2,"نيكس بلاشر احمر خدود بترملت - فور ذا بوتا 06"
10310,1,"منظف الوجه بالورود من انجوي -225مل"
10310,2,"منظف الوجه بالورود من انجوي -225مل"
10311,1,"قطن تنظيف مكياج من سوفت فيلفيت - 150 قطعة"
10311,2,"قطن تنظيف مكياج من سوفت فيلفيت - 150 قطعة"
10312,1,"جل الحلاقة المنعش آرتيك راش من كوزمو - 480 مل"
10312,2,"جل الحلاقة المنعش آرتيك راش من كوزمو - 480 مل"
10313,1,"جوهامرز مناديل ميسيلار لازالة المكياج للبشرة العادية 25 منديل"
10313,2,"جوهامرز مناديل ميسيلار لازالة المكياج للبشرة العادية 25 منديل"
10314,1,"Dr. Althea 147 Barrier Cream Deep Hydration for Skin Barrier, 50ml (35 Reviews)"
10314,2,"كريم 147 باريير ترطيب عميق لحاجز البشرة من دكتور الثيا , 50 مل (35 تقييم)"
10315,1,"كاستال مناديل مزيل المناكير متعدد الالوان 1 حبة - Castal"
10315,2,"كاستال مناديل مزيل المناكير متعدد الالوان 1 حبة - Castal"
10316,1,"مناديل نيتروجينا لإزالة المكياج ديب كلين، عبوة من 24 منديل"
10316,2,"مناديل نيتروجينا لإزالة المكياج ديب كلين، عبوة من 24 منديل"
10317,1,"Eyelash Curler"
10317,2,"قلاب رموش"
10318,1,"مدى حياة مناديل ازاله طلاء الاظافر 20 حبة"
10318,2,"مدى حياة مناديل ازاله طلاء الاظافر 20 حبة"
10319,1,"ميديكيوب - مقشر الجسم للتخلص من التصبغات وحب الشباب والبثور- 110 جرام"
10319,2,"ميديكيوب - مقشر الجسم للتخلص من التصبغات وحب الشباب والبثور- 110 جرام"
10335,1,"ميديكيوب - سيروم TXA و 15% نياسيناميد - 30مل"
10335,2,"ميديكيوب - سيروم TXA و 15% نياسيناميد - 30مل"
10336,1,"Medicube - TXA Niacinamide Capsule Cream - 55g"
10336,2,"ميديكيوب - كريم كبسولة TXA نياسيناميد - 55 جرام"
10337,1,"Medicube - Collagen Night Wrapping Cream - 55g"
10337,2,"ميدي كيوب - كريم كبسولات الكولاجين الوردي - 55 غرام"
10338,1,"مشروب بابونج من الوادي - 20قطعة"
10338,2,"مشروب بابونج من الوادي - 20قطعة"
10339,1,"مشروب كركدية من الوادي - 20قطعة"
10339,2,"مشروب كركدية من الوادي - 20قطعة"
10340,1,"مشروب يانسون من الوادي - 20قطعة"
10340,2,"مشروب يانسون من الوادي - 20قطعة"
10342,1,"قلم محدد الشفاه تيراكوتا كاشميري BG500.018"
10342,2,"قلم محدد الشفاه تيراكوتا كاشميري BG500.018"
10343,1,"قلم احمر الشفاه فيلفيت جلامور من بوغينيا BG730.015"
10343,2,"قلم احمر الشفاه فيلفيت جلامور من بوغينيا BG730.015"
10344,1,"Dove Nourishing Care Oil Replacement Cream for Frizz Control - 300ml"
10344,2,"دوف كريم بديل الزيت العناية المغذية للتحكم بالتطاير - 300 مل"
10345,1,"Lux Magical Orchid Perfumed Body Wash with Loofah - 250 ml"
10345,2,"لوكس غسول جسم عطري سحر زهرة الأوركيد مع ليفة - 250 مل"
10346,1,"Benzac AC 5% Gel for Acne Treatment - 60g"
10346,2,"بنزاك اي سي جل 5% لعلاج حب الشباب - 60 جم"
10347,1,"French Avenue Liquid Brun Eau de Parfum 100ml"
10347,2,"عطر فرينش افينيو ليكويد برون او دو برفيوم 100 مل"
10348,1,"Max Elegance Plastic Hair Rollers - 6 Pieces"
10348,2,"لفافات شعر بلاستيك 6 قطع من ماكس ايلجنس لتصفيف الشعر"
10349,1,"Vichy Normaderm Phytosolution Intensive Purifying Gel for Oily and Acne-Prone Skin - 400ml"
10349,2,"غسول فيشي نورماديرم المنقي المكثف للبشرة الدهنية والمعرضة لحب الشباب - 400 مل"
10350,1,"ACM Depiwhite Eye Contour Gel for Dark Circles and Puffiness - 15 ml"
10350,2,"اي سي ام ديب وايت جل للعناية بمحيط العين للهالات والانتفاخات - 15 مل"
10351,1,"Original Glycerin Cream for Intensive Moisturizing - 50 ml"
10351,2,"كريم جليسرين الأصلي للترطيب المكثف - 50 مل"
10352,1,"Sarah Beauty Frankincense Oil for Face and Neck Firming - 30ml"
10352,2,"زيت لبان الذكر لشد الوجه والرقبة من ساره بيوتي - 30 مل"
10353,1,"Skindinavia The Makeup Finishing Spray Oil Control - 118 ml"
10353,2,"سكين دينافيا بخاخ تثبيت المكياج للبشرة الدهنية - 118 مل"
10354,1,"Eye Black Eyelash Adhesive Tube - 7g"
10354,2,"غراء رموش اسود عصار من اي - 7 جرام"
10355,1,"Eye Clear Eyelash Adhesive Squeeze Tube - 7g"
10355,2,"غراء رموش شفاف عصار من اي - 7جرام"
10356,1,"Ardell - LashGrip Eyelash Adhesive Dark - 7g"
10356,2,"ارديل - غراء رموش أسود عصار - 7 جم"
10357,1,"Ardell LashGrip Eyelash Adhesive with Brush, White - 5g"
10357,2,"غراء رموش أبيض مع فرشاة من ارديل - 5 جرام"
10358,1,"Harmony Lash by Benetti London, 100% Natural Lashes, Soft with Invisible Band, No. L15"
10358,2,"رموش هارموني لاش من بينيتي لندن - شعر طبيعي 100% وشريط غير مرئي (L15)"
10359,1,"Benity London Harmony Lash L04 - 100% Natural Lashes with Invisible Band"
10359,2,"رموش هارموني لاش L04 من بينيتي لندن - رموش طبيعية 100% بشريط غير مرئي"
10360,1,"100% Natural Soft Lashes with Invisible Band HE1026"
10360,2,"رموش طبيعية 100% ناعمة بشريط غير مرئي HE1026"
10361,1,"100% Natural Lashes, Soft with Invisible Band, HE1033"
10361,2,"رموش طبيعية 100%، ناعمة والشريط غير المرئي، HE1033"
10362,1,"Red Cherry HD04 Eyelashes"
10362,2,"رموش ريد شيري HD04 - رموش صناعية طبيعية عالية الدقة"
10363,1,"Red Cherry Natural Lashes Black 002"
10363,2,"ريد شيري رموش طبيعية اسود 002"
10364,1,"Harmony Lash Natural Eyelashes No. 58"
10364,2,"رموش طبيعية  من هارموني لاش رقم58"
10365,1,"RapidLash Eyelash Enhancing Mascara & Serum - 4g"
10365,2,"ماسكارا وسيروم رابيد لاش لتطويل وتكثيف الرموش - 4 غرام"
10366,1,"RapidLash Eyebrow Enhancing Serum for Strengthening and Boosting Brow Hair - 3ml"
10366,2,"سيروم رابيدلاش المتطور للحواجب لتقوية وتعزيز شعر الحواجب 3مل"
10367,1,"False Eyelashes By Red Cherry - #747M"
10367,2,"رموش ريد شيري 747M"
10368,1,"Anastasia Beverly Hills DIPBROW Pomade - Dark Brown"
10368,2,"اناستازيا بيفرلي هيلز جل حواجب ديب برو بوميد - دارك براون"
10369,1,"Anastasia Beverly Hills DIPBROW Pomade - Caramel"
10369,2,"اناستازيا بيفرلي هيلز جل حواجب ديب برو بوميد - كراميل"
10370,1,"Clinique Lab Pro Vitamin C Facial Cleansing Gel – 200 ml"
10370,2,"كلينيك لاب برو جل منظف للوجه بفيتامين سي – 200 مل"
10371,1,"Clinic Lab Anti-Blemish Face Mask - 150 ml"
10371,2,"قناع الوجه المضاد للعيوب من كلينيك لاب - 150 مل"
10372,1,"Clinic Lab AHA 10% + BHA 2% Facial Peeling Serum - 30 ml"
10372,2,"كلينيك لاب سيروم تقشير الوجه AHA 10% + BHA 2% - 30 مل"
10373,1,"Clinic Lab Pro+ Acne Control Mask 150 ml"
10373,2,"كلينيك لاب برو+ ماسك للتحكم في حب الشباب 150 مل"
10375,1,"Clinic Lab Lip Whitening & Moisturizing Cream SPF20 – 20 ml"
10375,2,"كريم تفتيح وترطيب الشفاه +SPF20 من كلينيك لاب – 20 مل"
10376,1,"Clinique Lab Cream for Acne-Prone Skin 50ml"
10376,2,"كلينيك لاب كريم موازن للبشرة المعرضة لحب الشباب - 50 مل"
10377,1,"Cliniclave Pro Plus Intensive Face Moisturizing Cream 50 ml"
10377,2,"كلينك لاب برو بلس كريم ترطيب مكثف للوجه 50 مل"
10378,1,"Clinic Lab Panthenol 9% Spray Lotion for Moisturizing and Soothing Sensitive Skin - 150 ml"
10378,2,"غسول رذاذ البانثيول 9% لترطيب وتهدئة البشرة الحساسة من كلينك لاب - 150 مل"
10379,1,"Seboradin Ichthyol 2-in-1 Shampoo and Shower Gel for Dandruff and Psoriasis - 200 ml"
10379,2,"شامبو وجل استحمام سيبورادين إكثيول 2 في 1 لعلاج القشرة والصدفية - 200 مل"
10380,1,"Seboradin Intensive Night Serum for Scalp and Anti-Hair Loss - 100 ml"
10380,2,"سيروم سيبورادين الليلي المكثف لفروة الرأس ومقاومة تساقط الشعر - 100 مل"
10381,1,"Seboradin Sensitive Scalp & Dry Hair Shampoo - 200 ml"
10381,2,"سيبورادين شامبو للعناية بفروة الرأس الحساسة والجافة - 200 مل"
10382,1,"Seboradin Ampoules for Oily and Hair Loss Prone Hair - 15 Ampoules x 5.5 ml"
10382,2,"سيبورادين أمبولات لعلاج الشعر الدهني والمعرض للتساقط - 15 أمبولة × 5.5 مل"
10383,1,"Seboradin Scalp Scrub & Cleanser 100ml"
10383,2,"سيبورادين منظف ومقشر فروة الرأس 100 مل - Seboradin Scalp Scrub"
10384,1,"Seboradin Anti-Grey Hair Spray & Natural Color Restoration 200 ml"
10384,2,"سيبورادين بخاخ مضاد للشيب واستعادة لون الشعر الطبيعي 200 مل"
10385,1,"Seboradin Nourishing and Strengthening Lotion for Thinning and Weak Hair - 200 ml"
10385,2,"لوشن سيبورادين المغذي والمقوي للشعر الخفيف والضعيف - 200 مل"
10386,1,"Seboradin Shampoo for Oily and Falling Hair - 400 M"
10386,2,"شامبو سيبورادين للشعر الدهني والمعرض للتساقط - 400 مل"
10387,1,"Seboradin Intensive Hair Loss Treatment Ampoules for Men - 14 Ampoules x 5.5 ml"
10387,2,"سيبورادين أمبولات مكثفة لعلاج تساقط الشعر للرجال - 14 أمبولة × 5.5 مل"
10388,1,"Seboradin Men Intensive Anti-Hair Loss Night Serum 100 ml"
10388,2,"سيبورادين سيروم ليلي مكثف لمكافحة تساقط الشعر للرجال 100 مل"
10389,1,"Seboradin Lotion to Reduce Hair Loss and Stimulate Growth for Men 200 ml"
10389,2,"سيبورادين لوشن لتقليل تساقط الشعر وتحفيز النمو للرجال 200 مل"
10390,1,"Seboradin FitoCell Eyebrow and Eyelash Growth Serum - 6 ml"
10390,2,"سيروم فيتو سيل لنمو الحواجب والرموش من سيبورادين - 6 مل"
10391,1,"Seboradin Ampoules for Thinning and Weak Hair - 14 Ampoules × 5.5 ml"
10391,2,"أمبولات سيبورادين للعناية بالشعر المتساقط والضعيف - 14 أمبولة × 5.5 مل"
10392,1,"Seboradin Body Sport Balm for Women 200 ml"
10392,2,"سيبورادين بلسم رياضي للجسم للنساء 200 مل - Seboradin Body Sport Balm"
10393,1,"Seboradin Anti-Dandruff Serum for Oily and Dry Scalp 100 m"
10393,2,"سيبورادين سيروم مضاد لقشرة فروة الرأس الدهنية والجافة 100 مل"
10394,1,"Seboradin Anti-Hair Loss Shampoo for Hereditary Thinning - 400 ml"
10394,2,"شامبو سيبورادين ضد تساقط الشعر الوراثي - 400 مل"
10395,1,"Seboradin Men Anti-Hair Loss and Strengthening Shampoo - 400 ml"
10395,2,"سيبورادين شامبو للرجال لتقوية الشعر ومكافحة التساقط - 400 مل"
10396,1,"Seboradin Anti-Dandruff Shampoo for Scalp and Hair - 400 ml"
10396,2,"شامبو سيبورادين المضاد للقشرة لفروة الرأس والشعر - 400 مل"
10397,1,"Seboradin Moisturizing Cream for Sensitive and Dry Skin - 400 ml"
10397,2,"سيبورادين كريم ترطيب البشرة الحساسة والجافة 400 مل"
10398,1,"Clinic Lab Face Care Cream for Spot-Prone Skin - 50 ml"
10398,2,"كلينيك لاب كريم العناية بالوجه للبشرة المعرضة للبقع 50 مل"
10399,1,"Seboradin Anti-Graying Shampoo for Natural Hair Color Restoration - 200 ml"
10399,2,"سيبورادين شامبو مضاد للشيب واستعادة لون الشعر الطبيعي 200 مل"
10400,1,"Seboradin Anti-Hair Loss Mask & Root Nutrition - 150 ml"
10400,2,"سيبورادين ماسك لمكافحة تساقط الشعر وتغذية الجذور - 150 مل"
10401,1,"Seboradin Body Wash Gel for Sensitive and Dry Skin - 400 ml"
10401,2,"جل غسول الجسم سيبورادين للبشرة الحساسة والجافة 400 مل"
10402,1,"Castal Nail Dashes Coffin C5 - Professional Artificial Nail Set"
10402,2,"أظافر كاستال نيل داشز كوفين سي 5 - طقم أظافر صناعية احترافية"
10403,1,"Castal Press-On Nails Coffin C6 - Professional Artificial Nail Set"
10403,2,"كاستال أظافر لاصقة كوفين C6 - طقم أظافر صناعية احترافية"
10404,1,"Castal Press-On Nails Coffin Design C7 - Complete Set"
10404,2,"كاستال أظافر لاصقة بتصميم كوفين C7 - طقم متكامل"
10405,1,"Castal Press-On Nails Coffin Shape (C8) - Complete Occasion Set"
10405,2,"أظافر كاستال لاصقة شكل كوفين (C8) - طقم متكامل للمناسبات"
10406,1,"Castal Press-On Artificial Nails Model B5 - Complete Set"
10406,2,"كاستال أظافر اصطناعية لاصقة موديل B5 - طقم متكامل"
10407,1,"JECASTAL Self-Adhesive Artificial Nails - Model B28"
10407,2,"كاستال أظافر اصطناعية لاصقة ذاتية الالتصاق - موديل B28"
10408,1,"Castal Self-Adhesive Artificial Nails - Model B35"
10408,2,"كاستال أظافر اصطناعية لاصقة ذاتية الالتصاق موديل B35"
10410,1,"Castal C1 Coffin Press-On Nails - Professional Look Complete Set"
10410,2,"كاستال أظافر لاصقة بتصميم كوفين C1 - طقم متكامل لمظهر احترافي"
10411,1,"Castal Coffin C2 Press-On Nails - Professional Set"
10411,2,"كاستال أظافر لاصقة بتصميم كوفين C2 - مجموعة احترافية"
10412,1,"JECASTAL Press-On Nails Coffin Design C3 - Full Professional Set"
10412,2,"أظافر كاستال لاصقة بتصميم كوفين C3 - طقم احترافي كامل"
10414,1,"Reusable Natural Hair Eyelashes - Model 464"
10414,2,"رموش شعر طبيعية قابلة لإعادة الاستخدام - موديل 464 جي كاستال"
10415,1,"Reusable Natural Hair Eyelashes - Model 455 G-Castal"
10416,1,"G.Castal Natural Hair Reusable Eyelashes - Model 451"
10416,2,"رموش جي كاستال شعر طبيعي قابلة لإعادة الاستخدام - موديل 451"
10417,1,"G.Castal Natural Hair Reusable Eyelashes - Model 458"
10417,2,"رموش جي كاستال شعر طبيعي قابلة لإعادة الاستخدام - موديل 458"
10418,1,"Reusable Natural Hair Eyelashes - Model 454 G.Castal"
10418,2,"رموش شعر طبيعية قابلة لإعادة الاستخدام - موديل 454 جي كاستال"
10419,1,"JECASTAL Natural Hair Reusable Eyelashes - Model 459"
10419,2,"رموش جي كاستال شعر طبيعي قابلة لإعادة الاستخدام - موديل 459"
10420,1,"JECASTAL Natural Hair Reusable Eyelashes - Model 457"
10421,1,"JECASTAL Natural Hair Reusable Eyelashes - Model 452"
10421,2,"رموش جي كاستال شعر طبيعي قابلة لإعادة الاستخدام - موديل 452"
10422,1,"Reusable Natural Hair Eyelashes - Model 460 G.Castal"
10422,2,"رموش شعر طبيعية قابلة لإعادة الاستخدام - موديل 460 جي كاستال"
10423,1,"G.Castal Natural Hair Reusable Eyelashes - Model 453"
10424,1,"Reusable Natural Hair Eyelashes - G.Castal Model 456"
10424,2,"رموش شعر طبيعية قابلة لإعادة الاستخدام - موديل 456 جي كاستال"
10425,1,"G.Castal Natural Hair Reusable Eyelashes - Model 463"
10425,2,"رموش جي كاستال شعر طبيعي قابلة لإعادة الاستخدام - موديل 463"
10426,1,"JECASTAL Natural Hair Reusable Eyelashes - Model 462"
10426,2,"رموش جي كاستال شعر طبيعي قابلة لإعادة الاستخدام - موديل 462"
10427,1,"Waterpik Cordless Express Water Flosser - Model WF-02"
10427,2,"واتر بك كوردلس اكسبريس جهاز خيط الأسنان المائي - موديل WF-02"
